split,profile,condition,role,level,pair_id,schedule_seed,query_seed,payload_seed,arrival_schedule_sha256,query_schedule_sha256,decisions,fragments_total,benign_fragments_total,attack_fragments_total,measurement_start_seconds,measurement_end_seconds,samples_mean,samples_p95,entropy_mean,unique_ratio_mean,blocks_legacy,blocks_combined,blocks_volume,blocks_entropy,blocks_unique,rate_legacy,rate_combined,rate_volume,rate_entropy,rate_unique,raw_file,raw_sha256
calibration,bursty,benign_bursty,benign,24,0,4639347248214153384,10955617663979575976,10328589402834722599,89d494263d206a0f44d3c6fdd2e2e7a347cd7a250b27e7699c7d617f01a0380e,32a23dd8f773b48249a22fb77c40a81d6519c00dac73b2681437b9233f280bf3,150,576,576,0,6.154271892487829,43.40427189248783,25.186666666666667,42.099999999999966,4.545581926488256,0.994419912687801,150,81,81,126,150,1.0,0.54,0.54,0.84,1.0,raw_runs/calibration/benign_bursty/level_24/pair_00.jsonl.gz,2271b36164201e6e42527516921e616617582ef54bef8dc2d1c536ab70dafaa6
calibration,bursty,benign_bursty,benign,24,1,5144653013124106122,2087096722690212531,12041893660834023887,2ce0d2b5cbb7e677aed8722f63db6909e61f37acaaa81b5202971eed2cef218b,47f338fbb52dce1d2e38c919017920584ae33ee652b14a771f858c49eaad9460,150,499,499,0,6.089194468599376,43.33919446859937,22.973333333333333,37.54999999999998,4.409091046510865,0.9919406450600686,150,67,67,116,150,1.0,0.44666666666666666,0.44666666666666666,0.7733333333333333,1.0,raw_runs/calibration/benign_bursty/level_24/pair_01.jsonl.gz,567e1e1ce92944bd93757726a20fd2a189e1f993394a17faec96649d3c839de9
calibration,bursty,benign_bursty,benign,24,2,17128380560582995228,17068362342282950830,5150769653838757423,20556fca9e1c3abc873164a40d027211fefe05885157ce93dbf694ffc23e33d2,bfdc50642643aed65b5d9f9d4da335a66f7e642903904982bf7989a1be24f69d,150,513,513,0,6.123644765415644,43.37364476541565,24.426666666666666,38.0,4.503111820368394,0.9928485036218658,150,81,81,122,150,1.0,0.54,0.54,0.8133333333333334,1.0,raw_runs/calibration/benign_bursty/level_24/pair_02.jsonl.gz,50eb1d6bdafaf425aa75551ed2e2108952049a43f0ebba169a192029d1601be8
calibration,bursty,benign_bursty,benign,24,3,9134571109027334264,3383211158514900336,2180020405072772108,d0d44092c61f6b5a9ca62a4abcabdce1deb4542969416e2301ca4460810d53ae,fa870ccc3e440abafdee75a8995258f4ecf43653f1305e565f5227137dce8cdb,150,462,462,0,6.131721869441461,43.38172186944146,22.093333333333334,36.54999999999998,4.3344690668663866,0.9909659624780287,150,60,60,111,150,1.0,0.4,0.4,0.74,1.0,raw_runs/calibration/benign_bursty/level_24/pair_03.jsonl.gz,0767270d57fed649a7ff3f614062550442ae85de4ceb5ae74b53c10a783e6161
calibration,bursty,benign_bursty,benign,24,4,881858630062861589,15596871933087481293,9394310618662435560,d64328bfbfb163745620ea3b58b22963a8b7fc430e09a0c0172374fa31e14226,bffff94c6595010627632587e985cd7568fd1864b749971f7de39e5af7acbecf,150,536,536,0,6.195249192307558,43.44524919230756,24.986666666666668,37.0,4.566458705794698,0.9988214285714285,150,83,83,133,150,1.0,0.5533333333333333,0.5533333333333333,0.8866666666666667,1.0,raw_runs/calibration/benign_bursty/level_24/pair_04.jsonl.gz,51b658b557d0b86d3c33dee515054f456e7baa944c738216a06768e75e38dbf8
calibration,bursty,benign_bursty,benign,24,5,8813645735851680996,7876064372487069723,5766916010013949353,77be85a18b41a97c202c49d9cdf250de15b9da0d86ff5134a94bba40dbbb5f79,d53f8808476610d699647ae7d9a456ae5dff202b13cb3176c1ae75c759866aa8,150,504,504,0,6.245146290606113,43.495146290606115,23.133333333333333,38.0,4.428858805113523,0.9971340048112751,150,65,65,119,150,1.0,0.43333333333333335,0.43333333333333335,0.7933333333333333,1.0,raw_runs/calibration/benign_bursty/level_24/pair_05.jsonl.gz,9a5b2da19ad8ed0fda017e291841b3053e7d6cff972d22c1e8370569c7a44e00
calibration,bursty,benign_bursty,benign,24,6,16450988029564330801,3148178103103781391,12886935041450253287,c76c58af2e22202b941f1c3edf6b296b862c1dbc76583ead8f5258747df31fc1,a51eeee6d4581d4a5d5f4ee37bb10e9e371c14c3c67483505d88e8d5f27278b5,150,514,514,0,6.0886973581614745,43.338697358161475,24.393333333333334,37.54999999999998,4.507010786331646,0.9919070015368745,150,81,81,127,150,1.0,0.54,0.54,0.8466666666666667,1.0,raw_runs/calibration/benign_bursty/level_24/pair_06.jsonl.gz,74a735eda4d902cbf8ad8127a18c283ad23f2c71e92f89dcab5bf69cc9f9fb7d
calibration,bursty,benign_bursty,benign,24,7,10436558862221912636,10779866620663370561,18038027353040387722,e02ab137a3b58656a29f246f2ce83cd16168d874139ad2877dcc58a6c7751f85,a33198bdf4d0a3599ad38988781acfbce609b246900412cfb6ecc785d64f9046,150,530,530,0,6.218726207878652,43.46872620787865,24.58,37.0,4.540332496709064,0.9998095238095239,150,82,82,129,150,1.0,0.5466666666666666,0.5466666666666666,0.86,1.0,raw_runs/calibration/benign_bursty/level_24/pair_07.jsonl.gz,5b70b97737e62f98ab77a44a59fb8f798cd4c68f2fabf016a0dcb842ec96ca1f
calibration,bursty,benign_bursty,benign,24,8,14491253036515472692,17687843615610548673,5703945832311465690,47c5de70b6cea6be22b33930510a1725be6c54ce8fe1cf5bed1f3e2bcb0016e8,7dc0b3001c16def9ea37c9a871be1811d6f965395a32f2b4c841a1d9c7a88b73,150,512,512,0,6.166207106504732,43.41620710650473,23.913333333333334,42.54999999999998,4.427176773102609,0.9866385706312815,150,71,71,113,150,1.0,0.47333333333333333,0.47333333333333333,0.7533333333333333,1.0,raw_runs/calibration/benign_bursty/level_24/pair_08.jsonl.gz,7690455dbc6290ede93f550935230b14eeb815e30b4d574bd60c7cb884164cbf
calibration,bursty,benign_bursty,benign,24,9,5305121391958987885,18021529853778432119,6614257685305091143,ccaabe3c34de5b3709870113aaf273cc6b5f61b16feaf0d5a3420acdd201f7ab,4783a00a8ad70aea25df1da75cbe12b6bf73dcd4fb33d3eb4398f97719bfbe5b,150,548,548,0,6.117895189030931,43.36789518903093,25.093333333333334,41.0,4.528105210741651,0.9882056609846457,150,81,81,129,150,1.0,0.54,0.54,0.86,1.0,raw_runs/calibration/benign_bursty/level_24/pair_09.jsonl.gz,c283a5667157737e220a9ff1a5a34b159c8388249f26293ad6a18db4212cd4c9
calibration,bursty,benign_bursty,benign,60,0,7535764254784489874,14887011713379673532,2602227253724334827,40823fe29842574b5c321e644d77dcff5c8aa9176457c33e7a5d34ba1aee4a70,bf7dd8c51bea4a9e96561fb4b16b3b83968959fe30faf35c1998fae8226ddba9,150,1310,1310,0,6.240286966221824,43.490286966221824,58.86,89.54999999999998,5.78450759294426,0.9879380372647465,150,150,150,150,150,1.0,1.0,1.0,1.0,1.0,raw_runs/calibration/benign_bursty/level_60/pair_00.jsonl.gz,4fcb49b5b56bc51b37555094849164ef3b2b369f1904612c087dd8753b060324
calibration,bursty,benign_bursty,benign,60,1,1706549331713346407,3171094352845093217,7010532829369177798,d2075aee26c91732c545c16ee5c27e09157548feeb305440a1eec0c6cb7accbd,834726b06cbb488e7293c187df6dd7d15f7caaa99bd536b6fdf8476dd20bdba5,150,1273,1273,0,6.11573750584573,43.36573750584573,58.42666666666667,88.0,5.757384534708964,0.9822882622764451,150,150,150,150,150,1.0,1.0,1.0,1.0,1.0,raw_runs/calibration/benign_bursty/level_60/pair_01.jsonl.gz,b2b7dad2e59c7d7ad1cb352405a6a22c611a9bad1d2fa159d2f1fd21432ab615
calibration,bursty,benign_bursty,benign,60,2,2326140318554644062,7512008502173857762,6494324689754188029,63618d4bc79b33c53f4042b39ac5febf994aa7d89d4fbf2119b93885fe07adfc,bad5d7badd8983b22d17cedad9da19253c73f1d5d0a5b0c557a769ea477aabe5,150,1321,1321,0,6.236762249017241,43.48676224901724,59.233333333333334,91.0,5.786238595205453,0.9860781302364319,150,149,149,150,150,1.0,0.9933333333333333,0.9933333333333333,1.0,1.0,raw_runs/calibration/benign_bursty/level_60/pair_02.jsonl.gz,8d29724ba933ec0e02555b00bdcf346e1d85fa5117d78722192e8017d54c66a0
calibration,bursty,benign_bursty,benign,60,3,14680328403015510371,2248628749486901378,17890813458572576362,c3d41e466588a93c4b5ae51aef766e9a8089f63a53386080c5268b99aa9c0d53,a1e6a0d15736217db3f0d220787f5e11eb64b463cb0c849393f33e8af455d882,150,1297,1297,0,6.21724112963443,43.46724112963443,59.88,90.54999999999998,5.8083707965258045,0.9874729642158343,150,150,150,150,150,1.0,1.0,1.0,1.0,1.0,raw_runs/calibration/benign_bursty/level_60/pair_03.jsonl.gz,1ad140cac56b7719609134d6c863f2e25460106e9ed5d3c743581e62891d2b94
calibration,bursty,benign_bursty,benign,60,4,14151046593390010019,11209203794009926152,12379628670623062490,690f20fd141baaf828faa6c899ce1b20e293adbf1d5e9182346f86570ad541c6,ebea93135e52dc943b13a65a93f4f17b22997d3a5735f22e5621bc9880c7546c,150,1252,1252,0,6.122495085156401,43.3724950851564,59.2,87.09999999999997,5.795752594289323,0.9909943145058795,150,150,150,150,150,1.0,1.0,1.0,1.0,1.0,raw_runs/calibration/benign_bursty/level_60/pair_04.jsonl.gz,fe5dbff473c97e3c390f40e8e55e1918fb856b7463a0ebb450477d60fa6cfd19
calibration,bursty,benign_bursty,benign,60,5,5736120164779405681,3194201755490833985,7310711613832847781,e3cfc1305766a921c589b9dfb2edb9b1557fe6be0ebcae2a0857be9edf8befc7,6a136447ac4298f0a5e3ff55f982d81e5ff5e36f80f6f7192fb0135865ced063,150,1305,1305,0,6.0926729465613665,43.342672946561365,58.653333333333336,86.09999999999997,5.770610486458605,0.9839923199469646,150,150,150,150,150,1.0,1.0,1.0,1.0,1.0,raw_runs/calibration/benign_bursty/level_60/pair_05.jsonl.gz,1a927ce183c4d9d87767e82f5694b4199b8991a0606cdf583f9cbc1cd67c15a1
calibration,bursty,benign_bursty,benign,60,6,7575105235210998895,16638563698675333250,12099497734899173917,156bd01534933fdb3b0dba45baa999cd8e68dcbee34e399ae910d2efb983ede6,db49c448dc1e42fd954cf116fff13fba41c0a309fc94d4bd7a78105cb5e3c258,150,1275,1275,0,6.175257633208113,43.42525763320811,60.52,90.54999999999998,5.8207100208909965,0.9865035066655723,150,150,150,150,150,1.0,1.0,1.0,1.0,1.0,raw_runs/calibration/benign_bursty/level_60/pair_06.jsonl.gz,8e5f80c0163e4ff67a740558f2adaa4bb8b25ec530bb1b621b3db84514176cc0
calibration,bursty,benign_bursty,benign,60,7,6637924036122564093,10157635117886852221,11038292206737271862,8b5ba5c275f86dab7c95a6406e9a33118541ba5e2f974ce45e08b8b3b7540889,5dce30ff4d326e62047fa10a084ff89ae1972f2272abcef7898f44db41f779a5,150,1328,1328,0,6.027981622927506,43.277981622927506,59.306666666666665,87.54999999999998,5.798379928307304,0.987998786255911,150,150,150,150,150,1.0,1.0,1.0,1.0,1.0,raw_runs/calibration/benign_bursty/level_60/pair_07.jsonl.gz,3b89b4eb32bcca780da7dd331bb71ad1a343e29cc3e738929eea848ea56fdbf9
calibration,bursty,benign_bursty,benign,60,8,15540176733095735041,6110061519852723130,9697420305545389646,d298b78181460f88e0b5509ae60507529e53d02b1e84bbd18290d87b3f0df36c,f18de777607a5f42d999d25caa7162a213d114020ddb585a5cd7fc4e72078211,150,1304,1304,0,6.039930448862844,43.28993044886285,60.04,93.54999999999998,5.800206617778512,0.9886264707792859,150,149,149,150,150,1.0,0.9933333333333333,0.9933333333333333,1.0,1.0,raw_runs/calibration/benign_bursty/level_60/pair_08.jsonl.gz,33c29ce1866f6d49ec9cf9aae93182af7942f175f79d3949e51a68caec5679ea
calibration,bursty,benign_bursty,benign,60,9,8525633833741690363,7220218538478724129,16330190558349328110,8318bb957ead953003d8cea82cf8d8090287aa251ec52743273d451aafe29f19,75ac9c1f520d93232217e58cd347c38d42762b2916cf3299bf7abb80d7080004,150,1304,1304,0,6.063366673335704,43.31336667333571,59.18,92.0,5.784775141906176,0.9862739511776784,150,150,150,150,150,1.0,1.0,1.0,1.0,1.0,raw_runs/calibration/benign_bursty/level_60/pair_09.jsonl.gz,ccc6cc6a46eea50717ee99c66b409c0aae77249af1ba16bb619482de01fbdcfb
calibration,bursty,benign_bursty,benign,120,0,9094730634991049090,7731947063946811146,8263475454355799928,487c55d01c2d49dcd00be95da9b31ce3472e8433cb86d92ca78e03151a54e398,fbb5ddc19513193128adeef9042c2263f6198fc5d4a48f9ce6ce37516c6384df,150,2684,2684,0,6.147882133639972,43.397882133639975,121.78666666666666,175.64999999999995,6.799994652669564,0.9697916486901138,150,150,150,150,150,1.0,1.0,1.0,1.0,1.0,raw_runs/calibration/benign_bursty/level_120/pair_00.jsonl.gz,b36732f3e48060d5a318a027bcdcb01a786d8641a4a837acefa3674225c44ccd
calibration,bursty,benign_bursty,benign,120,1,15914461639275373002,2898681526823918243,9975966364797462648,aedd2e784cf2f85731f9f3a7ba9a5adec9ab52a3a1d06e245249fdbde4ad5469,cfd2a2c04493042ab047801b371533dbe63030cc6a75e4398148f64266f94499,150,2478,2478,0,6.143309317372777,43.393309317372776,118.51333333333334,171.0,6.767001202719968,0.9725491961014391,150,150,150,150,150,1.0,1.0,1.0,1.0,1.0,raw_runs/calibration/benign_bursty/level_120/pair_01.jsonl.gz,5f930382d6a756c3d341a046208d7a7d9b8b75bf04048a7bafa15c0c8f3b8436
calibration,bursty,benign_bursty,benign,120,2,12917209146805106535,4290902028158555246,15698340832995626372,9897ca2cecb17bf3560b28599cfde66b0b8ecd692ea198ff6daaecd1ec5fd1ea,45c3ca347e38d1afaf4ba3614605a739bf51bca64ad33730e33f65f33b555302,150,2594,2594,0,6.062613345779381,43.31261334577938,121.3,175.54999999999998,6.800182964874454,0.9732939929004613,150,150,150,150,150,1.0,1.0,1.0,1.0,1.0,raw_runs/calibration/benign_bursty/level_120/pair_02.jsonl.gz,131ceb824b9ef5ccfb640dd76feece4750c60b953c113514e4d0e0ab4adf5f5d
calibration,bursty,benign_bursty,benign,120,3,16877136812781217421,1743841590115959880,1660905765677296732,74a11acf6513110be6ddcf49f2aa63ee8c4566b9cdf83e5c4be3ccb318a17407,dcb86a6a795eca858e6df6cec3c7399943f3f3746b7e2e78e9d32adc56f9eb94,150,2660,2660,0,6.04842364466357,43.29842364466357,125.1,180.0,6.837400663712612,0.9689114090914708,150,150,150,150,150,1.0,1.0,1.0,1.0,1.0,raw_runs/calibration/benign_bursty/level_120/pair_03.jsonl.gz,5d602a6c744568e91487100389b6d4bc063580b7d37d8cd4d6ec025428fb8fdc
calibration,bursty,benign_bursty,benign,120,4,16889806125067538823,10407009759034297970,14755256129381189788,18b2587ff61a3cb0db23109b1b83c726337d65a12c20a9187b06e6d7de084e5a,0fe6d240ceae82016df1606f942ba1c966c3e4c07b45157dd69de818298a91e9,150,2647,2647,0,6.155026615170997,43.405026615170996,121.38,176.54999999999998,6.7987053396395085,0.9684875119480975,150,150,150,150,150,1.0,1.0,1.0,1.0,1.0,raw_runs/calibration/benign_bursty/level_120/pair_04.jsonl.gz,4cb1a300fecf9a1f178f63744a1a4054542c39d34320f8b05b0a24a2733c80bb
calibration,bursty,benign_bursty,benign,120,5,1057321770108647701,14201164761692938346,18149155678698769283,18cc0454c6b05f2bd6e5a642c7cc7f2301bfc8b0509dd7efcdba9e7fea58e3a2,912d64bd79e9b26184f41821d6cfff09bc486bb3908a1c6e7d692f8fa8acd358,150,2522,2522,0,6.091688015040798,43.3416880150408,120.00666666666666,170.0,6.784903557756012,0.9708079292247409,150,150,150,150,150,1.0,1.0,1.0,1.0,1.0,raw_runs/calibration/benign_bursty/level_120/pair_05.jsonl.gz,c05a7178a9899f9ae6b6a72365450a713099b785472fd9733be6ca08cb868d7b
calibration,bursty,benign_bursty,benign,120,6,3122616394761805408,14352200112316549683,8501803386825253583,6c7f5a1e3a62f478993bd4e1f362d14e36a784952b1460a72c379a17b9a46fa8,5c80af431bd0182d0f4335302e28cdb39fc0e1c034f8fee9ff345d80630c8202,150,2736,2736,0,6.202735470027214,43.452735470027214,123.25333333333333,186.19999999999993,6.809125473871489,0.9702223349415359,150,150,150,150,150,1.0,1.0,1.0,1.0,1.0,raw_runs/calibration/benign_bursty/level_120/pair_06.jsonl.gz,48c249177c1321861d9318db4288911267cf015b944165bf2da9e67c97998717
calibration,bursty,benign_bursty,benign,120,7,8554661712065054858,14717709855775747857,13646057635979842475,55e69da67ed7aa3d8758ea7297c0988bedce6769963d3fb78eab95aeecddfc22,7b0f788f2a5ec868e4266460eee14223b3ca3970aee9916cc44ce2c99254abf4,150,2587,2587,0,6.177697794815228,43.42769779481523,120.94666666666667,181.0,6.786749759712968,0.9702729949092619,150,150,150,150,150,1.0,1.0,1.0,1.0,1.0,raw_runs/calibration/benign_bursty/level_120/pair_07.jsonl.gz,75177920c46e3e2a96b4d73e4f35c0d2599d526696f2ff2b2ea4633d80e3ef2f
calibration,bursty,benign_bursty,benign,120,8,16870464274881402400,1950564853341907980,2835240278699891410,34802f7068c3b41ef71d681f7b0b5ddff424775fde53d41dd5a34bf71c3206a7,1d74e62ffd27490faff55c99112df4c98fd91cd57a7cb14d195520004cade493,150,2693,2693,0,6.117693809455416,43.36769380945542,121.37333333333333,182.54999999999998,6.792151327154845,0.9708674860067121,150,150,150,150,150,1.0,1.0,1.0,1.0,1.0,raw_runs/calibration/benign_bursty/level_120/pair_08.jsonl.gz,0123cb66847dda14f2d73695d2f0d077d2b77cc18e76e787ecb9cbfdfb6544da
calibration,bursty,benign_bursty,benign,120,9,11225702634583821308,16532337783184678241,6350787491894144617,881f65418bc04fc0dd905a14be41757398db200cc00400438232ce86508d7412,c2b890463a089fa2aca5cdd00a101a10143cb4d23463c438766968c64c198dfc,150,2661,2661,0,6.168217183673487,43.41821718367349,121.59333333333333,177.0,6.806170725233619,0.9733402593873821,150,150,150,150,150,1.0,1.0,1.0,1.0,1.0,raw_runs/calibration/benign_bursty/level_120/pair_09.jsonl.gz,ce9b0a5e0e49fbbbc80bf7ed8c63b15b39cf648797dc79a0314e8098c2a49d3c
calibration,bursty,benign_bursty,benign,200,0,14642148752032785582,7402025104951184599,17347881150132568762,6ec0f0e9745511bd2dd85c32283e45a5b6ef995d6bd36bbff5c1da93fdd5e280,0d04f2a11df05a5ee44819149a1e2929f7dbf67cb63e818bcd6fc60c5039c512,150,4348,4348,0,6.2352347500690755,43.485234750069075,198.91333333333333,279.09999999999997,7.481748358187369,0.9543865401493457,150,150,150,150,150,1.0,1.0,1.0,1.0,1.0,raw_runs/calibration/benign_bursty/level_200/pair_00.jsonl.gz,7ae04c3d46fbe7771e1e000c206f2f8a5ca84554c75a582e765829eeb2cedac3
calibration,bursty,benign_bursty,benign,200,1,6583253704384485558,17873357037308705727,1490485179396484131,01cfcf23bdc311de94c90e85a476a7e0e7cb16ff34899d0f96ee16880d735585,8114f4715475652b958f024023a1f85670da8e24879684d31e6190b0d0623a96,150,4375,4375,0,6.178977170458247,43.428977170458246,203.6,288.54999999999995,7.519863911949768,0.9571175140415318,150,150,150,150,150,1.0,1.0,1.0,1.0,1.0,raw_runs/calibration/benign_bursty/level_200/pair_01.jsonl.gz,b221454ab4c6ca5ab61997f763fecc54ed575757fada6e345e0d32bf71f52aad
calibration,bursty,benign_bursty,benign,200,2,13460932717458733837,3042682407150864359,6006403065273457278,ca6f7f91aa8b15563f60ac096df1385b7c2d615accb528d79a854db15d18cef0,3855c8b2bb6ae1c9a85ef7200e4b59ceb35a7051728d4651ba5a23acb8cab5e1,150,4455,4455,0,6.202172910677312,43.45217291067731,201.17333333333335,291.09999999999997,7.489206371992166,0.9534339843502039,150,150,150,150,150,1.0,1.0,1.0,1.0,1.0,raw_runs/calibration/benign_bursty/level_200/pair_02.jsonl.gz,c6de23343b9c75fb21cb2b2c04a45f5ec9c9557d8b89f47690a8e392e5ebfadb
calibration,bursty,benign_bursty,benign,200,3,9570378081210666891,11401857593803639954,11053876387694794345,8051df8c02675230a28d7d67539cc9c16497fdb02a1a7ca8b1b4d703db88da91,49181970de5d0a7734f8b6e49599e38993c8cb234d67e096e0f68540cd378259,150,4223,4223,0,6.159072512414016,43.40907251241401,197.52,281.2999999999999,7.4798566834085,0.9583272294488141,150,150,150,150,150,1.0,1.0,1.0,1.0,1.0,raw_runs/calibration/benign_bursty/level_200/pair_03.jsonl.gz,8003efdfea1719f808a5a3f0adfe7eac5c7703b32cd47bc424420f4d218365f5
calibration,bursty,benign_bursty,benign,200,4,13085897464229949975,1047424868033865888,5095245327114929968,b8877123fddffb4707fd2e4aa8ebebe55d3d6ffd306e1766c7b3127fccfe1f29,af7cbdfc41d61ca23a89892473139fa3de02ea80c7b9b144825b94870b0a0c44,150,4284,4284,0,6.196609080672674,43.44660908067267,198.37333333333333,286.0,7.472097318778649,0.9519023356436837,150,150,150,150,150,1.0,1.0,1.0,1.0,1.0,raw_runs/calibration/benign_bursty/level_200/pair_04.jsonl.gz,8e153495ce8343f5fe123f8c379e53521154284e1fb1e0c64e2ce0c63cd241e8
calibration,bursty,benign_bursty,benign,200,5,5041337691770345748,7495431414313827446,13716082839119151746,359428946aa8d3ab765168512022339230353c80c5fe6d9c01a68f6506d274e6,f0094777fa8741292590b46ed2612c157a2ad254bb744ec57e5e82d7bd16a270,150,4380,4380,0,6.190705720931055,43.44070572093106,204.77333333333334,291.0,7.514144853474011,0.9512742788472838,150,150,150,150,150,1.0,1.0,1.0,1.0,1.0,raw_runs/calibration/benign_bursty/level_200/pair_05.jsonl.gz,2140cca91bf8599dfc3d0c5e88cc366c5264a56b2ef7e74e54bd670bb0c5adc6
calibration,bursty,benign_bursty,benign,200,6,14936018274771237347,16418368104697234739,10003734408023992240,034f579b60dcf586e81b4acc3647c9f83751ce5ac2578dfd6003e71c148b2d50,607261b1d12400ba459341e6534890dd32132f5138039aa1be5539d5c24b05e1,150,4352,4352,0,6.216728720460314,43.46672872046032,204.92666666666668,295.09999999999997,7.504167598075143,0.9487176407202814,150,150,150,150,150,1.0,1.0,1.0,1.0,1.0,raw_runs/calibration/benign_bursty/level_200/pair_06.jsonl.gz,932dbd86777cbeb06782ab569384c0ba37a8f5cedc43d3945c2d87f2b4ca4041
calibration,bursty,benign_bursty,benign,200,7,915961973140900674,16164984643938357476,10902143838978445768,ece9ca7266957268fbe5112bb7c10cf48e7e030d42b54502a6c13f0681724280,22c1d9fa2c963a5740685d056676e88a7045bc608191d4a817749976d417b315,150,4318,4318,0,6.096013490471646,43.34601349047165,196.78666666666666,280.54999999999995,7.46374226013282,0.9573390971143446,150,150,150,150,150,1.0,1.0,1.0,1.0,1.0,raw_runs/calibration/benign_bursty/level_200/pair_07.jsonl.gz,cbebfc51394e883678be23830ea30ee9439c9649a44feb0f60574c933fe09043
calibration,bursty,benign_bursty,benign,200,8,11840118907126105473,12258675552247700409,9528029876072093986,2dd2691819daa6ead692f5f758e0468226841c548e3d6e5b94261b3490f9308d,bfca5ec571e6cbd23da7fd2e502fea6ed07cf08a4ac58e298fb833c933f5a8dd,150,4445,4445,0,6.113935746593916,43.36393574659392,201.68666666666667,285.54999999999995,7.492680269934198,0.9500699620098936,150,150,150,150,150,1.0,1.0,1.0,1.0,1.0,raw_runs/calibration/benign_bursty/level_200/pair_08.jsonl.gz,514168660946627d9f45637890009bfa4caa248878033319bbb9f4577bf036fc
calibration,bursty,benign_bursty,benign,200,9,10951519743782940705,3630892124890015163,13651538599588445557,570ac692e96279586a7e7a30852013fbda4f83bfdeac95607f84d54a6ef42668,4235bca3224ea00ac577c93ac551cd5256acfcb65382df5e50231f1694bfc9ba,150,4179,4179,0,6.031979503274211,43.281979503274215,197.60666666666665,288.0,7.467304515429517,0.9547420074940749,150,150,150,150,150,1.0,1.0,1.0,1.0,1.0,raw_runs/calibration/benign_bursty/level_200/pair_09.jsonl.gz,c74f471d3803e6e0f0660c942736e32c0ac40304a5b458e8656c0ff5c94f7531
calibration,continuous,benign_continuous,benign,24,0,3062416766063745393,10900754909880988366,10486579146626960813,14b13474d0b1937491f3eb1fde54f1d26fb756d8d36439c5c37b60533ebaceb6,b657ccb307c37e4406c842a0c9d2faf688fe44cf6a56ac5f22a09675f74712cf,150,487,487,0,6.155056284328076,43.405056284328076,22.713333333333335,30.0,4.457693987500993,0.9961528519715427,150,69,69,136,150,1.0,0.46,0.46,0.9066666666666666,1.0,raw_runs/calibration/benign_continuous/level_24/pair_00.jsonl.gz,a545ee363774c0ee10cca4e61f5f72d28eea5374be58c8b012cec6b9dbe000aa
calibration,continuous,benign_continuous,benign,24,1,14009983127411561875,11644043806815083802,16593253787422957178,1b7e958e31e0065337c1e399c601855af19d98f2ae641594feaf056f03677c42,276fe87dc6c7cc8905a1f788f491bfe7a0b4b264e8954c864903b31985249973,150,525,525,0,6.064751865216744,43.31475186521674,24.066666666666666,32.0,4.547707217047235,0.997924141352317,150,79,79,140,150,1.0,0.5266666666666666,0.5266666666666666,0.9333333333333333,1.0,raw_runs/calibration/benign_continuous/level_24/pair_01.jsonl.gz,529d60b8b031d67da74a37aec834201d39926503db708215db35174757a47d9c
calibration,continuous,benign_continuous,benign,24,2,370540471381056664,12872671095906737218,14059409858932584796,9c6b968e5b0ee91a425ffb521c96547069114e47f37d028c5f0c860007e769a4,fb484dd1e85fcaf03d9e1ff3f9f186b9f82a9a9841385bd1138972ea7ee4aed4,150,513,513,0,6.156206838155196,43.4062068381552,23.3,31.0,4.505038288951026,0.9962222172888838,150,68,68,143,150,1.0,0.4533333333333333,0.4533333333333333,0.9533333333333334,1.0,raw_runs/calibration/benign_continuous/level_24/pair_02.jsonl.gz,fd0aec3b7de808f807deb65bcbc66c95ea174193fb3ad429163fc64d2bfbd271
calibration,continuous,benign_continuous,benign,24,3,11632077548237768980,8720491566476406809,6935835428905948019,36b7ab2121eb5fdbef2229c2ab64ce67144e42219241a3dd7ad6fcb8e3d75bff,9e0aadc459a6c34c307551c1637344fc61157950f11ccefe28f2fe6af7a895d4,150,494,494,0,6.130985238340577,43.38098523834058,22.893333333333334,29.549999999999983,4.472483514325391,0.9909652326297891,150,69,69,146,150,1.0,0.46,0.46,0.9733333333333334,1.0,raw_runs/calibration/benign_continuous/level_24/pair_03.jsonl.gz,96a88f686af005615ebfb023f658226d4725687a7cc7d8046457878c8e53c470
calibration,continuous,benign_continuous,benign,24,4,12715315431891721183,4690943531546050303,12385526427371159187,56906d1ec9390d82537ed240db6f293dee49536fea2c15d39f41df496ac3525d,2f7c44a5177630a30e6cb16dca932adc6a0367a710ac5bc352eb43a4d08e41f2,150,530,530,0,6.070950303826979,43.320950303826976,24.553333333333335,33.54999999999998,4.573272917665546,0.993400156647059,150,87,87,145,150,1.0,0.58,0.58,0.9666666666666667,1.0,raw_runs/calibration/benign_continuous/level_24/pair_04.jsonl.gz,496cf38f94dceadc3226a2876ce6b87b69027009777de2981b19654abc62e2b4
calibration,continuous,benign_continuous,benign,24,5,13514201889892420303,304012146478401910,7183816768118175292,97e264d4127fc219aa02d45b75fe7bf212890f374773ee7a9465fbb7f182b6bb,4753b9ffc72c8c951e7b1832165737205057d1053048e89f49227f8134d0e286,150,547,547,0,6.058462126509247,43.30846212650925,25.06,32.54999999999998,4.595532199223087,0.9919689780813191,150,95,95,144,150,1.0,0.6333333333333333,0.6333333333333333,0.96,1.0,raw_runs/calibration/benign_continuous/level_24/pair_05.jsonl.gz,04a8a7d8ea5c2c09b9c7f0c60836e783e08c1f2cc9610e361cf1511b901e2825
calibration,continuous,benign_continuous,benign,24,6,554032864733521799,6633471824585565028,1270836544048559637,7499ae39a8e9adc36947297dd826bd0f9c799bea29306e34bcebd0615aa99e61,6c0ae8c4593550d60c6fe2ea113b284ddd9df2df5302b37697c1c3e1072c2405,150,546,546,0,6.041135172326559,43.29113517232656,24.946666666666665,35.0,4.597406664104697,0.9934024942845148,150,84,84,149,150,1.0,0.56,0.56,0.9933333333333333,1.0,raw_runs/calibration/benign_continuous/level_24/pair_06.jsonl.gz,0f48e95de405dff4bf0af63428c2e975b8f5659a8a67d7edb6bf619d0dabe9bd
calibration,continuous,benign_continuous,benign,24,7,7791342357546203955,1953716053491461771,16242284577980290483,5b5d812ae521a97d87273f3362ee7f2056f4534b3b83de638274901502d5b34f,310b0ef2c2ed1ee519d6015a5aa0890a47630a023f129d747d3c1a9e366f0d59,150,516,516,0,6.042993966219402,43.2929939662194,23.72,33.0,4.5088516677818085,0.9912774972971389,150,79,79,140,150,1.0,0.5266666666666666,0.5266666666666666,0.9333333333333333,1.0,raw_runs/calibration/benign_continuous/level_24/pair_07.jsonl.gz,335202170f0064c498ebbf3a1d4ac39d3c61c613837bcfbaab119606d30c0ea9
calibration,continuous,benign_continuous,benign,24,8,14748634966923814441,10040545972419372047,1539681592732471858,a930c5acfc425f4eb6e56d613e83a528f7ba482b5999aa5e9f0bd5071f9c1c91,bf9c0f489742fd0f35665e137a6f4500efec3bf9168dedca2f2870f3772de17b,150,535,535,0,6.211683492636976,43.46168349263698,24.573333333333334,34.0,4.570966475781624,0.9966168275097592,150,90,90,139,150,1.0,0.6,0.6,0.9266666666666666,1.0,raw_runs/calibration/benign_continuous/level_24/pair_08.jsonl.gz,0b9c65eff24976586bc646036deeaf0d9e12219dbd998ed2ead0935681f9d26e
calibration,continuous,benign_continuous,benign,24,9,15861006166076593261,7416120794932277444,12109812151012644706,67a533220e0d0a8e3001214c259fa91b350240af6196ef463e5e4de553ef9e7b,85b3170235790732c252783381502375df593fd821560ab503915e5e6e817eb5,150,551,551,0,6.241712809761024,43.491712809761026,25.593333333333334,32.0,4.644013987146043,0.9921290067772611,150,102,102,149,150,1.0,0.68,0.68,0.9933333333333333,1.0,raw_runs/calibration/benign_continuous/level_24/pair_09.jsonl.gz,8d0ac877b9a7f1d305aca9a82a24fe76fd51f03b9ad4843a2483d5e7238ee393
calibration,continuous,benign_continuous,benign,60,0,6539245801232288236,6845343308779278518,17035468100654249602,05d7568eca5dc412d9b6e32b87644e486d8e225268337e92e3915c59aaae1bc0,cb88c49b027d35593bf0e0918a6899d3db58935a86d53d1cffcf56834c5f846d,150,1336,1336,0,6.103297789761711,43.35329778976171,61.13333333333333,72.0,5.890626297761231,0.9833271547654607,150,150,150,150,150,1.0,1.0,1.0,1.0,1.0,raw_runs/calibration/benign_continuous/level_60/pair_00.jsonl.gz,6eb58e27ed765879c97764ae1fff29e54ba92c809bb58bc5fbd079f973e27cd8
calibration,continuous,benign_continuous,benign,60,1,7659718519786274022,11130891191110094429,17166766427254890312,7f1cc0eedeaf086cd4178990a1aa2034aecf58355566a82021e4177427a81b25,2915a0d65f2749a826021f48f20cdb8c91563aa8de53ebf5aa4d7407e15ce58b,150,1329,1329,0,6.001319295321554,43.25131929532155,60.46,72.09999999999997,5.8841733267570016,0.9886088072345794,150,150,150,150,150,1.0,1.0,1.0,1.0,1.0,raw_runs/calibration/benign_continuous/level_60/pair_01.jsonl.gz,2bf644203676c0889cafedba35ae2603f58bd645e6a8a8613411cabc448c3e19
calibration,continuous,benign_continuous,benign,60,2,17342713568294791210,13568067301481151078,14156519287295604905,54b227aa45565b6df6cd186440b3934ea01dfe3ecb802d106168758ec80dde29,ad9f1d20c34a3b8a19d8735f2677fbf4c9b0e0434ba09e6cd1190303620efbaf,150,1319,1319,0,6.146127363403749,43.39612736340375,60.9,70.0,5.897364419186749,0.9872470920192685,150,150,150,150,150,1.0,1.0,1.0,1.0,1.0,raw_runs/calibration/benign_continuous/level_60/pair_02.jsonl.gz,3bb80d5e7891a99dff484de27c9be488c50d74ac4ad7c718a1eac00e89b73d9a
calibration,continuous,benign_continuous,benign,60,3,4997799084428716862,5283607758275975730,5273460442709758806,e0f7e81f1a1d909d89216d18235c2f6c30a61fcb6fadd2462f28a2867171da3c,7856cc37c69f90780d19686114317c9eee2f8c34b273e9f76526a5a2b09a547b,150,1287,1287,0,6.069198981599065,43.319198981599065,59.42666666666667,73.0,5.840805924017286,0.9788851866683302,150,150,150,150,150,1.0,1.0,1.0,1.0,1.0,raw_runs/calibration/benign_continuous/level_60/pair_03.jsonl.gz,22c105598df13d800497ba6f33fe7adf201e4933222ff12e0192f56139a22938
calibration,continuous,benign_continuous,benign,60,4,17024037684433055054,4500716609975232402,17057591466644668220,13bafd4b0d885997ea46b973f2adf23c83701f3680395731bddc1f017faab39e,202893726d6ebaaa10e6f71892468dfa4a55f7e5dbbf48fb9b245d8e2c86c317,150,1288,1288,0,6.003424389981407,43.253424389981404,60.34,72.0,5.870927671269116,0.9834742732846583,150,150,150,150,150,1.0,1.0,1.0,1.0,1.0,raw_runs/calibration/benign_continuous/level_60/pair_04.jsonl.gz,8b2c53772257408ac36c119beaf411834703c10a006513fcf8fd351a8bd995a4
calibration,continuous,benign_continuous,benign,60,5,11148800632205363255,1011119023853982718,15811941321675447240,84b23e7f266de1ac36ca8ce64e07563f505ebd5e0cb1aba2559abd3be9309647,c59c5ed6bf689ff4b2c81a1d08741372865b4506d75f0c8cd2132ef5f46463e6,150,1337,1337,0,6.185107791691095,43.435107791691095,60.99333333333333,72.0,5.884729967917079,0.9829045358127306,150,150,150,150,150,1.0,1.0,1.0,1.0,1.0,raw_runs/calibration/benign_continuous/level_60/pair_05.jsonl.gz,e4b3df6bd36c5efa6eff78fca03384ddcca7c929fae772e598cc9298056d8fc4
calibration,continuous,benign_continuous,benign,60,6,3755803347952968623,6634006565778051053,17294093716558318121,610fd4362225ab7b0ffa94328e36c58e67148f5075aceb8d901258156ef1e37f,de836e0d043548cfb8ca00376ddd25d0d4bfaa80097699a34f6c9006ac9f89db,150,1304,1304,0,6.1904676431904635,43.440467643190466,60.24666666666667,74.0,5.87316236348414,0.9884749651664426,150,150,150,150,150,1.0,1.0,1.0,1.0,1.0,raw_runs/calibration/benign_continuous/level_60/pair_06.jsonl.gz,ed22753c979b777967c3d4bb3b982c3e130add89454d464060a36bd8521deee5
calibration,continuous,benign_continuous,benign,60,7,17187118752175728023,10705134199025698565,14228905021053309145,1f2fd19f72cd88ae8265390ec7109fff467c99de4b53fdfda6818f1d96454b75,e1835fbd8072a4a8f061fe7f9975013205f5b734be5f025e7786614241516ae7,150,1313,1313,0,6.247867401915199,43.4978674019152,60.03333333333333,76.09999999999997,5.857552503849488,0.9839536611298059,150,150,150,150,150,1.0,1.0,1.0,1.0,1.0,raw_runs/calibration/benign_continuous/level_60/pair_07.jsonl.gz,e9966834dc91d344992f097547e6e4e5a55f454b990d5d8f2ccfd81924b081fd
calibration,continuous,benign_continuous,benign,60,8,369555019032492314,8614883554881445882,15703538296095697689,0f4b779158033f9e7af19cc4a08253ac15df49004630fc7f099adfb411613264,268e87672ed93af012ab26ec6af09ca0308cd86c7ba6ec8cefdcafd25185ca6c,150,1324,1324,0,6.058181137180849,43.30818113718085,61.5,74.09999999999997,5.8981248316964985,0.9845995415230137,150,150,150,150,150,1.0,1.0,1.0,1.0,1.0,raw_runs/calibration/benign_continuous/level_60/pair_08.jsonl.gz,946069cfb6e772f7c99c330c1808290cb65427ed178780a3853d76038996af54
calibration,continuous,benign_continuous,benign,60,9,18109927238007761739,12480533510226475858,1429457499406708322,97329ee4125a8c9172eccdfd61d7712e97fea993817bfa17200dbb9822aa7b1c,e78d3f46fcde386736dc8d7357d4aaffbcf57cbf723bf0b2edfdb1bf8c6b550e,150,1285,1285,0,6.047548050706355,43.297548050706354,59.76,72.54999999999998,5.867177579307403,0.9868501737869629,150,150,150,150,150,1.0,1.0,1.0,1.0,1.0,raw_runs/calibration/benign_continuous/level_60/pair_09.jsonl.gz,f52101ebfd8e85ffbeb00fe9163e5c1e910dc5128cd5dd1f3ba61c8177a47516
calibration,continuous,benign_continuous,benign,120,0,17090399579311017229,18350586084877894881,3732047557600521804,0033d010798885a878fdae89dc3e3e3970c26d3e23a096ef0c071d4a050fec65,65440a2a16cda3873ee442e0014703a2aba248be885e918d6a22cb7aeeed1e6f,150,2643,2643,0,6.209557565250205,43.45955756525021,121.14,141.54999999999998,6.860964290259008,0.9735914598673933,150,150,150,150,150,1.0,1.0,1.0,1.0,1.0,raw_runs/calibration/benign_continuous/level_120/pair_00.jsonl.gz,cf31deb04f509dc82f1129e2d2be789f258f150aeb3da5ea25d896cb523a6dd0
calibration,continuous,benign_continuous,benign,120,1,6367249661184248666,9845618051480767506,2239536400771853169,57b496fc0c7a11e1d18e0c06942d1a7b4bf51e7bdd981a91aff74d4b0122c310,7169d4d47c730c884eb16f1c67939e750ccb316e60630bf6fb099ce80be2cac2,150,2630,2630,0,6.176237735947499,43.426237735947495,119.10666666666667,137.54999999999998,6.838653753277949,0.9746613593492112,150,150,150,150,150,1.0,1.0,1.0,1.0,1.0,raw_runs/calibration/benign_continuous/level_120/pair_01.jsonl.gz,3ce55661fc678d564b0117b2752b134afca18df5026b6378b3654064135d9a0b
calibration,continuous,benign_continuous,benign,120,2,5908236760732678797,12923363839531897825,10012524499640632581,54341dc01cf77afd70a57adafd0c58f4ff95f75a309c244c29ece5ace83cc65e,0fdf47df7d7e80dab3776ab37c5f9948d45e300a6f8e7016880430c9eb66a602,150,2668,2668,0,6.027555837673027,43.27755583767303,124.72666666666667,142.54999999999998,6.901986175079555,0.972752028278082,150,150,150,150,150,1.0,1.0,1.0,1.0,1.0,raw_runs/calibration/benign_continuous/level_120/pair_02.jsonl.gz,3b8d4153790c32c3d227dbdaad034f99ced9dc8f5b8ea4f8d9e9e6e014e9808f
calibration,continuous,benign_continuous,benign,120,3,13886258615906150346,16226915662444670584,8170327568851185661,3f02634b33ed030b7ede987ba07f779bf711f41b8d9de27a2a1683e227952597,615a5355e90968829b2a28dd73f00ef67f820b9df5807019abb85edb2235e20a,150,2583,2583,0,6.210656972682052,43.46065697268205,118.39333333333333,139.54999999999998,6.822841057328817,0.9727169017872893,150,150,150,150,150,1.0,1.0,1.0,1.0,1.0,raw_runs/calibration/benign_continuous/level_120/pair_03.jsonl.gz,9e7fed5d62fae073b5f2d4996bcfd75a12b5234ac4da4dfc29c4a5d8730aa36c
calibration,continuous,benign_continuous,benign,120,4,5744809306675081321,12165312698500931904,2257706525077471135,de665045ecb6f6d53272168aed08556ea328ce83b574f3c162a967cb268b0549,a424c264aa62d74590f48961d96d52b49676d39cb1b87547e05f5a2c677d91e5,150,2565,2565,0,6.054483678331974,43.30448367833198,118.54,135.64999999999995,6.817185050873259,0.9666669987178621,150,150,150,150,150,1.0,1.0,1.0,1.0,1.0,raw_runs/calibration/benign_continuous/level_120/pair_04.jsonl.gz,4fa6abb635959fdd3687458b7846843440339d7e3c3520409248371d8bc53909
calibration,continuous,benign_continuous,benign,120,5,1998786994327163180,4967260913427679008,12462688845596659630,ed46362d6af7558ffc95f55742d2a667e2c18ea97d0ad7df9d136ba7540b7072,e0d8bdc28a085e57fa3baedb2339ed0b926821596b9c4cdab1844fb2a1134d29,150,2695,2695,0,6.238189683895333,43.488189683895335,124.76,143.0,6.901491637829759,0.9720757596543217,150,150,150,150,150,1.0,1.0,1.0,1.0,1.0,raw_runs/calibration/benign_continuous/level_120/pair_05.jsonl.gz,742f848cfdac4751b93866ae0debdd163bcbaca47442660fa7b23a0a9f18b844
calibration,continuous,benign_continuous,benign,120,6,8879500961772332143,11709536987439334399,1573773182475191856,39f9e40e817d54066e633e6075a26fa333f90a110045707d22608fbc36888dd3,ccf8e4d1ea8284adb1a3a067021ce95198f8f1ced747d28b65a29c41cd670d0d,150,2587,2587,0,6.2155865832769965,43.465586583276995,118.54666666666667,135.54999999999998,6.827322156956128,0.9715233447808688,150,150,150,150,150,1.0,1.0,1.0,1.0,1.0,raw_runs/calibration/benign_continuous/level_120/pair_06.jsonl.gz,f4c849c07bf3919c75abee79cf5a5d8248beaee914f0487f1bc76b7cba17967f
calibration,continuous,benign_continuous,benign,120,7,11334165671130909007,12725233872609014575,4478095119509815008,9f23446bfc9258227630cc229048743b83198d0b1b6308759d77f9c933e7f3d5,b757e8c6142ee4301b7e4a45cbd2d59654d4b677129b2f65815ddf6a0f83b841,150,2575,2575,0,6.047089558066557,43.29708955806656,119.02,137.0,6.823668795491756,0.966821367648538,150,150,150,150,150,1.0,1.0,1.0,1.0,1.0,raw_runs/calibration/benign_continuous/level_120/pair_07.jsonl.gz,2892fc6959ffb27d564eb7c5f3ed9be345c90ec3d738bbfa20d3e11c5bf865ff
calibration,continuous,benign_continuous,benign,120,8,14509491694551593491,15938347798261486573,3793492834894535160,217b22c73591691c0405a19c0cfb8181b1f46574ff3fec97e24c431415336558,be04bdec290d22e2bf6a158a38646bae3a68c32a0146c0e3a4e684d57cc8155d,150,2596,2596,0,6.174672349405176,43.42467234940518,119.66666666666667,137.0,6.8500860746244205,0.9762065220952866,150,150,150,150,150,1.0,1.0,1.0,1.0,1.0,raw_runs/calibration/benign_continuous/level_120/pair_08.jsonl.gz,4646840da319cc17918c3ee38dbc79f2cc25ab1d47df25228bd68defd231a5e2
calibration,continuous,benign_continuous,benign,120,9,14446178256120878379,4223028627154381017,3748105083548406747,33a21b3942cc4aaf7ccb5edc0493311981498e4bb64397212ae2a4346a0143ce,d9958124de93c42135c4ed2b10fa50afa45dfe28f31e3cbe2ff53d0c3db286a2,150,2565,2565,0,6.227678757195253,43.47767875719525,117.8,135.64999999999995,6.814751456526249,0.9708913249424188,150,150,150,150,150,1.0,1.0,1.0,1.0,1.0,raw_runs/calibration/benign_continuous/level_120/pair_09.jsonl.gz,d03454fdf80f601bc56b1a3c27c8167b2ff087d612b2568b6e2cd12453ca8ce8
calibration,continuous,benign_continuous,benign,200,0,16376156460919372572,11942091752497136640,10493487719754999018,874c30f0b39bc37dba8f60a1ca8d6d1a8b1a6c8bc308c51560a30213b4c29935,c75591008a9642fb77b750ece35c30ceca9483e60c9c28f9f79f6a31ada699a4,150,4250,4250,0,6.08570938825856,43.33570938825856,197.13333333333333,220.09999999999997,7.522373530493213,0.9519697820588567,150,150,150,150,150,1.0,1.0,1.0,1.0,1.0,raw_runs/calibration/benign_continuous/level_200/pair_00.jsonl.gz,31e8732b76d5066203eacf13cba20041c199b97f1ed11ae5424913dd5377914f
calibration,continuous,benign_continuous,benign,200,1,14752392198663346645,1831491047150995600,3302935418956293441,15def88b923c790ee37ee769fe7638595f6e1a8b72379e91a2785c4721f8bb7e,e74ea476701ef59fdbf4a2f9d8bcfd7628c0a2bba0fe4a720f4ffe2be6b71d6d,150,4329,4329,0,6.248262276909008,43.49826227690901,198.52,221.64999999999995,7.536056480782114,0.9536549946577414,150,150,150,150,150,1.0,1.0,1.0,1.0,1.0,raw_runs/calibration/benign_continuous/level_200/pair_01.jsonl.gz,b00690cf61207cab81568850c8ffee45e6a8d1b85e6965ed4d2f93234abc0d7e
calibration,continuous,benign_continuous,benign,200,2,7154378793985259876,14584283804254708352,9346334253199532775,560dcfbe4bf5ce3da750c9e7f93fa34f73cebd975a4a0cb3e4a73629a62eb505,ac4fa6582a15206ce13703cf03b8e7cf7d98fa7073b4721e5ae3fc1c110a3bb3,150,4343,4343,0,6.070972862050419,43.32097286205042,201.45333333333335,219.54999999999998,7.554501254277793,0.9521459645932574,150,150,150,150,150,1.0,1.0,1.0,1.0,1.0,raw_runs/calibration/benign_continuous/level_200/pair_02.jsonl.gz,c769405ead78e9b4f565be44f7da376ccaf9102a753037e22187525eef4d316d
calibration,continuous,benign_continuous,benign,200,3,17675618794504208924,9608851468074299536,13779136187353132700,9961438e03d282d4b7f0a210573d9bfd99a5dda697c04f63aa995fe41a80de85,0175c0407238e42fc5d5e971905a442e85834dbc09aa5152155ee0162ecea2d7,150,4295,4295,0,6.248147142962842,43.49814714296284,197.13333333333333,215.0,7.525895948808526,0.9532982671146862,150,150,150,150,150,1.0,1.0,1.0,1.0,1.0,raw_runs/calibration/benign_continuous/level_200/pair_03.jsonl.gz,d33037102f2951e1aac50ca1dbfadbc1b1d0eceface22627541642050c42bbe3
calibration,continuous,benign_continuous,benign,200,4,4383695215097279143,12026042897401070416,15145130058121470335,f2e363e174805927c4098e5ddf026a54abdccf67ec875ec3ca54ed282a9fec77,86af3175374ce72609abe828e7f60d3b52a6548464a4a6907f14e43286017002,150,4346,4346,0,6.079448992389,43.329448992389,200.71333333333334,221.64999999999995,7.550736708431502,0.9529639521928507,150,150,150,150,150,1.0,1.0,1.0,1.0,1.0,raw_runs/calibration/benign_continuous/level_200/pair_04.jsonl.gz,92c20f0babcf002d61adf42a1cbd5cc90d43aebf13412a63e17155ba3901f81b
calibration,continuous,benign_continuous,benign,200,5,17343961961532975319,6503143908828040290,1180905252706492274,23f195dccb5bf97691ef4507c892cec2a15aa69dc52b8accd4089f7e6e8d23ac,306153ac1f591784ea3983b5d5e1bd189d1c99886bca071db080b37092674428,150,4335,4335,0,6.120078271817421,43.37007827181742,199.23333333333332,222.09999999999997,7.5457855278593735,0.9557872703922373,150,150,150,150,150,1.0,1.0,1.0,1.0,1.0,raw_runs/calibration/benign_continuous/level_200/pair_05.jsonl.gz,618c467e73a60c8c3d9d58f851cc38b2156bb15378e7ae228cbc83ee56a24ab2
calibration,continuous,benign_continuous,benign,200,6,11596850783183413747,13005176504767342693,5728270262885249154,7f0de949868c5962350952cce702d67f567eedd320e93d4bc940be32f179af16,ab743a0db7e04c00a407c73820780dfaf40df78a297e5141acf374d7e95fa1be,150,4291,4291,0,6.045122842342925,43.29512284234293,198.20666666666668,218.0,7.522979269412385,0.9479724599038213,150,150,150,150,150,1.0,1.0,1.0,1.0,1.0,raw_runs/calibration/benign_continuous/level_200/pair_06.jsonl.gz,b457f0471084cfe97708c450c304e117bd716b8d4c5ed0d20fd133f32d7ab4d0
calibration,continuous,benign_continuous,benign,200,7,2352920626975976697,15027597348420233505,10194833938237646156,60bfab3f4a5a44bce9d62607037f13fefad1ab512377829f8a61ebe63ddc28e8,c1c8a577b343a4c05ad94b2a1fd4c67af4cc716094cf4d4c7f08b4278224ede4,150,4259,4259,0,6.237062938607573,43.48706293860757,197.20666666666668,222.54999999999998,7.5231871528470124,0.9522480275772136,150,150,150,150,150,1.0,1.0,1.0,1.0,1.0,raw_runs/calibration/benign_continuous/level_200/pair_07.jsonl.gz,2826d8369ac47a3380810f11696577b1e86d49a3fdd0ae96d67c528b44659e75
calibration,continuous,benign_continuous,benign,200,8,5365262418345413893,7312478308976975907,13613973049941238397,87566925b45349077412c1e900fd8d656078c12ae526f3152bd1adda48ab7f54,cf4e2ba4e5da5dd2cfc41c7a1bfbb190ac63e24012548bfc030bf05589d97aa4,150,4173,4173,0,6.00387033611689,43.25387033611689,192.56666666666666,216.0,7.496642638409303,0.9563424866172288,150,150,150,150,150,1.0,1.0,1.0,1.0,1.0,raw_runs/calibration/benign_continuous/level_200/pair_08.jsonl.gz,2bfb0164de23fbd31c3ab3c10cbbd06398cd7975e6efc26ef16621557b14fe38
calibration,continuous,benign_continuous,benign,200,9,8484589432872349975,10780932360975390168,12679583026814604802,c1bbe396561c9093a950936b844ed8a6ac96ae6d0f4a94b4bc8f68de84e1c74f,f98c1a30a35b9d2f0da13ae88bbd4cfe549e484bd4d9be0b6d66daf56faf7fcc,150,4363,4363,0,6.080396092400471,43.33039609240047,202.25333333333333,227.54999999999998,7.5432049014780596,0.9451755708691246,150,150,150,150,150,1.0,1.0,1.0,1.0,1.0,raw_runs/calibration/benign_continuous/level_200/pair_09.jsonl.gz,02f617ea536f31ffa0a78ee3d2547eb02b0c227ce6f21cb411b656239911845f
validation,bursty,attack_sweep_bursty,attack,24,0,9803342861910836838,9194423354801383329,11174604948887288213,0364c184b3749938357696b36db163e0579153b11169b8992fb6b66f0a1fac0d,59d1ce6dfd64f9b424a6334c06ce8b79df9ee419d389aa67cbf35f630f928399,150,496,54,442,6.089511126110291,43.33951112611029,23.14,35.0,4.458071445956184,1.0,150,70,70,127,150,1.0,0.4666666666666667,0.4666666666666667,0.8466666666666667,1.0,raw_runs/validation/attack_sweep_bursty/level_24/pair_00.jsonl.gz,9c1bd73fc266d3fcff85fdce919c1ab60530d0527702ed5de841a80a29d3d2b5
validation,bursty,attack_sweep_bursty,attack,24,1,13366381052389997248,10185895188360222365,16707992074967692519,9af4d246d74bc4d2781353d2e22642f3a65bbaa5469033d6da96678da3432897,06f9c6a4970b5bd37b636b7b19fb867c4df3929f653cf04d600dc985c242619f,150,547,65,482,6.034033563522444,43.28403356352244,25.506666666666668,41.54999999999998,4.568500708236645,0.9983568316215375,150,84,84,126,150,1.0,0.56,0.56,0.84,1.0,raw_runs/validation/attack_sweep_bursty/level_24/pair_01.jsonl.gz,878892331a7e4eff453b5c03bfbf92904afc60dc9b060a9f9b2edc6f8ca07c93
validation,bursty,attack_sweep_bursty,attack,24,2,6768612883101862582,12600552924141039545,8030849123354618907,eb0f7a72fde657bc430962f813a44e373ed6e0d6cd219abb78c9a2a8f2752556,0d6423193a8a9d9373f2e7d78105fc55195f3b5fadd1d5330244831951792198,150,500,53,447,6.014309072718314,43.26430907271831,23.546666666666667,37.0,4.436579010692714,0.9987686743476217,150,71,71,122,150,1.0,0.47333333333333333,0.47333333333333333,0.8133333333333334,1.0,raw_runs/validation/attack_sweep_bursty/level_24/pair_02.jsonl.gz,c7e9565f25eaefc8c49d80002c17306c7626113c32794f84be3dd1f251664603
validation,bursty,attack_sweep_bursty,attack,24,3,6260049324425438133,15770079494666898106,14297734349876043225,3d97f860cbf776e199f2adf857d10d7a4fb38069f5992a828a5be11124f0e910,ee085312029e2be6b781e5a4cc8828e0ed9c09aaf74d59dd7e00636148c203d7,150,566,61,505,6.232303610084183,43.48230361008418,25.673333333333332,42.54999999999998,4.573594471427244,0.9987532002048132,150,80,80,127,150,1.0,0.5333333333333333,0.5333333333333333,0.8466666666666667,1.0,raw_runs/validation/attack_sweep_bursty/level_24/pair_03.jsonl.gz,8f722548b132702b44110a15602978003c35c4476f3875928dc0a2909bd13149
validation,bursty,attack_sweep_bursty,attack,24,4,4780794959553378184,15145348075810485740,10524978790980799651,7761880b08d45e86b4b4cd90d111569b0e6554e9b11527aa4c8655b00f8606f4,fd9d2dbf0e6defbbb76806684b180af28efa4c10f310cfce52a5ac8ac65d336c,150,479,29,450,6.028205823519358,43.27820582351936,22.946666666666665,34.0,4.439003289242072,1.0,150,70,70,126,150,1.0,0.4666666666666667,0.4666666666666667,0.84,1.0,raw_runs/validation/attack_sweep_bursty/level_24/pair_04.jsonl.gz,7b3d193d84b940786dfb47614f8dc585059bd5a9ce9e37b411ce92d55aa3dcf1
validation,bursty,attack_sweep_bursty,attack,24,5,6444626758749891196,2894688630153085745,13872560348622555579,7bb904ff9d32fb89508d4a12fa3fcca91bbe9314f208534070ca88038cb9fe7a,18e99ae8e9e36dc8046229540d7ad5b03920af406ac9c9f01952cbde4daecb04,150,523,52,471,6.028756126479578,43.27875612647958,23.96,38.0,4.4811709827044846,1.0,150,74,74,126,150,1.0,0.49333333333333335,0.49333333333333335,0.84,1.0,raw_runs/validation/attack_sweep_bursty/level_24/pair_05.jsonl.gz,e16c01790e9ed9a3957ac5d1c92ee39e7541104d5179391b4b808caecf8ed59b
validation,bursty,attack_sweep_bursty,attack,24,6,15017807385840931387,4595591865311612426,9014437413371422623,56b2af2585d2d089784d45a3e3b39480842a0d3eca1013d555315514c6e3a7d5,a0668a7530b7c73b8e39529fdd90bec38fe1e764592a6b05dc0fe9cf1dbd9eb9,150,483,38,445,6.164458593360093,43.414458593360095,23.0,36.54999999999998,4.43008458519769,0.9982329236194325,150,69,69,118,150,1.0,0.46,0.46,0.7866666666666666,1.0,raw_runs/validation/attack_sweep_bursty/level_24/pair_06.jsonl.gz,e148c8505a5bd1237de6b7c433ba443be17e830934e951589cc182a4ed0b8595
validation,bursty,attack_sweep_bursty,attack,24,7,8552149562959649114,11413960738575079932,2653326470820517248,91d96cd00c74b727c473599473521cdbed8b66211b13f6f5844aa3f1fe55ffa6,d0172a7f01d5fe7e2dc61e75350218c6e825c71a7f264ecbe7aa678b63ef9f9c,150,497,56,441,6.124603133229721,43.37460313322972,22.30666666666667,34.54999999999998,4.394992213513954,0.9986104189552466,150,67,67,119,150,1.0,0.44666666666666666,0.44666666666666666,0.7933333333333333,1.0,raw_runs/validation/attack_sweep_bursty/level_24/pair_07.jsonl.gz,ed5edf7073bd3614fdd80d70bf6317611c54723187ff661f5fcf91bca40d5252
validation,bursty,attack_sweep_bursty,attack,24,8,15970768725518078580,2873805063108315331,5706085462294637742,2f1e330598bb939216a1a8d92132d36661ffff157598f25446e025185406a956,39452e508cfc99da2a2c102639e23e62779f108716b57cf40cbc53c54432087e,150,503,52,451,6.031359696299488,43.28135969629949,23.486666666666668,38.54999999999998,4.445378145898855,0.9996385836385836,150,69,69,115,150,1.0,0.46,0.46,0.7666666666666667,1.0,raw_runs/validation/attack_sweep_bursty/level_24/pair_08.jsonl.gz,4547b1bcbb2dbead459e3ab336181eb64dce2384e7324fdd551cdddbcd6a5417
validation,bursty,attack_sweep_bursty,attack,24,9,373968930109898497,14952452443238034336,11407530775262445460,2a39a171a582ce005819e85e87a3e814771ec0896b8615e72fc961042b771a12,32d4dd2ab7cb5488497ec1cbbdf30eb88b6a47a7fc8e40655af577851818fab2,150,573,62,511,6.12868666517109,43.37868666517109,24.973333333333333,40.54999999999998,4.528600363626442,0.9982353002167134,150,79,79,122,150,1.0,0.5266666666666666,0.5266666666666666,0.8133333333333334,1.0,raw_runs/validation/attack_sweep_bursty/level_24/pair_09.jsonl.gz,7dd966c75c78151dac804464346d7734e1ff43ab9b8fc34ace899e5ced1ff9e8
validation,bursty,attack_sweep_bursty,attack,60,0,12487070739786096694,5538274702870925366,18022512499535289873,ac13e0bafaa11d7ba9c69c99c3f13b926f129dab4a0accc794b55344cc564aac,8241fd2d16e517330c90787e0bdc37fde456135d96d2812f0fd20b5a52a90c62,150,1301,142,1159,6.142820643979903,43.3928206439799,58.733333333333334,87.0,5.796987048785243,0.9962323066335376,150,150,150,150,150,1.0,1.0,1.0,1.0,1.0,raw_runs/validation/attack_sweep_bursty/level_60/pair_00.jsonl.gz,33c12553eb17a6b39726fa00f3884b7359d1ccf75035b941bce57944e2395416
validation,bursty,attack_sweep_bursty,attack,60,1,1233774076934693432,368104975574429790,13513120390720747088,53e1f148a8ce688d9f36f45835e4353de3b0804a577bf88741b41700f096aa85,d9a26a27d465133397e9e2e7ae66979d8e25b9a7a1c77b86c09a4c3b61bb5b24,150,1326,132,1194,6.107349205727546,43.357349205727544,59.58,86.0,5.820421914922325,0.9964015186810536,150,150,150,150,150,1.0,1.0,1.0,1.0,1.0,raw_runs/validation/attack_sweep_bursty/level_60/pair_01.jsonl.gz,ebab04b3ea55e711cf116182fc7a4865f66635914057fda7f7071ddcf3d90f85
validation,bursty,attack_sweep_bursty,attack,60,2,8829653206436101812,750267707335277350,15914020211501674595,4c556400c35a7e21f76882031e144e6f8491ea78cab092bd4569b275e7ee9a07,5faf2f6470e9d3d9d380e1d00182ce4ac5cbcaff170563d35d992da8d073e1f8,150,1269,136,1133,6.159013665368146,43.40901366536815,56.373333333333335,86.0,5.739735622453507,0.9975276153838447,150,149,149,150,150,1.0,0.9933333333333333,0.9933333333333333,1.0,1.0,raw_runs/validation/attack_sweep_bursty/level_60/pair_02.jsonl.gz,bb24a6a656c9c0ed719480c24ea67a5fa06c0ed2a254bf86f0e83b5238cdeefb
validation,bursty,attack_sweep_bursty,attack,60,3,13971988729943770202,15836958982476396800,17993278670325771125,e48f6814f5a32b6b974c75be5b52c4b23b61a97a6eab52aff19467bdd691c256,ab7cf08a8079f99b13676794d89780c7debba53f2af10c6964b76043039f1894,150,1232,145,1087,6.000850590789077,43.25085059078908,55.626666666666665,85.09999999999997,5.710432120829495,0.996864671453266,150,149,149,150,150,1.0,0.9933333333333333,0.9933333333333333,1.0,1.0,raw_runs/validation/attack_sweep_bursty/level_60/pair_03.jsonl.gz,0de27ceff99d2a1f28332c0105e62871710bb7e81157acb86f3ed045829b5416
validation,bursty,attack_sweep_bursty,attack,60,4,12197661544791214125,10322430620076629273,5004122993443541452,1e8509502ca760c04a40027bdbc543974aeacff7b0b082b1eb50b23bf9feacf5,9445118448bde14f80998d27493a008db338f4ddf67ab99fa9df22b7567706d9,150,1264,125,1139,6.020478402221314,43.270478402221315,59.67333333333333,89.0,5.815380206683528,0.9952542182726628,150,149,149,150,150,1.0,0.9933333333333333,0.9933333333333333,1.0,1.0,raw_runs/validation/attack_sweep_bursty/level_60/pair_04.jsonl.gz,49eaca37f928f384f68ddd931c59073d7d08aacf85f96c9cb9dd3a3429b1f799
validation,bursty,attack_sweep_bursty,attack,60,5,10681308235232454335,8243685565898141651,17275632403265902868,ca90a989472eddcb149c9c7ca25e84004867f1597752a6849e3e99dee51e596f,6ccd541b3ff559daa98f2c60cc7dfa1499287ddd990e458aeac64128d90da977,150,1372,132,1240,6.244621882976227,43.494621882976226,61.68666666666667,92.0,5.873535555336871,0.996696640384218,150,150,150,150,150,1.0,1.0,1.0,1.0,1.0,raw_runs/validation/attack_sweep_bursty/level_60/pair_05.jsonl.gz,bea81a70b7c30e41e2b00f15b183082433603847acce0604a022029682778d1a
validation,bursty,attack_sweep_bursty,attack,60,6,15358484506539861972,8736930151456351088,17747805018576612036,2ba765c668284a2741e9e660a34954e63ce0f7426a567c473855377205867496,a2cf14fa663834a191bd4fee1d7821d4427ec67d5c84139a5661057e6ec67979,150,1272,114,1158,6.02801294188172,43.27801294188172,58.20666666666666,84.54999999999998,5.791387667051458,0.9958528703248988,150,150,150,150,150,1.0,1.0,1.0,1.0,1.0,raw_runs/validation/attack_sweep_bursty/level_60/pair_06.jsonl.gz,36388d802701766a71725b66a9bbdf4607e2f9e10e6d19f4f71f71e15812aac0
validation,bursty,attack_sweep_bursty,attack,60,7,1908953456111759179,13730453916256158984,13736362977659142080,2a55323b21250d3f9b5866f96ace6f610d024e9ed13a794dfbd62c7d08074905,00e3e0ea26a33f4b77a2328df628436e43eddec97edf95b2357da9a0c9637688,150,1349,129,1220,6.168908557190404,43.418908557190406,62.07333333333333,91.54999999999998,5.880776357258242,0.9982763981566553,150,150,150,150,150,1.0,1.0,1.0,1.0,1.0,raw_runs/validation/attack_sweep_bursty/level_60/pair_07.jsonl.gz,2239bea6cb980dd54e95adfa532afd7c45e499484a80654d5260fa951d5691d1
validation,bursty,attack_sweep_bursty,attack,60,8,5432635473106242675,6302575341774746544,16978267967421695122,c94e346a6557ebeec4b6575ec5b3c8622bd49a353c41c83f9de8482138f2b91d,9377fb92a02097bec4fb9ef6d2dd74ef371c97ec2dc0a1420f7edbdd5fe03572,150,1292,129,1163,6.0453821300559305,43.29538213005593,59.72666666666667,89.0,5.826783954318895,0.9985531207049174,150,150,150,150,150,1.0,1.0,1.0,1.0,1.0,raw_runs/validation/attack_sweep_bursty/level_60/pair_08.jsonl.gz,4db4bc390d2b736a7208ed71bdf2c26313f37a30a556ae8720f57db1a2a6132c
validation,bursty,attack_sweep_bursty,attack,60,9,4294892300995550161,15598110031629645083,9577199370774035401,d995b1431efce64edb63443f08921023456c31947f2ef8ebc4c3b5b4cbd5e139,e878b4323bb6413e1fb7e6b65f9a8c809a163e1e02f4c1b12d9cea4738cf6774,150,1349,113,1236,6.207461716399334,43.45746171639934,63.4,95.0,5.9115168110798235,0.9986535566085801,150,150,150,150,150,1.0,1.0,1.0,1.0,1.0,raw_runs/validation/attack_sweep_bursty/level_60/pair_09.jsonl.gz,42b11c93743680a3bb9397f30628c5e020202f1a0499bb99a946142991181f54
validation,bursty,attack_sweep_bursty,attack,120,0,6343223648374679314,13547544534982065781,10522313280753277260,895c7d608052a2ca54184124f15af8208548875147ea7bb048d40189d6f1779f,384f1e6eae80ae33ccb46c09fc0d91fbcbc5152c94b079033a304709f257a0bf,150,2593,279,2314,6.190374526115809,43.44037452611581,118.78,171.0,6.822824024278825,0.9952893041135235,150,150,150,150,150,1.0,1.0,1.0,1.0,1.0,raw_runs/validation/attack_sweep_bursty/level_120/pair_00.jsonl.gz,2b4a4a9730a397ee75ad595bff498c10752280ead2e177cefb385d40a3bdcf56
validation,bursty,attack_sweep_bursty,attack,120,1,10485689392433755321,14086714093093734968,500946056765937332,a4ccb4b57c528212693440416212542b9ed3a773237d31938a4417ff945ee90a,dc629a663688fd52e52d7d0031a0e011f1b6c4e11fa96e9e35c16c0c77420aed,150,2558,258,2300,6.171322626713447,43.42132262671345,118.10666666666667,169.54999999999998,6.803084528650514,0.9935205754984715,150,150,150,150,150,1.0,1.0,1.0,1.0,1.0,raw_runs/validation/attack_sweep_bursty/level_120/pair_01.jsonl.gz,80969ec1e23c084b2783b0d7491928e716163e356bd29d2c9795602b7b66b87e
validation,bursty,attack_sweep_bursty,attack,120,2,14225129792427501652,12730096511852318829,14209347296056308905,772f42961b9505cc1ef7c72ca0b902ace3d953e09d740ae4fdcf16e3f0d75dac,b434d084f7e79dfaf344149d89a1958e0fc98825d2d496b326b595279cfc1867,150,2562,303,2259,6.07769283657476,43.32769283657476,122.11333333333333,176.54999999999998,6.856096339425367,0.995017723909862,150,150,150,150,150,1.0,1.0,1.0,1.0,1.0,raw_runs/validation/attack_sweep_bursty/level_120/pair_02.jsonl.gz,e2bf8a216ed6ca261debeca300151112dadf74e9f03aaaee45b9b8ab85e856b6
validation,bursty,attack_sweep_bursty,attack,120,3,16348644471646703601,1558183538901609871,16002738648972241030,c90b1596d41b529aa925f0a51496b3f5b16a081eacbf43a02f634e2032522132,3e1e5599fde3851ea01c7a7cd34732aaf5a750cf45bccfceac3fc7348a932435,150,2631,248,2383,6.036736511302253,43.28673651130225,124.02666666666667,178.0,6.873138614296783,0.9935250546500818,150,150,150,150,150,1.0,1.0,1.0,1.0,1.0,raw_runs/validation/attack_sweep_bursty/level_120/pair_03.jsonl.gz,7626a7667995a99068ea5628b0b44b2dac97b3245eb10154311c48a063202333
validation,bursty,attack_sweep_bursty,attack,120,4,3343736546488695615,9124391271348376101,17023594729343169589,bb04e6b66ea069d06c639106eabf5ea4b7d07aa8e5709276308f7834e6eed3be,0cd1457bcca5454375150a31532d4f88e2de6e80a4f3fc9342b9381ff4f1ce45,150,2579,230,2349,6.132421465931037,43.38242146593104,118.38,171.54999999999998,6.805645154965554,0.9943140297499254,150,150,150,150,150,1.0,1.0,1.0,1.0,1.0,raw_runs/validation/attack_sweep_bursty/level_120/pair_04.jsonl.gz,280e850955322b75e44562afc0579c76d252f6d892cf86deddd1305da45fd12c
validation,bursty,attack_sweep_bursty,attack,120,5,11423555078912488740,944357307350427381,16261604993835631297,b1abb51aec8ebbc7847d9fbf69b2e529a6c29d4f908fc5ed23ff9ed27163ff66,ac94a6775d5aab322acc4b381e3df9dc5ba7ee18a592b05ecdb328a78abdc247,150,2565,240,2325,6.218097328312046,43.46809732831205,121.68666666666667,174.54999999999998,6.847018937028456,0.995263483054684,150,150,150,150,150,1.0,1.0,1.0,1.0,1.0,raw_runs/validation/attack_sweep_bursty/level_120/pair_05.jsonl.gz,b0199f28a6acbb06667eb7b1be21a13d6d3d1bf6b88174ed2c990b6ce972d622
validation,bursty,attack_sweep_bursty,attack,120,6,16633513658655925984,16348793242510748510,515797856826831478,634fa5992e5d71c17a56c5813611ee4f28ab9a48f4d81f16df0b2fbd2bf723c0,5705c4a60d31f98f2df3054a4aff88be0b3888e372107dff8b8fe8ddd44bcb0f,150,2584,250,2334,6.102210238838128,43.352210238838126,119.97333333333333,175.54999999999998,6.822689448532807,0.9928191361272412,150,150,150,150,150,1.0,1.0,1.0,1.0,1.0,raw_runs/validation/attack_sweep_bursty/level_120/pair_06.jsonl.gz,63ab6c2d22de565c3cfef2082596d6fc2295ab59c06f5f345793c30571a6bf7a
validation,bursty,attack_sweep_bursty,attack,120,7,13625812922725759632,9184983685717701453,13455499236845227064,123fc86ba2d440709b4f84e223410123069f6ade276d49dbd1ad7b703c4a7220,e1e67e6c280cff530ca23f84478cdd8ff0b7a04101ae849788aad49af42d57df,150,2571,248,2323,6.079710305821841,43.32971030582184,118.72666666666667,171.54999999999998,6.810753867284503,0.9943963161777729,150,150,150,150,150,1.0,1.0,1.0,1.0,1.0,raw_runs/validation/attack_sweep_bursty/level_120/pair_07.jsonl.gz,f74cbcd1db2ecd57dd4f6843b0d45103d4c22fa4c3eb269f3ecbc6b212b2f2db
validation,bursty,attack_sweep_bursty,attack,120,8,6249232245833653706,2860490276323050956,7624456392754378238,e3e7fb25704a9ca1cecec2e05025b4eaafc8dd13c619b18460b53a554831dbac,2a7a1ea719f6cb4a50569eb36e3c39e3931af08416bfd0616cc87b014455c030,150,2641,275,2366,6.164913085715119,43.41491308571512,124.83333333333333,185.54999999999998,6.880221002238862,0.992191008494493,150,150,150,150,150,1.0,1.0,1.0,1.0,1.0,raw_runs/validation/attack_sweep_bursty/level_120/pair_08.jsonl.gz,89ba13fc28ff86e9e933772c5ef50d53e84ae154ab33ad3e0f24bdde76754f27
validation,bursty,attack_sweep_bursty,attack,120,9,4181695058086570736,2322558530635670792,4721901624807022858,a19d48dc5db909ddf0f0424d9fa7b01fe8a19e30f27cd242961dc4680a38e48d,f8ec2b3bd645fa50c6e335764b3faab7ce3992eca0294b3c1852654eb55362d8,150,2595,259,2336,6.040833447897237,43.290833447897235,121.30666666666667,172.54999999999998,6.845398846968113,0.9962381679509751,150,150,150,150,150,1.0,1.0,1.0,1.0,1.0,raw_runs/validation/attack_sweep_bursty/level_120/pair_09.jsonl.gz,5053f75c34dfca60052bd39c1ac6251cf84acae6aa2abbd369b04b21cb4b14f2
validation,bursty,attack_sweep_bursty,attack,200,0,4701589229855114122,6271973614556098947,13997499181831748679,deac6ae13c00244a6f3b6c682a9b93870744ecb47f27ae20c614fc1af4e0250c,d10f66700ccc40ec08ce83e443530597c2b1bf5c889ae5f4aa07b440ffa35aeb,150,4212,385,3827,6.001327299092992,43.25132729909299,193.44,276.54999999999995,7.518410283299692,0.9924381778381504,150,150,150,150,150,1.0,1.0,1.0,1.0,1.0,raw_runs/validation/attack_sweep_bursty/level_200/pair_00.jsonl.gz,1b17359b16c1fdab2f6f74f29196af537e5a67d229d3d21c7003ac4822cdf27e
validation,bursty,attack_sweep_bursty,attack,200,1,4346055504009300370,11135537431613534554,10844902736725585901,2ddb9718acf5d88af3e6c597cacc7e994ec7f263a2c8745def6678edddb9d8c5,b1b853f07994d114e006dfbc8c101ae6049457077bbd064c1939b184f6b04a26,150,4391,431,3960,6.194309034696226,43.444309034696225,196.71333333333334,283.54999999999995,7.5385859447909445,0.9928266909298228,150,150,150,150,150,1.0,1.0,1.0,1.0,1.0,raw_runs/validation/attack_sweep_bursty/level_200/pair_01.jsonl.gz,e163978817c5f62448c7decbcb15e35b31f0fd529818e48bf47a755b66f48c76
validation,bursty,attack_sweep_bursty,attack,200,2,16868993196960833280,1391611241494434084,4837113379027741134,8425a7fdd31712cad49b67b0a9b8331751bb2cedc047de097382fb05ed6fb972,5ed8bb2e6fe0bafa4063f0ee4115cdd74d136007aa7837e91ccaf3834bdf99ec,150,4347,405,3942,6.152102325436412,43.40210232543641,201.71333333333334,290.09999999999997,7.576733473305709,0.9930121728583478,150,150,150,150,150,1.0,1.0,1.0,1.0,1.0,raw_runs/validation/attack_sweep_bursty/level_200/pair_02.jsonl.gz,ca98a254112fedb1ce589628ec0730ff593f48a0ad9b2cd173bf79c2848cf3c1
validation,bursty,attack_sweep_bursty,attack,200,3,8158687038412735734,12997957435638302959,18321191502766478472,a7734d5c8aa61832ad50b3ffab281683466794eb6379deddce5fed51e2dfcbb9,3f49eea60bdea24b62fb5efe24aaf3a0c85be47979cb3a0d9ab11c99362715a5,150,4422,473,3949,6.21115646848793,43.46115646848793,201.08666666666667,293.65,7.566529005944138,0.9896610920092098,150,150,150,150,150,1.0,1.0,1.0,1.0,1.0,raw_runs/validation/attack_sweep_bursty/level_200/pair_03.jsonl.gz,7c8a8c9a1babdc790d0af1b1319270deabdd016a54b50a805c76e1b722e184b7
validation,bursty,attack_sweep_bursty,attack,200,4,8348638206950472123,10425026101476380979,17580410186635728294,d4cf509722a8fb02a971185b488b4731e65793eb804c1f8cee121298472f9dfd,8c684fcf7666478cfe9e9d3d86d0e5eb0841f3e047383ead461403e653482c5f,150,4318,479,3839,6.196328155095743,43.44632815509574,201.82666666666665,289.54999999999995,7.562793437142894,0.9878086739434366,150,150,150,150,150,1.0,1.0,1.0,1.0,1.0,raw_runs/validation/attack_sweep_bursty/level_200/pair_04.jsonl.gz,61821ef61a70a46120462f5c6bb040b907c5209a995b1c138d3711629d4a9b4e
validation,bursty,attack_sweep_bursty,attack,200,5,4643506470548536018,5643049563632442668,11625830236510122934,b2ce129c51080a89569404a392dcd29039dfcd170619e843653e2a370dccae23,efb47e2908e9509fc2de5e7d3b56e32b77a016fd05d36e249a06178ccd65115c,150,4176,411,3765,6.03463697822464,43.28463697822464,199.15333333333334,290.65,7.55208902938418,0.992252873458717,150,150,150,150,150,1.0,1.0,1.0,1.0,1.0,raw_runs/validation/attack_sweep_bursty/level_200/pair_05.jsonl.gz,b8a227a388978403504b1c9c5efdefca2b8cf2cae2eab8e2621652cb343bb929
validation,bursty,attack_sweep_bursty,attack,200,6,629698442340896622,1400371493518710898,1684345720484015431,78094cfa97028a1d95fb1b785f1252c51812c9a71162dc51a519f52d80b01e68,b4ede2223e5c20f004e5599485c174ad49a9bd6d863d6ca200717d021ce53887,150,4323,415,3908,6.091216521317078,43.34121652131708,204.24,291.54999999999995,7.595216855216314,0.9919374044540784,150,150,150,150,150,1.0,1.0,1.0,1.0,1.0,raw_runs/validation/attack_sweep_bursty/level_200/pair_06.jsonl.gz,2bd13e398c3e8c251460861330114d47f12a3cac56141f92b81e509efdd9129c
validation,bursty,attack_sweep_bursty,attack,200,7,6550117413296664092,3620761820618887768,11512717399460516058,960e752ff46da666e9a5a06860adb76553d55e70183168a5317390a73e703def,f44552ca33f911f2e9f3d3ac5655c433d22224963ea08992a057cfa6b9bfff6f,150,4214,423,3791,6.170060838856954,43.420060838856955,199.49333333333334,285.0,7.561829250115633,0.9919140879282509,150,150,150,150,150,1.0,1.0,1.0,1.0,1.0,raw_runs/validation/attack_sweep_bursty/level_200/pair_07.jsonl.gz,fcff1ee4463ae06d4e49e65d22d6cb2e698086fdbd3eab671eeac85b440a4754
validation,bursty,attack_sweep_bursty,attack,200,8,13865187272159744225,14526392266173160942,16493171409568770131,e08f6eb4030856041c1e6400479ecbaf5721d72207845ef9da26a977891338f8,339bf4d08e9aeb57b026faa2696e55c9936b54e213af13ba936daa089bf93e46,150,4261,418,3843,6.077366880296863,43.327366880296864,198.43333333333334,280.09999999999997,7.554215129429324,0.9918178377175823,150,150,150,150,150,1.0,1.0,1.0,1.0,1.0,raw_runs/validation/attack_sweep_bursty/level_200/pair_08.jsonl.gz,d1c69433edfa28b5fe3febd763ec3d991613e315e8e6e997148c86d22848dd8b
validation,bursty,attack_sweep_bursty,attack,200,9,5004906706923002299,17210415446823500356,2376371814346600178,314c69083367ece06f7c12e730010bc093ba4617f79e62316a1c697a94dd7382,24dd32e25ed7e78c936e1b46db0bb50c2fb36d38468422545d894bfa1cc8ad64,150,4402,405,3997,6.0209468335947705,43.27094683359477,201.82,292.54999999999995,7.571594213508735,0.9918032504828974,150,150,150,150,150,1.0,1.0,1.0,1.0,1.0,raw_runs/validation/attack_sweep_bursty/level_200/pair_09.jsonl.gz,974d8cc22a4f07dc63b2903256bd2755c7f1eb8424a061c6e6e9698cef9a1f06
validation,bursty,benign_bursty,benign,24,0,9803342861910836838,9194423354801383329,18157463943937394086,0364c184b3749938357696b36db163e0579153b11169b8992fb6b66f0a1fac0d,59d1ce6dfd64f9b424a6334c06ce8b79df9ee419d389aa67cbf35f630f928399,150,496,496,0,6.089511126110291,43.33951112611029,23.14,35.0,4.452046832547469,0.9969876932956429,150,70,70,127,150,1.0,0.4666666666666667,0.4666666666666667,0.8466666666666667,1.0,raw_runs/validation/benign_bursty/level_24/pair_00.jsonl.gz,6823fb5012f7090f29adeba36af36c1bb5bab5c3dcfcf892dc92f31511d08c76
validation,bursty,benign_bursty,benign,24,1,13366381052389997248,10185895188360222365,9176172417315975364,9af4d246d74bc4d2781353d2e22642f3a65bbaa5469033d6da96678da3432897,06f9c6a4970b5bd37b636b7b19fb867c4df3929f653cf04d600dc985c242619f,150,547,547,0,6.034033563522444,43.28403356352244,25.506666666666668,41.54999999999998,4.551751741630703,0.989982348318567,150,84,84,125,150,1.0,0.56,0.56,0.8333333333333334,1.0,raw_runs/validation/benign_bursty/level_24/pair_01.jsonl.gz,4ca849080456f22ffd84cd0024b79f7be20fe743a2af07bef68a1ea7d01e3840
validation,bursty,benign_bursty,benign,24,2,6768612883101862582,12600552924141039545,12894290581963248598,eb0f7a72fde657bc430962f813a44e373ed6e0d6cd219abb78c9a2a8f2752556,0d6423193a8a9d9373f2e7d78105fc55195f3b5fadd1d5330244831951792198,150,500,500,0,6.014309072718314,43.26430907271831,23.546666666666667,37.0,4.431946900376072,0.9964526191893002,150,71,71,122,150,1.0,0.47333333333333333,0.47333333333333333,0.8133333333333334,1.0,raw_runs/validation/benign_bursty/level_24/pair_02.jsonl.gz,9f3653efdca910685cced57d9a0466c754d8f3ab04df44fa1300d3444433c4bf
validation,bursty,benign_bursty,benign,24,3,6260049324425438133,15770079494666898106,8699061588311460985,3d97f860cbf776e199f2adf857d10d7a4fb38069f5992a828a5be11124f0e910,ee085312029e2be6b781e5a4cc8828e0ed9c09aaf74d59dd7e00636148c203d7,150,566,566,0,6.232303610084183,43.48230361008418,25.673333333333332,42.54999999999998,4.564018958336224,0.9939654436593025,150,80,80,127,150,1.0,0.5333333333333333,0.5333333333333333,0.8466666666666667,1.0,raw_runs/validation/benign_bursty/level_24/pair_03.jsonl.gz,f69e681354bda6589c05b2249bbc0a4eecb683b276041a642bf3ec667be4b798
validation,bursty,benign_bursty,benign,24,4,4780794959553378184,15145348075810485740,13506732301996212941,7761880b08d45e86b4b4cd90d111569b0e6554e9b11527aa4c8655b00f8606f4,fd9d2dbf0e6defbbb76806684b180af28efa4c10f310cfce52a5ac8ac65d336c,150,479,479,0,6.028205823519358,43.27820582351936,22.946666666666665,34.0,4.428852829813307,0.9949247702856178,150,70,70,126,150,1.0,0.4666666666666667,0.4666666666666667,0.84,1.0,raw_runs/validation/benign_bursty/level_24/pair_04.jsonl.gz,2902ae2213c64e08f0ab023896ded9333f186e5c958e78467c4765b5fd065893
validation,bursty,benign_bursty,benign,24,5,6444626758749891196,2894688630153085745,2606137346799723550,7bb904ff9d32fb89508d4a12fa3fcca91bbe9314f208534070ca88038cb9fe7a,18e99ae8e9e36dc8046229540d7ad5b03920af406ac9c9f01952cbde4daecb04,150,523,523,0,6.028756126479578,43.27875612647958,23.96,38.0,4.4683276064698365,0.993578311882676,150,74,74,126,150,1.0,0.49333333333333335,0.49333333333333335,0.84,1.0,raw_runs/validation/benign_bursty/level_24/pair_05.jsonl.gz,63d877d8e968e3b33268a526d4b042faff9b131bf6c72c8b8d55f7713bc2f90e
validation,bursty,benign_bursty,benign,24,6,15017807385840931387,4595591865311612426,1756477128001983075,56b2af2585d2d089784d45a3e3b39480842a0d3eca1013d555315514c6e3a7d5,a0668a7530b7c73b8e39529fdd90bec38fe1e764592a6b05dc0fe9cf1dbd9eb9,150,483,483,0,6.164458593360093,43.414458593360095,23.0,36.54999999999998,4.415333560755712,0.9908574113984426,150,69,69,118,150,1.0,0.46,0.46,0.7866666666666666,1.0,raw_runs/validation/benign_bursty/level_24/pair_06.jsonl.gz,282bff8e19aa1ec6ff9d0888450d2b62c2ec0b473e1dcd919fa407688faea301
validation,bursty,benign_bursty,benign,24,7,8552149562959649114,11413960738575079932,5014564040230157954,91d96cd00c74b727c473599473521cdbed8b66211b13f6f5844aa3f1fe55ffa6,d0172a7f01d5fe7e2dc61e75350218c6e825c71a7f264ecbe7aa678b63ef9f9c,150,497,497,0,6.124603133229721,43.37460313322972,22.30666666666667,34.54999999999998,4.395218641917395,0.9987236331569664,150,67,67,119,150,1.0,0.44666666666666666,0.44666666666666666,0.7933333333333333,1.0,raw_runs/validation/benign_bursty/level_24/pair_07.jsonl.gz,ad58845da214ef98421a2cbc36ef27d8ae9004dfa8265f8a36aff8dd8f6b6fd7
validation,bursty,benign_bursty,benign,24,8,15970768725518078580,2873805063108315331,11321029497248015469,2f1e330598bb939216a1a8d92132d36661ffff157598f25446e025185406a956,39452e508cfc99da2a2c102639e23e62779f108716b57cf40cbc53c54432087e,150,503,503,0,6.031359696299488,43.28135969629949,23.486666666666668,38.54999999999998,4.441493033537773,0.997696027458043,150,69,69,115,150,1.0,0.46,0.46,0.7666666666666667,1.0,raw_runs/validation/benign_bursty/level_24/pair_08.jsonl.gz,ce1014349b0f468160f05e9d46c13a63656e2e7116b2f4f6f8d5166ba6d1c8f2
validation,bursty,benign_bursty,benign,24,9,373968930109898497,14952452443238034336,12097702986707659268,2a39a171a582ce005819e85e87a3e814771ec0896b8615e72fc961042b771a12,32d4dd2ab7cb5488497ec1cbbdf30eb88b6a47a7fc8e40655af577851818fab2,150,573,573,0,6.12868666517109,43.37868666517109,24.973333333333333,40.54999999999998,4.524757634477027,0.9963139356420057,150,79,79,122,150,1.0,0.5266666666666666,0.5266666666666666,0.8133333333333334,1.0,raw_runs/validation/benign_bursty/level_24/pair_09.jsonl.gz,26b54341153bc7fa2598b9c258a9dc77f1a0d4a6e7208ce170aa503146b7a6cb
validation,bursty,benign_bursty,benign,60,0,12487070739786096694,5538274702870925366,16851692644214344982,ac13e0bafaa11d7ba9c69c99c3f13b926f129dab4a0accc794b55344cc564aac,8241fd2d16e517330c90787e0bdc37fde456135d96d2812f0fd20b5a52a90c62,150,1301,1301,0,6.142820643979903,43.3928206439799,58.733333333333334,87.0,5.77757090198266,0.9865242332322456,150,150,150,150,150,1.0,1.0,1.0,1.0,1.0,raw_runs/validation/benign_bursty/level_60/pair_00.jsonl.gz,c95b21a0d430ecd1c8e3b969fba388ca4127a04eec8400ab2b076410f78e7299
validation,bursty,benign_bursty,benign,60,1,1233774076934693432,368104975574429790,675595123895095961,53e1f148a8ce688d9f36f45835e4353de3b0804a577bf88741b41700f096aa85,d9a26a27d465133397e9e2e7ae66979d8e25b9a7a1c77b86c09a4c3b61bb5b24,150,1326,1326,0,6.107349205727546,43.357349205727544,59.58,86.0,5.798418728390273,0.9853999254150276,150,150,150,150,150,1.0,1.0,1.0,1.0,1.0,raw_runs/validation/benign_bursty/level_60/pair_01.jsonl.gz,9982bf7d4e0342631ba21ae81ce4f53d74a54d12f1a6a3b065c63e833a95d730
validation,bursty,benign_bursty,benign,60,2,8829653206436101812,750267707335277350,12378599315663589929,4c556400c35a7e21f76882031e144e6f8491ea78cab092bd4569b275e7ee9a07,5faf2f6470e9d3d9d380e1d00182ce4ac5cbcaff170563d35d992da8d073e1f8,150,1269,1269,0,6.159013665368146,43.40901366536815,56.373333333333335,86.0,5.721084603645848,0.98842926605455,150,149,149,150,150,1.0,0.9933333333333333,0.9933333333333333,1.0,1.0,raw_runs/validation/benign_bursty/level_60/pair_02.jsonl.gz,51f74fbcbacf82da9b43331ef45fac6452d0ed9387f37e97648f4a5f5c559e87
validation,bursty,benign_bursty,benign,60,3,13971988729943770202,15836958982476396800,14921222426071504640,e48f6814f5a32b6b974c75be5b52c4b23b61a97a6eab52aff19467bdd691c256,ab7cf08a8079f99b13676794d89780c7debba53f2af10c6964b76043039f1894,150,1232,1232,0,6.000850590789077,43.25085059078908,55.626666666666665,85.09999999999997,5.692672246053303,0.9879847340651705,150,149,149,150,150,1.0,0.9933333333333333,0.9933333333333333,1.0,1.0,raw_runs/validation/benign_bursty/level_60/pair_03.jsonl.gz,d68b4483e11daca2528a80b1a4db8f5a961227e187ab818e9d5afc1539f07d0c
validation,bursty,benign_bursty,benign,60,4,12197661544791214125,10322430620076629273,13896935055190749748,1e8509502ca760c04a40027bdbc543974aeacff7b0b082b1eb50b23bf9feacf5,9445118448bde14f80998d27493a008db338f4ddf67ab99fa9df22b7567706d9,150,1264,1264,0,6.020478402221314,43.270478402221315,59.67333333333333,89.0,5.801310422091575,0.9883748031445047,150,149,149,150,150,1.0,0.9933333333333333,0.9933333333333333,1.0,1.0,raw_runs/validation/benign_bursty/level_60/pair_04.jsonl.gz,6d2208ce5ed09c681391d239e41c3ea12274259726fee6f85b083dbb0d79a482
validation,bursty,benign_bursty,benign,60,5,10681308235232454335,8243685565898141651,14357971937276935330,ca90a989472eddcb149c9c7ca25e84004867f1597752a6849e3e99dee51e596f,6ccd541b3ff559daa98f2c60cc7dfa1499287ddd990e458aeac64128d90da977,150,1372,1372,0,6.244621882976227,43.494621882976226,61.68666666666667,92.0,5.840649277308748,0.9802535013701569,150,150,150,150,150,1.0,1.0,1.0,1.0,1.0,raw_runs/validation/benign_bursty/level_60/pair_05.jsonl.gz,ec11322e216fc32382633f7bfad065563aa1aeb4018f6308d6d0e778d9c2f99c
validation,bursty,benign_bursty,benign,60,6,15358484506539861972,8736930151456351088,8771563442273182912,2ba765c668284a2741e9e660a34954e63ce0f7426a567c473855377205867496,a2cf14fa663834a191bd4fee1d7821d4427ec67d5c84139a5661057e6ec67979,150,1272,1272,0,6.02801294188172,43.27801294188172,58.20666666666666,84.54999999999998,5.78412310522484,0.9922205894115895,150,150,150,150,150,1.0,1.0,1.0,1.0,1.0,raw_runs/validation/benign_bursty/level_60/pair_06.jsonl.gz,2b74254a5983ef5aa3935d9bd930eb2b052bace96bd894cf721f358204bfa6d9
validation,bursty,benign_bursty,benign,60,7,1908953456111759179,13730453916256158984,639723791948711156,2a55323b21250d3f9b5866f96ace6f610d024e9ed13a794dfbd62c7d08074905,00e3e0ea26a33f4b77a2328df628436e43eddec97edf95b2357da9a0c9637688,150,1349,1349,0,6.168908557190404,43.418908557190406,62.07333333333333,91.54999999999998,5.853073306858394,0.9844248729567315,150,150,150,150,150,1.0,1.0,1.0,1.0,1.0,raw_runs/validation/benign_bursty/level_60/pair_07.jsonl.gz,6388ef4c0bbad2896fe900293d896b8692c3613abeecd4acf24e03f5cdcc9bc6
validation,bursty,benign_bursty,benign,60,8,5432635473106242675,6302575341774746544,7646083556680532282,c94e346a6557ebeec4b6575ec5b3c8622bd49a353c41c83f9de8482138f2b91d,9377fb92a02097bec4fb9ef6d2dd74ef371c97ec2dc0a1420f7edbdd5fe03572,150,1292,1292,0,6.0453821300559305,43.29538213005593,59.72666666666667,89.0,5.792720352420673,0.9818517512652439,150,150,150,150,150,1.0,1.0,1.0,1.0,1.0,raw_runs/validation/benign_bursty/level_60/pair_08.jsonl.gz,3a741d53f405dea610e15e0f5a7f27aad7285953f4846814cf9a7a5befc1e9ad
validation,bursty,benign_bursty,benign,60,9,4294892300995550161,15598110031629645083,5379685419395629896,d995b1431efce64edb63443f08921023456c31947f2ef8ebc4c3b5b4cbd5e139,e878b4323bb6413e1fb7e6b65f9a8c809a163e1e02f4c1b12d9cea4738cf6774,150,1349,1349,0,6.207461716399334,43.45746171639934,63.4,95.0,5.889923605348953,0.988059024701014,150,150,150,150,150,1.0,1.0,1.0,1.0,1.0,raw_runs/validation/benign_bursty/level_60/pair_09.jsonl.gz,5e65f3a6a2ae7c7a0dd58867b18193e8a8a7db194827b8fe66192f82c73dfba3
validation,bursty,benign_bursty,benign,120,0,6343223648374679314,13547544534982065781,11372089149446324352,895c7d608052a2ca54184124f15af8208548875147ea7bb048d40189d6f1779f,384f1e6eae80ae33ccb46c09fc0d91fbcbc5152c94b079033a304709f257a0bf,150,2593,2593,0,6.190374526115809,43.44037452611581,118.78,171.0,6.773909173959804,0.971142025559563,150,150,150,150,150,1.0,1.0,1.0,1.0,1.0,raw_runs/validation/benign_bursty/level_120/pair_00.jsonl.gz,8e8e3adc34759138df5d227862d06fcbb7718b7b68b4517bf364c4087a4173c1
validation,bursty,benign_bursty,benign,120,1,10485689392433755321,14086714093093734968,12861600723281398139,a4ccb4b57c528212693440416212542b9ed3a773237d31938a4417ff945ee90a,dc629a663688fd52e52d7d0031a0e011f1b6c4e11fa96e9e35c16c0c77420aed,150,2558,2558,0,6.171322626713447,43.42132262671345,118.10666666666667,169.54999999999998,6.749624717051238,0.9672044529206567,150,150,150,150,150,1.0,1.0,1.0,1.0,1.0,raw_runs/validation/benign_bursty/level_120/pair_01.jsonl.gz,1c84ee85d704fdddab15fc1f192a37a96ac8868f01af0d8ca262ce79cb40db20
validation,bursty,benign_bursty,benign,120,2,14225129792427501652,12730096511852318829,1221551568384209846,772f42961b9505cc1ef7c72ca0b902ace3d953e09d740ae4fdcf16e3f0d75dac,b434d084f7e79dfaf344149d89a1958e0fc98825d2d496b326b595279cfc1867,150,2562,2562,0,6.07769283657476,43.32769283657476,122.11333333333333,176.54999999999998,6.801874000800348,0.9678846653465359,150,150,150,150,150,1.0,1.0,1.0,1.0,1.0,raw_runs/validation/benign_bursty/level_120/pair_02.jsonl.gz,0f506177a2b4ca172a4d787fb25008d0f1c05f34d60f72a85fcdd2c370697478
validation,bursty,benign_bursty,benign,120,3,16348644471646703601,1558183538901609871,180314855606078885,c90b1596d41b529aa925f0a51496b3f5b16a081eacbf43a02f634e2032522132,3e1e5599fde3851ea01c7a7cd34732aaf5a750cf45bccfceac3fc7348a932435,150,2631,2631,0,6.036736511302253,43.28673651130225,124.02666666666667,178.0,6.832043465988254,0.9732463079516428,150,150,150,150,150,1.0,1.0,1.0,1.0,1.0,raw_runs/validation/benign_bursty/level_120/pair_03.jsonl.gz,c74214bf76c8e40bfe638b9a7737a1129a56bf2c0ecf83fd3b0a16ba22fa5f16
validation,bursty,benign_bursty,benign,120,4,3343736546488695615,9124391271348376101,10365090365376948432,bb04e6b66ea069d06c639106eabf5ea4b7d07aa8e5709276308f7834e6eed3be,0cd1457bcca5454375150a31532d4f88e2de6e80a4f3fc9342b9381ff4f1ce45,150,2579,2579,0,6.132421465931037,43.38242146593104,118.38,171.54999999999998,6.770903387482641,0.9771359687247192,150,150,150,150,150,1.0,1.0,1.0,1.0,1.0,raw_runs/validation/benign_bursty/level_120/pair_04.jsonl.gz,ae2d2fbd68ef8b61b6611f113279afa2600eb327f6f7d8e61773cee6fc4dc339
validation,bursty,benign_bursty,benign,120,5,11423555078912488740,944357307350427381,9925287894318133815,b1abb51aec8ebbc7847d9fbf69b2e529a6c29d4f908fc5ed23ff9ed27163ff66,ac94a6775d5aab322acc4b381e3df9dc5ba7ee18a592b05ecdb328a78abdc247,150,2565,2565,0,6.218097328312046,43.46809732831205,121.68666666666667,174.54999999999998,6.7960487704605885,0.9699934363068947,150,150,150,150,150,1.0,1.0,1.0,1.0,1.0,raw_runs/validation/benign_bursty/level_120/pair_05.jsonl.gz,06481a24b52135de209c7199f53f551fd2b998ec0a64ec781d3abfcb48c37ced
validation,bursty,benign_bursty,benign,120,6,16633513658655925984,16348793242510748510,11170328358347162259,634fa5992e5d71c17a56c5813611ee4f28ab9a48f4d81f16df0b2fbd2bf723c0,5705c4a60d31f98f2df3054a4aff88be0b3888e372107dff8b8fe8ddd44bcb0f,150,2584,2584,0,6.102210238838128,43.352210238838126,119.97333333333333,175.54999999999998,6.778588714749729,0.9709423272428277,150,150,150,150,150,1.0,1.0,1.0,1.0,1.0,raw_runs/validation/benign_bursty/level_120/pair_06.jsonl.gz,bb2ae0ab6cb954a25a282346f39e7507917bd3f32f7269b1f37f184bc7f08098
validation,bursty,benign_bursty,benign,120,7,13625812922725759632,9184983685717701453,478925579745369469,123fc86ba2d440709b4f84e223410123069f6ade276d49dbd1ad7b703c4a7220,e1e67e6c280cff530ca23f84478cdd8ff0b7a04101ae849788aad49af42d57df,150,2571,2571,0,6.079710305821841,43.32971030582184,118.72666666666667,171.54999999999998,6.761372037926673,0.9698313440484189,150,150,150,150,150,1.0,1.0,1.0,1.0,1.0,raw_runs/validation/benign_bursty/level_120/pair_07.jsonl.gz,0e5fb92555d6baf958bb00bf5180c043ba61a0edcfc573bad319c3f33385bc0d
validation,bursty,benign_bursty,benign,120,8,6249232245833653706,2860490276323050956,9916602583825229037,e3e7fb25704a9ca1cecec2e05025b4eaafc8dd13c619b18460b53a554831dbac,2a7a1ea719f6cb4a50569eb36e3c39e3931af08416bfd0616cc87b014455c030,150,2641,2641,0,6.164913085715119,43.41491308571512,124.83333333333333,185.54999999999998,6.831497046873398,0.9680893570062588,150,150,150,150,150,1.0,1.0,1.0,1.0,1.0,raw_runs/validation/benign_bursty/level_120/pair_08.jsonl.gz,aac170d7709c6b4a9a2dfcdb81e7c4d1f4015bc8dc2e27cb33e18ac62ed6791f
validation,bursty,benign_bursty,benign,120,9,4181695058086570736,2322558530635670792,17766464507714419377,a19d48dc5db909ddf0f0424d9fa7b01fe8a19e30f27cd242961dc4680a38e48d,f8ec2b3bd645fa50c6e335764b3faab7ce3992eca0294b3c1852654eb55362d8,150,2595,2595,0,6.040833447897237,43.290833447897235,121.30666666666667,172.54999999999998,6.798444558890055,0.9730629105599258,150,150,150,150,150,1.0,1.0,1.0,1.0,1.0,raw_runs/validation/benign_bursty/level_120/pair_09.jsonl.gz,fa09390e581bc8892797d17232e7778518472f7845e9ddcb6f07432f8cb18b1f
validation,bursty,benign_bursty,benign,200,0,4701589229855114122,6271973614556098947,1628551215687149776,deac6ae13c00244a6f3b6c682a9b93870744ecb47f27ae20c614fc1af4e0250c,d10f66700ccc40ec08ce83e443530597c2b1bf5c889ae5f4aa07b440ffa35aeb,150,4212,4212,0,6.001327299092992,43.25132729909299,193.44,276.54999999999995,7.442915915173135,0.9552461801498214,150,150,150,150,150,1.0,1.0,1.0,1.0,1.0,raw_runs/validation/benign_bursty/level_200/pair_00.jsonl.gz,2a68069ccf15972942f5884de4633bb6f290c34973ff05baf2cbfdec8df3bdf3
validation,bursty,benign_bursty,benign,200,1,4346055504009300370,11135537431613534554,17995182408396664718,2ddb9718acf5d88af3e6c597cacc7e994ec7f263a2c8745def6678edddb9d8c5,b1b853f07994d114e006dfbc8c101ae6049457077bbd064c1939b184f6b04a26,150,4391,4391,0,6.194309034696226,43.444309034696225,196.71333333333334,283.54999999999995,7.449131004835002,0.9489301672022831,150,150,150,150,150,1.0,1.0,1.0,1.0,1.0,raw_runs/validation/benign_bursty/level_200/pair_01.jsonl.gz,81df1499f333c0eee274c1442bb87add59ca055b3a0bbb540a9373afc30a09b6
validation,bursty,benign_bursty,benign,200,2,16868993196960833280,1391611241494434084,704871158448132391,8425a7fdd31712cad49b67b0a9b8331751bb2cedc047de097382fb05ed6fb972,5ed8bb2e6fe0bafa4063f0ee4115cdd74d136007aa7837e91ccaf3834bdf99ec,150,4347,4347,0,6.152102325436412,43.40210232543641,201.71333333333334,290.09999999999997,7.494655283475286,0.9526628749632465,150,150,150,150,150,1.0,1.0,1.0,1.0,1.0,raw_runs/validation/benign_bursty/level_200/pair_02.jsonl.gz,78637c4a58af452f720a301d7ea4488867d72b4a89c3771ac7899410c4784b3d
validation,bursty,benign_bursty,benign,200,3,8158687038412735734,12997957435638302959,10814092530593544899,a7734d5c8aa61832ad50b3ffab281683466794eb6379deddce5fed51e2dfcbb9,3f49eea60bdea24b62fb5efe24aaf3a0c85be47979cb3a0d9ab11c99362715a5,150,4422,4422,0,6.21115646848793,43.46115646848793,201.08666666666667,293.65,7.496603860302963,0.9552390763163974,150,150,150,150,150,1.0,1.0,1.0,1.0,1.0,raw_runs/validation/benign_bursty/level_200/pair_03.jsonl.gz,276f947205cc56236fc66a5eb713088078cafd6a0aa1aa084a41872cf38f78b0
validation,bursty,benign_bursty,benign,200,4,8348638206950472123,10425026101476380979,11046982743568672799,d4cf509722a8fb02a971185b488b4731e65793eb804c1f8cee121298472f9dfd,8c684fcf7666478cfe9e9d3d86d0e5eb0841f3e047383ead461403e653482c5f,150,4318,4318,0,6.196328155095743,43.44632815509574,201.82666666666665,289.54999999999995,7.494930887305199,0.9545810475011147,150,150,150,150,150,1.0,1.0,1.0,1.0,1.0,raw_runs/validation/benign_bursty/level_200/pair_04.jsonl.gz,a201025a2ee5449dc107d32ebb414e94ba367893734db5d3c8d43090345a3183
validation,bursty,benign_bursty,benign,200,5,4643506470548536018,5643049563632442668,6315670379693930156,b2ce129c51080a89569404a392dcd29039dfcd170619e843653e2a370dccae23,efb47e2908e9509fc2de5e7d3b56e32b77a016fd05d36e249a06178ccd65115c,150,4176,4176,0,6.03463697822464,43.28463697822464,199.15333333333334,290.65,7.4769696247614865,0.9550775742827665,150,150,150,150,150,1.0,1.0,1.0,1.0,1.0,raw_runs/validation/benign_bursty/level_200/pair_05.jsonl.gz,6e1dcf5019e00dc7aa596b178291485a32b021b1ab2ca0fdb1359f60a43c02fc
validation,bursty,benign_bursty,benign,200,6,629698442340896622,1400371493518710898,12908762554765180301,78094cfa97028a1d95fb1b785f1252c51812c9a71162dc51a519f52d80b01e68,b4ede2223e5c20f004e5599485c174ad49a9bd6d863d6ca200717d021ce53887,150,4323,4323,0,6.091216521317078,43.34121652131708,204.24,291.54999999999995,7.5181593134682405,0.9537697938436448,150,150,150,150,150,1.0,1.0,1.0,1.0,1.0,raw_runs/validation/benign_bursty/level_200/pair_06.jsonl.gz,a7caba1f76699a9ad2194f8af49348a879b1e48f4a29f31e0d955fb8e50b76b3
validation,bursty,benign_bursty,benign,200,7,6550117413296664092,3620761820618887768,5144525026260770069,960e752ff46da666e9a5a06860adb76553d55e70183168a5317390a73e703def,f44552ca33f911f2e9f3d3ac5655c433d22224963ea08992a057cfa6b9bfff6f,150,4214,4214,0,6.170060838856954,43.420060838856955,199.49333333333334,285.0,7.481158282455708,0.9522290535119821,150,150,150,150,150,1.0,1.0,1.0,1.0,1.0,raw_runs/validation/benign_bursty/level_200/pair_07.jsonl.gz,fe2789be5f202fa3498ec6b230b0bb49e4b6f3c6d9e61950a786ab6ff2c86ba4
validation,bursty,benign_bursty,benign,200,8,13865187272159744225,14526392266173160942,16252127386474264691,e08f6eb4030856041c1e6400479ecbaf5721d72207845ef9da26a977891338f8,339bf4d08e9aeb57b026faa2696e55c9936b54e213af13ba936daa089bf93e46,150,4261,4261,0,6.077366880296863,43.327366880296864,198.43333333333334,280.09999999999997,7.470461769807571,0.9507336563508609,150,150,150,150,150,1.0,1.0,1.0,1.0,1.0,raw_runs/validation/benign_bursty/level_200/pair_08.jsonl.gz,4d238e8567cdb2d4b3fe1790d3d1ece6a570a9f6bd972bc7fdf93010c9704239
validation,bursty,benign_bursty,benign,200,9,5004906706923002299,17210415446823500356,15869360642398797787,314c69083367ece06f7c12e730010bc093ba4617f79e62316a1c697a94dd7382,24dd32e25ed7e78c936e1b46db0bb50c2fb36d38468422545d894bfa1cc8ad64,150,4402,4402,0,6.0209468335947705,43.27094683359477,201.82,292.54999999999995,7.488893082615597,0.9507636019794491,150,150,150,150,150,1.0,1.0,1.0,1.0,1.0,raw_runs/validation/benign_bursty/level_200/pair_09.jsonl.gz,481f7db5d87cf835832d389ada389fc8cccf1d1c5229740e05ce028751be621d
validation,continuous,attack_dup_sweep_continuous,attack,24,0,3673551644062057245,4272863141513858583,16722509125492765839,fb07342938fec45439127d2e1d8c26f583971febc53554148bd9a789dbdafe21,8ec02c12bcc2c5e246b29e23a6e5e66e87a48660a8000f2f0df21dc38d16a9c3,150,550,54,496,6.234382007816665,43.48438200781666,25.64,33.54999999999998,3.7907390915764783,0.5676017994115352,150,0,104,34,0,1.0,0.0,0.6933333333333334,0.22666666666666666,0.0,raw_runs/validation/attack_dup_sweep_continuous/level_24/pair_00.jsonl.gz,7a7818d0e7ca97cb0e3e36ca13b4bd29cb6392fa004d4bfd92a7b1a4f8aeb1e5
validation,continuous,attack_dup_sweep_continuous,attack,24,1,11431027195870344778,1373759827185832907,9754946470994311546,a9e1d50711b4b792183496ef9a70751c247e59ccaf442553977ea84ea50f0781,b8856205d8fe638b223dbd1331f7d82401bef456a86199a8036ba3ff4f90dd9e,150,469,41,428,6.0686765558200895,43.31867655582009,22.0,29.549999999999983,3.5736751917561604,0.57018467011042,150,0,51,9,0,1.0,0.0,0.34,0.06,0.0,raw_runs/validation/attack_dup_sweep_continuous/level_24/pair_01.jsonl.gz,73d00e73a9d5f231c6b2f09b7f3cac7483ace5fe8e75e7b7f36b6a18f8a30e3a
validation,continuous,attack_dup_sweep_continuous,attack,24,2,12954679955638620947,12589799611093494771,7182334551728756358,91cf690c0f95948dbb1569633897bde05fbd5c7d4a5a53f037809106f433c30b,ae6be09285f96ebc26bf67c5fe44de83b5f934c15a6d30a25323d238d7105e06,150,484,52,432,6.053308136644306,43.303308136644304,21.966666666666665,32.0,3.578636860644039,0.5784421136745711,150,0,46,20,2,1.0,0.0,0.30666666666666664,0.13333333333333333,0.013333333333333334,raw_runs/validation/attack_dup_sweep_continuous/level_24/pair_02.jsonl.gz,463dbf0bf8f1d86d838b60ba8bead62e23320994cbb2035c8daea8e2de4eb614
validation,continuous,attack_dup_sweep_continuous,attack,24,3,8481146232666450752,9354429047332502121,2614366946368556749,91813afacb029de2f556df19d50ba83b798a478783538a65a998d8ad391745d5,552b7cf1e5a6d856eebcfe1f8a498e19d665b08185b1363390d1ba8c7dcd4f3e,150,505,54,451,6.118608159310356,43.368608159310355,23.18,30.549999999999983,3.649332836937762,0.5730353767146052,150,0,69,19,0,1.0,0.0,0.46,0.12666666666666668,0.0,raw_runs/validation/attack_dup_sweep_continuous/level_24/pair_03.jsonl.gz,e245a41dbdb8d2d67e877c410c4ad06cb889c08fc68a83dbd79e2f6f03845293
validation,continuous,attack_dup_sweep_continuous,attack,24,4,13567976593199891232,11869737719354102219,5346297350283740949,f4c2df7f5513326ed57afe93c65eac68719bd84f5aec16f708127b73166b11f9,ff47fc763476040f84b17d9cfd8ccba4dcd467d5ae48bb5a73a9ecaf12d573e1,150,526,46,480,6.20645561119592,43.45645561119592,24.393333333333334,32.0,3.7056698084162614,0.5610119437119118,150,0,83,23,1,1.0,0.0,0.5533333333333333,0.15333333333333332,0.006666666666666667,raw_runs/validation/attack_dup_sweep_continuous/level_24/pair_04.jsonl.gz,47f8753df1be71ab0aaf6beeffc8a996202fb7d58f1b2e500d3f88edce1d1523
validation,continuous,attack_dup_sweep_continuous,attack,24,5,14241141027202146377,16910298076832345794,2175368280308038586,1f9121ac152c6882ee96f718a5dae8e7b40da447a9e387533a1e365bc8cf6700,1d030f3309014c8c5ad0b8a16120dfc8da7d3000310eea7a70aacffe998f13c0,150,494,51,443,6.060113195098379,43.31011319509838,22.2,30.0,3.5869609132997833,0.5794422426662454,150,0,69,9,5,1.0,0.0,0.46,0.06,0.03333333333333333,raw_runs/validation/attack_dup_sweep_continuous/level_24/pair_05.jsonl.gz,4971971538ce1547bb4603c87879da4cec4d5bab557060dba25f2b9a35b18755
validation,continuous,attack_dup_sweep_continuous,attack,24,6,7562000033540531603,14073620602045082575,790154746106720964,3e1d1ae872ba53d15b30c68cded763e68f28b7777d7bfcb41a5d4b2cca3fd1d4,9233860205900d7a7bad89f908266f29b96aa919c8eecb6e40853be5e3aaf14b,150,507,58,449,6.21052951230692,43.46052951230692,23.92,33.0,3.6972229248417543,0.5797452163578132,150,0,82,29,0,1.0,0.0,0.5466666666666666,0.19333333333333333,0.0,raw_runs/validation/attack_dup_sweep_continuous/level_24/pair_06.jsonl.gz,d922bc6f9a9b257941221f40350dc605a561613aad6a93c270850dad29803b35
validation,continuous,attack_dup_sweep_continuous,attack,24,7,11011284618895436610,11117433691203936528,212506866956915095,a53208d4cfed82c653319bf36340628a872828b79a5bd8f809f895e84a367edf,f75847213f086350b45395d0c54a77f72f05381e8fe5e73b655faa9dd8691aa5,150,479,47,432,6.108341395269573,43.358341395269576,22.18,30.0,3.577620534600595,0.5708899902573346,150,0,57,11,4,1.0,0.0,0.38,0.07333333333333333,0.02666666666666667,raw_runs/validation/attack_dup_sweep_continuous/level_24/pair_07.jsonl.gz,b24ea3b8b0ba36a0d64a36c8f647b8964738a412444d796c761157d2636f1fa0
validation,continuous,attack_dup_sweep_continuous,attack,24,8,9701534151890880810,8462130559846442702,3979710682339320876,a21d77cde21f535d30cc4ef65e963d26999f6ff61f6635be45787d35a80b8840,b16edd50e7dbe7151e0b269efa169f5de231766f33b5b794a4a9ae29ba786114,150,497,50,447,6.238899994528942,43.48889999452894,23.133333333333333,30.549999999999983,3.6517524203094442,0.5725642323936161,150,0,70,14,1,1.0,0.0,0.4666666666666667,0.09333333333333334,0.006666666666666667,raw_runs/validation/attack_dup_sweep_continuous/level_24/pair_08.jsonl.gz,8ad8bdb74e97e29c71a60e542e1d96a5cc7919fb455ada9fc2dce2b171c440e9
validation,continuous,attack_dup_sweep_continuous,attack,24,9,3976943928879552847,8540069899174104864,12568219467588470289,1081ae5b56553c8f390b4700629b9b71e020023a1a2be738b72417cb41015fb8,cf6eb75dbf1c6c7ddfffb34bfafb8c554fc2ef7c6a3aa2296d43aeb05c2ee40a,150,521,66,455,6.156191287871627,43.40619128787163,23.726666666666667,33.0,3.6930892192602376,0.5801635439856975,150,0,76,28,0,1.0,0.0,0.5066666666666667,0.18666666666666668,0.0,raw_runs/validation/attack_dup_sweep_continuous/level_24/pair_09.jsonl.gz,b1f2113538961421471e2806c989708355a27b52ce05e56a184a4344e7a9ccdd
validation,continuous,attack_dup_sweep_continuous,attack,60,0,10210537045640306180,13039003191039599806,10076502340986195368,432e7cf0167ffff5015f177e868903b025b6012c361f4dc8591bed2a990075b6,dc17a0a294b99a0e55c19a7a2e0221fbcf7962e5d412f173d0ff2da47f5391e3,150,1253,123,1130,6.096508261760505,43.346508261760505,58.513333333333335,67.54999999999998,4.973420629910473,0.5559229715631328,150,0,150,150,0,1.0,0.0,1.0,1.0,0.0,raw_runs/validation/attack_dup_sweep_continuous/level_60/pair_00.jsonl.gz,33c1b6411e9b6a08f687b632c549ade2bb4e2c8edb89d4f89c8bbecb195050ba
validation,continuous,attack_dup_sweep_continuous,attack,60,1,9928620648339921539,13239255145390138332,2952666526362971242,f806be8f1d08a3c802846997cc171ae87c409a4def8d277e0ddbd86427fea4f5,d7f309cf0ee52ec0146e0ba6749b2d83c249956c04f7284f33c0951bd783f552,150,1300,114,1186,6.041834152060623,43.29183415206062,61.14666666666667,72.0,5.025088120945002,0.5512739357665553,150,0,150,150,0,1.0,0.0,1.0,1.0,0.0,raw_runs/validation/attack_dup_sweep_continuous/level_60/pair_01.jsonl.gz,217bd258e7ab802cc492b273b82ebb17673dd0c6ccc6f05ae8b2aa4ce7652398
validation,continuous,attack_dup_sweep_continuous,attack,60,2,7522586624996396663,1904021104845447304,8812154105317145938,d2b71f52ceecbf342579d1571f68e0f1d2711a30c78f79aae3d4658162745f14,b2e824f41c5eff2c7d8e2a5adc0db00dadd68cba4af3a2cc0e9cb553270a7ac7,150,1292,121,1171,6.096715117160257,43.34671511716026,60.02,70.0,5.009515607100435,0.5556685645495508,150,0,150,150,0,1.0,0.0,1.0,1.0,0.0,raw_runs/validation/attack_dup_sweep_continuous/level_60/pair_02.jsonl.gz,675b4ab6894f9a444a1e343f890538026c64b731e2c5bc43273ec0619927162c
validation,continuous,attack_dup_sweep_continuous,attack,60,3,15433724244603090679,170838089815200015,12880229627398205141,766c44fb198452664208bb17f3b5b1b2ada57638283775597bf28db552614f47,ecb7eb14591604a6f525019511ec44cdbcbeb5ccd772bb30b8bacf482a0b7a70,150,1317,142,1175,6.249703722032016,43.49970372203202,61.346666666666664,75.54999999999998,5.055388662804286,0.5635480454736912,150,0,150,150,0,1.0,0.0,1.0,1.0,0.0,raw_runs/validation/attack_dup_sweep_continuous/level_60/pair_03.jsonl.gz,f964967c90b6f40b36ebd93c3c483b8df21d457e40145fb930bce467385915ff
validation,continuous,attack_dup_sweep_continuous,attack,60,4,11038982360530583690,2879818582982038012,12916063090883086493,1bffbd8b05a1b296883a05ee643d663048b9eb46dee92f25f52f467c972f8aac,10aebaaf39f44f893f4beb2a79dcd0598e417106e097f6242e7d5f779dccd75b,150,1338,139,1199,6.104050882513569,43.35405088251357,62.846666666666664,73.0,5.083611226571576,0.561494307464951,150,0,150,150,0,1.0,0.0,1.0,1.0,0.0,raw_runs/validation/attack_dup_sweep_continuous/level_60/pair_04.jsonl.gz,832250a83c017b1460cc7398573f65ba78b849ad563a128a256ebda5f5a16a8f
validation,continuous,attack_dup_sweep_continuous,attack,60,5,6501249040653453308,14162299130731498581,11780449269411010826,c1766199a63860dc224df676938cb39518f0b2e13132f3694b7f2976c5cf3bc5,a2d4ea153522c3022f8a38c0fafe94fcf1383a45889fd136f62c9586ac83a57a,150,1299,132,1167,6.151044227420136,43.40104422742014,59.96666666666667,73.64999999999995,5.008161370168676,0.5567451446236412,150,0,150,150,0,1.0,0.0,1.0,1.0,0.0,raw_runs/validation/attack_dup_sweep_continuous/level_60/pair_05.jsonl.gz,f634dbbf283ff68d104d1ad73556256069c2918552129ed6846ca5b5f49902aa
validation,continuous,attack_dup_sweep_continuous,attack,60,6,6930678653229076526,15252313809878852804,14747127474580409917,74c3a65c7a39890555ea2ef83745a4f894f8dfd29f5f26fd0bac85d8a0067dfa,f11c305251a34ed3f342b0762eb9f4ae368d3534254260742db3795d4a88e21b,150,1360,141,1219,6.058917278961883,43.308917278961886,62.166666666666664,73.0,5.070964211115061,0.5608845483215752,150,0,150,150,0,1.0,0.0,1.0,1.0,0.0,raw_runs/validation/attack_dup_sweep_continuous/level_60/pair_06.jsonl.gz,dbdf6cd9a435b768f85d2588beefc78f71ab3f909444b00891dc6b16c71e2a7b
validation,continuous,attack_dup_sweep_continuous,attack,60,7,1348166448913175725,7166705425644547172,2737346846488119909,3b3fd4ca1b418b46ae160232bb7ea9df85fab8cb2f885b3ee5869b7b7025ba7a,f81ee852ae94da7149be986556ca359f297c99f61e31a0e3ba1f71fedfd22019,150,1312,124,1188,6.067832573126943,43.31783257312694,61.333333333333336,73.54999999999998,5.030861475788549,0.5514533958504545,150,0,150,150,0,1.0,0.0,1.0,1.0,0.0,raw_runs/validation/attack_dup_sweep_continuous/level_60/pair_07.jsonl.gz,ee820e20b4eead383d6e40bd72fac68805b3545d29fe3e6d2e0efff693559e14
validation,continuous,attack_dup_sweep_continuous,attack,60,8,2223942126534782594,5544788755826056274,1007179364425745757,687d2a424be8b8efd7ebf54bd349725ce473ed065b0e4342220727021dd22ae6,5cc8e935f87b1631f0e1b192bf6d26c2e454e8bbf28c437a13417a080fd88846,150,1298,135,1163,6.179456669312525,43.42945666931252,60.4,75.54999999999998,5.0089386594175895,0.555653252233452,150,0,150,150,0,1.0,0.0,1.0,1.0,0.0,raw_runs/validation/attack_dup_sweep_continuous/level_60/pair_08.jsonl.gz,a999cd3c12196b71852a1147e387a2a82f7471eb5a5d5730109adbfbe9dea8f2
validation,continuous,attack_dup_sweep_continuous,attack,60,9,3808796865063232507,11435988634758829509,2186391779947938301,cf763193d6503c3b26a2d262b080f3dc840c3b1ee7e0afe4f074062cd16a82ee,3bf8fc385035b10083c69f200712171afc9f035e471f6854a7c655fcb25ad4ba,150,1289,132,1157,6.052958211818615,43.30295821181861,60.193333333333335,73.0,5.019825525179713,0.5599939660072017,150,0,150,150,0,1.0,0.0,1.0,1.0,0.0,raw_runs/validation/attack_dup_sweep_continuous/level_60/pair_09.jsonl.gz,b8eaede85e6b86350034da1852c8e5952acc0c724c2bbf5bc6fd487606936bea
validation,continuous,attack_dup_sweep_continuous,attack,120,0,3323202025522884144,3919892587191201774,2686817748683511513,4f7d26939bdc094d331838e7dfb08cf8839a752aa877c57d268901071658ce2a,998fc28387fb7d73904539ade66efdbdfb35ece6899bfdca7883835a29321836,150,2632,261,2371,6.081800537081934,43.33180053708193,121.39333333333333,139.54999999999998,6.019539292600108,0.5511688794696812,150,0,150,150,0,1.0,0.0,1.0,1.0,0.0,raw_runs/validation/attack_dup_sweep_continuous/level_120/pair_00.jsonl.gz,6856ce74311c7fdfc55d34409edf4a459e50e285cc36674488075f04e7df53b1
validation,continuous,attack_dup_sweep_continuous,attack,120,1,3632502082100150952,14458099276214665080,6844380566966953750,1d4f49b35b6c995a11a6613ae248928dfcefa7acede0dea72c411fbb22260b60,b58d9de989e3ffccc49fda66a98bdc5162c04a628e35305eb26665e94523ff91,150,2573,252,2321,6.1581349055919,43.4081349055919,118.68666666666667,131.54999999999998,5.984724442676653,0.5495121876514162,150,0,150,150,0,1.0,0.0,1.0,1.0,0.0,raw_runs/validation/attack_dup_sweep_continuous/level_120/pair_01.jsonl.gz,b81332999bf5d9d7e925a6d4744cb95bc4eb15d5337a4b4576c76ffb4a4548a7
validation,continuous,attack_dup_sweep_continuous,attack,120,2,574697187446849259,10357320109490916321,15303696449069378350,6fcc7db4f9ae8ad6676ef76e42cef9fdedcea064fb271a63a2b50315bf5c751b,1d14aa4af616e9e5a9f146fcfd6bdac98b14b8d30e6b56ebac7abf463c5cc135,150,2582,277,2305,6.17128757904506,43.42128757904506,118.39333333333333,136.0,5.994979499993836,0.5579051287958595,150,0,150,150,0,1.0,0.0,1.0,1.0,0.0,raw_runs/validation/attack_dup_sweep_continuous/level_120/pair_02.jsonl.gz,ee1495a766283a1f03ac2c99f12ed8319b97f8a0985a9829c4ea7c9e105454ee
validation,continuous,attack_dup_sweep_continuous,attack,120,3,14773419784552033624,3391129516678855901,5045138135867177282,6e5ac5ac60082f0e223fd2ed8b4f0d0fda254516fc6e92fcc714d958bb72aedb,716f6ed0ae59ef6db109c7263d0a530cd6a43c9a99551ed72df8a50452007d00,150,2629,271,2358,6.040220111687934,43.29022011168794,119.33333333333333,135.0,5.9942654160519915,0.5516352958519452,150,0,150,150,0,1.0,0.0,1.0,1.0,0.0,raw_runs/validation/attack_dup_sweep_continuous/level_120/pair_03.jsonl.gz,1b7942eef89235f443a34b1748c8b3a8b82161565ca119f6fba108a0544a4d5c
validation,continuous,attack_dup_sweep_continuous,attack,120,4,15448474526324906631,9601861437639727442,4054039074980149954,3783307b7d364f98e92e8853f4b632cf42f62aac444f97a8de8b804604931242,a9544cb0934dc26840e3afc1d98fb4fe5ff7a891bf1303b9946a769654b80f2e,150,2637,280,2357,6.087009859121857,43.337009859121856,120.34,134.54999999999998,6.011890128933562,0.5537150309117584,150,0,150,150,0,1.0,0.0,1.0,1.0,0.0,raw_runs/validation/attack_dup_sweep_continuous/level_120/pair_04.jsonl.gz,0b6785374400460983fa14677739a18d5d440bcd9b6d80becc9cb5ec097822a4
validation,continuous,attack_dup_sweep_continuous,attack,120,5,1377657481134050107,1823639970583859415,5919194508779252968,1b2b1942753879cc50aa4bd5bffe38e68cc49f8de5611616b98f39260236b3e4,e909e1c5ca1dbc68e129a0f8a280b0b6e65707f643dbd55d9c102db9ddf9ece7,150,2681,245,2436,6.02450567884228,43.27450567884228,122.24666666666667,140.54999999999998,6.021297351048074,0.5467875626789929,150,0,150,150,0,1.0,0.0,1.0,1.0,0.0,raw_runs/validation/attack_dup_sweep_continuous/level_120/pair_05.jsonl.gz,9d38623312fbafade397982244a2daa3d068ee60a780db53cc3f27275690205f
validation,continuous,attack_dup_sweep_continuous,attack,120,6,8400009760640007586,14621289125797335566,14200719811408355188,ad6c3c8fa4973966535deb4e98a22cf2da0017cf359f990f3ff551cddac407d0,a00cf530564c6923c37a6e5b89541020ffda79ff5488c87cbb71a9cc29f4fa9c,150,2555,279,2276,6.130285243733856,43.38028524373386,118.65333333333334,136.0,5.9836850122635665,0.5518293293910604,150,0,150,150,0,1.0,0.0,1.0,1.0,0.0,raw_runs/validation/attack_dup_sweep_continuous/level_120/pair_06.jsonl.gz,64996dfdf73d50b476218357e56f176bae08f9ee0e83a4b8ca792727c77ac1f9
validation,continuous,attack_dup_sweep_continuous,attack,120,7,5475527399028966433,15282131669469359278,9392291651119361697,745b00006f7aa1831e4cb1153583f26e3416f59e5a6edec463e4268f957d5fcb,150292d16a3b8b342bedf3bd424d567617f21e9666d4addaeda5b547135cd36d,150,2642,279,2363,6.2217785369659975,43.471778536966,121.60666666666667,145.0,6.01921265026812,0.5517490386770043,150,0,150,150,0,1.0,0.0,1.0,1.0,0.0,raw_runs/validation/attack_dup_sweep_continuous/level_120/pair_07.jsonl.gz,564d7564e8d0b296b09dfe9a51f7c32d0c243065f68985d178421522899f365e
validation,continuous,attack_dup_sweep_continuous,attack,120,8,8501697092527940708,1068103047378825753,3877562672102771049,ff45bea18e0d0d79b2caff931a209522e59b796334c9b317a7e51652e15ab607,78ec999ffe959b4a28c9733ca888e0c6e46651c894ea8b4c307f4e1ad63ae731,150,2612,271,2341,6.202483654908547,43.45248365490855,122.36,138.54999999999998,6.033221973743801,0.553154844852191,150,0,150,150,0,1.0,0.0,1.0,1.0,0.0,raw_runs/validation/attack_dup_sweep_continuous/level_120/pair_08.jsonl.gz,cca17a048539268c1dffa77bd7779cdcd5aaf43c2ac0d361c2f96e8191f60355
validation,continuous,attack_dup_sweep_continuous,attack,120,9,5766102741234575094,8092898047589033730,4185477736465996495,69ad04d76e05fed7307543b039f8beca20e53d6184de4ebdb2ef81b786977665,e7596ac415aed9cfd0c7ddc4cfb07a40979bf84635652401143891b81a6d36f1,150,2541,264,2277,6.126538218657421,43.37653821865742,116.42,130.0,5.966560425282242,0.5541973480910428,150,0,150,150,0,1.0,0.0,1.0,1.0,0.0,raw_runs/validation/attack_dup_sweep_continuous/level_120/pair_09.jsonl.gz,e81ff4c5f56170f3597b713d2c09695ec72aadbd97cd6c23737eff87303b57e8
validation,continuous,attack_dup_sweep_continuous,attack,200,0,16896053770025021303,7915734813195450471,7260575045515125876,d6271e64fe10dbc2de2748330b2473a4ff26d331ff00fb33f1da72be1ffa418a,49de654accff696dd3955f93e610af300ed809d256b843322d67cbea27ac4443,150,4325,423,3902,6.18261570604099,43.43261570604099,201.19333333333333,220.0,6.741331073672157,0.5469809317635445,150,0,150,150,0,1.0,0.0,1.0,1.0,0.0,raw_runs/validation/attack_dup_sweep_continuous/level_200/pair_00.jsonl.gz,f67d77d3c550da1aab7d3182287700b60aa7979d05ec5ea8f1f5bec41c0cb48f
validation,continuous,attack_dup_sweep_continuous,attack,200,1,12538011232869618596,8804615315091063918,1834790326699079971,458ca73347d2aa06e857410a017cc7fbb82c07e72e6832f1b324521941ae5fbb,4b2a8e3c3476ea778f76c888c9ed72faf00dd3ee05a7859497f54eddf8a0e7a8,150,4410,429,3981,6.154319324939192,43.404319324939195,203.68,227.54999999999998,6.75561202797084,0.5458554427406462,150,0,150,150,0,1.0,0.0,1.0,1.0,0.0,raw_runs/validation/attack_dup_sweep_continuous/level_200/pair_01.jsonl.gz,0f2e179205ec7640a079fa33a851a4a94870998d310e4bd31a1910cc9ba2bee3
validation,continuous,attack_dup_sweep_continuous,attack,200,2,11803072693694383989,3280735146631786287,1477867844431480686,1eeed2f06e4816d892330161aa88972a9e3eae28b647ad0004039b8b3854d04a,babdf68d65c3a150f943baf868dec2a73d7c668c7b11eb3fb5a5534a6de378fd,150,4296,425,3871,6.052010389897435,43.30201038989743,197.85333333333332,217.54999999999998,6.718908061544832,0.5481982054379841,150,0,150,150,0,1.0,0.0,1.0,1.0,0.0,raw_runs/validation/attack_dup_sweep_continuous/level_200/pair_02.jsonl.gz,38749921131aa2710c0fcded3823d5b0d2d3a6f9ede785263f961aa88a077e9a
validation,continuous,attack_dup_sweep_continuous,attack,200,3,13487829710686587815,3110413854763646972,12677319155959399082,461c3c52a43c19eb111f881ccb78973890f3530d60df070b6555a88b1ed8cf5f,c7a5e684a27a7e21f92dbcd61b04737eefc3f50f1898d2c978ffa2099d79b129,150,4336,463,3873,6.144175744707097,43.3941757447071,201.08,222.0,6.742926896705623,0.5495382711521137,150,0,150,150,0,1.0,0.0,1.0,1.0,0.0,raw_runs/validation/attack_dup_sweep_continuous/level_200/pair_03.jsonl.gz,79c3b67b52012fd87e4f96faa2b5974103e26a7993cccc89db1f40534032f6ff
validation,continuous,attack_dup_sweep_continuous,attack,200,4,17380600800855691167,16011601727573698192,7514319760810587752,2b65dd9d583f256af599240663a48e8af3ae34531cde52ba43851b44e9dc7cb9,e4c9876a8521bd3fa9362756cccba28cc573e755147e119f0c5a96835c839aa4,150,4325,434,3891,6.22212131014862,43.47212131014862,199.85333333333332,220.09999999999997,6.732703904153893,0.5481124791427703,150,0,150,150,0,1.0,0.0,1.0,1.0,0.0,raw_runs/validation/attack_dup_sweep_continuous/level_200/pair_04.jsonl.gz,b8b8ad8b5db6d21a36d8b3e153cb3ca8ab0d89052a4a2bbd81a8a2170d69dbd5
validation,continuous,attack_dup_sweep_continuous,attack,200,5,5754068155048241029,7449902621578396747,4264516773532513754,6716731180adf8e012de2621d72b24e94323bf2ba4ac00d394f14d6e77596aec,2ca5a3900f68bec8d63da7bd6ebb998ad932370ab92ec786ff9afe1690bdce2c,150,4297,439,3858,6.018876585395886,43.26887658539589,197.58666666666667,219.09999999999997,6.716970738819433,0.5483742041042703,150,0,150,150,0,1.0,0.0,1.0,1.0,0.0,raw_runs/validation/attack_dup_sweep_continuous/level_200/pair_05.jsonl.gz,c3a32938aa32b087bb7f705076e74a3f7fc894b120a7a5be6b109dbe342429ad
validation,continuous,attack_dup_sweep_continuous,attack,200,6,1645876900916925604,11395646348622656676,6153588290460565725,4caba74a1e76bfc43bb2d36e877e2149fe722ddda77bed53f9631785ce26a7fa,02af9b8e34616e4f235ff77928b82a1589a836b21919c267f03dfc478ddc7707,150,4248,458,3790,6.215066865568912,43.465066865568915,196.43333333333334,220.09999999999997,6.707503081237206,0.549190877753595,150,0,150,150,0,1.0,0.0,1.0,1.0,0.0,raw_runs/validation/attack_dup_sweep_continuous/level_200/pair_06.jsonl.gz,aca50bd7433aed9f57b58773309f92cd8209a26785f74431ca4e62a13e601682
validation,continuous,attack_dup_sweep_continuous,attack,200,7,13114428025745130402,17453802610118128909,15010025022398076383,194af0a5e567e86261a5fd8a25a6cb5ab3864ab4a56440e35d025de9b7c01246,bbe61de2834f8e66476b60e335705e0e7f225752fee9951295ebffeee28f8d70,150,4305,409,3896,6.09499432545937,43.34499432545937,198.93333333333334,223.54999999999998,6.7223515561181975,0.5463182578311256,150,0,150,150,0,1.0,0.0,1.0,1.0,0.0,raw_runs/validation/attack_dup_sweep_continuous/level_200/pair_07.jsonl.gz,3a81c8d7dd315457f722d2bd639b10263d81cde59fa30e4edf05b5f9312585b1
validation,continuous,attack_dup_sweep_continuous,attack,200,8,3250270310716571915,1919140345050504339,17294658846617185453,e7a38b8a3d056b80a21ee2c4b6debfb3d2ff9785ff0bb2b2157bf722b2b9c777,ae07c3368e62aeafea0b94897588d6724e69ca60604c851f11be637bf4d6aa42,150,4283,445,3838,6.135860151302833,43.385860151302836,197.49333333333334,216.0,6.721321548432118,0.5502555097348037,150,0,150,150,0,1.0,0.0,1.0,1.0,0.0,raw_runs/validation/attack_dup_sweep_continuous/level_200/pair_08.jsonl.gz,07c86ce608072db707e67fdbe187f86db304233fdf549966e3287940f499c1dc
validation,continuous,attack_dup_sweep_continuous,attack,200,9,10896150874945073060,5621468427271071362,18331720595935478192,ce998a2b1320976fd4587663369052d5a5216daf37c98ef6824807a0e06faeae,dd446559fe24ba267bf30cd96b8dc5236cd0d2cc8c4339d55a809266e2bb32e6,150,4340,426,3914,6.024578123710188,43.274578123710185,201.11333333333334,219.54999999999998,6.7366523900652036,0.5457168157763126,150,0,150,150,0,1.0,0.0,1.0,1.0,0.0,raw_runs/validation/attack_dup_sweep_continuous/level_200/pair_09.jsonl.gz,83b201208e876c8506c7a633c66131a6b64055a955e3940f77f5ca26c6d1f6af
validation,continuous,attack_fixed_continuous,attack,24,0,3673551644062057245,4272863141513858583,14238814322560587965,fb07342938fec45439127d2e1d8c26f583971febc53554148bd9a789dbdafe21,8ec02c12bcc2c5e246b29e23a6e5e66e87a48660a8000f2f0df21dc38d16a9c3,150,550,65,485,6.234382007816665,43.48438200781666,25.64,33.54999999999998,0.7493183191827187,0.16665235235048437,150,0,104,0,0,1.0,0.0,0.6933333333333334,0.0,0.0,raw_runs/validation/attack_fixed_continuous/level_24/pair_00.jsonl.gz,025c44677b8d4f9fc29257b532f0440a59258fb9c7a2355dae17ea79f0d767cf
validation,continuous,attack_fixed_continuous,attack,24,1,11431027195870344778,1373759827185832907,1945625801155222637,a9e1d50711b4b792183496ef9a70751c247e59ccaf442553977ea84ea50f0781,b8856205d8fe638b223dbd1331f7d82401bef456a86199a8036ba3ff4f90dd9e,150,469,42,427,6.0686765558200895,43.31867655582009,22.0,29.549999999999983,0.5160969323119212,0.1363365440740219,150,0,51,0,0,1.0,0.0,0.34,0.0,0.0,raw_runs/validation/attack_fixed_continuous/level_24/pair_01.jsonl.gz,cc0e252d86db56bbd5f853dbf900eacd4955dd55cbe589d19fd687594432514e
validation,continuous,attack_fixed_continuous,attack,24,2,12954679955638620947,12589799611093494771,4338604772050920715,91cf690c0f95948dbb1569633897bde05fbd5c7d4a5a53f037809106f433c30b,ae6be09285f96ebc26bf67c5fe44de83b5f934c15a6d30a25323d238d7105e06,150,484,51,433,6.053308136644306,43.303308136644304,21.966666666666665,32.0,0.6271106498882592,0.15782855319846978,150,0,46,0,0,1.0,0.0,0.30666666666666664,0.0,0.0,raw_runs/validation/attack_fixed_continuous/level_24/pair_02.jsonl.gz,7c3309ecb3bc91c38d1d581ab57b3e6f6aad9ddc4205e49123a9fafe1a41433c
validation,continuous,attack_fixed_continuous,attack,24,3,8481146232666450752,9354429047332502121,6887696816786876430,91813afacb029de2f556df19d50ba83b798a478783538a65a998d8ad391745d5,552b7cf1e5a6d856eebcfe1f8a498e19d665b08185b1363390d1ba8c7dcd4f3e,150,505,47,458,6.118608159310356,43.368608159310355,23.18,30.549999999999983,0.5879839327825422,0.1464168833352967,150,0,69,0,0,1.0,0.0,0.46,0.0,0.0,raw_runs/validation/attack_fixed_continuous/level_24/pair_03.jsonl.gz,fde8e8ba3e886474ff813649a7a3e2e9f3d68db0835b3be32c0c2b4ba8011337
validation,continuous,attack_fixed_continuous,attack,24,4,13567976593199891232,11869737719354102219,10341496972607606431,f4c2df7f5513326ed57afe93c65eac68719bd84f5aec16f708127b73166b11f9,ff47fc763476040f84b17d9cfd8ccba4dcd467d5ae48bb5a73a9ecaf12d573e1,150,526,50,476,6.20645561119592,43.45645561119592,24.393333333333334,32.0,0.554527524269371,0.13599417147343448,150,0,83,0,0,1.0,0.0,0.5533333333333333,0.0,0.0,raw_runs/validation/attack_fixed_continuous/level_24/pair_04.jsonl.gz,05eb89fcca3547f13a5459c3c5d29f8cac9409ac9dfa949cfbcf7839cc56c60e
validation,continuous,attack_fixed_continuous,attack,24,5,14241141027202146377,16910298076832345794,6314952303140993484,1f9121ac152c6882ee96f718a5dae8e7b40da447a9e387533a1e365bc8cf6700,1d030f3309014c8c5ad0b8a16120dfc8da7d3000310eea7a70aacffe998f13c0,150,494,44,450,6.060113195098379,43.31011319509838,22.2,30.0,0.5175740417724846,0.1378409096921696,150,0,69,0,0,1.0,0.0,0.46,0.0,0.0,raw_runs/validation/attack_fixed_continuous/level_24/pair_05.jsonl.gz,a5a5b836f7131ed47fa0914b885a48df58c27a848e9f6405c60dc4b5883c68f3
validation,continuous,attack_fixed_continuous,attack,24,6,7562000033540531603,14073620602045082575,7306637665876237539,3e1d1ae872ba53d15b30c68cded763e68f28b7777d7bfcb41a5d4b2cca3fd1d4,9233860205900d7a7bad89f908266f29b96aa919c8eecb6e40853be5e3aaf14b,150,507,46,461,6.21052951230692,43.46052951230692,23.92,33.0,0.5164079697906893,0.13115377349443613,150,0,82,0,0,1.0,0.0,0.5466666666666666,0.0,0.0,raw_runs/validation/attack_fixed_continuous/level_24/pair_06.jsonl.gz,6e8b50161d6629fdbd62a04813ae94e66e2b40aed31e37d0422ba7cf2522f316
validation,continuous,attack_fixed_continuous,attack,24,7,11011284618895436610,11117433691203936528,2341040966602635029,a53208d4cfed82c653319bf36340628a872828b79a5bd8f809f895e84a367edf,f75847213f086350b45395d0c54a77f72f05381e8fe5e73b655faa9dd8691aa5,150,479,46,433,6.108341395269573,43.358341395269576,22.18,30.0,0.509202035284232,0.13438537345719742,150,0,57,0,0,1.0,0.0,0.38,0.0,0.0,raw_runs/validation/attack_fixed_continuous/level_24/pair_07.jsonl.gz,818fd723a319917e06b3bac409dd68ebc147883f60a3b086554fa1b34a295dda
validation,continuous,attack_fixed_continuous,attack,24,8,9701534151890880810,8462130559846442702,5779919330654646953,a21d77cde21f535d30cc4ef65e963d26999f6ff61f6635be45787d35a80b8840,b16edd50e7dbe7151e0b269efa169f5de231766f33b5b794a4a9ae29ba786114,150,497,45,452,6.238899994528942,43.48889999452894,23.133333333333333,30.549999999999983,0.5460606384213839,0.13805155646020187,150,0,70,0,0,1.0,0.0,0.4666666666666667,0.0,0.0,raw_runs/validation/attack_fixed_continuous/level_24/pair_08.jsonl.gz,4727fc8e585f5f4c80e4c83f7eb0eaa145bca756efa4c95d7325bdbff07e507c
validation,continuous,attack_fixed_continuous,attack,24,9,3976943928879552847,8540069899174104864,8249874439180688604,1081ae5b56553c8f390b4700629b9b71e020023a1a2be738b72417cb41015fb8,cf6eb75dbf1c6c7ddfffb34bfafb8c554fc2ef7c6a3aa2296d43aeb05c2ee40a,150,521,54,467,6.156191287871627,43.40619128787163,23.726666666666667,33.0,0.6198343747260868,0.14828795462893382,150,0,76,0,0,1.0,0.0,0.5066666666666667,0.0,0.0,raw_runs/validation/attack_fixed_continuous/level_24/pair_09.jsonl.gz,fb10610cdb8ff4c1808af491fc75cf88dbaad5f3d8e42269bd2c722f014f7b48
validation,continuous,attack_fixed_continuous,attack,60,0,10210537045640306180,13039003191039599806,13556048489419603098,432e7cf0167ffff5015f177e868903b025b6012c361f4dc8591bed2a990075b6,dc17a0a294b99a0e55c19a7a2e0221fbcf7962e5d412f173d0ff2da47f5391e3,150,1253,129,1124,6.096508261760505,43.346508261760505,58.513333333333335,67.54999999999998,0.7545725055457734,0.12213849269992239,150,0,150,0,0,1.0,0.0,1.0,0.0,0.0,raw_runs/validation/attack_fixed_continuous/level_60/pair_00.jsonl.gz,ec3deb36d421df5967bead147f40959474679cf8e2e347e286dc14fdb4fd60ab
validation,continuous,attack_fixed_continuous,attack,60,1,9928620648339921539,13239255145390138332,3274676075953671268,f806be8f1d08a3c802846997cc171ae87c409a4def8d277e0ddbd86427fea4f5,d7f309cf0ee52ec0146e0ba6749b2d83c249956c04f7284f33c0951bd783f552,150,1300,130,1170,6.041834152060623,43.29183415206062,61.14666666666667,72.0,0.7303256934370459,0.11671566396484723,150,0,150,0,0,1.0,0.0,1.0,0.0,0.0,raw_runs/validation/attack_fixed_continuous/level_60/pair_01.jsonl.gz,4eecb105a5a36cec2f09ae10a9d835b2990697b0bba9404c039115b81167465f
validation,continuous,attack_fixed_continuous,attack,60,2,7522586624996396663,1904021104845447304,8732465663655220188,d2b71f52ceecbf342579d1571f68e0f1d2711a30c78f79aae3d4658162745f14,b2e824f41c5eff2c7d8e2a5adc0db00dadd68cba4af3a2cc0e9cb553270a7ac7,150,1292,137,1155,6.096715117160257,43.34671511716026,60.02,70.0,0.7816398535451891,0.12482747914064964,150,0,150,0,0,1.0,0.0,1.0,0.0,0.0,raw_runs/validation/attack_fixed_continuous/level_60/pair_02.jsonl.gz,4cfaa1876b5fbd03f5f8437f3486a337e2c2eff80348c78842c7691a4dfb08c9
validation,continuous,attack_fixed_continuous,attack,60,3,15433724244603090679,170838089815200015,13079895663597893794,766c44fb198452664208bb17f3b5b1b2ada57638283775597bf28db552614f47,ecb7eb14591604a6f525019511ec44cdbcbeb5ccd772bb30b8bacf482a0b7a70,150,1317,126,1191,6.249703722032016,43.49970372203202,61.346666666666664,75.54999999999998,0.7163814324305088,0.11451464220716176,150,0,150,0,0,1.0,0.0,1.0,0.0,0.0,raw_runs/validation/attack_fixed_continuous/level_60/pair_03.jsonl.gz,445e3419ed3aece08c43aec458224063f408b88d80ba66ef66c034f613a7964d
validation,continuous,attack_fixed_continuous,attack,60,4,11038982360530583690,2879818582982038012,13368314332126595571,1bffbd8b05a1b296883a05ee643d663048b9eb46dee92f25f52f467c972f8aac,10aebaaf39f44f893f4beb2a79dcd0598e417106e097f6242e7d5f779dccd75b,150,1338,141,1197,6.104050882513569,43.35405088251357,62.846666666666664,73.0,0.7818370611189464,0.12316959821675501,150,0,150,0,0,1.0,0.0,1.0,0.0,0.0,raw_runs/validation/attack_fixed_continuous/level_60/pair_04.jsonl.gz,eef22261ee7903d382b8ee85cb32aacbfe9c9fc58fc155883ad45b3b60bce9f6
validation,continuous,attack_fixed_continuous,attack,60,5,6501249040653453308,14162299130731498581,9978927156981175434,c1766199a63860dc224df676938cb39518f0b2e13132f3694b7f2976c5cf3bc5,a2d4ea153522c3022f8a38c0fafe94fcf1383a45889fd136f62c9586ac83a57a,150,1299,117,1182,6.151044227420136,43.40104422742014,59.96666666666667,73.64999999999995,0.64624532855726,0.10586773577717279,150,0,150,0,0,1.0,0.0,1.0,0.0,0.0,raw_runs/validation/attack_fixed_continuous/level_60/pair_05.jsonl.gz,a48c73b823dee310e766b01d7574a2efe44203fe903b865c26cfeb6adc48462a
validation,continuous,attack_fixed_continuous,attack,60,6,6930678653229076526,15252313809878852804,9660121157368424005,74c3a65c7a39890555ea2ef83745a4f894f8dfd29f5f26fd0bac85d8a0067dfa,f11c305251a34ed3f342b0762eb9f4ae368d3534254260742db3795d4a88e21b,150,1360,139,1221,6.058917278961883,43.308917278961886,62.166666666666664,73.0,0.7680739327096329,0.12153280104410612,150,0,150,0,0,1.0,0.0,1.0,0.0,0.0,raw_runs/validation/attack_fixed_continuous/level_60/pair_06.jsonl.gz,c0304af2928d6f1abb5205e1882c3bf0221840c88f571efad50eecf5e36dc06b
validation,continuous,attack_fixed_continuous,attack,60,7,1348166448913175725,7166705425644547172,9843480043998362170,3b3fd4ca1b418b46ae160232bb7ea9df85fab8cb2f885b3ee5869b7b7025ba7a,f81ee852ae94da7149be986556ca359f297c99f61e31a0e3ba1f71fedfd22019,150,1312,120,1192,6.067832573126943,43.31783257312694,61.333333333333336,73.54999999999998,0.6481445346690645,0.1054269463558231,150,0,150,0,0,1.0,0.0,1.0,0.0,0.0,raw_runs/validation/attack_fixed_continuous/level_60/pair_07.jsonl.gz,8c68ccef979fc7d4d88672edb8179dedcdd18194def9c1f45445b3e0a30ffa2a
validation,continuous,attack_fixed_continuous,attack,60,8,2223942126534782594,5544788755826056274,12987839232223070839,687d2a424be8b8efd7ebf54bd349725ce473ed065b0e4342220727021dd22ae6,5cc8e935f87b1631f0e1b192bf6d26c2e454e8bbf28c437a13417a080fd88846,150,1298,137,1161,6.179456669312525,43.42945666931252,60.4,75.54999999999998,0.7691338941428163,0.12312378785570609,150,0,150,0,0,1.0,0.0,1.0,0.0,0.0,raw_runs/validation/attack_fixed_continuous/level_60/pair_08.jsonl.gz,5861a16b409bbc48cdb442102089bef5669bead9172c8fdb5bd96dfd954464b1
validation,continuous,attack_fixed_continuous,attack,60,9,3808796865063232507,11435988634758829509,3346237823658729381,cf763193d6503c3b26a2d262b080f3dc840c3b1ee7e0afe4f074062cd16a82ee,3bf8fc385035b10083c69f200712171afc9f035e471f6854a7c655fcb25ad4ba,150,1289,125,1164,6.052958211818615,43.30295821181861,60.193333333333335,73.0,0.7311755036304388,0.11810595254826967,150,0,150,0,0,1.0,0.0,1.0,0.0,0.0,raw_runs/validation/attack_fixed_continuous/level_60/pair_09.jsonl.gz,efac05ba9f7aeac06c6715e0cc1cd6efc3525fb57506f8f6e51245a5ea32a76c
validation,continuous,attack_fixed_continuous,attack,120,0,3323202025522884144,3919892587191201774,12547678662281266,4f7d26939bdc094d331838e7dfb08cf8839a752aa877c57d268901071658ce2a,998fc28387fb7d73904539ade66efdbdfb35ece6899bfdca7883835a29321836,150,2632,278,2354,6.081800537081934,43.33180053708193,121.39333333333333,139.54999999999998,0.8779467907136582,0.11412981564903883,150,0,150,0,0,1.0,0.0,1.0,0.0,0.0,raw_runs/validation/attack_fixed_continuous/level_120/pair_00.jsonl.gz,c8b00b5f634fd72e0475db51130fbfa508964893d5e88cf8f809b9e90ab60b48
validation,continuous,attack_fixed_continuous,attack,120,1,3632502082100150952,14458099276214665080,4433976674848403420,1d4f49b35b6c995a11a6613ae248928dfcefa7acede0dea72c411fbb22260b60,b58d9de989e3ffccc49fda66a98bdc5162c04a628e35305eb26665e94523ff91,150,2573,234,2339,6.1581349055919,43.4081349055919,118.68666666666667,131.54999999999998,0.764671359288538,0.10105458182901757,150,0,150,0,0,1.0,0.0,1.0,0.0,0.0,raw_runs/validation/attack_fixed_continuous/level_120/pair_01.jsonl.gz,f7730c1b73a12f10ca45ca8e867ef005904fdc4fa75d22005ce5244b8f702660
validation,continuous,attack_fixed_continuous,attack,120,2,574697187446849259,10357320109490916321,16622690183883044709,6fcc7db4f9ae8ad6676ef76e42cef9fdedcea064fb271a63a2b50315bf5c751b,1d14aa4af616e9e5a9f146fcfd6bdac98b14b8d30e6b56ebac7abf463c5cc135,150,2582,249,2333,6.17128757904506,43.42128757904506,118.39333333333333,136.0,0.8195883887317685,0.10757574192113156,150,0,150,0,0,1.0,0.0,1.0,0.0,0.0,raw_runs/validation/attack_fixed_continuous/level_120/pair_02.jsonl.gz,47dbb372964a4cc79533e5286f28543186c1e27345f2f6f89bbf27da59cefb1e
validation,continuous,attack_fixed_continuous,attack,120,3,14773419784552033624,3391129516678855901,3996463756549101866,6e5ac5ac60082f0e223fd2ed8b4f0d0fda254516fc6e92fcc714d958bb72aedb,716f6ed0ae59ef6db109c7263d0a530cd6a43c9a99551ed72df8a50452007d00,150,2629,261,2368,6.040220111687934,43.29022011168794,119.33333333333333,135.0,0.8279505946267605,0.10847984292113395,150,0,150,0,0,1.0,0.0,1.0,0.0,0.0,raw_runs/validation/attack_fixed_continuous/level_120/pair_03.jsonl.gz,39891ce9ffe42f91e892557e5765fbfb50b45d0f3c9a760a546a28ee645b0089
validation,continuous,attack_fixed_continuous,attack,120,4,15448474526324906631,9601861437639727442,12960207463236852014,3783307b7d364f98e92e8853f4b632cf42f62aac444f97a8de8b804604931242,a9544cb0934dc26840e3afc1d98fb4fe5ff7a891bf1303b9946a769654b80f2e,150,2637,277,2360,6.087009859121857,43.337009859121856,120.34,134.54999999999998,0.8621870407269193,0.11277134392644766,150,0,150,0,0,1.0,0.0,1.0,0.0,0.0,raw_runs/validation/attack_fixed_continuous/level_120/pair_04.jsonl.gz,ed0b55ec1f20c47d90643fbce50b9e71e96e00da479e77c18f9f93e76e703cd4
validation,continuous,attack_fixed_continuous,attack,120,5,1377657481134050107,1823639970583859415,8736411990512653621,1b2b1942753879cc50aa4bd5bffe38e68cc49f8de5611616b98f39260236b3e4,e909e1c5ca1dbc68e129a0f8a280b0b6e65707f643dbd55d9c102db9ddf9ece7,150,2681,272,2409,6.02450567884228,43.27450567884228,122.24666666666667,140.54999999999998,0.8288721704430352,0.1077569323192975,150,0,150,0,0,1.0,0.0,1.0,0.0,0.0,raw_runs/validation/attack_fixed_continuous/level_120/pair_05.jsonl.gz,dac8c481a22a183919520d673620ec03a5f06b206ae3c41979f5b145e5f0287b
validation,continuous,attack_fixed_continuous,attack,120,6,8400009760640007586,14621289125797335566,1367507881794898015,ad6c3c8fa4973966535deb4e98a22cf2da0017cf359f990f3ff551cddac407d0,a00cf530564c6923c37a6e5b89541020ffda79ff5488c87cbb71a9cc29f4fa9c,150,2555,245,2310,6.130285243733856,43.38028524373386,118.65333333333334,136.0,0.7632885987671341,0.10063421685219757,150,0,150,0,0,1.0,0.0,1.0,0.0,0.0,raw_runs/validation/attack_fixed_continuous/level_120/pair_06.jsonl.gz,9735469c8e7aee4c52a4e541a3deec52c8902822c079cca71eb93c08f79a9dfe
validation,continuous,attack_fixed_continuous,attack,120,7,5475527399028966433,15282131669469359278,10272291493066325439,745b00006f7aa1831e4cb1153583f26e3416f59e5a6edec463e4268f957d5fcb,150292d16a3b8b342bedf3bd424d567617f21e9666d4addaeda5b547135cd36d,150,2642,303,2339,6.2217785369659975,43.471778536966,121.60666666666667,145.0,0.9392507348526791,0.12169473531473055,150,0,150,0,0,1.0,0.0,1.0,0.0,0.0,raw_runs/validation/attack_fixed_continuous/level_120/pair_07.jsonl.gz,eb43e5e68391d8880c2a51759e4540a0ef286bfb09115cde5cf7b5f051e3fd79
validation,continuous,attack_fixed_continuous,attack,120,8,8501697092527940708,1068103047378825753,18368069327584207253,ff45bea18e0d0d79b2caff931a209522e59b796334c9b317a7e51652e15ab607,78ec999ffe959b4a28c9733ca888e0c6e46651c894ea8b4c307f4e1ad63ae731,150,2612,271,2341,6.202483654908547,43.45248365490855,122.36,138.54999999999998,0.869049627419358,0.11305935802602661,150,0,150,0,0,1.0,0.0,1.0,0.0,0.0,raw_runs/validation/attack_fixed_continuous/level_120/pair_08.jsonl.gz,456a24d644d61b50f16c753669c6e08330ba8f0f8b7a55fbe7c982b9cda7665a
validation,continuous,attack_fixed_continuous,attack,120,9,5766102741234575094,8092898047589033730,17398163271733348117,69ad04d76e05fed7307543b039f8beca20e53d6184de4ebdb2ef81b786977665,e7596ac415aed9cfd0c7ddc4cfb07a40979bf84635652401143891b81a6d36f1,150,2541,255,2286,6.126538218657421,43.37653821865742,116.42,130.0,0.8450745253027712,0.11143624796972212,150,0,150,0,0,1.0,0.0,1.0,0.0,0.0,raw_runs/validation/attack_fixed_continuous/level_120/pair_09.jsonl.gz,4605b7f122fa355e96be5c28451a791f391d1e57ecc5741d3575b81d814f1f21
validation,continuous,attack_fixed_continuous,attack,200,0,16896053770025021303,7915734813195450471,16963389898774658436,d6271e64fe10dbc2de2748330b2473a4ff26d331ff00fb33f1da72be1ffa418a,49de654accff696dd3955f93e610af300ed809d256b843322d67cbea27ac4443,150,4325,433,3892,6.18261570604099,43.43261570604099,201.19333333333333,220.0,0.9113260475479195,0.10511487344303522,150,0,150,0,0,1.0,0.0,1.0,0.0,0.0,raw_runs/validation/attack_fixed_continuous/level_200/pair_00.jsonl.gz,9dd5c3e1f90763478b4851e634baf8ab2463e4050cb6f51003362255f771ef72
validation,continuous,attack_fixed_continuous,attack,200,1,12538011232869618596,8804615315091063918,1882761939880546715,458ca73347d2aa06e857410a017cc7fbb82c07e72e6832f1b324521941ae5fbb,4b2a8e3c3476ea778f76c888c9ed72faf00dd3ee05a7859497f54eddf8a0e7a8,150,4410,434,3976,6.154319324939192,43.404319324939195,203.68,227.54999999999998,0.8777927236713297,0.10137862836190535,150,0,150,0,0,1.0,0.0,1.0,0.0,0.0,raw_runs/validation/attack_fixed_continuous/level_200/pair_01.jsonl.gz,4bb08a2c1dc047e514d430cd41459a2dadaf4620631ac4734bb20c3166450797
validation,continuous,attack_fixed_continuous,attack,200,2,11803072693694383989,3280735146631786287,4626960050137488726,1eeed2f06e4816d892330161aa88972a9e3eae28b647ad0004039b8b3854d04a,babdf68d65c3a150f943baf868dec2a73d7c668c7b11eb3fb5a5534a6de378fd,150,4296,404,3892,6.052010389897435,43.30201038989743,197.85333333333332,217.54999999999998,0.8651386902389053,0.10098965710152653,150,0,150,0,0,1.0,0.0,1.0,0.0,0.0,raw_runs/validation/attack_fixed_continuous/level_200/pair_02.jsonl.gz,f7d06160858adb18e67e564c87733aafff5abd604934c65b4c69c5cc4b4866e8
validation,continuous,attack_fixed_continuous,attack,200,3,13487829710686587815,3110413854763646972,10141400104822873809,461c3c52a43c19eb111f881ccb78973890f3530d60df070b6555a88b1ed8cf5f,c7a5e684a27a7e21f92dbcd61b04737eefc3f50f1898d2c978ffa2099d79b129,150,4336,468,3868,6.144175744707097,43.3941757447071,201.08,222.0,0.952925378791406,0.10993591729982488,150,0,150,0,0,1.0,0.0,1.0,0.0,0.0,raw_runs/validation/attack_fixed_continuous/level_200/pair_03.jsonl.gz,a40e1d8eb0ef4e7642ef9615057d6a7011a5c2acb3421f4d653061699f8b2161
validation,continuous,attack_fixed_continuous,attack,200,4,17380600800855691167,16011601727573698192,17512500322419079901,2b65dd9d583f256af599240663a48e8af3ae34531cde52ba43851b44e9dc7cb9,e4c9876a8521bd3fa9362756cccba28cc573e755147e119f0c5a96835c839aa4,150,4325,436,3889,6.22212131014862,43.47212131014862,199.85333333333332,220.09999999999997,0.8931453480734206,0.10365707191733983,150,0,150,0,0,1.0,0.0,1.0,0.0,0.0,raw_runs/validation/attack_fixed_continuous/level_200/pair_04.jsonl.gz,309f9c50b4fa5d1a8ea42f33a05dfe016bdee18f702de46478ddb09d7cf4b862
validation,continuous,attack_fixed_continuous,attack,200,5,5754068155048241029,7449902621578396747,22463691245109554,6716731180adf8e012de2621d72b24e94323bf2ba4ac00d394f14d6e77596aec,2ca5a3900f68bec8d63da7bd6ebb998ad932370ab92ec786ff9afe1690bdce2c,150,4297,424,3873,6.018876585395886,43.26887658539589,197.58666666666667,219.09999999999997,0.8852584168267877,0.10311126714463711,150,0,150,0,0,1.0,0.0,1.0,0.0,0.0,raw_runs/validation/attack_fixed_continuous/level_200/pair_05.jsonl.gz,62dafcff234cf141d4eb427a2c51550fd0b07a4f7b3056130218c0d8470f4302
validation,continuous,attack_fixed_continuous,attack,200,6,1645876900916925604,11395646348622656676,2897943624537368248,4caba74a1e76bfc43bb2d36e877e2149fe722ddda77bed53f9631785ce26a7fa,02af9b8e34616e4f235ff77928b82a1589a836b21919c267f03dfc478ddc7707,150,4248,391,3857,6.215066865568912,43.465066865568915,196.43333333333334,220.09999999999997,0.8298016137235714,0.09733719329761366,150,0,150,0,0,1.0,0.0,1.0,0.0,0.0,raw_runs/validation/attack_fixed_continuous/level_200/pair_06.jsonl.gz,71677ff41285005c0ba50d248819bf4a04befaec98fdfba725154d8a8f44be80
validation,continuous,attack_fixed_continuous,attack,200,7,13114428025745130402,17453802610118128909,18022436884197460430,194af0a5e567e86261a5fd8a25a6cb5ab3864ab4a56440e35d025de9b7c01246,bbe61de2834f8e66476b60e335705e0e7f225752fee9951295ebffeee28f8d70,150,4305,445,3860,6.09499432545937,43.34499432545937,198.93333333333334,223.54999999999998,0.9323515361039676,0.1079243905068302,150,0,150,0,0,1.0,0.0,1.0,0.0,0.0,raw_runs/validation/attack_fixed_continuous/level_200/pair_07.jsonl.gz,03d502b3fe5a90a07f84df0f7232cbd8f08b5961d45399ae98154802746778af
validation,continuous,attack_fixed_continuous,attack,200,8,3250270310716571915,1919140345050504339,5956631412778695772,e7a38b8a3d056b80a21ee2c4b6debfb3d2ff9785ff0bb2b2157bf722b2b9c777,ae07c3368e62aeafea0b94897588d6724e69ca60604c851f11be637bf4d6aa42,150,4283,409,3874,6.135860151302833,43.385860151302836,197.49333333333334,216.0,0.8734839687723968,0.10167475193325048,150,0,150,0,0,1.0,0.0,1.0,0.0,0.0,raw_runs/validation/attack_fixed_continuous/level_200/pair_08.jsonl.gz,ab4213de512d0bc8f9dc1ad16fa12556c87c142e9c89abb9b3059c353639ac32
validation,continuous,attack_fixed_continuous,attack,200,9,10896150874945073060,5621468427271071362,14448581517795644124,ce998a2b1320976fd4587663369052d5a5216daf37c98ef6824807a0e06faeae,dd446559fe24ba267bf30cd96b8dc5236cd0d2cc8c4339d55a809266e2bb32e6,150,4340,396,3944,6.024578123710188,43.274578123710185,201.11333333333334,219.54999999999998,0.8028031002919035,0.09330114855362974,150,0,150,0,0,1.0,0.0,1.0,0.0,0.0,raw_runs/validation/attack_fixed_continuous/level_200/pair_09.jsonl.gz,cafb636bcaf187e0f6fdf8568177fdce1a75a8fb3f114a8c7e1eb130e65d4d0c
validation,continuous,attack_random_continuous,attack,24,0,3673551644062057245,4272863141513858583,14206898971079800569,fb07342938fec45439127d2e1d8c26f583971febc53554148bd9a789dbdafe21,8ec02c12bcc2c5e246b29e23a6e5e66e87a48660a8000f2f0df21dc38d16a9c3,150,550,63,487,6.234382007816665,43.48438200781666,25.64,33.54999999999998,4.649832198458924,0.9965318807190147,150,104,104,149,150,1.0,0.6933333333333334,0.6933333333333334,0.9933333333333333,1.0,raw_runs/validation/attack_random_continuous/level_24/pair_00.jsonl.gz,c7237ade38cacb8eee1f64f3da3371f05f11e85c8e356431e97c18f4a66cf099
validation,continuous,attack_random_continuous,attack,24,1,11431027195870344778,1373759827185832907,11681845958348058179,a9e1d50711b4b792183496ef9a70751c247e59ccaf442553977ea84ea50f0781,b8856205d8fe638b223dbd1331f7d82401bef456a86199a8036ba3ff4f90dd9e,150,469,57,412,6.0686765558200895,43.31867655582009,22.0,29.549999999999983,4.418901799983291,0.992797974223985,150,51,51,146,150,1.0,0.34,0.34,0.9733333333333334,1.0,raw_runs/validation/attack_random_continuous/level_24/pair_01.jsonl.gz,77bb99970b0ad7b4904d2f56e3575101f51a1b50bbeffdb3593bf92d20496f79
validation,continuous,attack_random_continuous,attack,24,2,12954679955638620947,12589799611093494771,17062392151707010296,91cf690c0f95948dbb1569633897bde05fbd5c7d4a5a53f037809106f433c30b,ae6be09285f96ebc26bf67c5fe44de83b5f934c15a6d30a25323d238d7105e06,150,484,42,442,6.053308136644306,43.303308136644304,21.966666666666665,32.0,4.403497781024471,0.9908725738647877,150,46,46,137,150,1.0,0.30666666666666664,0.30666666666666664,0.9133333333333333,1.0,raw_runs/validation/attack_random_continuous/level_24/pair_02.jsonl.gz,1328d54fb4a76c3e217be1b08036b448c6ffaad7a642ff29603a1b6e5964e146
validation,continuous,attack_random_continuous,attack,24,3,8481146232666450752,9354429047332502121,4612490380446976031,91813afacb029de2f556df19d50ba83b798a478783538a65a998d8ad391745d5,552b7cf1e5a6d856eebcfe1f8a498e19d665b08185b1363390d1ba8c7dcd4f3e,150,505,39,466,6.118608159310356,43.368608159310355,23.18,30.549999999999983,4.503642036382383,1.0,150,69,69,142,150,1.0,0.46,0.46,0.9466666666666667,1.0,raw_runs/validation/attack_random_continuous/level_24/pair_03.jsonl.gz,9ec925e8730219e958902d4271df5ee3f9d2449b1cb2f5ca518ab4a84943cc9b
validation,continuous,attack_random_continuous,attack,24,4,13567976593199891232,11869737719354102219,2165071861068921764,f4c2df7f5513326ed57afe93c65eac68719bd84f5aec16f708127b73166b11f9,ff47fc763476040f84b17d9cfd8ccba4dcd467d5ae48bb5a73a9ecaf12d573e1,150,526,39,487,6.20645561119592,43.45645561119592,24.393333333333334,32.0,4.576082496333361,0.9962182876704617,150,83,83,146,150,1.0,0.5533333333333333,0.5533333333333333,0.9733333333333334,1.0,raw_runs/validation/attack_random_continuous/level_24/pair_04.jsonl.gz,c2a3c8c894fc9c6e0bc453e2e973a7a17c949b49444d18862b2462a0e8405e2b
validation,continuous,attack_random_continuous,attack,24,5,14241141027202146377,16910298076832345794,6395667496109162437,1f9121ac152c6882ee96f718a5dae8e7b40da447a9e387533a1e365bc8cf6700,1d030f3309014c8c5ad0b8a16120dfc8da7d3000310eea7a70aacffe998f13c0,150,494,57,437,6.060113195098379,43.31011319509838,22.2,30.0,4.411414968277295,0.9916692701550013,150,69,69,131,150,1.0,0.46,0.46,0.8733333333333333,1.0,raw_runs/validation/attack_random_continuous/level_24/pair_05.jsonl.gz,42f69cf56e764c4fee7f62ce31d146d37446fe848f55c4be783729c8cc1b0e49
validation,continuous,attack_random_continuous,attack,24,6,7562000033540531603,14073620602045082575,7188788758561619384,3e1d1ae872ba53d15b30c68cded763e68f28b7777d7bfcb41a5d4b2cca3fd1d4,9233860205900d7a7bad89f908266f29b96aa919c8eecb6e40853be5e3aaf14b,150,507,54,453,6.21052951230692,43.46052951230692,23.92,33.0,4.534725873764522,0.9981905419988752,150,82,82,136,150,1.0,0.5466666666666666,0.5466666666666666,0.9066666666666666,1.0,raw_runs/validation/attack_random_continuous/level_24/pair_06.jsonl.gz,5aeb817522634955faa9f994d34a934427086544c722b085c08a74d66143a121
validation,continuous,attack_random_continuous,attack,24,7,11011284618895436610,11117433691203936528,10932755917703128434,a53208d4cfed82c653319bf36340628a872828b79a5bd8f809f895e84a367edf,f75847213f086350b45395d0c54a77f72f05381e8fe5e73b655faa9dd8691aa5,150,479,48,431,6.108341395269573,43.358341395269576,22.18,30.0,4.420369239303994,0.9922643426090351,150,57,57,135,150,1.0,0.38,0.38,0.9,1.0,raw_runs/validation/attack_random_continuous/level_24/pair_07.jsonl.gz,6e1c8e39564819939ee9b57bcce9a14a0c66652066c45be5a3cb1720bc0b1c2c
validation,continuous,attack_random_continuous,attack,24,8,9701534151890880810,8462130559846442702,13053127542438976735,a21d77cde21f535d30cc4ef65e963d26999f6ff61f6635be45787d35a80b8840,b16edd50e7dbe7151e0b269efa169f5de231766f33b5b794a4a9ae29ba786114,150,497,36,461,6.238899994528942,43.48889999452894,23.133333333333333,30.549999999999983,4.49424788396436,0.9938119642210738,150,70,70,146,150,1.0,0.4666666666666667,0.4666666666666667,0.9733333333333334,1.0,raw_runs/validation/attack_random_continuous/level_24/pair_08.jsonl.gz,213dfc8db4d27d3038573c265130ec97afd2c49fd04d6ec28fad70fbf9d4557e
validation,continuous,attack_random_continuous,attack,24,9,3976943928879552847,8540069899174104864,3733939773452554764,1081ae5b56553c8f390b4700629b9b71e020023a1a2be738b72417cb41015fb8,cf6eb75dbf1c6c7ddfffb34bfafb8c554fc2ef7c6a3aa2296d43aeb05c2ee40a,150,521,53,468,6.156191287871627,43.40619128787163,23.726666666666667,33.0,4.525904378489946,0.9960358854088368,150,76,76,143,150,1.0,0.5066666666666667,0.5066666666666667,0.9533333333333334,1.0,raw_runs/validation/attack_random_continuous/level_24/pair_09.jsonl.gz,5d15e3d11913872450e69077db53d3fa9f4e038662ec675c6fe7b1292026be06
validation,continuous,attack_random_continuous,attack,60,0,10210537045640306180,13039003191039599806,11237029963245167682,432e7cf0167ffff5015f177e868903b025b6012c361f4dc8591bed2a990075b6,dc17a0a294b99a0e55c19a7a2e0221fbcf7962e5d412f173d0ff2da47f5391e3,150,1253,127,1126,6.096508261760505,43.346508261760505,58.513333333333335,67.54999999999998,5.829211049271436,0.9833006993232406,150,150,150,150,150,1.0,1.0,1.0,1.0,1.0,raw_runs/validation/attack_random_continuous/level_60/pair_00.jsonl.gz,9e68c4cfec32d3aa4b0e20292acf380d701a46205f6c322387161cfdd4b71f49
validation,continuous,attack_random_continuous,attack,60,1,9928620648339921539,13239255145390138332,12775502787784311509,f806be8f1d08a3c802846997cc171ae87c409a4def8d277e0ddbd86427fea4f5,d7f309cf0ee52ec0146e0ba6749b2d83c249956c04f7284f33c0951bd783f552,150,1300,119,1181,6.041834152060623,43.29183415206062,61.14666666666667,72.0,5.898753396426812,0.9875328086165327,150,150,150,150,150,1.0,1.0,1.0,1.0,1.0,raw_runs/validation/attack_random_continuous/level_60/pair_01.jsonl.gz,7ff04d9c0a6c8a8680836303655eba66373da8e9723d7647053b7b7fae8d2e22
validation,continuous,attack_random_continuous,attack,60,2,7522586624996396663,1904021104845447304,12548971024075572522,d2b71f52ceecbf342579d1571f68e0f1d2711a30c78f79aae3d4658162745f14,b2e824f41c5eff2c7d8e2a5adc0db00dadd68cba4af3a2cc0e9cb553270a7ac7,150,1292,139,1153,6.096715117160257,43.34671511716026,60.02,70.0,5.861449393761206,0.9815254380629846,150,150,150,150,150,1.0,1.0,1.0,1.0,1.0,raw_runs/validation/attack_random_continuous/level_60/pair_02.jsonl.gz,2c29d6361e59d582251e3e1f885700434701278b0e0b61595f562f64746ced0a
validation,continuous,attack_random_continuous,attack,60,3,15433724244603090679,170838089815200015,4114593201728727511,766c44fb198452664208bb17f3b5b1b2ada57638283775597bf28db552614f47,ecb7eb14591604a6f525019511ec44cdbcbeb5ccd772bb30b8bacf482a0b7a70,150,1317,118,1199,6.249703722032016,43.49970372203202,61.346666666666664,75.54999999999998,5.904169613446734,0.9878742873625509,150,150,150,150,150,1.0,1.0,1.0,1.0,1.0,raw_runs/validation/attack_random_continuous/level_60/pair_03.jsonl.gz,d5491d6bba929a9d8e5262c9a8c329326ade20442f76f59e0a1f12e65f77f669
validation,continuous,attack_random_continuous,attack,60,4,11038982360530583690,2879818582982038012,6212021093881357819,1bffbd8b05a1b296883a05ee643d663048b9eb46dee92f25f52f467c972f8aac,10aebaaf39f44f893f4beb2a79dcd0598e417106e097f6242e7d5f779dccd75b,150,1338,136,1202,6.104050882513569,43.35405088251357,62.846666666666664,73.0,5.930264043080187,0.9842937623375565,150,150,150,150,150,1.0,1.0,1.0,1.0,1.0,raw_runs/validation/attack_random_continuous/level_60/pair_04.jsonl.gz,d517792d5a4b4fa701a658054031e463552f4d84c7dac52fe4b0d0127a2822e0
validation,continuous,attack_random_continuous,attack,60,5,6501249040653453308,14162299130731498581,17146573052538407780,c1766199a63860dc224df676938cb39518f0b2e13132f3694b7f2976c5cf3bc5,a2d4ea153522c3022f8a38c0fafe94fcf1383a45889fd136f62c9586ac83a57a,150,1299,125,1174,6.151044227420136,43.40104422742014,59.96666666666667,73.64999999999995,5.867839886692651,0.9862922291731105,150,150,150,150,150,1.0,1.0,1.0,1.0,1.0,raw_runs/validation/attack_random_continuous/level_60/pair_05.jsonl.gz,be53fcb5110ffdcb7cbcc25976459fbb302e58c07da9ab376057f926f1408891
validation,continuous,attack_random_continuous,attack,60,6,6930678653229076526,15252313809878852804,6551553042611751972,74c3a65c7a39890555ea2ef83745a4f894f8dfd29f5f26fd0bac85d8a0067dfa,f11c305251a34ed3f342b0762eb9f4ae368d3534254260742db3795d4a88e21b,150,1360,133,1227,6.058917278961883,43.308917278961886,62.166666666666664,73.0,5.914745221625335,0.9823115023187091,150,150,150,150,150,1.0,1.0,1.0,1.0,1.0,raw_runs/validation/attack_random_continuous/level_60/pair_06.jsonl.gz,0d0afa376453df191c6d7b419cbaff36609427eaf2a3c07b550391daef8156c5
validation,continuous,attack_random_continuous,attack,60,7,1348166448913175725,7166705425644547172,17725296084633892045,3b3fd4ca1b418b46ae160232bb7ea9df85fab8cb2f885b3ee5869b7b7025ba7a,f81ee852ae94da7149be986556ca359f297c99f61e31a0e3ba1f71fedfd22019,150,1312,150,1162,6.067832573126943,43.31783257312694,61.333333333333336,73.54999999999998,5.903060976168988,0.9868558755202618,150,150,150,150,150,1.0,1.0,1.0,1.0,1.0,raw_runs/validation/attack_random_continuous/level_60/pair_07.jsonl.gz,3310c486442684f75475e8158a8ec8123f44d3d5718746bb24be53c51ab1ace0
validation,continuous,attack_random_continuous,attack,60,8,2223942126534782594,5544788755826056274,13775651675965753957,687d2a424be8b8efd7ebf54bd349725ce473ed065b0e4342220727021dd22ae6,5cc8e935f87b1631f0e1b192bf6d26c2e454e8bbf28c437a13417a080fd88846,150,1298,128,1170,6.179456669312525,43.42945666931252,60.4,75.54999999999998,5.868364025755943,0.9849057426628828,150,150,150,150,150,1.0,1.0,1.0,1.0,1.0,raw_runs/validation/attack_random_continuous/level_60/pair_08.jsonl.gz,dba4b8277b8c90fb8f7f0688059e28e3e60b2bc9928c5f4d3daa30d01ba15617
validation,continuous,attack_random_continuous,attack,60,9,3808796865063232507,11435988634758829509,2899209067240281994,cf763193d6503c3b26a2d262b080f3dc840c3b1ee7e0afe4f074062cd16a82ee,3bf8fc385035b10083c69f200712171afc9f035e471f6854a7c655fcb25ad4ba,150,1289,158,1131,6.052958211818615,43.30295821181861,60.193333333333335,73.0,5.872695437560823,0.9860925642841736,150,150,150,150,150,1.0,1.0,1.0,1.0,1.0,raw_runs/validation/attack_random_continuous/level_60/pair_09.jsonl.gz,f6fcc20d836f67455f97535c038e2012678974da037c2cd01b7646345f1436c6
validation,continuous,attack_random_continuous,attack,120,0,3323202025522884144,3919892587191201774,589858192480381693,4f7d26939bdc094d331838e7dfb08cf8839a752aa877c57d268901071658ce2a,998fc28387fb7d73904539ade66efdbdfb35ece6899bfdca7883835a29321836,150,2632,288,2344,6.081800537081934,43.33180053708193,121.39333333333333,139.54999999999998,6.8607879237345255,0.9710037355310229,150,150,150,150,150,1.0,1.0,1.0,1.0,1.0,raw_runs/validation/attack_random_continuous/level_120/pair_00.jsonl.gz,f8f038d8afe6f2b7e5b210fa64698763dca6abf9fd89b9bee3407c3047ab6efd
validation,continuous,attack_random_continuous,attack,120,1,3632502082100150952,14458099276214665080,17434502309709462614,1d4f49b35b6c995a11a6613ae248928dfcefa7acede0dea72c411fbb22260b60,b58d9de989e3ffccc49fda66a98bdc5162c04a628e35305eb26665e94523ff91,150,2573,269,2304,6.1581349055919,43.4081349055919,118.68666666666667,131.54999999999998,6.825060525875381,0.9691321684739012,150,150,150,150,150,1.0,1.0,1.0,1.0,1.0,raw_runs/validation/attack_random_continuous/level_120/pair_01.jsonl.gz,306c55518010d8db532cab5da482ba23cd58607981ad5d41d8ba78b12b8b991e
validation,continuous,attack_random_continuous,attack,120,2,574697187446849259,10357320109490916321,8590288594267966836,6fcc7db4f9ae8ad6676ef76e42cef9fdedcea064fb271a63a2b50315bf5c751b,1d14aa4af616e9e5a9f146fcfd6bdac98b14b8d30e6b56ebac7abf463c5cc135,150,2582,258,2324,6.17128757904506,43.42128757904506,118.39333333333333,136.0,6.817419019270664,0.9682389564077183,150,150,150,150,150,1.0,1.0,1.0,1.0,1.0,raw_runs/validation/attack_random_continuous/level_120/pair_02.jsonl.gz,d285fec02c17aa18dc32cbf12b51043b106b52e351392110640df56227f601ca
validation,continuous,attack_random_continuous,attack,120,3,14773419784552033624,3391129516678855901,16378976925080550978,6e5ac5ac60082f0e223fd2ed8b4f0d0fda254516fc6e92fcc714d958bb72aedb,716f6ed0ae59ef6db109c7263d0a530cd6a43c9a99551ed72df8a50452007d00,150,2629,267,2362,6.040220111687934,43.29022011168794,119.33333333333333,135.0,6.840694777974459,0.9735057286911846,150,150,150,150,150,1.0,1.0,1.0,1.0,1.0,raw_runs/validation/attack_random_continuous/level_120/pair_03.jsonl.gz,edd7402e5cf1165120c63868ae14d0ed42c9412518f423b1b4af68fd8f90edf4
validation,continuous,attack_random_continuous,attack,120,4,15448474526324906631,9601861437639727442,11196454241521476519,3783307b7d364f98e92e8853f4b632cf42f62aac444f97a8de8b804604931242,a9544cb0934dc26840e3afc1d98fb4fe5ff7a891bf1303b9946a769654b80f2e,150,2637,294,2343,6.087009859121857,43.337009859121856,120.34,134.54999999999998,6.848484447188186,0.9712455023482933,150,150,150,150,150,1.0,1.0,1.0,1.0,1.0,raw_runs/validation/attack_random_continuous/level_120/pair_04.jsonl.gz,e2cb56161330d454111e3e4e1e09f5839b843c6de84520fa90bb96dc218b99a3
validation,continuous,attack_random_continuous,attack,120,5,1377657481134050107,1823639970583859415,14586340664676403146,1b2b1942753879cc50aa4bd5bffe38e68cc49f8de5611616b98f39260236b3e4,e909e1c5ca1dbc68e129a0f8a280b0b6e65707f643dbd55d9c102db9ddf9ece7,150,2681,225,2456,6.02450567884228,43.27450567884228,122.24666666666667,140.54999999999998,6.871746352670756,0.9717252439925487,150,150,150,150,150,1.0,1.0,1.0,1.0,1.0,raw_runs/validation/attack_random_continuous/level_120/pair_05.jsonl.gz,d0ca0d417a6ea336562a4256e2ca4a603e9002fc04d6e7efe7fb7fbf76311694
validation,continuous,attack_random_continuous,attack,120,6,8400009760640007586,14621289125797335566,2165783321232318889,ad6c3c8fa4973966535deb4e98a22cf2da0017cf359f990f3ff551cddac407d0,a00cf530564c6923c37a6e5b89541020ffda79ff5488c87cbb71a9cc29f4fa9c,150,2555,255,2300,6.130285243733856,43.38028524373386,118.65333333333334,136.0,6.822791295718245,0.9698582186720615,150,150,150,150,150,1.0,1.0,1.0,1.0,1.0,raw_runs/validation/attack_random_continuous/level_120/pair_06.jsonl.gz,1d5ce4f8669cb9d7c5c55a355fbdd73f191a5355b17e12c663847a22dd582d86
validation,continuous,attack_random_continuous,attack,120,7,5475527399028966433,15282131669469359278,7244259740160083180,745b00006f7aa1831e4cb1153583f26e3416f59e5a6edec463e4268f957d5fcb,150292d16a3b8b342bedf3bd424d567617f21e9666d4addaeda5b547135cd36d,150,2642,240,2402,6.2217785369659975,43.471778536966,121.60666666666667,145.0,6.858711987454047,0.9705509716564491,150,150,150,150,150,1.0,1.0,1.0,1.0,1.0,raw_runs/validation/attack_random_continuous/level_120/pair_07.jsonl.gz,74ad1d2c6cdb5dfd9df30a43e9f6077e1b20cf2c2d00c5ff42a67bc5f1b4e9ce
validation,continuous,attack_random_continuous,attack,120,8,8501697092527940708,1068103047378825753,2777024546394964725,ff45bea18e0d0d79b2caff931a209522e59b796334c9b317a7e51652e15ab607,78ec999ffe959b4a28c9733ca888e0c6e46651c894ea8b4c307f4e1ad63ae731,150,2612,239,2373,6.202483654908547,43.45248365490855,122.36,138.54999999999998,6.8743667574580805,0.9731268233007694,150,150,150,150,150,1.0,1.0,1.0,1.0,1.0,raw_runs/validation/attack_random_continuous/level_120/pair_08.jsonl.gz,722e596afe376b93556ec6a21f573249f50953b1b32f9b7b3ce60026ef8132c4
validation,continuous,attack_random_continuous,attack,120,9,5766102741234575094,8092898047589033730,10253568787418113995,69ad04d76e05fed7307543b039f8beca20e53d6184de4ebdb2ef81b786977665,e7596ac415aed9cfd0c7ddc4cfb07a40979bf84635652401143891b81a6d36f1,150,2541,256,2285,6.126538218657421,43.37653821865742,116.42,130.0,6.798915603251598,0.9697438663516051,150,150,150,150,150,1.0,1.0,1.0,1.0,1.0,raw_runs/validation/attack_random_continuous/level_120/pair_09.jsonl.gz,5fa9eb0125b8017672dc6760651d468581ca79424f329076954bb7b2e04b367c
validation,continuous,attack_random_continuous,attack,200,0,16896053770025021303,7915734813195450471,8231911945203942939,d6271e64fe10dbc2de2748330b2473a4ff26d331ff00fb33f1da72be1ffa418a,49de654accff696dd3955f93e610af300ed809d256b843322d67cbea27ac4443,150,4325,415,3910,6.18261570604099,43.43261570604099,201.19333333333333,220.0,7.5460879242159535,0.9487462710624133,150,150,150,150,150,1.0,1.0,1.0,1.0,1.0,raw_runs/validation/attack_random_continuous/level_200/pair_00.jsonl.gz,e0b144b14e2a6f3f29aaf412c69b3c98745750e0eb76b5f0b6edb7a5578afb35
validation,continuous,attack_random_continuous,attack,200,1,12538011232869618596,8804615315091063918,1117926664143346037,458ca73347d2aa06e857410a017cc7fbb82c07e72e6832f1b324521941ae5fbb,4b2a8e3c3476ea778f76c888c9ed72faf00dd3ee05a7859497f54eddf8a0e7a8,150,4410,451,3959,6.154319324939192,43.404319324939195,203.68,227.54999999999998,7.569591030370033,0.951555585225389,150,150,150,150,150,1.0,1.0,1.0,1.0,1.0,raw_runs/validation/attack_random_continuous/level_200/pair_01.jsonl.gz,d464e8ce57cff064c6314a884d787250bcae49d2ec171b28f0800e95c4eed9cf
validation,continuous,attack_random_continuous,attack,200,2,11803072693694383989,3280735146631786287,7574578603076473712,1eeed2f06e4816d892330161aa88972a9e3eae28b647ad0004039b8b3854d04a,babdf68d65c3a150f943baf868dec2a73d7c668c7b11eb3fb5a5534a6de378fd,150,4296,425,3871,6.052010389897435,43.30201038989743,197.85333333333332,217.54999999999998,7.526515478362744,0.9510043477106255,150,150,150,150,150,1.0,1.0,1.0,1.0,1.0,raw_runs/validation/attack_random_continuous/level_200/pair_02.jsonl.gz,c0478e9628ac7d3bf433d557c032a913264bd355aca9f509e7938480669f3825
validation,continuous,attack_random_continuous,attack,200,3,13487829710686587815,3110413854763646972,14375239042879919327,461c3c52a43c19eb111f881ccb78973890f3530d60df070b6555a88b1ed8cf5f,c7a5e684a27a7e21f92dbcd61b04737eefc3f50f1898d2c978ffa2099d79b129,150,4336,479,3857,6.144175744707097,43.3941757447071,201.08,222.0,7.552282320129887,0.952575213887835,150,150,150,150,150,1.0,1.0,1.0,1.0,1.0,raw_runs/validation/attack_random_continuous/level_200/pair_03.jsonl.gz,b3764dec9ab61dc61ba05969eeadf5dd7f5543231344549c42c184a2786fe507
validation,continuous,attack_random_continuous,attack,200,4,17380600800855691167,16011601727573698192,12398794957643940410,2b65dd9d583f256af599240663a48e8af3ae34531cde52ba43851b44e9dc7cb9,e4c9876a8521bd3fa9362756cccba28cc573e755147e119f0c5a96835c839aa4,150,4325,453,3872,6.22212131014862,43.47212131014862,199.85333333333332,220.09999999999997,7.5316775864839745,0.9466138480550986,150,150,150,150,150,1.0,1.0,1.0,1.0,1.0,raw_runs/validation/attack_random_continuous/level_200/pair_04.jsonl.gz,cecf76c444e34bda35a16e92d6038f5894f7ef0d5edcee488b6110e4850f3247
validation,continuous,attack_random_continuous,attack,200,5,5754068155048241029,7449902621578396747,10331475047854051179,6716731180adf8e012de2621d72b24e94323bf2ba4ac00d394f14d6e77596aec,2ca5a3900f68bec8d63da7bd6ebb998ad932370ab92ec786ff9afe1690bdce2c,150,4297,409,3888,6.018876585395886,43.26887658539589,197.58666666666667,219.09999999999997,7.538498064231148,0.9581927132195195,150,150,150,150,150,1.0,1.0,1.0,1.0,1.0,raw_runs/validation/attack_random_continuous/level_200/pair_05.jsonl.gz,a291f1d558f468d7ffe30d4ae65c9f4990156cea7fa2ef98cefe4e77986b37fe
validation,continuous,attack_random_continuous,attack,200,6,1645876900916925604,11395646348622656676,15150904445225529976,4caba74a1e76bfc43bb2d36e877e2149fe722ddda77bed53f9631785ce26a7fa,02af9b8e34616e4f235ff77928b82a1589a836b21919c267f03dfc478ddc7707,150,4248,456,3792,6.215066865568912,43.465066865568915,196.43333333333334,220.09999999999997,7.523173689694641,0.9549701892030572,150,150,150,150,150,1.0,1.0,1.0,1.0,1.0,raw_runs/validation/attack_random_continuous/level_200/pair_06.jsonl.gz,52735a0f7b99d47992f7eb4029cff0ffc7cea9877daebe7f71c576fc5acd55db
validation,continuous,attack_random_continuous,attack,200,7,13114428025745130402,17453802610118128909,2208547583735058864,194af0a5e567e86261a5fd8a25a6cb5ab3864ab4a56440e35d025de9b7c01246,bbe61de2834f8e66476b60e335705e0e7f225752fee9951295ebffeee28f8d70,150,4305,435,3870,6.09499432545937,43.34499432545937,198.93333333333334,223.54999999999998,7.544401822963428,0.9563536362513916,150,150,150,150,150,1.0,1.0,1.0,1.0,1.0,raw_runs/validation/attack_random_continuous/level_200/pair_07.jsonl.gz,5c534ddf9df6314dcf1d60dbd54a9715683e40aa87cc70ea68d2a8822de2b130
validation,continuous,attack_random_continuous,attack,200,8,3250270310716571915,1919140345050504339,14733208443446674703,e7a38b8a3d056b80a21ee2c4b6debfb3d2ff9785ff0bb2b2157bf722b2b9c777,ae07c3368e62aeafea0b94897588d6724e69ca60604c851f11be637bf4d6aa42,150,4283,430,3853,6.135860151302833,43.385860151302836,197.49333333333334,216.0,7.531968555078156,0.9544980244439993,150,150,150,150,150,1.0,1.0,1.0,1.0,1.0,raw_runs/validation/attack_random_continuous/level_200/pair_08.jsonl.gz,dae355e0a0e100616b04fb1925bd15813cd78d141d3f7d13ebd77f3baec8aadb
validation,continuous,attack_random_continuous,attack,200,9,10896150874945073060,5621468427271071362,65348494313535359,ce998a2b1320976fd4587663369052d5a5216daf37c98ef6824807a0e06faeae,dd446559fe24ba267bf30cd96b8dc5236cd0d2cc8c4339d55a809266e2bb32e6,150,4340,418,3922,6.024578123710188,43.274578123710185,201.11333333333334,219.54999999999998,7.554904749349019,0.9536493441416141,150,150,150,150,150,1.0,1.0,1.0,1.0,1.0,raw_runs/validation/attack_random_continuous/level_200/pair_09.jsonl.gz,5d8189971902cd73d8593676268740391a9f182ca20cc358fcd8bc8f9b05d246
validation,continuous,attack_sweep_continuous,attack,24,0,3673551644062057245,4272863141513858583,3600039962718818843,fb07342938fec45439127d2e1d8c26f583971febc53554148bd9a789dbdafe21,8ec02c12bcc2c5e246b29e23a6e5e66e87a48660a8000f2f0df21dc38d16a9c3,150,550,56,494,6.234382007816665,43.48438200781666,25.64,33.54999999999998,4.65393076396461,0.9985811634718569,150,104,104,149,150,1.0,0.6933333333333334,0.6933333333333334,0.9933333333333333,1.0,raw_runs/validation/attack_sweep_continuous/level_24/pair_00.jsonl.gz,c2e2c5d2136776f9d69365f9f3737b099836b9a752dafd8c5e5bd9b5fda45330
validation,continuous,attack_sweep_continuous,attack,24,1,11431027195870344778,1373759827185832907,4393618039585266875,a9e1d50711b4b792183496ef9a70751c247e59ccaf442553977ea84ea50f0781,b8856205d8fe638b223dbd1331f7d82401bef456a86199a8036ba3ff4f90dd9e,150,469,64,405,6.0686765558200895,43.31867655582009,22.0,29.549999999999983,4.429615919781621,0.9981550341231501,150,51,51,146,150,1.0,0.34,0.34,0.9733333333333334,1.0,raw_runs/validation/attack_sweep_continuous/level_24/pair_01.jsonl.gz,742e96c8a883f1a8c7cfef954d5cbaa994391b02cfceda18024dbd955600273c
validation,continuous,attack_sweep_continuous,attack,24,2,12954679955638620947,12589799611093494771,15689123111886288824,91cf690c0f95948dbb1569633897bde05fbd5c7d4a5a53f037809106f433c30b,ae6be09285f96ebc26bf67c5fe44de83b5f934c15a6d30a25323d238d7105e06,150,484,45,439,6.053308136644306,43.303308136644304,21.966666666666665,32.0,4.41271322898247,0.995480297843787,150,46,46,138,150,1.0,0.30666666666666664,0.30666666666666664,0.92,1.0,raw_runs/validation/attack_sweep_continuous/level_24/pair_02.jsonl.gz,d6d83be40e1f140772935b8ebdddfce0f57f2288fa9dc9c6a56d63b706e5dfe2
validation,continuous,attack_sweep_continuous,attack,24,3,8481146232666450752,9354429047332502121,7991873446317471074,91813afacb029de2f556df19d50ba83b798a478783538a65a998d8ad391745d5,552b7cf1e5a6d856eebcfe1f8a498e19d665b08185b1363390d1ba8c7dcd4f3e,150,505,50,455,6.118608159310356,43.368608159310355,23.18,30.549999999999983,4.501681791433633,0.9990198775256247,150,69,69,142,150,1.0,0.46,0.46,0.9466666666666667,1.0,raw_runs/validation/attack_sweep_continuous/level_24/pair_03.jsonl.gz,7cb57f3237c4bf0d9a51f196085d82813c7f9c9f056bc2848143dbde4e3ad846
validation,continuous,attack_sweep_continuous,attack,24,4,13567976593199891232,11869737719354102219,17548581696474634520,f4c2df7f5513326ed57afe93c65eac68719bd84f5aec16f708127b73166b11f9,ff47fc763476040f84b17d9cfd8ccba4dcd467d5ae48bb5a73a9ecaf12d573e1,150,526,61,465,6.20645561119592,43.45645561119592,24.393333333333334,32.0,4.5836459209924385,1.0,150,83,83,146,150,1.0,0.5533333333333333,0.5533333333333333,0.9733333333333334,1.0,raw_runs/validation/attack_sweep_continuous/level_24/pair_04.jsonl.gz,0c9d1d7d36a95bb86c1905170d9bbeb6bced86c812d8c8113bb7734107ef4910
validation,continuous,attack_sweep_continuous,attack,24,5,14241141027202146377,16910298076832345794,3699736852854788280,1f9121ac152c6882ee96f718a5dae8e7b40da447a9e387533a1e365bc8cf6700,1d030f3309014c8c5ad0b8a16120dfc8da7d3000310eea7a70aacffe998f13c0,150,494,43,451,6.060113195098379,43.31011319509838,22.2,30.0,4.424620272414363,0.9982719222235352,150,69,69,132,150,1.0,0.46,0.46,0.88,1.0,raw_runs/validation/attack_sweep_continuous/level_24/pair_05.jsonl.gz,465c08bf917521c6d16c445c665ea49a7824094dd33229d7c711f6b93d009f1b
validation,continuous,attack_sweep_continuous,attack,24,6,7562000033540531603,14073620602045082575,5668466957207999156,3e1d1ae872ba53d15b30c68cded763e68f28b7777d7bfcb41a5d4b2cca3fd1d4,9233860205900d7a7bad89f908266f29b96aa919c8eecb6e40853be5e3aaf14b,150,507,57,450,6.21052951230692,43.46052951230692,23.92,33.0,4.534133622190385,0.9978944162118074,150,82,82,136,150,1.0,0.5466666666666666,0.5466666666666666,0.9066666666666666,1.0,raw_runs/validation/attack_sweep_continuous/level_24/pair_06.jsonl.gz,66b354cfcda467668c239cd2ac5d2cd37f2eca40fa33ad0cb8272508f70c115e
validation,continuous,attack_sweep_continuous,attack,24,7,11011284618895436610,11117433691203936528,3758363398187790755,a53208d4cfed82c653319bf36340628a872828b79a5bd8f809f895e84a367edf,f75847213f086350b45395d0c54a77f72f05381e8fe5e73b655faa9dd8691aa5,150,479,46,433,6.108341395269573,43.358341395269576,22.18,30.0,4.435840554085924,1.0,150,57,57,138,150,1.0,0.38,0.38,0.92,1.0,raw_runs/validation/attack_sweep_continuous/level_24/pair_07.jsonl.gz,ca5ed10e7f84adaa1776628d8d259ed0b7d6d8418fbf93079c07ec18d9b1ffde
validation,continuous,attack_sweep_continuous,attack,24,8,9701534151890880810,8462130559846442702,16462701045538903159,a21d77cde21f535d30cc4ef65e963d26999f6ff61f6635be45787d35a80b8840,b16edd50e7dbe7151e0b269efa169f5de231766f33b5b794a4a9ae29ba786114,150,497,58,439,6.238899994528942,43.48889999452894,23.133333333333333,30.549999999999983,4.503548742933984,0.998462393705886,150,70,70,147,150,1.0,0.4666666666666667,0.4666666666666667,0.98,1.0,raw_runs/validation/attack_sweep_continuous/level_24/pair_08.jsonl.gz,456eba9b29282e85e08a3db347bd76b330acf6435fd8bcdcf69aad04b571172b
validation,continuous,attack_sweep_continuous,attack,24,9,3976943928879552847,8540069899174104864,8804673050268048838,1081ae5b56553c8f390b4700629b9b71e020023a1a2be738b72417cb41015fb8,cf6eb75dbf1c6c7ddfffb34bfafb8c554fc2ef7c6a3aa2296d43aeb05c2ee40a,150,521,55,466,6.156191287871627,43.40619128787163,23.726666666666667,33.0,4.530818747203239,0.9984930697654837,150,76,76,143,150,1.0,0.5066666666666667,0.5066666666666667,0.9533333333333334,1.0,raw_runs/validation/attack_sweep_continuous/level_24/pair_09.jsonl.gz,7b60a7a1ce48fffb9e41a7b7b27f5ce76b89c7d88baf4e8c96f86f97238c488b
validation,continuous,attack_sweep_continuous,attack,60,0,10210537045640306180,13039003191039599806,4526444219281526515,432e7cf0167ffff5015f177e868903b025b6012c361f4dc8591bed2a990075b6,dc17a0a294b99a0e55c19a7a2e0221fbcf7962e5d412f173d0ff2da47f5391e3,150,1253,125,1128,6.096508261760505,43.346508261760505,58.513333333333335,67.54999999999998,5.854413571700868,0.995901960537957,150,150,150,150,150,1.0,1.0,1.0,1.0,1.0,raw_runs/validation/attack_sweep_continuous/level_60/pair_00.jsonl.gz,01bca263c53615424888967b819b861c059e5b58129d8e2c195b68efc5864c85
validation,continuous,attack_sweep_continuous,attack,60,1,9928620648339921539,13239255145390138332,3156664600883177212,f806be8f1d08a3c802846997cc171ae87c409a4def8d277e0ddbd86427fea4f5,d7f309cf0ee52ec0146e0ba6749b2d83c249956c04f7284f33c0951bd783f552,150,1300,125,1175,6.041834152060623,43.29183415206062,61.14666666666667,72.0,5.920354073126049,0.9983331469661505,150,150,150,150,150,1.0,1.0,1.0,1.0,1.0,raw_runs/validation/attack_sweep_continuous/level_60/pair_01.jsonl.gz,a7c6a08a1e7a84025a95cad56aab69a19e9d760cbfe60f3aaf9b55beba4f1e68
validation,continuous,attack_sweep_continuous,attack,60,2,7522586624996396663,1904021104845447304,14102247575870772316,d2b71f52ceecbf342579d1571f68e0f1d2711a30c78f79aae3d4658162745f14,b2e824f41c5eff2c7d8e2a5adc0db00dadd68cba4af3a2cc0e9cb553270a7ac7,150,1292,117,1175,6.096715117160257,43.34671511716026,60.02,70.0,5.894837975058278,0.9980292421337951,150,150,150,150,150,1.0,1.0,1.0,1.0,1.0,raw_runs/validation/attack_sweep_continuous/level_60/pair_02.jsonl.gz,f2f38abf245fa5ce3d3c5f432a644fc880e9e7865a971c8423d4078804e00ac3
validation,continuous,attack_sweep_continuous,attack,60,3,15433724244603090679,170838089815200015,8307416916918236137,766c44fb198452664208bb17f3b5b1b2ada57638283775597bf28db552614f47,ecb7eb14591604a6f525019511ec44cdbcbeb5ccd772bb30b8bacf482a0b7a70,150,1317,121,1196,6.249703722032016,43.49970372203202,61.346666666666664,75.54999999999998,5.9247722077185845,0.9981065932150237,150,150,150,150,150,1.0,1.0,1.0,1.0,1.0,raw_runs/validation/attack_sweep_continuous/level_60/pair_03.jsonl.gz,fd33a2ecc9f1d913eb62f91ab8eb6fdf794a5f08655277c4fec472fd5db608da
validation,continuous,attack_sweep_continuous,attack,60,4,11038982360530583690,2879818582982038012,1687596631635583873,1bffbd8b05a1b296883a05ee643d663048b9eb46dee92f25f52f467c972f8aac,10aebaaf39f44f893f4beb2a79dcd0598e417106e097f6242e7d5f779dccd75b,150,1338,122,1216,6.104050882513569,43.35405088251357,62.846666666666664,73.0,5.958493386051151,0.9984084338230385,150,150,150,150,150,1.0,1.0,1.0,1.0,1.0,raw_runs/validation/attack_sweep_continuous/level_60/pair_04.jsonl.gz,8dc3e20200cbbc79b6ca43d941e5760f63680f5eb102dfc5d1da4b4c5355af90
validation,continuous,attack_sweep_continuous,attack,60,5,6501249040653453308,14162299130731498581,13974591106324520100,c1766199a63860dc224df676938cb39518f0b2e13132f3694b7f2976c5cf3bc5,a2d4ea153522c3022f8a38c0fafe94fcf1383a45889fd136f62c9586ac83a57a,150,1299,112,1187,6.151044227420136,43.40104422742014,59.96666666666667,73.64999999999995,5.8912821520479515,0.9980133618507606,150,150,150,150,150,1.0,1.0,1.0,1.0,1.0,raw_runs/validation/attack_sweep_continuous/level_60/pair_05.jsonl.gz,96589d534b374c58427f67e66ee062330ce26481809ad2d1e2af4dc0eddfeab0
validation,continuous,attack_sweep_continuous,attack,60,6,6930678653229076526,15252313809878852804,1929803285500245700,74c3a65c7a39890555ea2ef83745a4f894f8dfd29f5f26fd0bac85d8a0067dfa,f11c305251a34ed3f342b0762eb9f4ae368d3534254260742db3795d4a88e21b,150,1360,151,1209,6.058917278961883,43.308917278961886,62.166666666666664,73.0,5.94036407253622,0.9951209277741516,150,150,150,150,150,1.0,1.0,1.0,1.0,1.0,raw_runs/validation/attack_sweep_continuous/level_60/pair_06.jsonl.gz,af37094176f92655c30d2867ec644a6b84de2010b2d085e6cf789989bb31dcc2
validation,continuous,attack_sweep_continuous,attack,60,7,1348166448913175725,7166705425644547172,7331645877987769065,3b3fd4ca1b418b46ae160232bb7ea9df85fab8cb2f885b3ee5869b7b7025ba7a,f81ee852ae94da7149be986556ca359f297c99f61e31a0e3ba1f71fedfd22019,150,1312,116,1196,6.067832573126943,43.31783257312694,61.333333333333336,73.54999999999998,5.923430364953412,0.997040569912473,150,150,150,150,150,1.0,1.0,1.0,1.0,1.0,raw_runs/validation/attack_sweep_continuous/level_60/pair_07.jsonl.gz,c381ff430e47763797e3b0179c10fec949acee01d707e1dbc8368dc02db00bc1
validation,continuous,attack_sweep_continuous,attack,60,8,2223942126534782594,5544788755826056274,14529402812443370674,687d2a424be8b8efd7ebf54bd349725ce473ed065b0e4342220727021dd22ae6,5cc8e935f87b1631f0e1b192bf6d26c2e454e8bbf28c437a13417a080fd88846,150,1298,130,1168,6.179456669312525,43.42945666931252,60.4,75.54999999999998,5.895509996333087,0.9984787279514552,150,150,150,150,150,1.0,1.0,1.0,1.0,1.0,raw_runs/validation/attack_sweep_continuous/level_60/pair_08.jsonl.gz,bc0acc32c3016f47b998a8277e98c45d9c08912130fb86d20674a0366c0e0a1e
validation,continuous,attack_sweep_continuous,attack,60,9,3808796865063232507,11435988634758829509,4681694650915699469,cf763193d6503c3b26a2d262b080f3dc840c3b1ee7e0afe4f074062cd16a82ee,3bf8fc385035b10083c69f200712171afc9f035e471f6854a7c655fcb25ad4ba,150,1289,132,1157,6.052958211818615,43.30295821181861,60.193333333333335,73.0,5.899258471744322,0.9993740813759238,150,150,150,150,150,1.0,1.0,1.0,1.0,1.0,raw_runs/validation/attack_sweep_continuous/level_60/pair_09.jsonl.gz,9a46514f1be11153ebb46d40271c6ecf142446fa9029a537dc9df56e9a2a4c2b
validation,continuous,attack_sweep_continuous,attack,120,0,3323202025522884144,3919892587191201774,10719456450323330052,4f7d26939bdc094d331838e7dfb08cf8839a752aa877c57d268901071658ce2a,998fc28387fb7d73904539ade66efdbdfb35ece6899bfdca7883835a29321836,150,2632,236,2396,6.081800537081934,43.33180053708193,121.39333333333333,139.54999999999998,6.910877018151838,0.9958652358133558,150,150,150,150,150,1.0,1.0,1.0,1.0,1.0,raw_runs/validation/attack_sweep_continuous/level_120/pair_00.jsonl.gz,171d1457ba5c7d791ec0557bea6330b3ab84c53f574fbc7f96d5759d6e3b5249
validation,continuous,attack_sweep_continuous,attack,120,1,3632502082100150952,14458099276214665080,14814841107287113937,1d4f49b35b6c995a11a6613ae248928dfcefa7acede0dea72c411fbb22260b60,b58d9de989e3ffccc49fda66a98bdc5162c04a628e35305eb26665e94523ff91,150,2573,268,2305,6.1581349055919,43.4081349055919,118.68666666666667,131.54999999999998,6.878696499915647,0.9958452765901692,150,150,150,150,150,1.0,1.0,1.0,1.0,1.0,raw_runs/validation/attack_sweep_continuous/level_120/pair_01.jsonl.gz,08173aaf965ce4f42cc3d74795c2ae817f30c2814d46188d7e96ac68e8f45631
validation,continuous,attack_sweep_continuous,attack,120,2,574697187446849259,10357320109490916321,14855910822742699395,6fcc7db4f9ae8ad6676ef76e42cef9fdedcea064fb271a63a2b50315bf5c751b,1d14aa4af616e9e5a9f146fcfd6bdac98b14b8d30e6b56ebac7abf463c5cc135,150,2582,259,2323,6.17128757904506,43.42128757904506,118.39333333333333,136.0,6.872150594319998,0.99547109938642,150,150,150,150,150,1.0,1.0,1.0,1.0,1.0,raw_runs/validation/attack_sweep_continuous/level_120/pair_02.jsonl.gz,3c44eeef15eee353268e37647ee9e59d59290c0d3a0b156c07d87590eb566d49
validation,continuous,attack_sweep_continuous,attack,120,3,14773419784552033624,3391129516678855901,2110115534338016198,6e5ac5ac60082f0e223fd2ed8b4f0d0fda254516fc6e92fcc714d958bb72aedb,716f6ed0ae59ef6db109c7263d0a530cd6a43c9a99551ed72df8a50452007d00,150,2629,249,2380,6.040220111687934,43.29022011168794,119.33333333333333,135.0,6.882824079981228,0.9944927117782257,150,150,150,150,150,1.0,1.0,1.0,1.0,1.0,raw_runs/validation/attack_sweep_continuous/level_120/pair_03.jsonl.gz,e9229e987b6e8dcbd7f9e4e4a3386cec09d2011a08031b31125bc0de7bad89ef
validation,continuous,attack_sweep_continuous,attack,120,4,15448474526324906631,9601861437639727442,12677898324842662800,3783307b7d364f98e92e8853f4b632cf42f62aac444f97a8de8b804604931242,a9544cb0934dc26840e3afc1d98fb4fe5ff7a891bf1303b9946a769654b80f2e,150,2637,247,2390,6.087009859121857,43.337009859121856,120.34,134.54999999999998,6.897270867419342,0.9954673745850744,150,150,150,150,150,1.0,1.0,1.0,1.0,1.0,raw_runs/validation/attack_sweep_continuous/level_120/pair_04.jsonl.gz,85169f441f89f3d09d07f95cfd37d5eec7d648f0e549fd758b6a3b7c2f89136d
validation,continuous,attack_sweep_continuous,attack,120,5,1377657481134050107,1823639970583859415,14854723662357890916,1b2b1942753879cc50aa4bd5bffe38e68cc49f8de5611616b98f39260236b3e4,e909e1c5ca1dbc68e129a0f8a280b0b6e65707f643dbd55d9c102db9ddf9ece7,150,2681,286,2395,6.02450567884228,43.27450567884228,122.24666666666667,140.54999999999998,6.915304241881232,0.993372730395759,150,150,150,150,150,1.0,1.0,1.0,1.0,1.0,raw_runs/validation/attack_sweep_continuous/level_120/pair_05.jsonl.gz,8941b255d05ec18b47298d4ca5b097e7fa59e47fd342458ced78a302129d1148
validation,continuous,attack_sweep_continuous,attack,120,6,8400009760640007586,14621289125797335566,5299685343215441457,ad6c3c8fa4973966535deb4e98a22cf2da0017cf359f990f3ff551cddac407d0,a00cf530564c6923c37a6e5b89541020ffda79ff5488c87cbb71a9cc29f4fa9c,150,2555,227,2328,6.130285243733856,43.38028524373386,118.65333333333334,136.0,6.871970286807643,0.9941044749095821,150,150,150,150,150,1.0,1.0,1.0,1.0,1.0,raw_runs/validation/attack_sweep_continuous/level_120/pair_06.jsonl.gz,bb3c9fd8acb4a59f8c0905d17559dbcd9322da2294b728db5c9c4785ce4262ad
validation,continuous,attack_sweep_continuous,attack,120,7,5475527399028966433,15282131669469359278,4695543413278280149,745b00006f7aa1831e4cb1153583f26e3416f59e5a6edec463e4268f957d5fcb,150292d16a3b8b342bedf3bd424d567617f21e9666d4addaeda5b547135cd36d,150,2642,249,2393,6.2217785369659975,43.471778536966,121.60666666666667,145.0,6.911524896683378,0.9966960106579855,150,150,150,150,150,1.0,1.0,1.0,1.0,1.0,raw_runs/validation/attack_sweep_continuous/level_120/pair_07.jsonl.gz,02e6357b148ed60d66d21f3e8ab45633ef62081aa7fd63e074899385f71944ff
validation,continuous,attack_sweep_continuous,attack,120,8,8501697092527940708,1068103047378825753,5985807260556870273,ff45bea18e0d0d79b2caff931a209522e59b796334c9b317a7e51652e15ab607,78ec999ffe959b4a28c9733ca888e0c6e46651c894ea8b4c307f4e1ad63ae731,150,2612,251,2361,6.202483654908547,43.45248365490855,122.36,138.54999999999998,6.919786262570406,0.9955659966310973,150,150,150,150,150,1.0,1.0,1.0,1.0,1.0,raw_runs/validation/attack_sweep_continuous/level_120/pair_08.jsonl.gz,bf3ba0c464a9678334e4c0c1607c4a8ea11ca518f557dbf5c7013be9400d771f
validation,continuous,attack_sweep_continuous,attack,120,9,5766102741234575094,8092898047589033730,8599978668378951321,69ad04d76e05fed7307543b039f8beca20e53d6184de4ebdb2ef81b786977665,e7596ac415aed9cfd0c7ddc4cfb07a40979bf84635652401143891b81a6d36f1,150,2541,244,2297,6.126538218657421,43.37653821865742,116.42,130.0,6.848929789414148,0.9945433152522521,150,150,150,150,150,1.0,1.0,1.0,1.0,1.0,raw_runs/validation/attack_sweep_continuous/level_120/pair_09.jsonl.gz,07a1fedce56ed9ed80c4f04e9ea97baaf27b7881364379a8307be9f26f23752d
validation,continuous,attack_sweep_continuous,attack,200,0,16896053770025021303,7915734813195450471,7095599656311807234,d6271e64fe10dbc2de2748330b2473a4ff26d331ff00fb33f1da72be1ffa418a,49de654accff696dd3955f93e610af300ed809d256b843322d67cbea27ac4443,150,4325,414,3911,6.18261570604099,43.43261570604099,201.19333333333333,220.0,7.629834917391666,0.9898070050357537,150,150,150,150,150,1.0,1.0,1.0,1.0,1.0,raw_runs/validation/attack_sweep_continuous/level_200/pair_00.jsonl.gz,09b29334f506e186048e6ecdca611e1db7a63eac3370c9eb40fb961cf99d9309
validation,continuous,attack_sweep_continuous,attack,200,1,12538011232869618596,8804615315091063918,130051642864853068,458ca73347d2aa06e857410a017cc7fbb82c07e72e6832f1b324521941ae5fbb,4b2a8e3c3476ea778f76c888c9ed72faf00dd3ee05a7859497f54eddf8a0e7a8,150,4410,453,3957,6.154319324939192,43.404319324939195,203.68,227.54999999999998,7.6492639880811115,0.9910566846472568,150,150,150,150,150,1.0,1.0,1.0,1.0,1.0,raw_runs/validation/attack_sweep_continuous/level_200/pair_01.jsonl.gz,be7daf4a24cc6c1af28d76e16b049c8bca02b0c8489f199e35e0bf26306ff9bb
validation,continuous,attack_sweep_continuous,attack,200,2,11803072693694383989,3280735146631786287,15411845028979792376,1eeed2f06e4816d892330161aa88972a9e3eae28b647ad0004039b8b3854d04a,babdf68d65c3a150f943baf868dec2a73d7c668c7b11eb3fb5a5534a6de378fd,150,4296,380,3916,6.052010389897435,43.30201038989743,197.85333333333332,217.54999999999998,7.610205330755252,0.9925513665745048,150,150,150,150,150,1.0,1.0,1.0,1.0,1.0,raw_runs/validation/attack_sweep_continuous/level_200/pair_02.jsonl.gz,b1d4c8dd6acdaab9a3bd6408e2ccea6258678c2641bfe9eef1f93d4112c0f1b4
validation,continuous,attack_sweep_continuous,attack,200,3,13487829710686587815,3110413854763646972,16585377949257669122,461c3c52a43c19eb111f881ccb78973890f3530d60df070b6555a88b1ed8cf5f,c7a5e684a27a7e21f92dbcd61b04737eefc3f50f1898d2c978ffa2099d79b129,150,4336,436,3900,6.144175744707097,43.3941757447071,201.08,222.0,7.629586560025173,0.9908622215826449,150,150,150,150,150,1.0,1.0,1.0,1.0,1.0,raw_runs/validation/attack_sweep_continuous/level_200/pair_03.jsonl.gz,570057fa7149929354239afdaf6720f56fbca9151d0f6d76578883a257f7a6a4
validation,continuous,attack_sweep_continuous,attack,200,4,17380600800855691167,16011601727573698192,10827877655160664180,2b65dd9d583f256af599240663a48e8af3ae34531cde52ba43851b44e9dc7cb9,e4c9876a8521bd3fa9362756cccba28cc573e755147e119f0c5a96835c839aa4,150,4325,440,3885,6.22212131014862,43.47212131014862,199.85333333333332,220.09999999999997,7.6212321819052855,0.9906573279010573,150,150,150,150,150,1.0,1.0,1.0,1.0,1.0,raw_runs/validation/attack_sweep_continuous/level_200/pair_04.jsonl.gz,370f5523c0463cdf70409463ecfacd63f342b1c2e20c8f09fad97d8bc149e7ba
validation,continuous,attack_sweep_continuous,attack,200,5,5754068155048241029,7449902621578396747,2262214082512400504,6716731180adf8e012de2621d72b24e94323bf2ba4ac00d394f14d6e77596aec,2ca5a3900f68bec8d63da7bd6ebb998ad932370ab92ec786ff9afe1690bdce2c,150,4297,419,3878,6.018876585395886,43.26887658539589,197.58666666666667,219.09999999999997,7.6026068944066445,0.9897636391121782,150,150,150,150,150,1.0,1.0,1.0,1.0,1.0,raw_runs/validation/attack_sweep_continuous/level_200/pair_05.jsonl.gz,8d233b115539c58796cfb9d8a7fab2c47db3a503e92420f4f49ca213d65a1ac4
validation,continuous,attack_sweep_continuous,attack,200,6,1645876900916925604,11395646348622656676,7308285307794835667,4caba74a1e76bfc43bb2d36e877e2149fe722ddda77bed53f9631785ce26a7fa,02af9b8e34616e4f235ff77928b82a1589a836b21919c267f03dfc478ddc7707,150,4248,423,3825,6.215066865568912,43.465066865568915,196.43333333333334,220.09999999999997,7.591620445387194,0.9888619913079727,150,150,150,150,150,1.0,1.0,1.0,1.0,1.0,raw_runs/validation/attack_sweep_continuous/level_200/pair_06.jsonl.gz,3a5c5e1784de35036ecded7aab887ff3073a81b77f5912ab20f5af04bb4c55f7
validation,continuous,attack_sweep_continuous,attack,200,7,13114428025745130402,17453802610118128909,13768674352436381842,194af0a5e567e86261a5fd8a25a6cb5ab3864ab4a56440e35d025de9b7c01246,bbe61de2834f8e66476b60e335705e0e7f225752fee9951295ebffeee28f8d70,150,4305,419,3886,6.09499432545937,43.34499432545937,198.93333333333334,223.54999999999998,7.612449221084328,0.9898691952686982,150,150,150,150,150,1.0,1.0,1.0,1.0,1.0,raw_runs/validation/attack_sweep_continuous/level_200/pair_07.jsonl.gz,96a744c0789a44f5c9f224d40e904bafaa8e94f7bff9f52ce1e689e1a74a01a2
validation,continuous,attack_sweep_continuous,attack,200,8,3250270310716571915,1919140345050504339,1940069844330373828,e7a38b8a3d056b80a21ee2c4b6debfb3d2ff9785ff0bb2b2157bf722b2b9c777,ae07c3368e62aeafea0b94897588d6724e69ca60604c851f11be637bf4d6aa42,150,4283,464,3819,6.135860151302833,43.385860151302836,197.49333333333334,216.0,7.601929108042475,0.9892555549267172,150,150,150,150,150,1.0,1.0,1.0,1.0,1.0,raw_runs/validation/attack_sweep_continuous/level_200/pair_08.jsonl.gz,cd18eb2c658f0c823c0a31e2febaa0825607323d49b8d6ecfd69b1d0cbd9fb1e
validation,continuous,attack_sweep_continuous,attack,200,9,10896150874945073060,5621468427271071362,10810775267165848132,ce998a2b1320976fd4587663369052d5a5216daf37c98ef6824807a0e06faeae,dd446559fe24ba267bf30cd96b8dc5236cd0d2cc8c4339d55a809266e2bb32e6,150,4340,405,3935,6.024578123710188,43.274578123710185,201.11333333333334,219.54999999999998,7.625791855542412,0.9884832774119119,150,150,150,150,150,1.0,1.0,1.0,1.0,1.0,raw_runs/validation/attack_sweep_continuous/level_200/pair_09.jsonl.gz,cf889c0003c1d66bcc1adef88549e08d04882de875ab9e30f89b63d3e56c5838
validation,continuous,benign_continuous,benign,24,0,3673551644062057245,4272863141513858583,17886223019504002330,fb07342938fec45439127d2e1d8c26f583971febc53554148bd9a789dbdafe21,8ec02c12bcc2c5e246b29e23a6e5e66e87a48660a8000f2f0df21dc38d16a9c3,150,550,550,0,6.234382007816665,43.48438200781666,25.64,33.54999999999998,4.639741307584577,0.9914864352818408,150,104,104,149,150,1.0,0.6933333333333334,0.6933333333333334,0.9933333333333333,1.0,raw_runs/validation/benign_continuous/level_24/pair_00.jsonl.gz,2c2a0f2b86958122d41f1f99add5417a30b7ab103f662e3bf49fb49d70ea1e1e
validation,continuous,benign_continuous,benign,24,1,11431027195870344778,1373759827185832907,8278788210625467037,a9e1d50711b4b792183496ef9a70751c247e59ccaf442553977ea84ea50f0781,b8856205d8fe638b223dbd1331f7d82401bef456a86199a8036ba3ff4f90dd9e,150,469,469,0,6.0686765558200895,43.31867655582009,22.0,29.549999999999983,4.4265122688431875,0.9966032086539334,150,51,51,146,150,1.0,0.34,0.34,0.9733333333333334,1.0,raw_runs/validation/benign_continuous/level_24/pair_01.jsonl.gz,dabd51025c1e6be8540b8a037818a104946f5819b24b7f0fade0c8c1a3a281d8
validation,continuous,benign_continuous,benign,24,2,12954679955638620947,12589799611093494771,1586597214915507440,91cf690c0f95948dbb1569633897bde05fbd5c7d4a5a53f037809106f433c30b,ae6be09285f96ebc26bf67c5fe44de83b5f934c15a6d30a25323d238d7105e06,150,484,484,0,6.053308136644306,43.303308136644304,21.966666666666665,32.0,4.412542679051608,0.9953950228783562,150,46,46,138,150,1.0,0.30666666666666664,0.30666666666666664,0.92,1.0,raw_runs/validation/benign_continuous/level_24/pair_02.jsonl.gz,a364890867bea22e54800a84fe3594baffc39c2f6ae4e0fd0c4fda55b1a237e8
validation,continuous,benign_continuous,benign,24,3,8481146232666450752,9354429047332502121,685053397882332160,91813afacb029de2f556df19d50ba83b798a478783538a65a998d8ad391745d5,552b7cf1e5a6d856eebcfe1f8a498e19d665b08185b1363390d1ba8c7dcd4f3e,150,505,505,0,6.118608159310356,43.368608159310355,23.18,30.549999999999983,4.496660382272893,0.9965091729452551,150,69,69,142,150,1.0,0.46,0.46,0.9466666666666667,1.0,raw_runs/validation/benign_continuous/level_24/pair_03.jsonl.gz,ff59c1dd40546518195011ff4d92ebd98a0f7608c3f9ca7c6892e5104271f79d
validation,continuous,benign_continuous,benign,24,4,13567976593199891232,11869737719354102219,13624782941386030772,f4c2df7f5513326ed57afe93c65eac68719bd84f5aec16f708127b73166b11f9,ff47fc763476040f84b17d9cfd8ccba4dcd467d5ae48bb5a73a9ecaf12d573e1,150,526,526,0,6.20645561119592,43.45645561119592,24.393333333333334,32.0,4.5718888283576655,0.9941214536826143,150,83,83,144,150,1.0,0.5533333333333333,0.5533333333333333,0.96,1.0,raw_runs/validation/benign_continuous/level_24/pair_04.jsonl.gz,2861e27519e9349cca3384f44d6c881868f05f6d03cb7018c373a3325f84be60
validation,continuous,benign_continuous,benign,24,5,14241141027202146377,16910298076832345794,15403529883811425231,1f9121ac152c6882ee96f718a5dae8e7b40da447a9e387533a1e365bc8cf6700,1d030f3309014c8c5ad0b8a16120dfc8da7d3000310eea7a70aacffe998f13c0,150,494,494,0,6.060113195098379,43.31011319509838,22.2,30.0,4.41892017622721,0.9954218741299588,150,69,69,132,150,1.0,0.46,0.46,0.88,1.0,raw_runs/validation/benign_continuous/level_24/pair_05.jsonl.gz,29eaf5effa84fe2921b9025d98d6d7ca3986acf1ac5bec32696e3c3dbffa007e
validation,continuous,benign_continuous,benign,24,6,7562000033540531603,14073620602045082575,4174922517941567928,3e1d1ae872ba53d15b30c68cded763e68f28b7777d7bfcb41a5d4b2cca3fd1d4,9233860205900d7a7bad89f908266f29b96aa919c8eecb6e40853be5e3aaf14b,150,507,507,0,6.21052951230692,43.46052951230692,23.92,33.0,4.528931905156111,0.9952935576946701,150,82,82,136,150,1.0,0.5466666666666666,0.5466666666666666,0.9066666666666666,1.0,raw_runs/validation/benign_continuous/level_24/pair_06.jsonl.gz,440d0886b7a853c21dfc4c6a6d08c8ad5c432f1c656c5c89cc7a0071cf64154e
validation,continuous,benign_continuous,benign,24,7,11011284618895436610,11117433691203936528,1279602131603168311,a53208d4cfed82c653319bf36340628a872828b79a5bd8f809f895e84a367edf,f75847213f086350b45395d0c54a77f72f05381e8fe5e73b655faa9dd8691aa5,150,479,479,0,6.108341395269573,43.358341395269576,22.18,30.0,4.427832090714841,0.995995768314459,150,57,57,138,150,1.0,0.38,0.38,0.92,1.0,raw_runs/validation/benign_continuous/level_24/pair_07.jsonl.gz,d61dcff847659b09fe063fe5f305063765e09817b68625caf9f15da1ddc83937
validation,continuous,benign_continuous,benign,24,8,9701534151890880810,8462130559846442702,4346657267074607474,a21d77cde21f535d30cc4ef65e963d26999f6ff61f6635be45787d35a80b8840,b16edd50e7dbe7151e0b269efa169f5de231766f33b5b794a4a9ae29ba786114,150,497,497,0,6.238899994528942,43.48889999452894,23.133333333333333,30.549999999999983,4.4882325673741255,0.9908043059259565,150,70,70,147,150,1.0,0.4666666666666667,0.4666666666666667,0.98,1.0,raw_runs/validation/benign_continuous/level_24/pair_08.jsonl.gz,ff6bfa017d9dca858bfdc0ad836ecfbd5085e5a19457a49598af24071a95cbc5
validation,continuous,benign_continuous,benign,24,9,3976943928879552847,8540069899174104864,18139133323378751663,1081ae5b56553c8f390b4700629b9b71e020023a1a2be738b72417cb41015fb8,cf6eb75dbf1c6c7ddfffb34bfafb8c554fc2ef7c6a3aa2296d43aeb05c2ee40a,150,521,521,0,6.156191287871627,43.40619128787163,23.726666666666667,33.0,4.51411161816575,0.9901395052467391,150,76,76,142,150,1.0,0.5066666666666667,0.5066666666666667,0.9466666666666667,1.0,raw_runs/validation/benign_continuous/level_24/pair_09.jsonl.gz,3a9fec383d068ed4105c1dac62186a0a332038d3960699a81e288f10a45425c6
validation,continuous,benign_continuous,benign,60,0,10210537045640306180,13039003191039599806,10684412902463485517,432e7cf0167ffff5015f177e868903b025b6012c361f4dc8591bed2a990075b6,dc17a0a294b99a0e55c19a7a2e0221fbcf7962e5d412f173d0ff2da47f5391e3,150,1253,1253,0,6.096508261760505,43.346508261760505,58.513333333333335,67.54999999999998,5.837432510745282,0.9874114300601646,150,150,150,150,150,1.0,1.0,1.0,1.0,1.0,raw_runs/validation/benign_continuous/level_60/pair_00.jsonl.gz,5469a155b0d7faa427360721fba01d071aea61ab74f2d55302fcc4b8e8c7f5e3
validation,continuous,benign_continuous,benign,60,1,9928620648339921539,13239255145390138332,10911411366688118113,f806be8f1d08a3c802846997cc171ae87c409a4def8d277e0ddbd86427fea4f5,d7f309cf0ee52ec0146e0ba6749b2d83c249956c04f7284f33c0951bd783f552,150,1300,1300,0,6.041834152060623,43.29183415206062,61.14666666666667,72.0,5.897665414285486,0.986988817545869,150,150,150,150,150,1.0,1.0,1.0,1.0,1.0,raw_runs/validation/benign_continuous/level_60/pair_01.jsonl.gz,caf50c3ba78f41fa80203442ea5103fd31765aa2d11737c46e514762d57d34aa
validation,continuous,benign_continuous,benign,60,2,7522586624996396663,1904021104845447304,1380828949492438624,d2b71f52ceecbf342579d1571f68e0f1d2711a30c78f79aae3d4658162745f14,b2e824f41c5eff2c7d8e2a5adc0db00dadd68cba4af3a2cc0e9cb553270a7ac7,150,1292,1292,0,6.096715117160257,43.34671511716026,60.02,70.0,5.86430285799161,0.9828785377217851,150,150,150,150,150,1.0,1.0,1.0,1.0,1.0,raw_runs/validation/benign_continuous/level_60/pair_02.jsonl.gz,3df02bdbb6acbb10c0ac2a5b73bdf827a6a42498c22a9d1aaa50ee4e4986cf0a
validation,continuous,benign_continuous,benign,60,3,15433724244603090679,170838089815200015,4207319843745132643,766c44fb198452664208bb17f3b5b1b2ada57638283775597bf28db552614f47,ecb7eb14591604a6f525019511ec44cdbcbeb5ccd772bb30b8bacf482a0b7a70,150,1317,1317,0,6.249703722032016,43.49970372203202,61.346666666666664,75.54999999999998,5.907593911252304,0.9895174449818831,150,150,150,150,150,1.0,1.0,1.0,1.0,1.0,raw_runs/validation/benign_continuous/level_60/pair_03.jsonl.gz,1642d9c68908a15ccb6921be14c8784e75c8b626a1ef58e2ebe915ff6d8afc58
validation,continuous,benign_continuous,benign,60,4,11038982360530583690,2879818582982038012,5507030510362401424,1bffbd8b05a1b296883a05ee643d663048b9eb46dee92f25f52f467c972f8aac,10aebaaf39f44f893f4beb2a79dcd0598e417106e097f6242e7d5f779dccd75b,150,1338,1338,0,6.104050882513569,43.35405088251357,62.846666666666664,73.0,5.929975633942377,0.984149557768651,150,150,150,150,150,1.0,1.0,1.0,1.0,1.0,raw_runs/validation/benign_continuous/level_60/pair_04.jsonl.gz,801b9047a7a100d60bbeb8cf08ecd52ffcb4c1eb2495552cdfb94483f175fd06
validation,continuous,benign_continuous,benign,60,5,6501249040653453308,14162299130731498581,1572305598374283546,c1766199a63860dc224df676938cb39518f0b2e13132f3694b7f2976c5cf3bc5,a2d4ea153522c3022f8a38c0fafe94fcf1383a45889fd136f62c9586ac83a57a,150,1299,1299,0,6.151044227420136,43.40104422742014,59.96666666666667,73.64999999999995,5.871947948625266,0.988346260139418,150,150,150,150,150,1.0,1.0,1.0,1.0,1.0,raw_runs/validation/benign_continuous/level_60/pair_05.jsonl.gz,d917fd051e0313bdb841b0314abb58fe8198bcacd2d1b32b18cabc068fe38628
validation,continuous,benign_continuous,benign,60,6,6930678653229076526,15252313809878852804,3007866419289675907,74c3a65c7a39890555ea2ef83745a4f894f8dfd29f5f26fd0bac85d8a0067dfa,f11c305251a34ed3f342b0762eb9f4ae368d3534254260742db3795d4a88e21b,150,1360,1360,0,6.058917278961883,43.308917278961886,62.166666666666664,73.0,5.923016440022817,0.9865447833653176,150,150,150,150,150,1.0,1.0,1.0,1.0,1.0,raw_runs/validation/benign_continuous/level_60/pair_06.jsonl.gz,b81cbcb41ee5e05103ef065f1df12879aa46c6d5b833dfb2b79444c9d9e5369f
validation,continuous,benign_continuous,benign,60,7,1348166448913175725,7166705425644547172,1746846252470736694,3b3fd4ca1b418b46ae160232bb7ea9df85fab8cb2f885b3ee5869b7b7025ba7a,f81ee852ae94da7149be986556ca359f297c99f61e31a0e3ba1f71fedfd22019,150,1312,1312,0,6.067832573126943,43.31783257312694,61.333333333333336,73.54999999999998,5.899339683711081,0.9850778194404101,150,150,150,150,150,1.0,1.0,1.0,1.0,1.0,raw_runs/validation/benign_continuous/level_60/pair_07.jsonl.gz,2c7f259aa1c1c7d694a43f0d4936b3847c08a0f3020187c6ec8578e7604a0f44
validation,continuous,benign_continuous,benign,60,8,2223942126534782594,5544788755826056274,12882337581736114440,687d2a424be8b8efd7ebf54bd349725ce473ed065b0e4342220727021dd22ae6,5cc8e935f87b1631f0e1b192bf6d26c2e454e8bbf28c437a13417a080fd88846,150,1298,1298,0,6.179456669312525,43.42945666931252,60.4,75.54999999999998,5.870659369037142,0.9860534143034825,150,150,150,150,150,1.0,1.0,1.0,1.0,1.0,raw_runs/validation/benign_continuous/level_60/pair_08.jsonl.gz,4df21aa909c541ce2b89283ec7f3a69def66b9296a6115f6c9fe413671c83612
validation,continuous,benign_continuous,benign,60,9,3808796865063232507,11435988634758829509,3373203604982695613,cf763193d6503c3b26a2d262b080f3dc840c3b1ee7e0afe4f074062cd16a82ee,3bf8fc385035b10083c69f200712171afc9f035e471f6854a7c655fcb25ad4ba,150,1289,1289,0,6.052958211818615,43.30295821181861,60.193333333333335,73.0,5.869041704319096,0.9842656976633096,150,150,150,150,150,1.0,1.0,1.0,1.0,1.0,raw_runs/validation/benign_continuous/level_60/pair_09.jsonl.gz,2ab2bdd9947ee5170d52a787832131acdd248c01be83fa30e03f2f9f2e687c5a
validation,continuous,benign_continuous,benign,120,0,3323202025522884144,3919892587191201774,13809857721791902556,4f7d26939bdc094d331838e7dfb08cf8839a752aa877c57d268901071658ce2a,998fc28387fb7d73904539ade66efdbdfb35ece6899bfdca7883835a29321836,150,2632,2632,0,6.081800537081934,43.33180053708193,121.39333333333333,139.54999999999998,6.856672970100465,0.9688103110982793,150,150,150,150,150,1.0,1.0,1.0,1.0,1.0,raw_runs/validation/benign_continuous/level_120/pair_00.jsonl.gz,950bbc754b341dbfc27798eed3c4cb49061082ae8e9d8acf7cb8f82668913d7a
validation,continuous,benign_continuous,benign,120,1,3632502082100150952,14458099276214665080,3818930486840116614,1d4f49b35b6c995a11a6613ae248928dfcefa7acede0dea72c411fbb22260b60,b58d9de989e3ffccc49fda66a98bdc5162c04a628e35305eb26665e94523ff91,150,2573,2573,0,6.1581349055919,43.4081349055919,118.68666666666667,131.54999999999998,6.830781272150725,0.9722812569633345,150,150,150,150,150,1.0,1.0,1.0,1.0,1.0,raw_runs/validation/benign_continuous/level_120/pair_01.jsonl.gz,ad4fa52c3291a8b15bd6d91cc5bb51acc54afa3614364a64c693511d9f6b518d
validation,continuous,benign_continuous,benign,120,2,574697187446849259,10357320109490916321,14962890677897337317,6fcc7db4f9ae8ad6676ef76e42cef9fdedcea064fb271a63a2b50315bf5c751b,1d14aa4af616e9e5a9f146fcfd6bdac98b14b8d30e6b56ebac7abf463c5cc135,150,2582,2582,0,6.17128757904506,43.42128757904506,118.39333333333333,136.0,6.823833076515494,0.9714179099069999,150,150,150,150,150,1.0,1.0,1.0,1.0,1.0,raw_runs/validation/benign_continuous/level_120/pair_02.jsonl.gz,f05994f567a6dfc1acf80bbd2c2993d17fdea2e98e1811fcce61d7e16110d82e
validation,continuous,benign_continuous,benign,120,3,14773419784552033624,3391129516678855901,7399040351891850289,6e5ac5ac60082f0e223fd2ed8b4f0d0fda254516fc6e92fcc714d958bb72aedb,716f6ed0ae59ef6db109c7263d0a530cd6a43c9a99551ed72df8a50452007d00,150,2629,2629,0,6.040220111687934,43.29022011168794,119.33333333333333,135.0,6.838509531121381,0.9724321480461717,150,150,150,150,150,1.0,1.0,1.0,1.0,1.0,raw_runs/validation/benign_continuous/level_120/pair_03.jsonl.gz,d2432733ef7bd53bffbaf6514d75882c758bbffc53c232353776d5bc5c958ab2
validation,continuous,benign_continuous,benign,120,4,15448474526324906631,9601861437639727442,16178394492021732135,3783307b7d364f98e92e8853f4b632cf42f62aac444f97a8de8b804604931242,a9544cb0934dc26840e3afc1d98fb4fe5ff7a891bf1303b9946a769654b80f2e,150,2637,2637,0,6.087009859121857,43.337009859121856,120.34,134.54999999999998,6.855973503560657,0.9749202793880891,150,150,150,150,150,1.0,1.0,1.0,1.0,1.0,raw_runs/validation/benign_continuous/level_120/pair_04.jsonl.gz,80e31a6d9a3020829f225a92a7017f05619aa3208416a23c577a59a77ec54cb3
validation,continuous,benign_continuous,benign,120,5,1377657481134050107,1823639970583859415,2133942331941710131,1b2b1942753879cc50aa4bd5bffe38e68cc49f8de5611616b98f39260236b3e4,e909e1c5ca1dbc68e129a0f8a280b0b6e65707f643dbd55d9c102db9ddf9ece7,150,2681,2681,0,6.02450567884228,43.27450567884228,122.24666666666667,140.54999999999998,6.878257663546377,0.9748945512191229,150,150,150,150,150,1.0,1.0,1.0,1.0,1.0,raw_runs/validation/benign_continuous/level_120/pair_05.jsonl.gz,cccebb7750451eeab7ccdd0a52d03f36913c679098a023822426346637f63163
validation,continuous,benign_continuous,benign,120,6,8400009760640007586,14621289125797335566,9302636104103127104,ad6c3c8fa4973966535deb4e98a22cf2da0017cf359f990f3ff551cddac407d0,a00cf530564c6923c37a6e5b89541020ffda79ff5488c87cbb71a9cc29f4fa9c,150,2555,2555,0,6.130285243733856,43.38028524373386,118.65333333333334,136.0,6.816981663974172,0.9668452890659027,150,150,150,150,150,1.0,1.0,1.0,1.0,1.0,raw_runs/validation/benign_continuous/level_120/pair_06.jsonl.gz,26add28c72377c232c25921066f1b974e7d6b9907e6226e51ce44ef8b93b75b5
validation,continuous,benign_continuous,benign,120,7,5475527399028966433,15282131669469359278,8076644475177416513,745b00006f7aa1831e4cb1153583f26e3416f59e5a6edec463e4268f957d5fcb,150292d16a3b8b342bedf3bd424d567617f21e9666d4addaeda5b547135cd36d,150,2642,2642,0,6.2217785369659975,43.471778536966,121.60666666666667,145.0,6.861963171115476,0.97238225218119,150,150,150,150,150,1.0,1.0,1.0,1.0,1.0,raw_runs/validation/benign_continuous/level_120/pair_07.jsonl.gz,2468189a3026c2944b84b8d4c42884736036bcca7be45243a7c3154555a46e86
validation,continuous,benign_continuous,benign,120,8,8501697092527940708,1068103047378825753,17886811125392345042,ff45bea18e0d0d79b2caff931a209522e59b796334c9b317a7e51652e15ab607,78ec999ffe959b4a28c9733ca888e0c6e46651c894ea8b4c307f4e1ad63ae731,150,2612,2612,0,6.202483654908547,43.45248365490855,122.36,138.54999999999998,6.860880279210608,0.9664353285217206,150,150,150,150,150,1.0,1.0,1.0,1.0,1.0,raw_runs/validation/benign_continuous/level_120/pair_08.jsonl.gz,c290999e62115368c25cde84ee0b9defe99b25057f397fb2a7904403378aef20
validation,continuous,benign_continuous,benign,120,9,5766102741234575094,8092898047589033730,17838961268661491920,69ad04d76e05fed7307543b039f8beca20e53d6184de4ebdb2ef81b786977665,e7596ac415aed9cfd0c7ddc4cfb07a40979bf84635652401143891b81a6d36f1,150,2541,2541,0,6.126538218657421,43.37653821865742,116.42,130.0,6.797436780147676,0.9689456506169806,150,150,150,150,150,1.0,1.0,1.0,1.0,1.0,raw_runs/validation/benign_continuous/level_120/pair_09.jsonl.gz,e89ac3c288ca81153f5a4431a70079f50a01159eaa555b08d5a99dd420fb01c9
validation,continuous,benign_continuous,benign,200,0,16896053770025021303,7915734813195450471,1859074153943623676,d6271e64fe10dbc2de2748330b2473a4ff26d331ff00fb33f1da72be1ffa418a,49de654accff696dd3955f93e610af300ed809d256b843322d67cbea27ac4443,150,4325,4325,0,6.18261570604099,43.43261570604099,201.19333333333333,220.0,7.56159622037699,0.9562222305251987,150,150,150,150,150,1.0,1.0,1.0,1.0,1.0,raw_runs/validation/benign_continuous/level_200/pair_00.jsonl.gz,e5cfc6d2ab2791c7f097fd94fc0b44fed8bb0a05ae7f0795697f85925cddf2bf
validation,continuous,benign_continuous,benign,200,1,12538011232869618596,8804615315091063918,1205384494211598764,458ca73347d2aa06e857410a017cc7fbb82c07e72e6832f1b324521941ae5fbb,4b2a8e3c3476ea778f76c888c9ed72faf00dd3ee05a7859497f54eddf8a0e7a8,150,4410,4410,0,6.154319324939192,43.404319324939195,203.68,227.54999999999998,7.561843708741081,0.9479489427323131,150,150,150,150,150,1.0,1.0,1.0,1.0,1.0,raw_runs/validation/benign_continuous/level_200/pair_01.jsonl.gz,b27d6fbe88bac72577344234249b0a4be884d90441fe9f3c944e27789cf5f75d
validation,continuous,benign_continuous,benign,200,2,11803072693694383989,3280735146631786287,18105349416826401344,1eeed2f06e4816d892330161aa88972a9e3eae28b647ad0004039b8b3854d04a,babdf68d65c3a150f943baf868dec2a73d7c668c7b11eb3fb5a5534a6de378fd,150,4296,4296,0,6.052010389897435,43.30201038989743,197.85333333333332,217.54999999999998,7.529711551645578,0.9532161236996501,150,150,150,150,150,1.0,1.0,1.0,1.0,1.0,raw_runs/validation/benign_continuous/level_200/pair_02.jsonl.gz,373b7f9073e81783bbda8683f39e6b6cfbebeaf38d74d7f9e900b2130a94f37e
validation,continuous,benign_continuous,benign,200,3,13487829710686587815,3110413854763646972,237779379617910618,461c3c52a43c19eb111f881ccb78973890f3530d60df070b6555a88b1ed8cf5f,c7a5e684a27a7e21f92dbcd61b04737eefc3f50f1898d2c978ffa2099d79b129,150,4336,4336,0,6.144175744707097,43.3941757447071,201.08,222.0,7.549523316421504,0.9518798328630752,150,150,150,150,150,1.0,1.0,1.0,1.0,1.0,raw_runs/validation/benign_continuous/level_200/pair_03.jsonl.gz,deb248ca859f9d27d6d53f40a23152f9be257141b2cee04a4f8d522d2a74f8da
validation,continuous,benign_continuous,benign,200,4,17380600800855691167,16011601727573698192,11123256734170909121,2b65dd9d583f256af599240663a48e8af3ae34531cde52ba43851b44e9dc7cb9,e4c9876a8521bd3fa9362756cccba28cc573e755147e119f0c5a96835c839aa4,150,4325,4325,0,6.22212131014862,43.47212131014862,199.85333333333332,220.09999999999997,7.543647767177584,0.9523806923843378,150,150,150,150,150,1.0,1.0,1.0,1.0,1.0,raw_runs/validation/benign_continuous/level_200/pair_04.jsonl.gz,d85719f1446c605c9263d3cb4854a19a01f4ec3133d7dc46d0e4fa7aa8b93eec
validation,continuous,benign_continuous,benign,200,5,5754068155048241029,7449902621578396747,18010338764637876871,6716731180adf8e012de2621d72b24e94323bf2ba4ac00d394f14d6e77596aec,2ca5a3900f68bec8d63da7bd6ebb998ad932370ab92ec786ff9afe1690bdce2c,150,4297,4297,0,6.018876585395886,43.26887658539589,197.58666666666667,219.09999999999997,7.523154888042092,0.9507209521910428,150,150,150,150,150,1.0,1.0,1.0,1.0,1.0,raw_runs/validation/benign_continuous/level_200/pair_05.jsonl.gz,a74ca4dd5823a11aaf0125144a38f75a9515769ccd30aebc3e193ef1206fdd44
validation,continuous,benign_continuous,benign,200,6,1645876900916925604,11395646348622656676,9846960750791319677,4caba74a1e76bfc43bb2d36e877e2149fe722ddda77bed53f9631785ce26a7fa,02af9b8e34616e4f235ff77928b82a1589a836b21919c267f03dfc478ddc7707,150,4248,4248,0,6.215066865568912,43.465066865568915,196.43333333333334,220.09999999999997,7.520363182162855,0.9537396864639087,150,150,150,150,150,1.0,1.0,1.0,1.0,1.0,raw_runs/validation/benign_continuous/level_200/pair_06.jsonl.gz,804342b6484093c4963c8f10f859f5d19ea319fe345de865cd218d5b97ee13d4
validation,continuous,benign_continuous,benign,200,7,13114428025745130402,17453802610118128909,12463081182992590330,194af0a5e567e86261a5fd8a25a6cb5ab3864ab4a56440e35d025de9b7c01246,bbe61de2834f8e66476b60e335705e0e7f225752fee9951295ebffeee28f8d70,150,4305,4305,0,6.09499432545937,43.34499432545937,198.93333333333334,223.54999999999998,7.546801758091357,0.9574348425846112,150,150,150,150,150,1.0,1.0,1.0,1.0,1.0,raw_runs/validation/benign_continuous/level_200/pair_07.jsonl.gz,cea417508d3ae8477b4573b2771cb90b68245f8df960eb2610dc938bb78b65d8
validation,continuous,benign_continuous,benign,200,8,3250270310716571915,1919140345050504339,5803039635223835658,e7a38b8a3d056b80a21ee2c4b6debfb3d2ff9785ff0bb2b2157bf722b2b9c777,ae07c3368e62aeafea0b94897588d6724e69ca60604c851f11be637bf4d6aa42,150,4283,4283,0,6.135860151302833,43.385860151302836,197.49333333333334,216.0,7.524737978264756,0.9513054097465452,150,150,150,150,150,1.0,1.0,1.0,1.0,1.0,raw_runs/validation/benign_continuous/level_200/pair_08.jsonl.gz,e3e219271833265573afdc48844edf572b8ecebf0b68ab7b70ab697b6d30c41e
validation,continuous,benign_continuous,benign,200,9,10896150874945073060,5621468427271071362,11142034116184712351,ce998a2b1320976fd4587663369052d5a5216daf37c98ef6824807a0e06faeae,dd446559fe24ba267bf30cd96b8dc5236cd0d2cc8c4339d55a809266e2bb32e6,150,4340,4340,0,6.024578123710188,43.274578123710185,201.11333333333334,219.54999999999998,7.553213585941631,0.9526049850010736,150,150,150,150,150,1.0,1.0,1.0,1.0,1.0,raw_runs/validation/benign_continuous/level_200/pair_09.jsonl.gz,0cc1732f842347339bd925bdefe7dcafd7435edb6d84c844d0aee31f022c9cad
test,bursty,attack_sweep_bursty,attack,24,0,7031087724318038522,521999132909312506,12775011226328059650,cd5ba418c5ff607e74ecaf1189b93052dc76d3082604b3a5efb7e726e085c221,87fa7bfb3d9e1dae1815cc39287f1deaad7c4bf5a2c0d202a30d3dd4381b6b66,150,519,42,477,6.114400702023729,43.36440070202373,23.7,37.0,4.481761324901872,1.0,150,69,69,126,150,1.0,0.46,0.46,0.84,1.0,raw_runs/test/attack_sweep_bursty/level_24/pair_00.jsonl.gz,35a2241587e5a9c25e959b473d40f7eba6b637895efcac55a53dffd00b1f3588
test,bursty,attack_sweep_bursty,attack,24,1,18299917803484112097,14549112322483931621,1331487767042403496,ca0d5f930818d17b11593579194b7f5c247c807c53b7b4555c3c7fcb475ab2a2,dad5933368c7500acde12d0e280cc22b9c13a6b78c4c578a79061c67a47c26ba,150,519,49,470,6.016470860519395,43.2664708605194,23.46,39.0,4.445342085458758,1.0,150,75,75,119,150,1.0,0.5,0.5,0.7933333333333333,1.0,raw_runs/test/attack_sweep_bursty/level_24/pair_01.jsonl.gz,3fe5a90d39c643c03592579a8bafcf105fb5c858f5035e621e1a777b35166739
test,bursty,attack_sweep_bursty,attack,24,2,11731983724895013540,13024542973532231930,15195426576899889052,161d6cd0635ee1d5647bc504fcf4520cc3acedb08ce10c662bf595d38696dfab,eb242833172e7d5adc67a16463c10f4d635a48246c1ef0dc9d00fda995b406ab,150,498,40,458,6.05431002792076,43.304310027920764,24.033333333333335,40.64999999999995,4.472656122680487,0.9994340813248376,150,73,73,118,150,1.0,0.4866666666666667,0.4866666666666667,0.7866666666666666,1.0,raw_runs/test/attack_sweep_bursty/level_24/pair_02.jsonl.gz,0ecb41fab2a27b0acc38afccf3f76eb652076b683a18db0c5c9a1f95486c2743
test,bursty,attack_sweep_bursty,attack,24,3,15427335249318728485,16968161023381961262,8291315038350603555,0def5a0953ea76b11e8bd0a375dddc9ecdebcc6a5c3f2fc384a70858e4583dec,129768bf4ed7b69c7f8529b4c6e7268eab74d98ae58850b1e35e6628d2a317e6,150,510,48,462,6.07408881053318,43.32408881053318,23.56,41.0,4.4222993778227995,1.0,150,70,70,115,150,1.0,0.4666666666666667,0.4666666666666667,0.7666666666666667,1.0,raw_runs/test/attack_sweep_bursty/level_24/pair_03.jsonl.gz,010c18b54857327d5e830ccdc30cd78a83a64cfac12c553abfc7f93e76e0e51c
test,bursty,attack_sweep_bursty,attack,24,4,10941371021059456085,2598864490307091718,8201118471956510366,f0aed36c0dbd639f8446cc8b05530daa419af11459210b8966f1eab29a5c666f,385409fd6515f6df8874f31b0b0b8d9b21b4e0248876d3aaee26e87b13a0742d,150,513,46,467,6.021664721593212,43.27166472159321,24.26,36.0,4.517017244415166,0.9987131163855302,150,84,84,129,150,1.0,0.56,0.56,0.86,1.0,raw_runs/test/attack_sweep_bursty/level_24/pair_04.jsonl.gz,74167355fa513245f8fdcfe9b10df083e0397e0b1bd7d25b42047d848477d891
test,bursty,attack_sweep_bursty,attack,24,5,12256277931077687574,10261321010413077719,2618517580941228654,333c627ca6584b0682606529b2e462fc9dfe241529b61bf1d6dab3b50d4e1ae8,f5de13deae83e6e438d438bc7af33908e0a9ba8a3f9435f9139290fd99150b25,150,534,57,477,6.186963034214351,43.43696303421435,24.366666666666667,38.0,4.494151579944147,0.9976785279762278,150,76,76,126,150,1.0,0.5066666666666667,0.5066666666666667,0.84,1.0,raw_runs/test/attack_sweep_bursty/level_24/pair_05.jsonl.gz,090c82928f80fcd463edb0b0a9c9865350fe45fa2cbc8820aa0e2f2f44c6885b
test,bursty,attack_sweep_bursty,attack,24,6,14362360602421453026,9829941686261655947,16618036935826120477,d66e486150c19eecdf2159f2da348404d1917b09e7b028d0e798b53a34a1fb1f,4047a996e3f3c363426f84efee8804e41791cda84eb2c79659c9a6a9f1dcf313,150,517,52,465,6.165369743402512,43.415369743402515,23.58,36.0,4.472693771460536,0.9991825396825397,150,75,75,120,150,1.0,0.5,0.5,0.8,1.0,raw_runs/test/attack_sweep_bursty/level_24/pair_06.jsonl.gz,dc186a79af39c6d4ff7478a5af139d0c9fd2296640066b7d23dde6018fda6070
test,bursty,attack_sweep_bursty,attack,24,7,11806216866448157296,5641573086108471734,3081108674637183380,a20b170461eb7cd5b429af47c7dd67a4870a69335c97ef57b4b1b6d734cc177f,f1338bdf8e51c884b73a94845634f51b3fa1c20412c84944eb701e5ddc3edb36,150,486,40,446,6.065554697723137,43.31555469772314,22.76,36.54999999999998,4.4240461805627485,0.9980213199977693,150,65,65,122,150,1.0,0.43333333333333335,0.43333333333333335,0.8133333333333334,1.0,raw_runs/test/attack_sweep_bursty/level_24/pair_07.jsonl.gz,4291917137dad7024baf5efff602ab075cefa3e7c4b57014537b1b898932ed62
test,bursty,attack_sweep_bursty,attack,24,8,2107769414726670299,5053104952758278221,12306363563077170239,87692d981c36616d17e24e7c52a99e3401f350ba73299b4d0214c39bd1b18284,61325d036c63409e4a2899b52dfb58a8e64885735d6e09ec4d2eca35096175c2,150,516,45,471,6.019586511624109,43.26958651162411,23.733333333333334,38.54999999999998,4.4859917841579335,1.0,150,72,72,129,150,1.0,0.48,0.48,0.86,1.0,raw_runs/test/attack_sweep_bursty/level_24/pair_08.jsonl.gz,81f87f4c73f04ea10dc93126c86c41670ac4bc076bfa0469a880df8e5191ed50
test,bursty,attack_sweep_bursty,attack,24,9,11358452612906502398,14465317457533706838,3943760344659747891,7c50eefad4b8f1eb75f20632672a0556fa93f68920e62ee0be1623a7cafe8104,b1322b5aa4ba12f380385cf08fdc1a03b54d811b917a7a68d0413d5bb95cba5d,150,494,50,444,6.102034585459206,43.35203458545921,22.84,32.54999999999998,4.440664164471837,0.9984703998060707,150,73,73,122,150,1.0,0.4866666666666667,0.4866666666666667,0.8133333333333334,1.0,raw_runs/test/attack_sweep_bursty/level_24/pair_09.jsonl.gz,4e00a17895828911a6adc0645dd7cd29d73246d0a74c6cff186c70a9fcea5663
test,bursty,attack_sweep_bursty,attack,24,10,12957076017819254940,8346406131059714819,8841720963112587397,4aa1bf3e00feeaf138c7c3d1e0d8397e7fd8ba1b7598597f0fdbe0bd45f5339a,5d20e5688425be9f9db0bfe75db6ad12e2df59966efe390a18be5a4a8ad7097a,150,550,41,509,6.104416313931075,43.354416313931075,25.62,43.099999999999966,4.574496203310779,1.0,150,79,79,126,150,1.0,0.5266666666666666,0.5266666666666666,0.84,1.0,raw_runs/test/attack_sweep_bursty/level_24/pair_10.jsonl.gz,b3a8f90afe12257378081e59c41ef5e52af2af917daaa21f323cfe02cb0b0d9f
test,bursty,attack_sweep_bursty,attack,24,11,12938451552124007813,9940534528171644088,8264989886654717195,c28614727aa94274a815732025b85e17e8fde05cf602cb2f3291b5e47c2ec3b9,df55bdaea7ce21fd97c6713f8915573f6586798879316bdf63a84bff187500be,150,488,50,438,6.007709966795945,43.25770996679594,23.206666666666667,39.0,4.438608943219883,1.0,150,68,68,119,150,1.0,0.4533333333333333,0.4533333333333333,0.7933333333333333,1.0,raw_runs/test/attack_sweep_bursty/level_24/pair_11.jsonl.gz,0abc94e9cf4222f60603bafb9071ee6e56db7e127d23e9b818bdecccad4206e7
test,bursty,attack_sweep_bursty,attack,24,12,17290730975127025859,16248527617210306373,14896565629355751322,9bef694133e1d1add0075a542883c2a6bef11201188ba1f1de4ea3ec39ca1c2b,bc46dd86cd0cc13bb1296644f60e7f650f912c1d068e5fb87e7c15f3c0906d6e,150,528,44,484,6.116434518338851,43.36643451833885,23.993333333333332,38.0,4.490988196983533,1.0,150,73,73,124,150,1.0,0.4866666666666667,0.4866666666666667,0.8266666666666667,1.0,raw_runs/test/attack_sweep_bursty/level_24/pair_12.jsonl.gz,a74f52755122f403af46796a15460b80ec20fe8442ab323c406ad6441b001b8e
test,bursty,attack_sweep_bursty,attack,24,13,15398952453020799613,2269231728745071893,17713891981233246452,e3b89c4a29d0698ce7e415188854c89c47ee4b3cd07760f457f9accbe7ab398c,711cb59c624cd5380146382a244067f46e72314b3995ea24be69ceae0e493166,150,509,50,459,6.203296984693126,43.453296984693125,22.76,37.0,4.417535209469233,1.0,150,68,68,118,150,1.0,0.4533333333333333,0.4533333333333333,0.7866666666666666,1.0,raw_runs/test/attack_sweep_bursty/level_24/pair_13.jsonl.gz,c396340434c852e0bb28f59fd7a04224fd2f8c66bb702b12e2c4fd850883bd7a
test,bursty,attack_sweep_bursty,attack,24,14,1528823186042818636,2015516010930686336,15388255482390444246,e137f396c1fecbf4ce8b4f888e08b2e843460463822a6e0817bd4f7283694208,9c596898bccc4f1ab493d5b4837bdd79d0d3d283041035721b3be7e18d9b9831,150,557,69,488,6.037121485432639,43.287121485432635,24.846666666666668,36.0,4.556568223932348,0.9996491228070176,150,80,80,132,150,1.0,0.5333333333333333,0.5333333333333333,0.88,1.0,raw_runs/test/attack_sweep_bursty/level_24/pair_14.jsonl.gz,3ba7b33926094aa7c09aaab2b46846a74cd7755b023139bd7a403398dcbe2b5f
test,bursty,attack_sweep_bursty,attack,24,15,3348558786788259330,11446981430502276868,949802653645601596,5cf7d2d5cf01c78f8de95b3c0aa3545bfe1e21ef3227c05d4b692149944eb14d,a828154abd5a7ce838ee5496b34140f62030241fb6cf6924e4c231fc08e2154f,150,549,46,503,6.21773039354327,43.46773039354327,25.966666666666665,44.0,4.589861860725366,1.0,150,81,81,129,150,1.0,0.54,0.54,0.86,1.0,raw_runs/test/attack_sweep_bursty/level_24/pair_15.jsonl.gz,cef4b75eec9a4040abb6a4fcd717846b1c2d26509d48f9aace596a2662c7c83f
test,bursty,attack_sweep_bursty,attack,24,16,3904011933236831565,14107443848382601732,6793739212806710675,849a1d75af6c8994c9071f8dc4c508ae756c27c96d458a16ca38643af5d9f67e,59b7f07c7f073432fb7a439fef87f737888a6145f8db2a80586fd3736895ea3a,150,544,62,482,6.2053573058267455,43.455357305826745,24.133333333333333,39.54999999999998,4.473916706203454,0.999010989010989,150,76,76,120,150,1.0,0.5066666666666667,0.5066666666666667,0.8,1.0,raw_runs/test/attack_sweep_bursty/level_24/pair_16.jsonl.gz,e425106b9963ca4d58dd6e9f6204c7d1b8c9d513178cc7601bf286b8ae4132cb
test,bursty,attack_sweep_bursty,attack,24,17,2699201686156082149,10321045553301550088,3728656294388698984,68e425e1b5b41cff2d07b5fc99a70fa2b833f127b9c3a813f0b5d0a99105051e,2dc57249cc31f5f4a1b96ecb6142dc4e441dc8064cdfe1a960ed5f52d54fdbfb,150,537,58,479,6.1050234714495115,43.35502347144951,24.166666666666668,35.54999999999998,4.525427482889618,0.9998245614035087,150,80,80,131,150,1.0,0.5333333333333333,0.5333333333333333,0.8733333333333333,1.0,raw_runs/test/attack_sweep_bursty/level_24/pair_17.jsonl.gz,19d184c06f8225026af0cbc9d7e8bfade61a04d21940742dfdfa982325458499
test,bursty,attack_sweep_bursty,attack,24,18,8606871396493972771,13721112442664091815,10380996279012035615,b0dd71d649dfd38fa281e4e67c028dfb8a37f15a537e2e24d801b52e57dab4aa,0ab8a21d88bce862142ec30e011aee09a4278b8070cfba676581f8787989739c,150,530,56,474,6.164340058731557,43.414340058731554,22.94,37.54999999999998,4.422559955976182,0.995232614825233,150,71,71,121,150,1.0,0.47333333333333333,0.47333333333333333,0.8066666666666666,1.0,raw_runs/test/attack_sweep_bursty/level_24/pair_18.jsonl.gz,826042f02f4c55029722af54c19b7431f8b53f71e3ad3b3f795fcf9f1edf78e4
test,bursty,attack_sweep_bursty,attack,24,19,15222006655384463927,14384269102284837911,9121646485693104430,16b98634a47d449ca740ac0b39d0b098555bbcb3c3b52a8eb3b5127b0563aff2,825a565b941005aad9a485f26532570d7ff7af2db08fb8569974c53356bf56e2,150,523,58,465,6.128969856357267,43.378969856357266,23.72,36.54999999999998,4.477745750991323,0.9982392084565996,150,74,74,122,150,1.0,0.49333333333333335,0.49333333333333335,0.8133333333333334,1.0,raw_runs/test/attack_sweep_bursty/level_24/pair_19.jsonl.gz,792d69402a693003ad77f2ae52c371db18426151cfe9a670c8b223d4f8fc909c
test,bursty,attack_sweep_bursty,attack,60,0,4728291661238065303,3256045249883301069,8628487699059468242,b4f7c93bd63dbce9d6e2fb6ca0bea57d0831322083a674f359ea50d9c7cf2a56,609643504ca3e186ddbf84976c8d2bcd6821a6661d4954db3e4d89371849de26,150,1271,136,1135,6.0270900011448925,43.27709000114489,59.66,88.54999999999998,5.820548236780179,0.9965544761205561,150,150,150,150,150,1.0,1.0,1.0,1.0,1.0,raw_runs/test/attack_sweep_bursty/level_60/pair_00.jsonl.gz,636bb3b998f8a433fa73bd4c0a678ffb6a0765f26833f450437e544d92a4bef6
test,bursty,attack_sweep_bursty,attack,60,1,10626907232040107754,12733732827271703484,16257649683702580205,46a3066797aabdbae93b252fe2f7fd23c41ec9654787ed4adfd55da0e103fa98,4312d02cadd3942cbc0146b2d3d5ee4d1553646179855664a9cbca184edbd559,150,1372,131,1241,6.056757347910395,43.30675734791039,60.70666666666666,87.0,5.8554102923107445,0.9985428097447766,150,150,150,150,150,1.0,1.0,1.0,1.0,1.0,raw_runs/test/attack_sweep_bursty/level_60/pair_01.jsonl.gz,315717fd67a2f82a42d8a4972ab9ac691bb69b62f893cab7ce0725661b7c7802
test,bursty,attack_sweep_bursty,attack,60,2,12193141472780891747,2280695331476173544,7060011171587311360,3de8347be1234adbf76e9e73ab8cc99c4c47b7ed7763c026eff861dde14d36d2,3cea94406ba8245b0255bde28b6da10f0a7311ca2f3cfa72cf258d32cb8369d0,150,1288,114,1174,6.145152045870287,43.39515204587029,60.85333333333333,90.19999999999993,5.853162192712187,0.9982701947591327,150,150,150,150,150,1.0,1.0,1.0,1.0,1.0,raw_runs/test/attack_sweep_bursty/level_60/pair_02.jsonl.gz,5e2a0726a9f26df242e850eb8306a75297b677694dd17503042fbb72bb6b8147
test,bursty,attack_sweep_bursty,attack,60,3,13957978195480844126,16137068541999678016,1277205507257500057,a8b2b94eab8ea9243b22afecf4b4199818c75f9d6464fe4470fbd60f16399f55,9bcbf7373268a27d7e2d1ba567d09364600ac741ad8026de0ee764eea9d8d630,150,1301,110,1191,6.17597216943645,43.42597216943645,60.75333333333333,91.54999999999998,5.859107749643944,0.9985862622050076,150,150,150,150,150,1.0,1.0,1.0,1.0,1.0,raw_runs/test/attack_sweep_bursty/level_60/pair_03.jsonl.gz,de87d19a5ed88d64b22b9fc43ef68d68d30760e4b7fcd3740b34db8bff07cb97
test,bursty,attack_sweep_bursty,attack,60,4,16157349877590930817,8265084416615399815,9944728373084942259,126532c429d00d98653d307bca4e7fa9d95c2363cfd12ba8989fe956761c6107,b1827c2ac42da0551d7989303855eb8d35ccfa5c7430955efac24a8b502e7ad4,150,1302,141,1161,6.043837545416029,43.293837545416025,60.1,87.0,5.844175139422183,0.9996769676543356,150,150,150,150,150,1.0,1.0,1.0,1.0,1.0,raw_runs/test/attack_sweep_bursty/level_60/pair_04.jsonl.gz,8c2e3287f47d59c22f7c8ff4ecfb9f8cde764f8c9167264b6c434f07d3f24ef5
test,bursty,attack_sweep_bursty,attack,60,5,5365915920768804960,1444703689198968028,1401811091713927232,3855cb1ab9cf5cc611f41425e99e6626eed89b03ae48ee84f90487456fcd6438,cef70b0b67676ca7402cd41f380185d2d9030ce5c0d8d03ca12ead4f448ef10e,150,1318,113,1205,6.14317382126017,43.39317382126017,59.63333333333333,87.09999999999997,5.825013057638868,0.9985023819980413,150,150,150,150,150,1.0,1.0,1.0,1.0,1.0,raw_runs/test/attack_sweep_bursty/level_60/pair_05.jsonl.gz,44f31330c2bb100dc7b209d564d86fb14f020d7eb37d98808d519e7a5ca7e1c1
test,bursty,attack_sweep_bursty,attack,60,6,3481910348492203474,10101454239527221363,3051011719133664590,3a010f8cdda0b561635e8c5fcf756f217095a6197780512e60c158e57c39697e,3efd9a0fce02b40f0b852d693fded3163dd1affaa1ba358dda8e7ea91e33b670,150,1306,138,1168,6.029187178585506,43.2791871785855,58.88,86.0,5.799404052174524,0.9957400716938916,150,150,150,150,150,1.0,1.0,1.0,1.0,1.0,raw_runs/test/attack_sweep_bursty/level_60/pair_06.jsonl.gz,e94c0818639f56f5cc208fa282d5e97c26f1bea0f23aab8fb534194f1e340a5d
test,bursty,attack_sweep_bursty,attack,60,7,5607973933383313552,15594808418798255805,5414944679362734279,ab885e8ff00bcf5923d01d1404f1cfc5ffd3ae3b1c8692df5e6371cc760f7c7e,3751e8a4383524b883ec3b6121096588b5b5d9b885b818a88ddbece86542f50c,150,1233,132,1101,6.006516981060812,43.25651698106081,57.21333333333333,86.0,5.764388347633551,0.9977856350713182,150,149,149,150,150,1.0,0.9933333333333333,0.9933333333333333,1.0,1.0,raw_runs/test/attack_sweep_bursty/level_60/pair_07.jsonl.gz,0fb18b852a43623225f5abccabd8b5cf77eee9492fe53011f92cf10b90ea9bcb
test,bursty,attack_sweep_bursty,attack,60,8,117741995419115625,3410315107802305461,1155375177731027001,3c9185bb9ad283538ede111fe7f65fb64bef9f637ea82915911e071fb1d6ab9e,d53607bc240b35042cb793c1de25617bd88dd03ac916a6815b681d44e18c84a5,150,1257,119,1138,6.088558708729074,43.338558708729074,60.71333333333333,88.0,5.850475735478423,0.9970687981472277,150,150,150,150,150,1.0,1.0,1.0,1.0,1.0,raw_runs/test/attack_sweep_bursty/level_60/pair_08.jsonl.gz,f700e5eb511e94aafa707649279fd97dea7101ca47b0f3f454609ed68b3fe03f
test,bursty,attack_sweep_bursty,attack,60,9,2878065899226068233,5763900466979319014,8202043247545964514,0fd463d88f867e1043fe26e14a65685dfac142c46d435a7bc98e3c06c8626082,e717df89e2ed85d3db4631a90ea78033cd83b4414da86951c76aaf663bf68d9a,150,1340,128,1212,6.203735273524038,43.45373527352404,62.6,89.0,5.897796650182532,0.996955833053028,150,150,150,150,150,1.0,1.0,1.0,1.0,1.0,raw_runs/test/attack_sweep_bursty/level_60/pair_09.jsonl.gz,e862a6001b26d3b9f7257e91948bc1a776113cdf20bb3b4f50ef2cf4cca0744b
test,bursty,attack_sweep_bursty,attack,60,10,78743034156872817,7744895399556128114,13463303039551370826,65fd437223162bc0dc1288c1586ae9a57e20189b64b33069487ae16f5135c1b6,be0bc4d676d38c799f4cd8be77590f430fc058f73e5c820dcd12e513edc0f9a7,150,1278,130,1148,6.218271618288086,43.468271618288085,59.153333333333336,85.0,5.811283731449004,0.9961740058812074,150,150,150,150,150,1.0,1.0,1.0,1.0,1.0,raw_runs/test/attack_sweep_bursty/level_60/pair_10.jsonl.gz,24ee38de629dfc926212d4b0ae0e394637a0912e6429d53d95af8049dd784537
test,bursty,attack_sweep_bursty,attack,60,11,11959727002202433164,13974460987346353953,17117620938477563400,0e5962392d0ecbc89b794cbe45fdc512eff2474e67cce792a3c90b8ddd5de223,4388fa1a9da112631e30b8573414ab440300a6f76265bcc9f3b838e11e049a9d,150,1331,122,1209,6.0335153168346505,43.28351531683465,60.77333333333333,85.54999999999998,5.856914039686808,0.9987425121972404,150,150,150,150,150,1.0,1.0,1.0,1.0,1.0,raw_runs/test/attack_sweep_bursty/level_60/pair_11.jsonl.gz,fc86fac25190e56841df1537485eab4c6e0ee890dc5253779377730ce0119a66
test,bursty,attack_sweep_bursty,attack,60,12,15204481003135083174,11587197522998189836,17645838293153777199,bc0455882bf973153dc18daec66903155dd538011a246434893fd147bdb90273,9c8fbfde1551f3b30d8c831e0c1bff25198c22c1a8cf379cb7b5cf65a3275ab9,150,1263,123,1140,6.003768610927332,43.25376861092733,59.89333333333333,87.0,5.8240357298275605,0.9947477617697075,150,149,149,150,150,1.0,0.9933333333333333,0.9933333333333333,1.0,1.0,raw_runs/test/attack_sweep_bursty/level_60/pair_12.jsonl.gz,03bcdcfc51bd94f207ef1319800911945e081a69024774ac3f8a361e4faba295
test,bursty,attack_sweep_bursty,attack,60,13,10871333545479817243,7563558602441166387,9237068683017463299,714b9613dea4d2ceeb12ef5eb4c3d8f65b51c5c1e8ce7a649d685c38f2b47882,785102fde87ad8a70e99844ea3295db64f9b66cae0f5487ccfcc7ef3f4c8255c,150,1397,147,1250,6.18475018903361,43.43475018903361,62.78,94.0,5.8856630106491155,0.9964405546048049,150,150,150,150,150,1.0,1.0,1.0,1.0,1.0,raw_runs/test/attack_sweep_bursty/level_60/pair_13.jsonl.gz,045efef6b3c8cdadb33bbde4a6b2c37a7164bfcbc58a100cb316fe51ce88ebaa
test,bursty,attack_sweep_bursty,attack,60,14,2798099764286777473,8986116746278208679,4387796230989818925,938550ee9e758ead76d63628d7c7527eb2a1cdd344d927e3908d1ccbcf9a578f,311fa6c2a384362f7e9d2f7ae866ae4c97f5cb6e40067c9c28f476a2069003a9,150,1289,122,1167,6.045167905239544,43.295167905239545,57.63333333333333,86.0,5.765892070672191,0.9988270898604272,150,148,148,150,150,1.0,0.9866666666666667,0.9866666666666667,1.0,1.0,raw_runs/test/attack_sweep_bursty/level_60/pair_14.jsonl.gz,811f05b9944e09052d1289c2c3416763f7029b45321d67d24e45d85e13c89f79
test,bursty,attack_sweep_bursty,attack,60,15,17097306720387306107,4114087812797548196,943503534761742385,89c538ccb4914afa58d8f70c55f5c533bba23dd6d543c53841b4ca661c5dfc40,3b7c187855a3eed29a3d316241275d6da11f394da6df4292cf7273c222f917cf,150,1300,119,1181,6.238672133476845,43.48867213347685,59.81333333333333,91.54999999999998,5.828539563797207,0.9967320264521853,150,150,150,150,150,1.0,1.0,1.0,1.0,1.0,raw_runs/test/attack_sweep_bursty/level_60/pair_15.jsonl.gz,9b56577fd11468d040412261ea7f3b7756219451451b0d4ee1ebeed38698a756
test,bursty,attack_sweep_bursty,attack,60,16,1684478467566215520,14681944726587086290,6201456098694059713,84baadbdc8521be632dee4e2375859c94dd9877fef904280c2e7959a84239e5b,4dcc027ecba96ac6488452076a24f5f5ae9e8034b184f25f0c09159d5eacbf04,150,1280,130,1150,6.03358522822634,43.28358522822634,59.36,88.09999999999997,5.808626092756291,0.9989542877837935,150,150,150,150,150,1.0,1.0,1.0,1.0,1.0,raw_runs/test/attack_sweep_bursty/level_60/pair_16.jsonl.gz,d799b05399d888dd1edd78789de8d2d7ee24453004d3af4785419352e56fc2af
test,bursty,attack_sweep_bursty,attack,60,17,14235558214642707832,17856287676692079206,6396357538751269291,2468f017fd0c4ae2dadd5bc76716e10278864f463ea5063a267398b8a72da19b,b2966ff90176c3d6cfc3e2ba757210e6a8a741a5a7ab3f3b191ec208e81fc55e,150,1372,128,1244,6.222332430217775,43.472332430217776,61.9,91.64999999999995,5.872335159725519,0.9971878043018031,150,150,150,150,150,1.0,1.0,1.0,1.0,1.0,raw_runs/test/attack_sweep_bursty/level_60/pair_17.jsonl.gz,747f42d424f620b04780eb26db5d6a7552345a44315f77502b895bb30dc1017a
test,bursty,attack_sweep_bursty,attack,60,18,9804069978694791450,12954677911242742428,8270658855319737701,a004962f8cdd7d1a651f4bc59f1b0958967835928083fa573cbd5da2f58a8028,81f26f7c582d14608bd363381c6acae8f3f1f3d6df9ff08340714c2af354eca1,150,1208,101,1107,6.019564879984748,43.26956487998475,57.32,82.0,5.777141676987086,0.9991069822842239,150,150,150,150,150,1.0,1.0,1.0,1.0,1.0,raw_runs/test/attack_sweep_bursty/level_60/pair_18.jsonl.gz,4d6e3d62233f879e4f0febf03b9e05cb1d83e00544a9e9469414bfa82632932e
test,bursty,attack_sweep_bursty,attack,60,19,2893823591515303878,18222017690021044820,2988636491520513084,8452e5afda41dd507e21fbb7b7aacce3c7a17ade8c90d545f48af55814fb0f1b,0567cde63c193b98abbac43926e4d6db5613fc17cba5c6eead1c76fa209252f3,150,1297,120,1177,6.150511731269282,43.40051173126928,57.873333333333335,84.0,5.786450020405071,0.9983414342458722,150,150,150,150,150,1.0,1.0,1.0,1.0,1.0,raw_runs/test/attack_sweep_bursty/level_60/pair_19.jsonl.gz,24bcf3a6857ade35a21e10b2ccc41ff2d4ba5fac9d102b110100933c83799839
test,bursty,attack_sweep_bursty,attack,120,0,17677778801770958739,6829398312328068154,9008762742206350213,fbb467ad009618b8b1312566ae15b958bb4987c25663c0efeb8b1640d20f02ca,f1d429a74aefbaff5ff76c3de0af927dfc8d6e31313466866867632d147ea386,150,2644,252,2392,6.231272544082715,43.481272544082714,123.22,177.0,6.860972651913709,0.9930000152835926,150,150,150,150,150,1.0,1.0,1.0,1.0,1.0,raw_runs/test/attack_sweep_bursty/level_120/pair_00.jsonl.gz,2b73224084ab97bebf2730134a49af0c1a87209855981bbe1250a324e4bd6277
test,bursty,attack_sweep_bursty,attack,120,1,8508802059021800781,930787583123559901,12203028603118391814,46a4adcd1fbfc500df817a1e15bd450e6fcb170eb11b84af7175c07ff58dc446,3648af7bfe2856ab9baa0a2525b4d0456301932e039c0175204ac48ec932d90b,150,2500,255,2245,6.080903798955948,43.330903798955944,117.18666666666667,166.0,6.804876799111062,0.996430846189904,150,150,150,150,150,1.0,1.0,1.0,1.0,1.0,raw_runs/test/attack_sweep_bursty/level_120/pair_01.jsonl.gz,70174cae5ecfb46f14543378f911003ca3f9dab934a97710fe6f56c787e39c64
test,bursty,attack_sweep_bursty,attack,120,2,14012732547975858607,2148828941729288347,1300637124792948870,b6a16b5493bd6f2a293ac33fcf2d9b81fed24ca18012974e1a0c52bfac87dd03,f6af602ec5b4cd5f61735a81d1b62710c7615af28e0c2864c3b93b0fa2be3856,150,2619,288,2331,6.1268790140801075,43.37687901408011,124.66666666666667,176.54999999999998,6.891819458439281,0.9953265227523834,150,150,150,150,150,1.0,1.0,1.0,1.0,1.0,raw_runs/test/attack_sweep_bursty/level_120/pair_02.jsonl.gz,a595f9fff280cb33f911b61eb1200cf62558f6cfbfc03f03fb05fa7ced851817
test,bursty,attack_sweep_bursty,attack,120,3,2348384244368873237,10678651135538379153,2830291058140067042,5bdc2a4cdff52ab8d76d9a22dba76bdb151515d74476504c5c185c9d3ecf8275,dbe5c60b1e6663dcc35bd3c75406742c37dbd88f73f989e030d1ca85b840a60d,150,2606,256,2350,6.00903633071874,43.25903633071874,123.64,181.54999999999998,6.875314654454002,0.9969281483498581,150,150,150,150,150,1.0,1.0,1.0,1.0,1.0,raw_runs/test/attack_sweep_bursty/level_120/pair_03.jsonl.gz,2ef2ec0cba435be481282806529d462f4fb69f6a16984ba8da188bec6be4268b
test,bursty,attack_sweep_bursty,attack,120,4,12068768551392945050,5862145283542478514,909858893527025447,796e55419db78f140096aa48ed8df9752d32ae633c2e24168dba0ae88bd044ef,7645b784e0bcac108eb95e2cf4a41381e9c619c8f48b8208857ae70f30abc349,150,2548,274,2274,6.213283860139065,43.463283860139065,118.34666666666666,169.54999999999998,6.806065859494942,0.9945546390593283,150,150,150,150,150,1.0,1.0,1.0,1.0,1.0,raw_runs/test/attack_sweep_bursty/level_120/pair_04.jsonl.gz,1a488bf8f65f82a736611ffd5dcf6590362dff8ff79ce7a29aa595bdf786f592
test,bursty,attack_sweep_bursty,attack,120,5,11754546574889286477,17320219234250889673,9920720143454083942,e75ee591b02d84062e9e3f08561b545c6ac2def6f278030dc83ec3e63b3ba2d6,766cafefbe76832830ea6541c1e2badc61ba679b2f09481abf71f7a60f56c16b,150,2695,306,2389,6.126470998348932,43.376470998348935,120.72666666666667,175.0,6.832747179470031,0.9928448836881694,150,150,150,150,150,1.0,1.0,1.0,1.0,1.0,raw_runs/test/attack_sweep_bursty/level_120/pair_05.jsonl.gz,00131a4c2d87c5b8d984966c700bf1191de1251e615bb3de01f1327dec54c1ca
test,bursty,attack_sweep_bursty,attack,120,6,8686578293534854415,11973128124416859319,949820372980707532,96c191f864bc8cdc9422ad1269800ecf7196bc2c56a360f5ab891b555c761785,e1d1196b005bc19f50846aab2edf71ab433d9dde82ddebce7b7b69903bff2228,150,2541,262,2279,6.132766076707838,43.38276607670784,119.63333333333334,172.09999999999997,6.822885974462091,0.9952318952777466,150,150,150,150,150,1.0,1.0,1.0,1.0,1.0,raw_runs/test/attack_sweep_bursty/level_120/pair_06.jsonl.gz,b9f3725eefe967957ac266157ab3a6ab9ce30aac7e642e57d71bfff2149e7a13
test,bursty,attack_sweep_bursty,attack,120,7,10137070029227726156,646216227087379654,14734530899994330053,75bf15dc79359e1241af3807c28474fd18f443040fe301fc9a27461265a0112f,332bef8cb53e1f83b74d768503632d5c686335c40533885c7ac5002fa3cb39e9,150,2521,224,2297,6.171654486628849,43.42165448662885,118.91333333333333,171.54999999999998,6.815745209960971,0.9949487707783174,150,150,150,150,150,1.0,1.0,1.0,1.0,1.0,raw_runs/test/attack_sweep_bursty/level_120/pair_07.jsonl.gz,6dff41e414453b043bf58c5d384d9506044ca7bc195562d2373df900a2b31225
test,bursty,attack_sweep_bursty,attack,120,8,630050063957971533,6139190161411610768,2814289976947490079,89598fbc36b773d70896e0bfca4b584a8a2fe010c11068c96f65f28685b8aba5,7563faa4c56e2e7d4d3acfa3f2a15da6bbf06403e6717e77a4541114e4637a12,150,2653,237,2416,6.169959062015312,43.41995906201531,118.47333333333333,167.0,6.811804896192787,0.992543981160469,150,150,150,150,150,1.0,1.0,1.0,1.0,1.0,raw_runs/test/attack_sweep_bursty/level_120/pair_08.jsonl.gz,aab9d994923d00017982c601d7632fdc8671f8f286d315fe0d5cbdaca79ea081
test,bursty,attack_sweep_bursty,attack,120,9,2729294043633015870,12831543257470076485,9871102926552991243,777ec0c8ce6c81384b5eb17736f07ed3a054c876cc1bf28848f8a0d626d43c15,881deebb2e7b5da6b8773e0a22f32054d6d69d1773affcd3410fd099c88f5c78,150,2570,253,2317,6.049084431248641,43.299084431248644,122.34,174.09999999999997,6.867286482311372,0.9968214228976997,150,150,150,150,150,1.0,1.0,1.0,1.0,1.0,raw_runs/test/attack_sweep_bursty/level_120/pair_09.jsonl.gz,5b1424a1db3b9dc41984a0d5594765b9702e9dc1fd4a50c90bb8dbae9d5e74c1
test,bursty,attack_sweep_bursty,attack,120,10,10265540251891105962,6735019329757629085,8561946510933151310,c896064e13d7fc55104456ead018dd76ce81ebf013a478e3b9bf4f397a0a2146,13e39786576b3dfb2fcb398dae8becb264bf20f7d963298038d1856cfda0ed62,150,2585,241,2344,6.040337725524269,43.29033772552427,119.11333333333333,172.54999999999998,6.817331044789065,0.9951814360533516,150,150,150,150,150,1.0,1.0,1.0,1.0,1.0,raw_runs/test/attack_sweep_bursty/level_120/pair_10.jsonl.gz,eea88bc2a0327a9b413d741291662dfd85e61e6be10520cd04894408253d5cf4
test,bursty,attack_sweep_bursty,attack,120,11,2596634394329281386,14823892494879232447,15133534248254124329,8bd50ec675ec88525f62a268da21db56a6113460d7dc3f8208baf91263090ffb,08e6ae54b74fb3e6fe893c312426c26cdb61299ec0f45eba2372d1dc7d6316c5,150,2531,245,2286,6.147986789311924,43.39798678931192,119.08,172.54999999999998,6.8143735824447775,0.9936615245583994,150,150,150,150,150,1.0,1.0,1.0,1.0,1.0,raw_runs/test/attack_sweep_bursty/level_120/pair_11.jsonl.gz,d70f402fdf90615f0e7b9553d68028dec315ce21f1d1c6e9b20cc3602e70eb0b
test,bursty,attack_sweep_bursty,attack,120,12,1437341747633275469,3511160682749090487,10042814650808473716,a9a02cdf4e2a6b8d7fd6767361c7fc6ecfef8961a20497b3500b27ada1035f04,fbb1dbb19be40ffb91030388e20b7f5e35e40b722e7e02dac2213da2150eaf6f,150,2599,275,2324,6.071433618136301,43.321433618136304,120.97333333333333,170.0,6.846895998513837,0.9940079130241759,150,150,150,150,150,1.0,1.0,1.0,1.0,1.0,raw_runs/test/attack_sweep_bursty/level_120/pair_12.jsonl.gz,ed5e40b603f3eae1d2cd45e8b2a4a91937ad50d8c12890cd21c0c3a17578b671
test,bursty,attack_sweep_bursty,attack,120,13,14719362781366742488,8981918555081330760,18412639621132331322,9ca2f72d6330bc7979295eba30d70e29b1caf704628c2bcf44bb88a5eab1f22a,01b142b1cb4303ff6a8084b526cae2864cf83d8321902831b89fa7e156ee4e47,150,2634,269,2365,6.0836179590307,43.3336179590307,122.36,180.0,6.859814871426622,0.9945593323385385,150,150,150,150,150,1.0,1.0,1.0,1.0,1.0,raw_runs/test/attack_sweep_bursty/level_120/pair_13.jsonl.gz,fe187e4840fcf7538489477b1b1886dc32a60591f5b6fc03921eca9effa7b33d
test,bursty,attack_sweep_bursty,attack,120,14,14474661752500536637,17617004064125541860,80669475586118984,aadf53e83138be966c48fc4650b9f82c73934c4c9882b4fe4000bb276a5a5864,625388c379279bb9af205d608254a1b841cb119ef3ba6e6794cfdf40a6362851,150,2539,248,2291,6.24231393270592,43.49231393270592,120.03333333333333,175.0,6.829048393555083,0.9940967185984562,150,150,150,150,150,1.0,1.0,1.0,1.0,1.0,raw_runs/test/attack_sweep_bursty/level_120/pair_14.jsonl.gz,488ffdece8458b276f97c32b85c9dfef8046fbb6cd9a1db22a971e318b550daf
test,bursty,attack_sweep_bursty,attack,120,15,9057122810702578651,4543646872701268467,7540475410841380462,41284ca1a22c8fe03bdbabd13fca4b6df9ce68c81718d68cad5b36aaa06c0997,07f4c185ff247baffbad63d470ac39ec5de09c4a251538f48b375c40566cc84b,150,2550,257,2293,6.091740150517711,43.34174015051771,118.78,167.54999999999998,6.816377799795271,0.9950848953149399,150,150,150,150,150,1.0,1.0,1.0,1.0,1.0,raw_runs/test/attack_sweep_bursty/level_120/pair_15.jsonl.gz,d537b88344863026e029b5a775828bd91927ad4f303c5dcd358e080ce0e0b8e7
test,bursty,attack_sweep_bursty,attack,120,16,12846439749721313369,7362486142867485648,677927368494314774,5306223a67fd603927f52d3edfc77f76991744b4448b92e32603d0eabdcf57b1,8e99a1f9eb35a0983fd496ef9f66215493fc61b48754df76fd5afde89f6a531b,150,2532,248,2284,6.064512845798391,43.31451284579839,114.43333333333334,166.54999999999998,6.758560073285673,0.9934878530108718,150,150,150,150,150,1.0,1.0,1.0,1.0,1.0,raw_runs/test/attack_sweep_bursty/level_120/pair_16.jsonl.gz,5c0cc3b9884747f7b5b1694b166d36273d747016ddff63eafbb094e0c42b2a78
test,bursty,attack_sweep_bursty,attack,120,17,9366898388875760307,11526361026516754993,5014763395610347038,b93c815b1c1524f717fe29c09f501d2c2ff263cf0a51dc423e69735f782b365f,af1e9f435fe8868402f198f6e12b7a3c98b7eea2ffb844d44318906b67ea7904,150,2592,234,2358,6.077640960550096,43.3276409605501,124.34666666666666,176.0,6.883306150154788,0.9940425173610379,150,150,150,150,150,1.0,1.0,1.0,1.0,1.0,raw_runs/test/attack_sweep_bursty/level_120/pair_17.jsonl.gz,8a81d899fd1f1d7eacaa797b95604fd1dc1eefe9517f706acd822bca7f7c25e0
test,bursty,attack_sweep_bursty,attack,120,18,459606337061139932,17309434019910614744,2501636349304126578,34ea11c6cc27205c23a6bd8aa92768d3a12092213561505a645c81286f50b0b8,faa4b06792998d32cc6438e6cacb9e365623dea10939abc01a995a37e6d62b78,150,2721,260,2461,6.031956006548407,43.281956006548405,121.35333333333334,179.64999999999995,6.841401353069998,0.9934307326402506,150,150,150,150,150,1.0,1.0,1.0,1.0,1.0,raw_runs/test/attack_sweep_bursty/level_120/pair_18.jsonl.gz,a1671457f85b53c8cf2710f8818f87b4b9e8a3d18bf5bb258647736c591e233e
test,bursty,attack_sweep_bursty,attack,120,19,18079239627301317534,123194317669093861,4588573694024981789,4fed31ca27edc43fc557eba82debcb5af7c9f752b16be8c20440885032b554d7,b94503ced58092f11add55413003cfbd7b4c2fc285d6e9e34f8c0435c88927dd,150,2748,272,2476,6.140093328849063,43.39009332884906,123.44666666666667,180.84999999999988,6.873410536748355,0.9952814729239269,150,150,150,150,150,1.0,1.0,1.0,1.0,1.0,raw_runs/test/attack_sweep_bursty/level_120/pair_19.jsonl.gz,b02bf4e81caf1b9c8f167abb1494f75765a448e57ff6b477cb4a8cc1d9ae4c19
test,bursty,attack_sweep_bursty,attack,200,0,6244464861570204875,1183215605325143094,15907749265583154238,0a616c52a1d64c99be849e79d40009605deddd6f000a2642e5cc32f22e54cb62,523cc01b0e87be7a3618fcf6e4996dd19b3934c7476a47dca10a56e5e974de05,150,4470,444,4026,6.161421157703115,43.41142115770312,201.14,284.0,7.5722408558841625,0.9904145155666849,150,150,150,150,150,1.0,1.0,1.0,1.0,1.0,raw_runs/test/attack_sweep_bursty/level_200/pair_00.jsonl.gz,2ca6b91ea9523e48e4de1343184945cf1213c0949e95a566f09adbc9c5261332
test,bursty,attack_sweep_bursty,attack,200,1,15499418933323906708,13973998937141136578,17882438942939768434,4ca879ecbb7124cf849c10534f16ad978854c5cf1a410a7d08001197e5fbb369,29b8f425da0602426347ba0cc9b92cbbb1f752e384a692abc580e43bf882308a,150,4417,460,3957,6.121395170632892,43.371395170632894,201.01333333333332,290.54999999999995,7.563178363847407,0.9909503505891413,150,150,150,150,150,1.0,1.0,1.0,1.0,1.0,raw_runs/test/attack_sweep_bursty/level_200/pair_01.jsonl.gz,c49d4fc1a82d5b04019cc552e4d81e716cbac8763ba53f57a561907d98c0c7c9
test,bursty,attack_sweep_bursty,attack,200,2,5327217777066326399,3694338404923262196,14306968688506292010,9ef55218a0f72fce8821204a6405dcb572f0f94b30f0c19076879d2689e50b4e,dba811b637500e15faba79fcf7d4b9a3e77937012475376a25cc83b6b80b6694,150,4431,467,3964,6.001818689928701,43.2518186899287,199.28,287.54999999999995,7.555507391288596,0.9912692286601943,150,150,150,150,150,1.0,1.0,1.0,1.0,1.0,raw_runs/test/attack_sweep_bursty/level_200/pair_02.jsonl.gz,31631d3376e4fb30b6f9ec6143fe2cf64732398718d45e60b28511442125a368
test,bursty,attack_sweep_bursty,attack,200,3,13610089189584132482,8131595809746710667,8069722380059393305,f80bb35c763ba8842263fba57f3c70a04b4e9cab692162c8b8297d9e7d515ed6,51657b15699e2cfb77f62afe311c192cf6884b196c48a279230d03cd82d678a9,150,4382,463,3919,6.131788837158965,43.381788837158965,200.18,284.0,7.567043608454786,0.9916748910314728,150,150,150,150,150,1.0,1.0,1.0,1.0,1.0,raw_runs/test/attack_sweep_bursty/level_200/pair_03.jsonl.gz,f19e70f03f4bb9c94c578c4e702aa3886690fea614fd75be6ac624662dd63bad
test,bursty,attack_sweep_bursty,attack,200,4,8324496539110995588,14362473866316968579,2732836827785674496,c6ed23db98ebb46d17e2566b75862b0432a19f18ef0df8cb0168336867b6c241,8f65c27e9836553b867c68549c6eafa344ee8fd805afd5824d1741735834565d,150,4404,437,3967,6.212793074467247,43.46279307446725,199.76666666666668,284.54999999999995,7.5599241288841785,0.9918136127666124,150,150,150,150,150,1.0,1.0,1.0,1.0,1.0,raw_runs/test/attack_sweep_bursty/level_200/pair_04.jsonl.gz,1b1eb3f47672d726bbe75a975fe55f0001e221f52b12657a49306a12fec4734f
test,bursty,attack_sweep_bursty,attack,200,5,15024157627771418902,16364490518133932789,14433205736520273455,aff78f473b3e62b8817925edcbdc704c88847914cd977df440fed51cd1b5ef45,bdfd3f96596123ef5aa07911abce77e4ea24490061426d44258b47bbfefef4b8,150,4266,423,3843,6.114419951716373,43.36441995171637,200.24666666666667,285.54999999999995,7.560592199316164,0.9903526892035931,150,150,150,150,150,1.0,1.0,1.0,1.0,1.0,raw_runs/test/attack_sweep_bursty/level_200/pair_05.jsonl.gz,77cc956eea7a2215bf1d388080dedd9cad5dd5e01d33a01f59115a929e1a1a54
test,bursty,attack_sweep_bursty,attack,200,6,370976341244047154,13051650883290848420,5745589403233918020,1553918a47e74d42d755cfbfcb81c043721f6b4d22d1aed5c71edaa6976b20b3,56a2c5bf7a81febe6f8ba5ef7014ae8e6e93e3f726ea0a7a39f93a826fe6b010,150,4178,405,3773,6.195429232988327,43.445429232988324,190.44666666666666,271.65,7.494381738048695,0.9921110463091048,150,150,150,150,150,1.0,1.0,1.0,1.0,1.0,raw_runs/test/attack_sweep_bursty/level_200/pair_06.jsonl.gz,38a8e1bd71847cb86c75aa6f1913baa02eb4d26cfa38e7367f6836699b6133e7
test,bursty,attack_sweep_bursty,attack,200,7,3219024180408530195,2500295282128676561,15510970424392945761,2868f72fea63719b14e25e11e363d68307f0bcf85f303905e7192f900a48c2d6,28574117101a19febfd0fd79c4101b7f5b8089582afcb32b33d6742461e0cd7f,150,4376,432,3944,6.164017558590053,43.414017558590054,199.43333333333334,284.54999999999995,7.555495787440165,0.9895052542498782,150,150,150,150,150,1.0,1.0,1.0,1.0,1.0,raw_runs/test/attack_sweep_bursty/level_200/pair_07.jsonl.gz,4ff3ff83e7a7a27e78b60a992eab70915c60d50f31fd8a9ab44d7450967dd9ca
test,bursty,attack_sweep_bursty,attack,200,8,9886612851880066305,6544157466683481380,11527304901330095748,e97b3135a8df99886c5616a2ad86fcd606745c2f042317cc731873368d409070,6f3f5df18399bba44981fca6bd01b6147a95ad1c2ee62168daf5a9401308598b,150,4444,455,3989,6.085762438951061,43.335762438951065,203.86,285.0,7.586007584539402,0.9888147859541616,150,150,150,150,150,1.0,1.0,1.0,1.0,1.0,raw_runs/test/attack_sweep_bursty/level_200/pair_08.jsonl.gz,6758c5a582af6a16c2715664349b185fcfd238a476c497d65d04fcc796696455
test,bursty,attack_sweep_bursty,attack,200,9,15870556802420508910,6226783974891202791,5083523645011077746,ede32d91b65b4eacbd6fe4f3ff31f5993fc98bf753257e65051f83042efd93ca,97574b74f9fc9a253e66b7df97fdb54e39230e48918d9ebf939a961896e7111f,150,4259,394,3865,6.093580239821864,43.34358023982186,201.49333333333334,291.2999999999999,7.575834399494446,0.9917358041377751,150,150,150,150,150,1.0,1.0,1.0,1.0,1.0,raw_runs/test/attack_sweep_bursty/level_200/pair_09.jsonl.gz,32842b54500afc41a23fa5f071484e949a63a307e8c4265b443ce974b77dd9ea
test,bursty,attack_sweep_bursty,attack,200,10,15203838369661115206,1613144383195996876,12933453668689687108,d4e0bf92cae9a8271c546ff00e8c4e49076cd8faed558ea7f35f26d96a6baddb,69e901ab374abad89f70d7ff184c741a1798562a4b1ef2313d461307b8c2b18e,150,4251,466,3785,6.158354504285287,43.408354504285285,195.74,278.09999999999997,7.526604588136833,0.9888285864277127,150,150,150,150,150,1.0,1.0,1.0,1.0,1.0,raw_runs/test/attack_sweep_bursty/level_200/pair_10.jsonl.gz,46246daf8f9e031ee027e8fe9db2eee0e2a7f3b9411c81720b46b38e45a1951b
test,bursty,attack_sweep_bursty,attack,200,11,7683858403345927260,7337104196067686003,15771659903865047330,3b3fef23c92cb2d28fa6345ca6fd16cacf4f5babb8794b74e072885e2c36822b,e9e4ac17614dd13f2f3c3b3cc4efb91d6548f4c2dce213a4f400cad286e1517b,150,4488,453,4035,6.123551774934856,43.37355177493485,200.02,284.19999999999993,7.559919537880202,0.9896590179195213,150,150,150,150,150,1.0,1.0,1.0,1.0,1.0,raw_runs/test/attack_sweep_bursty/level_200/pair_11.jsonl.gz,9b82c936827bb0e6878a10d2021ffb8b61cfbadfd8063e6f9af19c4779f89747
test,bursty,attack_sweep_bursty,attack,200,12,6311134007492821947,4130871909149489640,17884852795141381434,75c123089eb40112adf86d4d63e73e3d7c4da652f4911e116deaba5a788c5056,3d1f5e6f370b7c67f530f7c7218fa5753a069de0371b395642519d2f8acc950e,150,4459,461,3998,6.2389632008356966,43.4889632008357,206.47333333333333,292.09999999999997,7.615368808251052,0.9913262843023332,150,150,150,150,150,1.0,1.0,1.0,1.0,1.0,raw_runs/test/attack_sweep_bursty/level_200/pair_12.jsonl.gz,9139e421a50a3b025277f812d3b6266227c0be99d0a7b8b8e4b66a2964846a79
test,bursty,attack_sweep_bursty,attack,200,13,16950859001948405348,15895434542567619661,17721516856981892445,55b4b24d7cd5a408da1b035386ad9ed9f0b5e0e3c67aec593b3219cdecbdd1e0,8cc02d96bb8770b04c5e3c5921b1c69ed88dfbc5e7660ae4bc6d4e8a4f69fdb2,150,4350,468,3882,6.22978809426351,43.47978809426351,200.84666666666666,284.8499999999999,7.565607833729688,0.9882785170114895,150,150,150,150,150,1.0,1.0,1.0,1.0,1.0,raw_runs/test/attack_sweep_bursty/level_200/pair_13.jsonl.gz,f87b03c9c46648297aa4a2a6216bad491d4a4d5c4d6c00dae3846fab4d0ca35c
test,bursty,attack_sweep_bursty,attack,200,14,16974673210848834108,8452702851695548547,15064670483591741423,7075c6c5b0fca93143669986de7010dccf7698760839a4240cc04f73b0246465,3871ca74f399384d77f7e210a851b790013078acc86d07ed0b39d53be5b0de71,150,4348,394,3954,6.126450498122583,43.37645049812258,204.54,290.0,7.594166072180216,0.9926233776982031,150,150,150,150,150,1.0,1.0,1.0,1.0,1.0,raw_runs/test/attack_sweep_bursty/level_200/pair_14.jsonl.gz,e61a66f26e318d951a9c6eab030f3b489ff0eb882f085eb7e7a7e2e87d5aac5d
test,bursty,attack_sweep_bursty,attack,200,15,16933897845982676019,5524196988270083756,11449269866157372233,0736df471bc54e65617e8dc3f7e9a49dbeae5edf459994651938e7081cb340b2,4d748ef399db74ba90a234cecd092d18e2833dbf22e3d19341f35efe1e6817e9,150,4225,421,3804,6.238575196797134,43.488575196797136,197.73333333333332,284.54999999999995,7.547347862672182,0.9923581933288684,150,150,150,150,150,1.0,1.0,1.0,1.0,1.0,raw_runs/test/attack_sweep_bursty/level_200/pair_15.jsonl.gz,40918d773920150626ab069dd909c9e7c282ed305d1a5aae8fc42ac830836049
test,bursty,attack_sweep_bursty,attack,200,16,15885110187064147692,57442648831050994,12262997356226086925,d9a384c561ad8a644695bbcf086d796c74555a9b65af3068fe85653ebab104ee,556f9d3cf69b5e2916f8f2576ebca8a99c0684202a1f67d53dde87f5eb93f0ad,150,4195,446,3749,6.034544019592463,43.28454401959246,199.59333333333333,289.09999999999997,7.548285595649101,0.9892711619388952,150,150,150,150,150,1.0,1.0,1.0,1.0,1.0,raw_runs/test/attack_sweep_bursty/level_200/pair_16.jsonl.gz,1fc26587621399b1d096e3a3306983a6e5a8c407fbac6f66093e8f29f994e993
test,bursty,attack_sweep_bursty,attack,200,17,16082895555938700704,1591820421127213634,4425531689569750914,48eed4a7f38e8dc0c334d87ae91b066dc92e047bd10e9d9c75794159f7783419,2ba76d647fe2820a1e7ae2550cb4409d7e991c06999383dbc4c6b533e93b53ac,150,4407,448,3959,6.192388495175628,43.44238849517563,199.66,284.54999999999995,7.558047511981649,0.9913634972209392,150,150,150,150,150,1.0,1.0,1.0,1.0,1.0,raw_runs/test/attack_sweep_bursty/level_200/pair_17.jsonl.gz,83a8013a434eec28472f059c5a715d999676b078126a781c4ce9d42767d37df8
test,bursty,attack_sweep_bursty,attack,200,18,11074568029261538688,11718188790058518948,7952911216406921071,7f19b6bc4a791df4fe5c1e42712738a696104a3b8fb161e89f9722daaa26de4e,524e81ff335a2206fca64cdbbbe95dca2cd7080ac4fab5c0b03a0bd10cc5bb7f,150,4324,444,3880,6.240930009018878,43.490930009018875,196.22666666666666,280.0,7.535675066934,0.9907909523365441,150,150,150,150,150,1.0,1.0,1.0,1.0,1.0,raw_runs/test/attack_sweep_bursty/level_200/pair_18.jsonl.gz,36ee8018f915e068cf8f215df7626f98b4d9d3c74cf970485ed7dcb73389458e
test,bursty,attack_sweep_bursty,attack,200,19,16704663931438455338,13502363092250765548,10952474130777891961,bea5ea49f507bf35c3ad4ddcc668b0d8d5477e6c2cb05c8168243c32632c4328,a42a653d1d6e10080540675d09be6e2bef23ee0642efb9afb4ef063593d1c9c2,150,4240,425,3815,6.051359015258408,43.301359015258406,198.81333333333333,286.0,7.55115142394298,0.9911060420275548,150,150,150,150,150,1.0,1.0,1.0,1.0,1.0,raw_runs/test/attack_sweep_bursty/level_200/pair_19.jsonl.gz,3ac8c6078bf8410964de4428baf78d19e245c2cf89bfc45836529dd87c2804df
test,bursty,benign_bursty,benign,24,0,7031087724318038522,521999132909312506,444502564299328626,cd5ba418c5ff607e74ecaf1189b93052dc76d3082604b3a5efb7e726e085c221,87fa7bfb3d9e1dae1815cc39287f1deaad7c4bf5a2c0d202a30d3dd4381b6b66,150,519,519,0,6.114400702023729,43.36440070202373,23.7,37.0,4.468751581266744,0.9934951281824362,150,69,69,125,150,1.0,0.46,0.46,0.8333333333333334,1.0,raw_runs/test/benign_bursty/level_24/pair_00.jsonl.gz,14f534a87dadb1b48a663ce21e59ce750fc3e716d89583aef349b19734aaf7fd
test,bursty,benign_bursty,benign,24,1,18299917803484112097,14549112322483931621,7407477101400667555,ca0d5f930818d17b11593579194b7f5c247c807c53b7b4555c3c7fcb475ab2a2,dad5933368c7500acde12d0e280cc22b9c13a6b78c4c578a79061c67a47c26ba,150,519,519,0,6.016470860519395,43.2664708605194,23.46,39.0,4.4429028812176075,0.9987803978794246,150,75,75,119,150,1.0,0.5,0.5,0.7933333333333333,1.0,raw_runs/test/benign_bursty/level_24/pair_01.jsonl.gz,8e0485e01c2b068cdb2fd2b2a97bafe7ee3176ddc791b4a8ac1f71d09ab663c6
test,bursty,benign_bursty,benign,24,2,11731983724895013540,13024542973532231930,11168402352704962770,161d6cd0635ee1d5647bc504fcf4520cc3acedb08ce10c662bf595d38696dfab,eb242833172e7d5adc67a16463c10f4d635a48246c1ef0dc9d00fda995b406ab,150,498,498,0,6.05431002792076,43.304310027920764,24.033333333333335,40.64999999999995,4.455014290268395,0.990761182276079,150,73,73,117,150,1.0,0.4866666666666667,0.4866666666666667,0.78,1.0,raw_runs/test/benign_bursty/level_24/pair_02.jsonl.gz,fad53aac21dae90d7573a5a4d9196157ffa8d0605a729d0d936a704a68ce1f4e
test,bursty,benign_bursty,benign,24,3,15427335249318728485,16968161023381961262,14516313432479827648,0def5a0953ea76b11e8bd0a375dddc9ecdebcc6a5c3f2fc384a70858e4583dec,129768bf4ed7b69c7f8529b4c6e7268eab74d98ae58850b1e35e6628d2a317e6,150,510,510,0,6.07408881053318,43.32408881053318,23.56,41.0,4.404076370999851,0.9908884965885255,150,70,70,113,150,1.0,0.4666666666666667,0.4666666666666667,0.7533333333333333,1.0,raw_runs/test/benign_bursty/level_24/pair_03.jsonl.gz,d67d0c4aa11a7bcac94d1f97ccf996592915efb51f32f29c0709252f950632df
test,bursty,benign_bursty,benign,24,4,10941371021059456085,2598864490307091718,783360630308584777,f0aed36c0dbd639f8446cc8b05530daa419af11459210b8966f1eab29a5c666f,385409fd6515f6df8874f31b0b0b8d9b21b4e0248876d3aaee26e87b13a0742d,150,513,513,0,6.021664721593212,43.27166472159321,24.26,36.0,4.509108136869632,0.9947585626127625,150,84,84,128,150,1.0,0.56,0.56,0.8533333333333334,1.0,raw_runs/test/benign_bursty/level_24/pair_04.jsonl.gz,417cbd4f3d0e5e79b6318820688a304da1111aeb9c62bb951893d9443caebac6
test,bursty,benign_bursty,benign,24,5,12256277931077687574,10261321010413077719,6481431341507642299,333c627ca6584b0682606529b2e462fc9dfe241529b61bf1d6dab3b50d4e1ae8,f5de13deae83e6e438d438bc7af33908e0a9ba8a3f9435f9139290fd99150b25,150,534,534,0,6.186963034214351,43.43696303421435,24.366666666666667,38.0,4.484877848591153,0.9930416622997306,150,76,76,127,150,1.0,0.5066666666666667,0.5066666666666667,0.8466666666666667,1.0,raw_runs/test/benign_bursty/level_24/pair_05.jsonl.gz,ee0bae47e6e42d82af80467ae3c5f091f0bb6df435e224159451e04db59558b2
test,bursty,benign_bursty,benign,24,6,14362360602421453026,9829941686261655947,12734190377424887418,d66e486150c19eecdf2159f2da348404d1917b09e7b028d0e798b53a34a1fb1f,4047a996e3f3c363426f84efee8804e41791cda84eb2c79659c9a6a9f1dcf313,150,517,517,0,6.165369743402512,43.415369743402515,23.58,36.0,4.468416818763205,0.9970440633338747,150,75,75,120,150,1.0,0.5,0.5,0.8,1.0,raw_runs/test/benign_bursty/level_24/pair_06.jsonl.gz,c87f73e7da4717c99a16a16b1e5397b72c393ca03a080178c7f7476cec080971
test,bursty,benign_bursty,benign,24,7,11806216866448157296,5641573086108471734,12033247235716996940,a20b170461eb7cd5b429af47c7dd67a4870a69335c97ef57b4b1b6d734cc177f,f1338bdf8e51c884b73a94845634f51b3fa1c20412c84944eb701e5ddc3edb36,150,486,486,0,6.065554697723137,43.31555469772314,22.76,36.54999999999998,4.417387191634881,0.9946918255338357,150,65,65,121,150,1.0,0.43333333333333335,0.43333333333333335,0.8066666666666666,1.0,raw_runs/test/benign_bursty/level_24/pair_07.jsonl.gz,578330e55d65faebc0916016756f2fe5c59b04c4795d45d8103cf8b6db1ae75b
test,bursty,benign_bursty,benign,24,8,2107769414726670299,5053104952758278221,16251300694104686636,87692d981c36616d17e24e7c52a99e3401f350ba73299b4d0214c39bd1b18284,61325d036c63409e4a2899b52dfb58a8e64885735d6e09ec4d2eca35096175c2,150,516,516,0,6.019586511624109,43.26958651162411,23.733333333333334,38.54999999999998,4.47215026983469,0.9930792428383783,150,72,72,126,150,1.0,0.48,0.48,0.84,1.0,raw_runs/test/benign_bursty/level_24/pair_08.jsonl.gz,f7e7ed98b8a85bbc4a13627c032b03ed3ca00b8de386a22f96461d8d91ea407d
test,bursty,benign_bursty,benign,24,9,11358452612906502398,14465317457533706838,17438462786830919036,7c50eefad4b8f1eb75f20632672a0556fa93f68920e62ee0be1623a7cafe8104,b1322b5aa4ba12f380385cf08fdc1a03b54d811b917a7a68d0413d5bb95cba5d,150,494,494,0,6.102034585459206,43.35203458545921,22.84,32.54999999999998,4.430278672425588,0.9932776537829462,150,73,73,120,150,1.0,0.4866666666666667,0.4866666666666667,0.8,1.0,raw_runs/test/benign_bursty/level_24/pair_09.jsonl.gz,16951353eae42132b6c1fbb8f21889ec0cb76be2234306fe472304e5c25e625b
test,bursty,benign_bursty,benign,24,10,12957076017819254940,8346406131059714819,12578814462851931978,4aa1bf3e00feeaf138c7c3d1e0d8397e7fd8ba1b7598597f0fdbe0bd45f5339a,5d20e5688425be9f9db0bfe75db6ad12e2df59966efe390a18be5a4a8ad7097a,150,550,550,0,6.104416313931075,43.354416313931075,25.62,43.099999999999966,4.555453830580555,0.9904788136348884,150,79,79,124,150,1.0,0.5266666666666666,0.5266666666666666,0.8266666666666667,1.0,raw_runs/test/benign_bursty/level_24/pair_10.jsonl.gz,5ed09287c9822f16ee0cc94e8a80d2d72a1d0a4be7b57f00dd5a3d265cfdae06
test,bursty,benign_bursty,benign,24,11,12938451552124007813,9940534528171644088,3915180572852334340,c28614727aa94274a815732025b85e17e8fde05cf602cb2f3291b5e47c2ec3b9,df55bdaea7ce21fd97c6713f8915573f6586798879316bdf63a84bff187500be,150,488,488,0,6.007709966795945,43.25770996679594,23.206666666666667,39.0,4.409511909389245,0.9854514830846806,150,68,68,119,150,1.0,0.4533333333333333,0.4533333333333333,0.7933333333333333,1.0,raw_runs/test/benign_bursty/level_24/pair_11.jsonl.gz,a65e8fe1defff8da5d11d04f9b5ca3d1ed2588e437048354d066452ca1950866
test,bursty,benign_bursty,benign,24,12,17290730975127025859,16248527617210306373,387386428970809142,9bef694133e1d1add0075a542883c2a6bef11201188ba1f1de4ea3ec39ca1c2b,bc46dd86cd0cc13bb1296644f60e7f650f912c1d068e5fb87e7c15f3c0906d6e,150,528,528,0,6.116434518338851,43.36643451833885,23.993333333333332,38.0,4.468229984253846,0.9886208936351568,150,73,73,122,150,1.0,0.4866666666666667,0.4866666666666667,0.8133333333333334,1.0,raw_runs/test/benign_bursty/level_24/pair_12.jsonl.gz,22faef77fd6163cc5a02cbb35168d6366a5fc59a55d6dfb6860d7b4259d45e18
test,bursty,benign_bursty,benign,24,13,15398952453020799613,2269231728745071893,13458650548899104031,e3b89c4a29d0698ce7e415188854c89c47ee4b3cd07760f457f9accbe7ab398c,711cb59c624cd5380146382a244067f46e72314b3995ea24be69ceae0e493166,150,509,509,0,6.203296984693126,43.453296984693125,22.76,37.0,4.405911100236931,0.9941879453838484,150,68,68,118,150,1.0,0.4533333333333333,0.4533333333333333,0.7866666666666666,1.0,raw_runs/test/benign_bursty/level_24/pair_13.jsonl.gz,8932d03f2c1b70e0f16394275843f60ebf3c76ce6d1e2202317f6789412dc918
test,bursty,benign_bursty,benign,24,14,1528823186042818636,2015516010930686336,5981732789506284639,e137f396c1fecbf4ce8b4f888e08b2e843460463822a6e0817bd4f7283694208,9c596898bccc4f1ab493d5b4837bdd79d0d3d283041035721b3be7e18d9b9831,150,557,557,0,6.037121485432639,43.287121485432635,24.846666666666668,36.0,4.543920337994009,0.9933251798378482,150,80,80,132,150,1.0,0.5333333333333333,0.5333333333333333,0.88,1.0,raw_runs/test/benign_bursty/level_24/pair_14.jsonl.gz,817c5607abda9cc71261ba0495b10527ea69d7f9a0abe6446a186c8f89976499
test,bursty,benign_bursty,benign,24,15,3348558786788259330,11446981430502276868,16604358317960529736,5cf7d2d5cf01c78f8de95b3c0aa3545bfe1e21ef3227c05d4b692149944eb14d,a828154abd5a7ce838ee5496b34140f62030241fb6cf6924e4c231fc08e2154f,150,549,549,0,6.21773039354327,43.46773039354327,25.966666666666665,44.0,4.570334534245109,0.9902363367598727,150,81,81,127,150,1.0,0.54,0.54,0.8466666666666667,1.0,raw_runs/test/benign_bursty/level_24/pair_15.jsonl.gz,52ac52118b6baa4eeb603d4039187c5f348130fe20e6e9e975cb753f46086a95
test,bursty,benign_bursty,benign,24,16,3904011933236831565,14107443848382601732,1729652104613616218,849a1d75af6c8994c9071f8dc4c508ae756c27c96d458a16ca38643af5d9f67e,59b7f07c7f073432fb7a439fef87f737888a6145f8db2a80586fd3736895ea3a,150,544,544,0,6.2053573058267455,43.455357305826745,24.133333333333333,39.54999999999998,4.4598980748836015,0.9920016733510626,150,76,76,120,150,1.0,0.5066666666666667,0.5066666666666667,0.8,1.0,raw_runs/test/benign_bursty/level_24/pair_16.jsonl.gz,8a18da99e0820bce3691da0916a3682fad1187cbc1a92ded401a8b3727116bd9
test,bursty,benign_bursty,benign,24,17,2699201686156082149,10321045553301550088,3934837143288803490,68e425e1b5b41cff2d07b5fc99a70fa2b833f127b9c3a813f0b5d0a99105051e,2dc57249cc31f5f4a1b96ecb6142dc4e441dc8064cdfe1a960ed5f52d54fdbfb,150,537,537,0,6.1050234714495115,43.35502347144951,24.166666666666668,35.54999999999998,4.511650069403542,0.9929358546604707,150,80,80,130,150,1.0,0.5333333333333333,0.5333333333333333,0.8666666666666667,1.0,raw_runs/test/benign_bursty/level_24/pair_17.jsonl.gz,fafc8d5aaadc17a3430880c5334944ddc33b8d0c591602975955a23a43f145a5
test,bursty,benign_bursty,benign,24,18,8606871396493972771,13721112442664091815,4991869423216001066,b0dd71d649dfd38fa281e4e67c028dfb8a37f15a537e2e24d801b52e57dab4aa,0ab8a21d88bce862142ec30e011aee09a4278b8070cfba676581f8787989739c,150,530,530,0,6.164340058731557,43.414340058731554,22.94,37.54999999999998,4.424192141006042,0.9960487073401627,150,71,71,122,150,1.0,0.47333333333333333,0.47333333333333333,0.8133333333333334,1.0,raw_runs/test/benign_bursty/level_24/pair_18.jsonl.gz,990a3e542ecdd51ff4ec3b05a8df641956c13d56b23473d866a695fb6a3560f1
test,bursty,benign_bursty,benign,24,19,15222006655384463927,14384269102284837911,2182652014222323358,16b98634a47d449ca740ac0b39d0b098555bbcb3c3b52a8eb3b5127b0563aff2,825a565b941005aad9a485f26532570d7ff7af2db08fb8569974c53356bf56e2,150,523,523,0,6.128969856357267,43.378969856357266,23.72,36.54999999999998,4.468883391237808,0.9938080285798427,150,74,74,122,150,1.0,0.49333333333333335,0.49333333333333335,0.8133333333333334,1.0,raw_runs/test/benign_bursty/level_24/pair_19.jsonl.gz,ccda428f5a35e89f03bdc19ef65e52589c681b4ae83b005dd0a00cfd59a93e17
test,bursty,benign_bursty,benign,60,0,4728291661238065303,3256045249883301069,13039768009876027381,b4f7c93bd63dbce9d6e2fb6ca0bea57d0831322083a674f359ea50d9c7cf2a56,609643504ca3e186ddbf84976c8d2bcd6821a6661d4954db3e4d89371849de26,150,1271,1271,0,6.0270900011448925,43.27709000114489,59.66,88.54999999999998,5.799076153047597,0.9858184342542654,150,150,150,150,150,1.0,1.0,1.0,1.0,1.0,raw_runs/test/benign_bursty/level_60/pair_00.jsonl.gz,26b989638eee1fce6347295883a76358af58617f7a936e2e9e36a75b73e6acf6
test,bursty,benign_bursty,benign,60,1,10626907232040107754,12733732827271703484,10432158054626902460,46a3066797aabdbae93b252fe2f7fd23c41ec9654787ed4adfd55da0e103fa98,4312d02cadd3942cbc0146b2d3d5ee4d1553646179855664a9cbca184edbd559,150,1372,1372,0,6.056757347910395,43.30675734791039,60.70666666666666,87.0,5.8268816586306,0.9842784929047048,150,150,150,150,150,1.0,1.0,1.0,1.0,1.0,raw_runs/test/benign_bursty/level_60/pair_01.jsonl.gz,aaa9fe6de52750d9222407153350b25197e419cd189531bc240b799de73355c0
test,bursty,benign_bursty,benign,60,2,12193141472780891747,2280695331476173544,7329899822002328909,3de8347be1234adbf76e9e73ab8cc99c4c47b7ed7763c026eff861dde14d36d2,3cea94406ba8245b0255bde28b6da10f0a7311ca2f3cfa72cf258d32cb8369d0,150,1288,1288,0,6.145152045870287,43.39515204587029,60.85333333333333,90.19999999999993,5.827914569274481,0.9856463830402792,150,150,150,150,150,1.0,1.0,1.0,1.0,1.0,raw_runs/test/benign_bursty/level_60/pair_02.jsonl.gz,807ce349a79b2a386ca517721c57673f7183cecd647f6ad4d633202c34152708
test,bursty,benign_bursty,benign,60,3,13957978195480844126,16137068541999678016,6711364123799898070,a8b2b94eab8ea9243b22afecf4b4199818c75f9d6464fe4470fbd60f16399f55,9bcbf7373268a27d7e2d1ba567d09364600ac741ad8026de0ee764eea9d8d630,150,1301,1301,0,6.17597216943645,43.42597216943645,60.75333333333333,91.54999999999998,5.831243963443774,0.9848006494017182,150,150,150,150,150,1.0,1.0,1.0,1.0,1.0,raw_runs/test/benign_bursty/level_60/pair_03.jsonl.gz,eb6cfc0f2baf0d7b3a38bd23f7f3044459ef433393055ddd8f17551dedb6cc37
test,bursty,benign_bursty,benign,60,4,16157349877590930817,8265084416615399815,17263596027417360675,126532c429d00d98653d307bca4e7fa9d95c2363cfd12ba8989fe956761c6107,b1827c2ac42da0551d7989303855eb8d35ccfa5c7430955efac24a8b502e7ad4,150,1302,1302,0,6.043837545416029,43.293837545416025,60.1,87.0,5.820862979885334,0.9880208878859112,150,150,150,150,150,1.0,1.0,1.0,1.0,1.0,raw_runs/test/benign_bursty/level_60/pair_04.jsonl.gz,28ad531cdbb2218a32e9340a2a3b696760a442b37c6b7cadf3f8a20401e80c57
test,bursty,benign_bursty,benign,60,5,5365915920768804960,1444703689198968028,9885930283635600459,3855cb1ab9cf5cc611f41425e99e6626eed89b03ae48ee84f90487456fcd6438,cef70b0b67676ca7402cd41f380185d2d9030ce5c0d8d03ca12ead4f448ef10e,150,1318,1318,0,6.14317382126017,43.39317382126017,59.63333333333333,87.09999999999997,5.800622278531758,0.9863069924444865,150,150,150,150,150,1.0,1.0,1.0,1.0,1.0,raw_runs/test/benign_bursty/level_60/pair_05.jsonl.gz,a70cd503d988af8b8c4a94b92b23e6bd8ff9edeb2c745e2e4ed35ae7741372ec
test,bursty,benign_bursty,benign,60,6,3481910348492203474,10101454239527221363,17377491778791444596,3a010f8cdda0b561635e8c5fcf756f217095a6197780512e60c158e57c39697e,3efd9a0fce02b40f0b852d693fded3163dd1affaa1ba358dda8e7ea91e33b670,150,1306,1306,0,6.029187178585506,43.2791871785855,58.88,86.0,5.785403605812515,0.9887398485128865,150,150,150,150,150,1.0,1.0,1.0,1.0,1.0,raw_runs/test/benign_bursty/level_60/pair_06.jsonl.gz,55ffc60dbd93be8abdc26d650a7bcf989121d477753893c19c3aca86c3e22b79
test,bursty,benign_bursty,benign,60,7,5607973933383313552,15594808418798255805,11668774991284141463,ab885e8ff00bcf5923d01d1404f1cfc5ffd3ae3b1c8692df5e6371cc760f7c7e,3751e8a4383524b883ec3b6121096588b5b5d9b885b818a88ddbece86542f50c,150,1233,1233,0,6.006516981060812,43.25651698106081,57.21333333333333,86.0,5.749533472353141,0.9903581974311134,150,149,149,150,150,1.0,0.9933333333333333,0.9933333333333333,1.0,1.0,raw_runs/test/benign_bursty/level_60/pair_07.jsonl.gz,7be808a3b8136f88c88ef0495dee8a303c94e103ce52a794856345a0fae50d76
test,bursty,benign_bursty,benign,60,8,117741995419115625,3410315107802305461,10671344833319657244,3c9185bb9ad283538ede111fe7f65fb64bef9f637ea82915911e071fb1d6ab9e,d53607bc240b35042cb793c1de25617bd88dd03ac916a6815b681d44e18c84a5,150,1257,1257,0,6.088558708729074,43.338558708729074,60.71333333333333,88.0,5.829017613953852,0.9865919011361469,150,150,150,150,150,1.0,1.0,1.0,1.0,1.0,raw_runs/test/benign_bursty/level_60/pair_08.jsonl.gz,1a0d22b582da64a9041e183eb747eb3dc14d916ca6c45c872085a96607817603
test,bursty,benign_bursty,benign,60,9,2878065899226068233,5763900466979319014,816254412983183635,0fd463d88f867e1043fe26e14a65685dfac142c46d435a7bc98e3c06c8626082,e717df89e2ed85d3db4631a90ea78033cd83b4414da86951c76aaf663bf68d9a,150,1340,1340,0,6.203735273524038,43.45373527352404,62.6,89.0,5.881611710836218,0.9888633633798706,150,150,150,150,150,1.0,1.0,1.0,1.0,1.0,raw_runs/test/benign_bursty/level_60/pair_09.jsonl.gz,a619f04fa80a4d177885debfda844df590b5e7c5447fb645f57af143e2ac9004
test,bursty,benign_bursty,benign,60,10,78743034156872817,7744895399556128114,4519915359307138169,65fd437223162bc0dc1288c1586ae9a57e20189b64b33069487ae16f5135c1b6,be0bc4d676d38c799f4cd8be77590f430fc058f73e5c820dcd12e513edc0f9a7,150,1278,1278,0,6.218271618288086,43.468271618288085,59.153333333333336,85.0,5.794681313409056,0.9878727968612334,150,150,150,150,150,1.0,1.0,1.0,1.0,1.0,raw_runs/test/benign_bursty/level_60/pair_10.jsonl.gz,aba1c18ecd8e6659dfa3d5cb913d46565fc54c3494ef152cc6fd16e025d373fc
test,bursty,benign_bursty,benign,60,11,11959727002202433164,13974460987346353953,1171038325795760593,0e5962392d0ecbc89b794cbe45fdc512eff2474e67cce792a3c90b8ddd5de223,4388fa1a9da112631e30b8573414ab440300a6f76265bcc9f3b838e11e049a9d,150,1331,1331,0,6.0335153168346505,43.28351531683465,60.77333333333333,85.54999999999998,5.8265436399293336,0.9835573123185032,150,150,150,150,150,1.0,1.0,1.0,1.0,1.0,raw_runs/test/benign_bursty/level_60/pair_11.jsonl.gz,d4196f2e0a6091fc3c660041b5d61ff7810923c8e4ccfdd7c756afd48b172717
test,bursty,benign_bursty,benign,60,12,15204481003135083174,11587197522998189836,12455466616995120937,bc0455882bf973153dc18daec66903155dd538011a246434893fd147bdb90273,9c8fbfde1551f3b30d8c831e0c1bff25198c22c1a8cf379cb7b5cf65a3275ab9,150,1263,1263,0,6.003768610927332,43.25376861092733,59.89333333333333,87.0,5.806272985788639,0.9861362148202485,150,149,149,150,150,1.0,0.9933333333333333,0.9933333333333333,1.0,1.0,raw_runs/test/benign_bursty/level_60/pair_12.jsonl.gz,9b139f1ec7ac84101a044760ecdbd89f3299cbfc53ed870e8e644254c55eb6f8
test,bursty,benign_bursty,benign,60,13,10871333545479817243,7563558602441166387,6168568347771512340,714b9613dea4d2ceeb12ef5eb4c3d8f65b51c5c1e8ce7a649d685c38f2b47882,785102fde87ad8a70e99844ea3295db64f9b66cae0f5487ccfcc7ef3f4c8255c,150,1397,1397,0,6.18475018903361,43.43475018903361,62.78,94.0,5.85962433971083,0.9834212191356625,150,150,150,150,150,1.0,1.0,1.0,1.0,1.0,raw_runs/test/benign_bursty/level_60/pair_13.jsonl.gz,2dd2a0f870cdb2c8146c1f0e03f3c404bb9ef19e541897ef0592c77e2988bec6
test,bursty,benign_bursty,benign,60,14,2798099764286777473,8986116746278208679,9007475769579974256,938550ee9e758ead76d63628d7c7527eb2a1cdd344d927e3908d1ccbcf9a578f,311fa6c2a384362f7e9d2f7ae866ae4c97f5cb6e40067c9c28f476a2069003a9,150,1289,1289,0,6.045167905239544,43.295167905239545,57.63333333333333,86.0,5.736853258302788,0.9844275750544019,150,148,148,150,150,1.0,0.9866666666666667,0.9866666666666667,1.0,1.0,raw_runs/test/benign_bursty/level_60/pair_14.jsonl.gz,d4a5a28b27b1f0f8a8fb53f0504f1430f81288554446c72692cebf31167d50c8
test,bursty,benign_bursty,benign,60,15,17097306720387306107,4114087812797548196,11896658454210599186,89c538ccb4914afa58d8f70c55f5c533bba23dd6d543c53841b4ca661c5dfc40,3b7c187855a3eed29a3d316241275d6da11f394da6df4292cf7273c222f917cf,150,1300,1300,0,6.238672133476845,43.48867213347685,59.81333333333333,91.54999999999998,5.808152275313852,0.9865383822105078,150,150,150,150,150,1.0,1.0,1.0,1.0,1.0,raw_runs/test/benign_bursty/level_60/pair_15.jsonl.gz,8699ab3ad2828f3ef1f60e8495c8b94c390ec42c7200e8fec267395bdbed6030
test,bursty,benign_bursty,benign,60,16,1684478467566215520,14681944726587086290,6985629303606511074,84baadbdc8521be632dee4e2375859c94dd9877fef904280c2e7959a84239e5b,4dcc027ecba96ac6488452076a24f5f5ae9e8034b184f25f0c09159d5eacbf04,150,1280,1280,0,6.03358522822634,43.28358522822634,59.36,88.09999999999997,5.785654449224402,0.9875015751188213,150,150,150,150,150,1.0,1.0,1.0,1.0,1.0,raw_runs/test/benign_bursty/level_60/pair_16.jsonl.gz,14b57c6a7375a2634903ac891e38c766ac7733ad34e0a9a270acc0c6502a95bc
test,bursty,benign_bursty,benign,60,17,14235558214642707832,17856287676692079206,2705748920624525277,2468f017fd0c4ae2dadd5bc76716e10278864f463ea5063a267398b8a72da19b,b2966ff90176c3d6cfc3e2ba757210e6a8a741a5a7ab3f3b191ec208e81fc55e,150,1372,1372,0,6.222332430217775,43.472332430217776,61.9,91.64999999999995,5.838324908403644,0.9803885344123231,150,150,150,150,150,1.0,1.0,1.0,1.0,1.0,raw_runs/test/benign_bursty/level_60/pair_17.jsonl.gz,5d9bded938318a9cbc7e71d672d99e1fcda4da394e456c37fe2b0566d75489e7
test,bursty,benign_bursty,benign,60,18,9804069978694791450,12954677911242742428,11972951785033017450,a004962f8cdd7d1a651f4bc59f1b0958967835928083fa573cbd5da2f58a8028,81f26f7c582d14608bd363381c6acae8f3f1f3d6df9ff08340714c2af354eca1,150,1208,1208,0,6.019564879984748,43.26956487998475,57.32,82.0,5.746679066207863,0.9840106330127613,150,150,150,150,150,1.0,1.0,1.0,1.0,1.0,raw_runs/test/benign_bursty/level_60/pair_18.jsonl.gz,04ca58e5457dbbfdbdd3ff4adbe44fe570d7806028bc0b437331b25f86f2402c
test,bursty,benign_bursty,benign,60,19,2893823591515303878,18222017690021044820,594861234652769343,8452e5afda41dd507e21fbb7b7aacce3c7a17ade8c90d545f48af55814fb0f1b,0567cde63c193b98abbac43926e4d6db5613fc17cba5c6eead1c76fa209252f3,150,1297,1297,0,6.150511731269282,43.40051173126928,57.873333333333335,84.0,5.760107906560285,0.9853723641456626,150,150,150,150,150,1.0,1.0,1.0,1.0,1.0,raw_runs/test/benign_bursty/level_60/pair_19.jsonl.gz,f9c083e6873d2feb4e5146beb9b7d7d7fcaab92bf1d9cb02d81dbf256c3128d3
test,bursty,benign_bursty,benign,120,0,17677778801770958739,6829398312328068154,12718203004814404258,fbb467ad009618b8b1312566ae15b958bb4987c25663c0efeb8b1640d20f02ca,f1d429a74aefbaff5ff76c3de0af927dfc8d6e31313466866867632d147ea386,150,2644,2644,0,6.231272544082715,43.481272544082714,123.22,177.0,6.820710871813006,0.9730406024635723,150,150,150,150,150,1.0,1.0,1.0,1.0,1.0,raw_runs/test/benign_bursty/level_120/pair_00.jsonl.gz,b61d70e15d97fe479ceeb1b9aae74b4ceb24ee55f282822a0697b9b6b99d39de
test,bursty,benign_bursty,benign,120,1,8508802059021800781,930787583123559901,506954954702634113,46a4adcd1fbfc500df817a1e15bd450e6fcb170eb11b84af7175c07ff58dc446,3648af7bfe2856ab9baa0a2525b4d0456301932e039c0175204ac48ec932d90b,150,2500,2500,0,6.080903798955948,43.330903798955944,117.18666666666667,166.0,6.763106350617934,0.97554562194334,150,150,150,150,150,1.0,1.0,1.0,1.0,1.0,raw_runs/test/benign_bursty/level_120/pair_01.jsonl.gz,f9af8a61feba1bdeebe9e557c0ed80d39f3bdeb3259e6d12afe08b665366cf23
test,bursty,benign_bursty,benign,120,2,14012732547975858607,2148828941729288347,6766705188605012955,b6a16b5493bd6f2a293ac33fcf2d9b81fed24ca18012974e1a0c52bfac87dd03,f6af602ec5b4cd5f61735a81d1b62710c7615af28e0c2864c3b93b0fa2be3856,150,2619,2619,0,6.1268790140801075,43.37687901408011,124.66666666666667,176.54999999999998,6.8500903874834576,0.974591644081353,150,150,150,150,150,1.0,1.0,1.0,1.0,1.0,raw_runs/test/benign_bursty/level_120/pair_02.jsonl.gz,8b35bd6d0290a87476191b9537258f892382fe80ec4503fb68aeff9cb21ea346
test,bursty,benign_bursty,benign,120,3,2348384244368873237,10678651135538379153,6426113014419728148,5bdc2a4cdff52ab8d76d9a22dba76bdb151515d74476504c5c185c9d3ecf8275,dbe5c60b1e6663dcc35bd3c75406742c37dbd88f73f989e030d1ca85b840a60d,150,2606,2606,0,6.00903633071874,43.25903633071874,123.64,181.54999999999998,6.823578681947672,0.9711500852124156,150,150,150,150,150,1.0,1.0,1.0,1.0,1.0,raw_runs/test/benign_bursty/level_120/pair_03.jsonl.gz,9f21e832226f34df2b3ab791a852c26301405f190983af09a8571b8b2747a431
test,bursty,benign_bursty,benign,120,4,12068768551392945050,5862145283542478514,240262987700750886,796e55419db78f140096aa48ed8df9752d32ae633c2e24168dba0ae88bd044ef,7645b784e0bcac108eb95e2cf4a41381e9c619c8f48b8208857ae70f30abc349,150,2548,2548,0,6.213283860139065,43.463283860139065,118.34666666666666,169.54999999999998,6.758256702332719,0.9711128172656318,150,150,150,150,150,1.0,1.0,1.0,1.0,1.0,raw_runs/test/benign_bursty/level_120/pair_04.jsonl.gz,7a7f4e0478707e4bd37da8fc26d9dec3b65e2fbe1a67d2e1f519db2781c53d11
test,bursty,benign_bursty,benign,120,5,11754546574889286477,17320219234250889673,5690097895691668524,e75ee591b02d84062e9e3f08561b545c6ac2def6f278030dc83ec3e63b3ba2d6,766cafefbe76832830ea6541c1e2badc61ba679b2f09481abf71f7a60f56c16b,150,2695,2695,0,6.126470998348932,43.376470998348935,120.72666666666667,175.0,6.79508183762932,0.9741321694526986,150,150,150,150,150,1.0,1.0,1.0,1.0,1.0,raw_runs/test/benign_bursty/level_120/pair_05.jsonl.gz,6c21ebbb0188f910dc1943328f682af98a76a8ae851ea5dd93529774d5b680dc
test,bursty,benign_bursty,benign,120,6,8686578293534854415,11973128124416859319,256921344224467890,96c191f864bc8cdc9422ad1269800ecf7196bc2c56a360f5ab891b555c761785,e1d1196b005bc19f50846aab2edf71ab433d9dde82ddebce7b7b69903bff2228,150,2541,2541,0,6.132766076707838,43.38276607670784,119.63333333333334,172.09999999999997,6.765119494379916,0.9668439776614521,150,150,150,150,150,1.0,1.0,1.0,1.0,1.0,raw_runs/test/benign_bursty/level_120/pair_06.jsonl.gz,55a49bbc0b22c28747d3e5f532938d666087ca419c9ac825af673e679401b835
test,bursty,benign_bursty,benign,120,7,10137070029227726156,646216227087379654,7291114740559178034,75bf15dc79359e1241af3807c28474fd18f443040fe301fc9a27461265a0112f,332bef8cb53e1f83b74d768503632d5c686335c40533885c7ac5002fa3cb39e9,150,2521,2521,0,6.171654486628849,43.42165448662885,118.91333333333333,171.54999999999998,6.766294832731735,0.9704308142511266,150,150,150,150,150,1.0,1.0,1.0,1.0,1.0,raw_runs/test/benign_bursty/level_120/pair_07.jsonl.gz,a971e8affb0dc84eb9cd8008c792f6b4e2367b70f947a6a52bfd8d94285940b8
test,bursty,benign_bursty,benign,120,8,630050063957971533,6139190161411610768,4512997853520989023,89598fbc36b773d70896e0bfca4b584a8a2fe010c11068c96f65f28685b8aba5,7563faa4c56e2e7d4d3acfa3f2a15da6bbf06403e6717e77a4541114e4637a12,150,2653,2653,0,6.169959062015312,43.41995906201531,118.47333333333333,167.0,6.772998444098192,0.973233885246913,150,150,150,150,150,1.0,1.0,1.0,1.0,1.0,raw_runs/test/benign_bursty/level_120/pair_08.jsonl.gz,9522ca6e5c88d4d0163c2570b83d5d236c46f9809302e6b70cabb5d5602d1744
test,bursty,benign_bursty,benign,120,9,2729294043633015870,12831543257470076485,1306053647998119112,777ec0c8ce6c81384b5eb17736f07ed3a054c876cc1bf28848f8a0d626d43c15,881deebb2e7b5da6b8773e0a22f32054d6d69d1773affcd3410fd099c88f5c78,150,2570,2570,0,6.049084431248641,43.299084431248644,122.34,174.09999999999997,6.816553484038263,0.9715776678161369,150,150,150,150,150,1.0,1.0,1.0,1.0,1.0,raw_runs/test/benign_bursty/level_120/pair_09.jsonl.gz,964baceddcc4162a72f2d3917bfb9817ebd72f4b4291d9c080937206b87dfe6c
test,bursty,benign_bursty,benign,120,10,10265540251891105962,6735019329757629085,3298922494815422066,c896064e13d7fc55104456ead018dd76ce81ebf013a478e3b9bf4f397a0a2146,13e39786576b3dfb2fcb398dae8becb264bf20f7d963298038d1856cfda0ed62,150,2585,2585,0,6.040337725524269,43.29033772552427,119.11333333333333,172.54999999999998,6.765726662235623,0.9694456785961707,150,150,150,150,150,1.0,1.0,1.0,1.0,1.0,raw_runs/test/benign_bursty/level_120/pair_10.jsonl.gz,af7c1a187cea0afda95c80528ef653a02ea20cfdb1d58fbab045ac5d8c96c9ab
test,bursty,benign_bursty,benign,120,11,2596634394329281386,14823892494879232447,6271437321620789139,8bd50ec675ec88525f62a268da21db56a6113460d7dc3f8208baf91263090ffb,08e6ae54b74fb3e6fe893c312426c26cdb61299ec0f45eba2372d1dc7d6316c5,150,2531,2531,0,6.147986789311924,43.39798678931192,119.08,172.54999999999998,6.77188988080973,0.9726516990775413,150,150,150,150,150,1.0,1.0,1.0,1.0,1.0,raw_runs/test/benign_bursty/level_120/pair_11.jsonl.gz,2248275523a5883fbc31989a82d493579813548ae468fdeea22f5a9902611546
test,bursty,benign_bursty,benign,120,12,1437341747633275469,3511160682749090487,4273612336636422366,a9a02cdf4e2a6b8d7fd6767361c7fc6ecfef8961a20497b3500b27ada1035f04,fbb1dbb19be40ffb91030388e20b7f5e35e40b722e7e02dac2213da2150eaf6f,150,2599,2599,0,6.071433618136301,43.321433618136304,120.97333333333333,170.0,6.806269872978145,0.9737109230066119,150,150,150,150,150,1.0,1.0,1.0,1.0,1.0,raw_runs/test/benign_bursty/level_120/pair_12.jsonl.gz,a91c1f27e9316427c280842e8436a3c535f80388eef7c019ed4ca6020db2c853
test,bursty,benign_bursty,benign,120,13,14719362781366742488,8981918555081330760,2873193931782601540,9ca2f72d6330bc7979295eba30d70e29b1caf704628c2bcf44bb88a5eab1f22a,01b142b1cb4303ff6a8084b526cae2864cf83d8321902831b89fa7e156ee4e47,150,2634,2634,0,6.0836179590307,43.3336179590307,122.36,180.0,6.818894914906817,0.974235025428258,150,150,150,150,150,1.0,1.0,1.0,1.0,1.0,raw_runs/test/benign_bursty/level_120/pair_13.jsonl.gz,8bca22b0192434806b30ec811eed31cdc49be6371fd564ab94c2a8bb1c87558c
test,bursty,benign_bursty,benign,120,14,14474661752500536637,17617004064125541860,14414670301308548372,aadf53e83138be966c48fc4650b9f82c73934c4c9882b4fe4000bb276a5a5864,625388c379279bb9af205d608254a1b841cb119ef3ba6e6794cfdf40a6362851,150,2539,2539,0,6.24231393270592,43.49231393270592,120.03333333333333,175.0,6.782329186591493,0.9708084002823075,150,150,150,150,150,1.0,1.0,1.0,1.0,1.0,raw_runs/test/benign_bursty/level_120/pair_14.jsonl.gz,3935414a05ad57073c769af01253ce9de4070057426d95a39f732ba96117b010
test,bursty,benign_bursty,benign,120,15,9057122810702578651,4543646872701268467,916328090190564814,41284ca1a22c8fe03bdbabd13fca4b6df9ce68c81718d68cad5b36aaa06c0997,07f4c185ff247baffbad63d470ac39ec5de09c4a251538f48b375c40566cc84b,150,2550,2550,0,6.091740150517711,43.34174015051771,118.78,167.54999999999998,6.767279347907289,0.9707194816981369,150,150,150,150,150,1.0,1.0,1.0,1.0,1.0,raw_runs/test/benign_bursty/level_120/pair_15.jsonl.gz,4a27971895c154d860035f54ff6be8ec4984221aa83e032df9fd5d5ac9297385
test,bursty,benign_bursty,benign,120,16,12846439749721313369,7362486142867485648,17938697549616151947,5306223a67fd603927f52d3edfc77f76991744b4448b92e32603d0eabdcf57b1,8e99a1f9eb35a0983fd496ef9f66215493fc61b48754df76fd5afde89f6a531b,150,2532,2532,0,6.064512845798391,43.31451284579839,114.43333333333334,166.54999999999998,6.719844642716918,0.9742214824363813,150,150,150,150,150,1.0,1.0,1.0,1.0,1.0,raw_runs/test/benign_bursty/level_120/pair_16.jsonl.gz,978e9ae967920a3b6334a9677c5ab8914c690c51a6632518e4c568f3118770e4
test,bursty,benign_bursty,benign,120,17,9366898388875760307,11526361026516754993,13484097856881375550,b93c815b1c1524f717fe29c09f501d2c2ff263cf0a51dc423e69735f782b365f,af1e9f435fe8868402f198f6e12b7a3c98b7eea2ffb844d44318906b67ea7904,150,2592,2592,0,6.077640960550096,43.3276409605501,124.34666666666666,176.0,6.846188297677265,0.9756124939970267,150,150,150,150,150,1.0,1.0,1.0,1.0,1.0,raw_runs/test/benign_bursty/level_120/pair_17.jsonl.gz,f0f30898e304ffbdbebe3dc9bf1ba7711e6b08d2809d350e4c1413119028d782
test,bursty,benign_bursty,benign,120,18,459606337061139932,17309434019910614744,10637600295177413001,34ea11c6cc27205c23a6bd8aa92768d3a12092213561505a645c81286f50b0b8,faa4b06792998d32cc6438e6cacb9e365623dea10939abc01a995a37e6d62b78,150,2721,2721,0,6.031956006548407,43.281956006548405,121.35333333333334,179.64999999999995,6.801648882319425,0.973842543727455,150,150,150,150,150,1.0,1.0,1.0,1.0,1.0,raw_runs/test/benign_bursty/level_120/pair_18.jsonl.gz,5fcb2d0f442868db7ff50579f073b7728ecb7cd1b0ea6acec60a789544c6c297
test,bursty,benign_bursty,benign,120,19,18079239627301317534,123194317669093861,2060137317114638715,4fed31ca27edc43fc557eba82debcb5af7c9f752b16be8c20440885032b554d7,b94503ced58092f11add55413003cfbd7b4c2fc285d6e9e34f8c0435c88927dd,150,2748,2748,0,6.140093328849063,43.39009332884906,123.44666666666667,180.84999999999988,6.828108340334299,0.9727876055265386,150,150,150,150,150,1.0,1.0,1.0,1.0,1.0,raw_runs/test/benign_bursty/level_120/pair_19.jsonl.gz,51fe99ee50d00c0e2a2498eb12dacb4801d5a66e847205264c25abfec74cb8da
test,bursty,benign_bursty,benign,200,0,6244464861570204875,1183215605325143094,17963984995868377974,0a616c52a1d64c99be849e79d40009605deddd6f000a2642e5cc32f22e54cb62,523cc01b0e87be7a3618fcf6e4996dd19b3934c7476a47dca10a56e5e974de05,150,4470,4470,0,6.161421157703115,43.41142115770312,201.14,284.0,7.504087567805158,0.9571328826969333,150,150,150,150,150,1.0,1.0,1.0,1.0,1.0,raw_runs/test/benign_bursty/level_200/pair_00.jsonl.gz,9fb0629d4d80a8c92963da90d9f9afe21e26f5536666aa3f924a021ef537d999
test,bursty,benign_bursty,benign,200,1,15499418933323906708,13973998937141136578,6808359707616910961,4ca879ecbb7124cf849c10534f16ad978854c5cf1a410a7d08001197e5fbb369,29b8f425da0602426347ba0cc9b92cbbb1f752e384a692abc580e43bf882308a,150,4417,4417,0,6.121395170632892,43.371395170632894,201.01333333333332,290.54999999999995,7.492190040087812,0.9563396258329256,150,150,150,150,150,1.0,1.0,1.0,1.0,1.0,raw_runs/test/benign_bursty/level_200/pair_01.jsonl.gz,d211ecc975ce10f10d177b6a177b064ad7b34ae231f502705633161a9f1e8710
test,bursty,benign_bursty,benign,200,2,5327217777066326399,3694338404923262196,14679001330301704402,9ef55218a0f72fce8821204a6405dcb572f0f94b30f0c19076879d2689e50b4e,dba811b637500e15faba79fcf7d4b9a3e77937012475376a25cc83b6b80b6694,150,4431,4431,0,6.001818689928701,43.2518186899287,199.28,287.54999999999995,7.482930456314346,0.955459754811355,150,150,150,150,150,1.0,1.0,1.0,1.0,1.0,raw_runs/test/benign_bursty/level_200/pair_02.jsonl.gz,13496e64327b23289f6b3b75aa107c19551b5c1b0003b4382b814033060f530f
test,bursty,benign_bursty,benign,200,3,13610089189584132482,8131595809746710667,17818228215734482418,f80bb35c763ba8842263fba57f3c70a04b4e9cab692162c8b8297d9e7d515ed6,51657b15699e2cfb77f62afe311c192cf6884b196c48a279230d03cd82d678a9,150,4382,4382,0,6.131788837158965,43.381788837158965,200.18,284.0,7.492177419106207,0.9549222940214968,150,150,150,150,150,1.0,1.0,1.0,1.0,1.0,raw_runs/test/benign_bursty/level_200/pair_03.jsonl.gz,020958230d8a1454b8ece7b991531115ccbb11ca82936858e8c191a21314e62a
test,bursty,benign_bursty,benign,200,4,8324496539110995588,14362473866316968579,17243685278105249869,c6ed23db98ebb46d17e2566b75862b0432a19f18ef0df8cb0168336867b6c241,8f65c27e9836553b867c68549c6eafa344ee8fd805afd5824d1741735834565d,150,4404,4404,0,6.212793074467247,43.46279307446725,199.76666666666668,284.54999999999995,7.482984206306525,0.9540104947150239,150,150,150,150,150,1.0,1.0,1.0,1.0,1.0,raw_runs/test/benign_bursty/level_200/pair_04.jsonl.gz,be3a85c1b1d887e79a892fe43b5db468e183055b93ff3d4374bf786b9a3e30b8
test,bursty,benign_bursty,benign,200,5,15024157627771418902,16364490518133932789,12241336857282476451,aff78f473b3e62b8817925edcbdc704c88847914cd977df440fed51cd1b5ef45,bdfd3f96596123ef5aa07911abce77e4ea24490061426d44258b47bbfefef4b8,150,4266,4266,0,6.114419951716373,43.36441995171637,200.24666666666667,285.54999999999995,7.4825039871278065,0.9520096503681919,150,150,150,150,150,1.0,1.0,1.0,1.0,1.0,raw_runs/test/benign_bursty/level_200/pair_05.jsonl.gz,1f1842bfd17446e58c37ee4dcbd86ff3e6a1dd84b6c354691c87161a545f8306
test,bursty,benign_bursty,benign,200,6,370976341244047154,13051650883290848420,11698791244084792350,1553918a47e74d42d755cfbfcb81c043721f6b4d22d1aed5c71edaa6976b20b3,56a2c5bf7a81febe6f8ba5ef7014ae8e6e93e3f726ea0a7a39f93a826fe6b010,150,4178,4178,0,6.195429232988327,43.445429232988324,190.44666666666666,271.65,7.417455811477859,0.9545886514687036,150,150,150,150,150,1.0,1.0,1.0,1.0,1.0,raw_runs/test/benign_bursty/level_200/pair_06.jsonl.gz,7c35fd628dda822f50275a1eb4e7af711ce970b5cb1d7ef8ea5fa76ec6d444ef
test,bursty,benign_bursty,benign,200,7,3219024180408530195,2500295282128676561,11814135766844059510,2868f72fea63719b14e25e11e363d68307f0bcf85f303905e7192f900a48c2d6,28574117101a19febfd0fd79c4101b7f5b8089582afcb32b33d6742461e0cd7f,150,4376,4376,0,6.164017558590053,43.414017558590054,199.43333333333334,284.54999999999995,7.475491968890623,0.9499857040785097,150,150,150,150,150,1.0,1.0,1.0,1.0,1.0,raw_runs/test/benign_bursty/level_200/pair_07.jsonl.gz,ff4d365fa1bc38144ece30f26524c0484e06da796e4b13e7977ff55c3e389d2f
test,bursty,benign_bursty,benign,200,8,9886612851880066305,6544157466683481380,18034497262302270955,e97b3135a8df99886c5616a2ad86fcd606745c2f042317cc731873368d409070,6f3f5df18399bba44981fca6bd01b6147a95ad1c2ee62168daf5a9401308598b,150,4444,4444,0,6.085762438951061,43.335762438951065,203.86,285.0,7.517231152038009,0.9548399530979469,150,150,150,150,150,1.0,1.0,1.0,1.0,1.0,raw_runs/test/benign_bursty/level_200/pair_08.jsonl.gz,de7c43fda2a97ca9e14be74d61f83e85a67a3f0f7d53897e35c4081a531a999f
test,bursty,benign_bursty,benign,200,9,15870556802420508910,6226783974891202791,3376346720318302583,ede32d91b65b4eacbd6fe4f3ff31f5993fc98bf753257e65051f83042efd93ca,97574b74f9fc9a253e66b7df97fdb54e39230e48918d9ebf939a961896e7111f,150,4259,4259,0,6.093580239821864,43.34358023982186,201.49333333333334,291.2999999999999,7.496832209215454,0.9527042421116642,150,150,150,150,150,1.0,1.0,1.0,1.0,1.0,raw_runs/test/benign_bursty/level_200/pair_09.jsonl.gz,a1abeb564f26e4dd7a9a158836fe966330e299d1d364dfde94404c23874ac43f
test,bursty,benign_bursty,benign,200,10,15203838369661115206,1613144383195996876,10129662408455663408,d4e0bf92cae9a8271c546ff00e8c4e49076cd8faed558ea7f35f26d96a6baddb,69e901ab374abad89f70d7ff184c741a1798562a4b1ef2313d461307b8c2b18e,150,4251,4251,0,6.158354504285287,43.408354504285285,195.74,278.09999999999997,7.457849603065728,0.9550756176377574,150,150,150,150,150,1.0,1.0,1.0,1.0,1.0,raw_runs/test/benign_bursty/level_200/pair_10.jsonl.gz,b4b6c149ff40329f3754888e6483f8013cb3122e0a039197a5ccce4fcb7a021c
test,bursty,benign_bursty,benign,200,11,7683858403345927260,7337104196067686003,10879453900391275047,3b3fef23c92cb2d28fa6345ca6fd16cacf4f5babb8794b74e072885e2c36822b,e9e4ac17614dd13f2f3c3b3cc4efb91d6548f4c2dce213a4f400cad286e1517b,150,4488,4488,0,6.123551774934856,43.37355177493485,200.02,284.19999999999993,7.482732186930066,0.9516336705338801,150,150,150,150,150,1.0,1.0,1.0,1.0,1.0,raw_runs/test/benign_bursty/level_200/pair_11.jsonl.gz,d1f0370920f1f0ea8e30592ca5529965d92945c435b34e7496b27acc87d36316
test,bursty,benign_bursty,benign,200,12,6311134007492821947,4130871909149489640,3338698188089753536,75c123089eb40112adf86d4d63e73e3d7c4da652f4911e116deaba5a788c5056,3d1f5e6f370b7c67f530f7c7218fa5753a069de0371b395642519d2f8acc950e,150,4459,4459,0,6.2389632008356966,43.4889632008357,206.47333333333333,292.09999999999997,7.539540451534489,0.9540224289802249,150,150,150,150,150,1.0,1.0,1.0,1.0,1.0,raw_runs/test/benign_bursty/level_200/pair_12.jsonl.gz,caf1f3112d6cb5520234a982d2eea3166e4a89c7255b901735ef509fcc1d4625
test,bursty,benign_bursty,benign,200,13,16950859001948405348,15895434542567619661,14844294046717607787,55b4b24d7cd5a408da1b035386ad9ed9f0b5e0e3c67aec593b3219cdecbdd1e0,8cc02d96bb8770b04c5e3c5921b1c69ed88dfbc5e7660ae4bc6d4e8a4f69fdb2,150,4350,4350,0,6.22978809426351,43.47978809426351,200.84666666666666,284.8499999999999,7.49799146681184,0.9550811799858813,150,150,150,150,150,1.0,1.0,1.0,1.0,1.0,raw_runs/test/benign_bursty/level_200/pair_13.jsonl.gz,ff4b514ab5785c8eff38d41df276232d8ca33e3e0c127167df969bec8bb249f9
test,bursty,benign_bursty,benign,200,14,16974673210848834108,8452702851695548547,1818066566453392486,7075c6c5b0fca93143669986de7010dccf7698760839a4240cc04f73b0246465,3871ca74f399384d77f7e210a851b790013078acc86d07ed0b39d53be5b0de71,150,4348,4348,0,6.126450498122583,43.37645049812258,204.54,290.0,7.5164698545629,0.9543999023041781,150,150,150,150,150,1.0,1.0,1.0,1.0,1.0,raw_runs/test/benign_bursty/level_200/pair_14.jsonl.gz,ecb1fca52a659ca541ad3ce77025961e4714fd6e6b5b1e60c1f875599b257393
test,bursty,benign_bursty,benign,200,15,16933897845982676019,5524196988270083756,4995199521310458004,0736df471bc54e65617e8dc3f7e9a49dbeae5edf459994651938e7081cb340b2,4d748ef399db74ba90a234cecd092d18e2833dbf22e3d19341f35efe1e6817e9,150,4225,4225,0,6.238575196797134,43.488575196797136,197.73333333333332,284.54999999999995,7.466965675728591,0.9526375997017252,150,150,150,150,150,1.0,1.0,1.0,1.0,1.0,raw_runs/test/benign_bursty/level_200/pair_15.jsonl.gz,1f69967ccebd740076b6f72691634d16988c3406eea39eff3e8d5b3e9a69ff87
test,bursty,benign_bursty,benign,200,16,15885110187064147692,57442648831050994,11998021328494421175,d9a384c561ad8a644695bbcf086d796c74555a9b65af3068fe85653ebab104ee,556f9d3cf69b5e2916f8f2576ebca8a99c0684202a1f67d53dde87f5eb93f0ad,150,4195,4195,0,6.034544019592463,43.28454401959246,199.59333333333333,289.09999999999997,7.476586285680379,0.9535780610180203,150,150,150,150,150,1.0,1.0,1.0,1.0,1.0,raw_runs/test/benign_bursty/level_200/pair_16.jsonl.gz,15c205560938f929d4c8b079b9b4ecbd9d8798d3d994f68482e11f4ed8ce3ff1
test,bursty,benign_bursty,benign,200,17,16082895555938700704,1591820421127213634,1143975364970071612,48eed4a7f38e8dc0c334d87ae91b066dc92e047bd10e9d9c75794159f7783419,2ba76d647fe2820a1e7ae2550cb4409d7e991c06999383dbc4c6b533e93b53ac,150,4407,4407,0,6.192388495175628,43.44238849517563,199.66,284.54999999999995,7.487831669587527,0.9569226679560141,150,150,150,150,150,1.0,1.0,1.0,1.0,1.0,raw_runs/test/benign_bursty/level_200/pair_17.jsonl.gz,b8abe1052477ae29e0cffa6d4ac6b60f94b94d03d42e126fc9a84a72a1c70d33
test,bursty,benign_bursty,benign,200,18,11074568029261538688,11718188790058518948,13796676480112252882,7f19b6bc4a791df4fe5c1e42712738a696104a3b8fb161e89f9722daaa26de4e,524e81ff335a2206fca64cdbbbe95dca2cd7080ac4fab5c0b03a0bd10cc5bb7f,150,4324,4324,0,6.240930009018878,43.490930009018875,196.22666666666666,280.0,7.462912568899598,0.9552984377595612,150,150,150,150,150,1.0,1.0,1.0,1.0,1.0,raw_runs/test/benign_bursty/level_200/pair_18.jsonl.gz,764e89084de9527b0603c7ba7b23d684d6cb276d8f1e3d3e480688fc024e9a83
test,bursty,benign_bursty,benign,200,19,16704663931438455338,13502363092250765548,1211897352610934835,bea5ea49f507bf35c3ad4ddcc668b0d8d5477e6c2cb05c8168243c32632c4328,a42a653d1d6e10080540675d09be6e2bef23ee0642efb9afb4ef063593d1c9c2,150,4240,4240,0,6.051359015258408,43.301359015258406,198.81333333333333,286.0,7.480380258480267,0.9558349648868038,150,150,150,150,150,1.0,1.0,1.0,1.0,1.0,raw_runs/test/benign_bursty/level_200/pair_19.jsonl.gz,09a9f295fd8706a35cbe30a3b2fa7d2343bfd86585ebcd0cba24c19c905a896c
test,continuous,attack_dup_sweep_continuous,attack,24,0,5274255389240652009,15014387500873148184,5645677086191027669,1b9f95a5cba0bd51a80c4144aa936cffd0c3b29b4bb629d7fce913fb17747f84,39337aabd0fcab5b5f6dcd0f72c012ed07d837fedb94c9b00d209d85c06431a7,150,494,52,442,6.194597052502586,43.44459705250259,23.26,33.0,3.651105666512608,0.5814820845770808,150,0,73,26,1,1.0,0.0,0.4866666666666667,0.17333333333333334,0.006666666666666667,raw_runs/test/attack_dup_sweep_continuous/level_24/pair_00.jsonl.gz,033ef7495ee811de00f5a8d0be599796015aebb265a513427f6bb77c13a35991
test,continuous,attack_dup_sweep_continuous,attack,24,1,6474713877111862370,18218316800924262946,17650421394383829727,1300aac0f831b0e78290060d3a277a1a94f446c221ffd2bbb9d3a59c71a8af51,aef4e66d43e8440ae34755075c5dc77ef203a4094250330aaed2cdf5daa84f65,150,530,56,474,6.059661028066949,43.30966102806695,23.866666666666667,34.0,3.687404281546883,0.574871707604468,150,0,78,26,0,1.0,0.0,0.52,0.17333333333333334,0.0,raw_runs/test/attack_dup_sweep_continuous/level_24/pair_01.jsonl.gz,6606f1ab0f21550b765e61fe0b6d3377cb79db3c0ffbb3a4a68bb5181d20f5de
test,continuous,attack_dup_sweep_continuous,attack,24,2,3553928651814727180,7774970940855440883,9373576720614856415,9030a77ad504d97bd5c536bf3c1830ba0c3db9fcb7912ac96e3836f9aaa174a0,fcfb013575b9cfffceb47f75648e7dc84127fa7c9eac273a7f4b51d9fff59f4c,150,538,43,495,6.143086554961546,43.39308655496155,24.373333333333335,33.0,3.6858056465934306,0.5584459740898446,150,0,88,24,0,1.0,0.0,0.5866666666666667,0.16,0.0,raw_runs/test/attack_dup_sweep_continuous/level_24/pair_02.jsonl.gz,5631b11aff1937e0f541d7c0901d0eb03837b21faec019901b4af2c28f3c2f2d
test,continuous,attack_dup_sweep_continuous,attack,24,3,8713878134198056602,17210684182313449382,15591023347411840388,e97e50cb04a4eddab7398da135959aca1d34bdebe4e1978f23c6dbebca980a34,971313117897ea72eeb695e49bdb4263e841dab6b1864f6d23a42ceaf549b903,150,527,61,466,6.105011898489584,43.355011898489586,23.726666666666667,34.0,3.676690286453763,0.5782888173936347,150,0,74,35,0,1.0,0.0,0.49333333333333335,0.23333333333333334,0.0,raw_runs/test/attack_dup_sweep_continuous/level_24/pair_03.jsonl.gz,f01dcbde091b60d2d0064e458ca31ed9a09a20608b102aa4f3493f4d4eda14d7
test,continuous,attack_dup_sweep_continuous,attack,24,4,2321089306315690618,15715962716480013879,17277198148725848920,25e0b3f9a4220aa67378048100ed2b9cd4a2dcd270804548dff89198753276fe,978064f27bff79516e5bbd9ab246b3ae709ba474343e5f80567065499625e9f0,150,538,71,467,6.052494772064169,43.30249477206417,24.64666666666667,32.0,3.776823604106627,0.5884656892075019,150,0,96,34,0,1.0,0.0,0.64,0.22666666666666666,0.0,raw_runs/test/attack_dup_sweep_continuous/level_24/pair_04.jsonl.gz,2db124ea4d6e00088a925682c24d39aa67a5e501c9a287e8a15b3bf88b438972
test,continuous,attack_dup_sweep_continuous,attack,24,5,8845182802892067711,15927061754876500610,8819014290589054690,e3171231ffa9e65d41c50fea6ee79c0b86622a3b4691deb0e03ef461f17eafaf,8c5f7f527a17f405bd049ecf198469cd8192af88bc75353e189e8195866a110d,150,546,57,489,6.190030431836424,43.440030431836426,25.326666666666668,35.0,3.7785509815848832,0.5770647491049045,150,0,90,41,0,1.0,0.0,0.6,0.2733333333333333,0.0,raw_runs/test/attack_dup_sweep_continuous/level_24/pair_05.jsonl.gz,6ff08a0f2cb1ee5d32ad65d869dc8cc00648ece60d22c307923bad51e348b6d2
test,continuous,attack_dup_sweep_continuous,attack,24,6,2949316312643293065,14082473857851196443,7955366030563572079,f1280e0349393ed8fe34e4df741698cbdef664da679c404ec7ed8560ab9ccde7,45b7f12424b1d4b3e204af49feb6d048813337dfe8f16129f0a5a551a7afdbe3,150,517,53,464,6.067214993855386,43.31721499385539,23.926666666666666,33.099999999999966,3.6926183645967012,0.573225582665284,150,0,83,20,1,1.0,0.0,0.5533333333333333,0.13333333333333333,0.006666666666666667,raw_runs/test/attack_dup_sweep_continuous/level_24/pair_06.jsonl.gz,fa76635e28097ca28a5ceffc925c27b00477d09bcde956a8966ecf27ebd12a49
test,continuous,attack_dup_sweep_continuous,attack,24,7,5685123771069856718,16031353033753044848,9662169031680219252,076316ddb96d04ab8422e18738867f1107b42b02e39343edeaf6b6378c74f129,3c69a950226faa23eb0a1eb8262eb839f56c88166af829fe7a4e1d8983802930,150,520,50,470,6.026945624084125,43.27694562408413,23.866666666666667,31.0,3.700825955925434,0.5775154542250858,150,0,80,21,0,1.0,0.0,0.5333333333333333,0.14,0.0,raw_runs/test/attack_dup_sweep_continuous/level_24/pair_07.jsonl.gz,f253cfd0e009f2938b58de1e5f223cf56f768213df644be1b71d9d495cfa58c7
test,continuous,attack_dup_sweep_continuous,attack,24,8,892302016456819625,10650220714046566619,16421571183339267783,4ee1f3b89ebf49bca59f5d940e4897da9f0e67f2a9deec7ad7665f5dab393a53,271d98a79ef21d0e9ff693fb9c95da0b79a5540c36cbee0fe5b6cd6a9d62fbc5,150,466,48,418,6.098842190851139,43.34884219085114,21.18,30.549999999999983,3.4999863764359134,0.5694716321813819,150,0,46,14,0,1.0,0.0,0.30666666666666664,0.09333333333333334,0.0,raw_runs/test/attack_dup_sweep_continuous/level_24/pair_08.jsonl.gz,8811dfcf89df2aa063cda3075cf5421860273d45e403544ecea3e39797e900e2
test,continuous,attack_dup_sweep_continuous,attack,24,9,4379469355687760136,5132125539809160820,12299145188522128114,f5437d0a2121e91f76a7f8a12df693682ae6245af8962383983c7b9d8476961a,29400abba3b287e327d55b0763d329190a1b2cc13e0db6ca504741e9fd3fa2e1,150,531,59,472,6.151960273949927,43.401960273949925,24.826666666666668,34.0,3.7563074378339163,0.5811871898113543,150,0,86,29,1,1.0,0.0,0.5733333333333334,0.19333333333333333,0.006666666666666667,raw_runs/test/attack_dup_sweep_continuous/level_24/pair_09.jsonl.gz,0fa5d63beea7859505f9dea13bb879e6a2a3d24f413dc4cdd50d3a99ab991bcf
test,continuous,attack_dup_sweep_continuous,attack,24,10,3305485504433524465,11594913408255821544,6325415083461060680,9cd1ae0b89bc709f198fb2d7ee6f4bc2c84546d795381a79d9a779a6d8e5fa17,451129d6a73c1c4b9ef23f3efce149675b20037d4b1b23c48a8d0553558eb75c,150,501,47,454,6.094142064944289,43.344142064944286,22.846666666666668,32.0,3.615875183397505,0.5714693710276678,150,0,58,20,0,1.0,0.0,0.38666666666666666,0.13333333333333333,0.0,raw_runs/test/attack_dup_sweep_continuous/level_24/pair_10.jsonl.gz,a40f31eca63d917ca0f205d43c4206e569347de45360367f9804d82d0ce1a78b
test,continuous,attack_dup_sweep_continuous,attack,24,11,12970963081985540857,11161326003885433934,9797594999959606582,e88d9084ab0ac300fdf7a8d844f4bc548b86d60a9947d48b6804b52e358259b1,3626ebb106ead1a2f01c6083cda8e9b3284a7b29f4f6a1912c8103345e9ddc2e,150,520,42,478,6.2481035051071645,43.49810350510717,23.706666666666667,33.0,3.66780836306888,0.5654501561034326,150,0,64,21,0,1.0,0.0,0.4266666666666667,0.14,0.0,raw_runs/test/attack_dup_sweep_continuous/level_24/pair_11.jsonl.gz,9c1b0b51a41fc6262a4f738158745dc66f46b16787a815c18cfb648f0a71ad88
test,continuous,attack_dup_sweep_continuous,attack,24,12,17354426133336639490,17814275030682764157,4373713492872076309,0900741d292da636417758613869ec212b2d0cb41d4ee953026f3f25549ff217,70e781517e4db994e0d425076661779fbab811c65cb9d9ed50bdf4ebc25cdc34,150,529,41,488,6.157628592017516,43.40762859201752,24.38,31.549999999999983,3.704927175525119,0.5636501054239431,150,0,91,20,0,1.0,0.0,0.6066666666666667,0.13333333333333333,0.0,raw_runs/test/attack_dup_sweep_continuous/level_24/pair_12.jsonl.gz,e99109ac4ecde49d1ae8eccbdd69b40c7903ea4f6640a03cf701e2875602d56b
test,continuous,attack_dup_sweep_continuous,attack,24,13,929499694554295103,2470362723243134418,12629518726095437153,83bc6084b8d794dfb38d7403d70a1cacc9edbf6ca67c6d016de4e34b60abffdd,d260e40a296ed2f1a15464509d63eb0ebc05ed0575dec268fd0bd5206090735a,150,501,55,446,6.175042208022655,43.42504220802265,22.66,31.549999999999983,3.6156545993822298,0.5759042213220614,150,0,64,19,0,1.0,0.0,0.4266666666666667,0.12666666666666668,0.0,raw_runs/test/attack_dup_sweep_continuous/level_24/pair_13.jsonl.gz,abd52f2b87f2c697b27b06a22a3e036512fbf5ae2143f3de516444872c79d0de
test,continuous,attack_dup_sweep_continuous,attack,24,14,14517353942880207824,15352747597855916772,11413623508739324177,a36ff9c8ba04669d48291f85338f53ebf171f9f6bdd84d6a3e23eee4bbbf195d,f9354d52085739fdf7dd20ce56e489c62188a57d3c18228252cc2d2fb41ec8fe,150,502,51,451,6.020722316785494,43.270722316785495,23.313333333333333,35.0,3.65437540364608,0.5754027725846201,150,0,59,25,1,1.0,0.0,0.3933333333333333,0.16666666666666666,0.006666666666666667,raw_runs/test/attack_dup_sweep_continuous/level_24/pair_14.jsonl.gz,20c04053e9b82bfe487777bc52701bb5458a91e975afcf509e45cbe9475af114
test,continuous,attack_dup_sweep_continuous,attack,24,15,14906247675353202697,14515981090157133639,18407832684480201423,7486df8646c709d8e5f41404e026782d39dcf356e3585324287403b72c00703b,eb561961d436fe46b6da35c5d35f22d396e75f5dd16958ebf481da7f5b5ed81d,150,538,47,491,6.112445780669572,43.362445780669574,24.69333333333333,33.0,3.7140039547610453,0.5629956261282543,150,0,84,33,0,1.0,0.0,0.56,0.22,0.0,raw_runs/test/attack_dup_sweep_continuous/level_24/pair_15.jsonl.gz,5867bd5dc663a2eb9336990b56eb1ee411e1323f9387646d38f5e7fbdcc684df
test,continuous,attack_dup_sweep_continuous,attack,24,16,5023607860423777729,387888889863381425,12972517371985517872,e9cf8bd6f4ac70e7a81204452bca304af0b92f04813ad13b60556af72f027b87,5723e301406be473d934924302032484713cb05b66278a2edaec99323185dbe1,150,527,37,490,6.10869197497945,43.35869197497945,24.206666666666667,30.549999999999983,3.692370622386448,0.5570615143214149,150,0,82,13,0,1.0,0.0,0.5466666666666666,0.08666666666666667,0.0,raw_runs/test/attack_dup_sweep_continuous/level_24/pair_16.jsonl.gz,21f86e365f92bc38a1d55277055c2e142700b652ee5e3775cf6f0ddb2fdcc868
test,continuous,attack_dup_sweep_continuous,attack,24,17,1490974601967308036,15362337821839643668,744577174522812330,39224192b30706eeb371cc405077d3a34d7d152192deededbfa62f4f95e4de87,cdc7ae647fb484ba23e6f7ec9ed399ae296cdedb03ec6c4158f5a89f997b991a,150,534,47,487,6.063946883748506,43.31394688374851,24.453333333333333,38.0,3.7011172038888662,0.5693254765783696,150,0,68,36,0,1.0,0.0,0.4533333333333333,0.24,0.0,raw_runs/test/attack_dup_sweep_continuous/level_24/pair_17.jsonl.gz,3c36963162f19b907c68e13967cade19e577fc053cc3466a0ec271cd1ff28120
test,continuous,attack_dup_sweep_continuous,attack,24,18,7362073525556726832,7306066794261590589,9517889485836179853,8a160dbbe4ff33fde0c01c6049cd36d58c98483c1e3671772a9e34521ec7dbda,ab309f92628a92f4708287a85b281447fdb6c3d91adb900ea38f91c2c7ed2fa5,150,533,60,473,6.1444835717236606,43.39448357172366,24.446666666666665,31.549999999999983,3.7514833436831396,0.5810385563441747,150,0,87,26,0,1.0,0.0,0.58,0.17333333333333334,0.0,raw_runs/test/attack_dup_sweep_continuous/level_24/pair_18.jsonl.gz,051dc7023fe3c9069bd964b03db742cce64a0dd05b99325c66643a8453046cce
test,continuous,attack_dup_sweep_continuous,attack,24,19,16878414205353344989,13670941286917474902,4567598923089391505,3155ff6db88b1fa1757fe65768893662b121e6c72d9b2c7e02956ac0b5b3dd82,0cb31773de7c7ee2380b253deefa11bb1ab88aa48d3c2c1b872be256c5006f93,150,518,51,467,6.103084516976933,43.353084516976935,24.126666666666665,32.0,3.7025334928890676,0.569165594686469,150,0,78,24,0,1.0,0.0,0.52,0.16,0.0,raw_runs/test/attack_dup_sweep_continuous/level_24/pair_19.jsonl.gz,53baeeb7fb4e37bd3b2012909d8d7e064b76c1e7d21293763428513fb16a2084
test,continuous,attack_dup_sweep_continuous,attack,60,0,12055753219752071432,9214243546908858119,4690858133570831052,0d0eeb8d4690d27e6a40115d0dbc9e9c68bc2953a36ad87bb1adcf30533e6f0f,087be293cf88f9364a7a75922e65068f0a6b005bd44420f27d05d09daf6ba631,150,1295,116,1179,6.212800944695471,43.46280094469547,59.946666666666665,74.09999999999997,4.99175859312491,0.5501855075550636,150,0,150,150,0,1.0,0.0,1.0,1.0,0.0,raw_runs/test/attack_dup_sweep_continuous/level_60/pair_00.jsonl.gz,ebe86d4e94c8167aa12939d074435e557352f2176b65488174af715c9b4ab7f7
test,continuous,attack_dup_sweep_continuous,attack,60,1,8839336648511840479,10673283752536822424,14496675981899365284,6294d910c1cd199191ff4942fe2f1f703e4adaf73bbc8ae328092ed66a9705cc,d9868c927015268734dbdcedb8f5fb386b4ab944f4278a15415265f80b3e8c97,150,1293,117,1176,6.188019813001288,43.43801981300129,60.38,72.0,5.007634580150643,0.5517899091218142,150,0,150,150,0,1.0,0.0,1.0,1.0,0.0,raw_runs/test/attack_dup_sweep_continuous/level_60/pair_01.jsonl.gz,c2a3cb82d9c3a26e34df902e51f3b5ae2b920b6a9b8b79eba645a022e16a8b25
test,continuous,attack_dup_sweep_continuous,attack,60,2,319664382691450108,8425599047184436904,13985582172282250993,36e5a3069fa089223a31477060ff76c04664a666d0bfc2424bbcac5ad442a5d9,6dd5bfd495f3fac88f044de42cea955bf36f4714344181cdcf51c84515785282,150,1342,138,1204,6.060261835122168,43.31026183512217,61.58,71.0,5.049210424480793,0.557672045522098,150,0,150,150,0,1.0,0.0,1.0,1.0,0.0,raw_runs/test/attack_dup_sweep_continuous/level_60/pair_02.jsonl.gz,ed81b18f3496e8309b5e1cb8bc6373fc48206d2030cfd0934415a1edf52ee16b
test,continuous,attack_dup_sweep_continuous,attack,60,3,13836154008408628279,5160735939387224534,16690329897828099588,9472cda6d3a25402410e1ce4a606ba046d0098b56dd7bcdfd18b658dcf2005b9,8f08196212bde82fde563b6c926e7fd9bedb32f46f349092fcb623b47543c998,150,1284,119,1165,6.130406516898415,43.38040651689842,58.08,73.0,4.951520361130045,0.5537131334400123,150,0,150,150,0,1.0,0.0,1.0,1.0,0.0,raw_runs/test/attack_dup_sweep_continuous/level_60/pair_03.jsonl.gz,60edd0e1de675f8b42ff33ecd00cf9b1f8904c6bf9c2e3c4e73471e0bb11d3ff
test,continuous,attack_dup_sweep_continuous,attack,60,4,11935645281803378086,10850879342782276294,14624513793841115848,76da03c1fd8abd1451b3a1cbaa6eda9a9eecb45f6648ee3262cfdfd1384de4d9,c4e70cd7420abd83600dfe99ea476eebe67891de0cdfef394d056fa8187a1e70,150,1319,146,1173,6.051324569724875,43.301324569724876,61.346666666666664,71.0,5.046489003561845,0.5596439076053707,150,0,150,150,0,1.0,0.0,1.0,1.0,0.0,raw_runs/test/attack_dup_sweep_continuous/level_60/pair_04.jsonl.gz,6282a2948965e4b11791165532586b24005c1595a79d167bca3c689a914de73b
test,continuous,attack_dup_sweep_continuous,attack,60,5,1757260870866604938,4146312056965225847,17400779068068064191,f9db4876a847e9c4c8593930f5f6b8c37410c6176b1960e210fe039b36181048,625082769b4f4c855627598dc990fed28bce1167e7d3da3467f1ae71867b854c,150,1263,123,1140,6.007344082435379,43.25734408243538,58.06666666666667,70.0,4.9588413110036145,0.5550643553666426,150,0,150,150,0,1.0,0.0,1.0,1.0,0.0,raw_runs/test/attack_dup_sweep_continuous/level_60/pair_05.jsonl.gz,935a5b79d030041f551c2ff80c9cfffe263f5f54b5eea77a066b1a787fdf1938
test,continuous,attack_dup_sweep_continuous,attack,60,6,3344941150479110178,5290337178899518715,11485602798832805935,7b557f895d362ac5931cd8e80572014ab009ddbee32983649f8a10bf5351ea7f,401a1340fe86608ee6d14c6d077399478160edb3fde360d5d12fedf98fc58c04,150,1262,130,1132,6.239736420820231,43.48973642082023,57.99333333333333,67.54999999999998,4.96773085702149,0.5587581987675204,150,0,150,150,0,1.0,0.0,1.0,1.0,0.0,raw_runs/test/attack_dup_sweep_continuous/level_60/pair_06.jsonl.gz,567dc64a8004f533122c28af7bd7d14aea62c11ab2866694542e2f89c404b9ba
test,continuous,attack_dup_sweep_continuous,attack,60,7,6419627319096885175,3009885920888390511,4998921889414776447,08368c0890262bd0aa475f86431c1550a4b52be536af27a10d48efa31f65ad1f,b45dfa297eb814c84b1e1c8f666eb7c40d10988691a86e752fab503f39f2ea6e,150,1363,129,1234,6.165685079855766,43.41568507985576,62.266666666666666,76.0,5.063132032268368,0.5573701001604688,150,0,150,150,0,1.0,0.0,1.0,1.0,0.0,raw_runs/test/attack_dup_sweep_continuous/level_60/pair_07.jsonl.gz,51e7acb7f536ecf3b605f5657689eea5dce4f692db561748227cec90306d5e1a
test,continuous,attack_dup_sweep_continuous,attack,60,8,4542692740964769341,14469435378480644158,9251192341760977238,fad9eca8ee0d2d2f0a5513f8d8c787eaa101287c9e7e4913026b7fadb889e2f0,db733de27e88ff43b6b3874dc333cf09df58ae8074d4efbf9f99e583ed568e5d,150,1283,123,1160,6.116328526618515,43.36632852661852,59.16,69.0,4.983348680370952,0.5535877252315283,150,0,150,150,0,1.0,0.0,1.0,1.0,0.0,raw_runs/test/attack_dup_sweep_continuous/level_60/pair_08.jsonl.gz,13e48a90ae7974a9915e357678ebf0ac3a80897f2c777930ba0ea9c3839bbc38
test,continuous,attack_dup_sweep_continuous,attack,60,9,17474522367531266523,2202058633778674764,1361677198099573198,4bdef6d19506e7c3161b0ce671fe8d1dce029e762234d5651e6cdf0e5ec55c2e,af61f87f743a4d375ebecc7133e44d15c38264a114da75d3318c4304403ce5f1,150,1315,118,1197,6.080731402774736,43.33073140277474,60.46666666666667,71.0,5.012411302173526,0.5522570653192317,150,0,150,150,0,1.0,0.0,1.0,1.0,0.0,raw_runs/test/attack_dup_sweep_continuous/level_60/pair_09.jsonl.gz,fce87624af375e30b4604a0748cbb66ba3ae0db9cba4abbafeba7f19de988074
test,continuous,attack_dup_sweep_continuous,attack,60,10,4442364550062877907,2324713340149489347,1341264857676962496,f3c6c8a4a4e47f9104281ea9f40df9f97ae82eb9b3e43ae482be8c7157be46bb,0db77c3d83c44a26144367d57509e606f8fe7ba70be9c115d46ce0b99de76787,150,1306,123,1183,6.096920760424488,43.34692076042449,59.906666666666666,72.54999999999998,5.001883949763237,0.5553487988644719,150,0,150,150,0,1.0,0.0,1.0,1.0,0.0,raw_runs/test/attack_dup_sweep_continuous/level_60/pair_10.jsonl.gz,4d1240e46a03a8d47f1aea7960489d9af89cb751eefa65c1f4240ba44ae5870c
test,continuous,attack_dup_sweep_continuous,attack,60,11,17081000117766575483,11316276093277514577,335268125916617073,85ede861b3b74c1b0d08a42723b253ee98a7e1669412e3815c980bde3dea2332,3ab1dba7014ef4cffe0a70cdea66329faef9ab103efd9f84bcd4545b9cd2d5f0,150,1291,124,1167,6.142932046613686,43.39293204661369,59.66,70.0,5.001109012822229,0.556847554044583,150,0,150,150,0,1.0,0.0,1.0,1.0,0.0,raw_runs/test/attack_dup_sweep_continuous/level_60/pair_11.jsonl.gz,ad7c0d6e50855af135d1ebbe1e6e8fbf0f8e68730872d1377f407d243d8fa5cb
test,continuous,attack_dup_sweep_continuous,attack,60,12,8832631734345316595,10851382885812462550,14447225525159799815,364e6e86cc8cb125dcd9d6322c123ac4871aa9c4e5d52646b74b6d0111d70bbb,cee354431826be997f5f1507c71cd97df6545722cecc59889bdce27aaa2a1286,150,1283,137,1146,6.245351842467986,43.49535184246798,59.38,70.0,5.005344783531047,0.5614140235892225,150,0,150,150,0,1.0,0.0,1.0,1.0,0.0,raw_runs/test/attack_dup_sweep_continuous/level_60/pair_12.jsonl.gz,911c975d3cc732b84ac3cefb064170903bd9d89594d7a52c8e20b03e20984047
test,continuous,attack_dup_sweep_continuous,attack,60,13,10028181195738753679,17377064598925272357,12156509380127286553,64b7e54480130ee3d3565dca668e77cb8cdb90d324b62fc9c4833e82d79e5417,9e0034e89440390aa2b71fb7c2de50aa8d8db9a7f283796ddcf425bf3f3684aa,150,1256,113,1143,6.089269975797674,43.33926997579768,58.44,70.0,4.9682386480657135,0.5543582115855117,150,0,150,150,0,1.0,0.0,1.0,1.0,0.0,raw_runs/test/attack_dup_sweep_continuous/level_60/pair_13.jsonl.gz,5549fdf37b5ec21b8a109c963240045e7c3c47f58ab02e37c1dd64ebe7df901a
test,continuous,attack_dup_sweep_continuous,attack,60,14,4821605639821782447,4223715041169017503,1349317837326447328,231ff0443fb0493410dde4040fa148daa458889b3907d72e01f75a13300da310,fdfe0a3616ae73b611d0a144813178230805fb9d9d283446ed0a7b546c66dd3f,150,1331,133,1198,6.012468099156788,43.26246809915679,61.62,74.54999999999998,5.043058201530215,0.5560232248938712,150,0,150,150,0,1.0,0.0,1.0,1.0,0.0,raw_runs/test/attack_dup_sweep_continuous/level_60/pair_14.jsonl.gz,1b304145c84c3a63a23efd4e08e3696ddab2d630a877cf81200a8e75b74ddd59
test,continuous,attack_dup_sweep_continuous,attack,60,15,11853175302378749387,6720599183677307609,1413171623989541202,99c16c9bcbf704e7254dbc94107a76361bbda2357363d1ff26b3088f698f68ef,90d3df1b3a128dbd51dbb98e9f4a28c858d5b1f395c37ea9f039f661b280bf1a,150,1357,128,1229,6.1105681327278685,43.36056813272787,63.54,76.0,5.08151675552101,0.5518587799149354,150,0,150,150,0,1.0,0.0,1.0,1.0,0.0,raw_runs/test/attack_dup_sweep_continuous/level_60/pair_15.jsonl.gz,652ea899f35e8a6c4be17523bf9c3a6ac9c2373322fa366f9c07cca3d2ee1b82
test,continuous,attack_dup_sweep_continuous,attack,60,16,12616534501666573552,12627197480071288338,1553386908214014413,0c42791df19febe53049fbadbfde998a546738ed6aaaf0945ff5c9e60f8b7b3e,d41c4177f86db0276a0969edb649f3399c2b778a7e5fa5c638c7261ff48acf66,150,1244,151,1093,6.0602187070685005,43.3102187070685,57.93333333333333,67.54999999999998,4.982089521285784,0.5686754323302851,150,0,150,150,0,1.0,0.0,1.0,1.0,0.0,raw_runs/test/attack_dup_sweep_continuous/level_60/pair_16.jsonl.gz,6d83b079257f3f5d34b048cfdd2c9319c5a550e1f10e282879f39ddfb28bc0cc
test,continuous,attack_dup_sweep_continuous,attack,60,17,11801157881835141813,9336715141020142115,17020855612573703796,9491b4410186dc679f48fb80aeeff670544c99ce949b46380fdbb586cb4260f6,8e76946f3735562faba9d0e29ca971c2e746a056406b02eb929e6d7d87c0dc16,150,1312,133,1179,6.081127742005406,43.33112774200541,60.513333333333335,72.0,5.027626407669038,0.5596678817929767,150,0,150,150,0,1.0,0.0,1.0,1.0,0.0,raw_runs/test/attack_dup_sweep_continuous/level_60/pair_17.jsonl.gz,ba0428df6423ee7411c764a6e3eb233040fd31e9a6e7f2fadf3b64e17158bc8a
test,continuous,attack_dup_sweep_continuous,attack,60,18,860134680128116760,3080095973261707755,7844788596307189730,09121d6f93b7eda2a8153acf9831283a8a86fa1de93e2c8bb727c93b5c03bfea,a8fe6feac2ecbf14bfbde8e4c0a2083ad02b95c3a920575c95b00d9469be4c58,150,1320,129,1191,6.109167597864794,43.3591675978648,60.553333333333335,74.0,5.021341716933971,0.5568462924852017,150,0,150,150,0,1.0,0.0,1.0,1.0,0.0,raw_runs/test/attack_dup_sweep_continuous/level_60/pair_18.jsonl.gz,feb9eb04267df32dbbe06de7b3f6b28dfc1cc0625c4d0bafa49695a9c8192463
test,continuous,attack_dup_sweep_continuous,attack,60,19,2765256529201453566,10660716801522912321,5765572666126375723,1d1b30e005c751a17df802a720c876f8a113bdf0b88f1d6370167269caf2327c,cb4748a82a88452b9b032c23bce0eb5cbcca47337d81e966cb5f7ae6607c878d,150,1310,128,1182,6.141375162979009,43.39137516297901,61.586666666666666,73.0,5.0395830784782065,0.5541027251575804,150,0,150,150,0,1.0,0.0,1.0,1.0,0.0,raw_runs/test/attack_dup_sweep_continuous/level_60/pair_19.jsonl.gz,f464cca5d6209740ef315d6fef7f04b0075e051b78389090302e50882b17192a
test,continuous,attack_dup_sweep_continuous,attack,120,0,8377203359892070172,3454123631777269297,8620553171588613818,a239c6fed2bbaa3cf5cdeb81f3d137fd3a052f8cb21c51077c4d90378f2a4d10,b7db0618291dd4d16f0a4b3aa4e728d50aa02c76b1605ac19ff092e41ec2426e,150,2645,271,2374,6.2026519864455345,43.45265198644553,121.66,142.54999999999998,6.022085872293358,0.5516419595657237,150,0,150,150,0,1.0,0.0,1.0,1.0,0.0,raw_runs/test/attack_dup_sweep_continuous/level_120/pair_00.jsonl.gz,726985afa6493ce4d1f00461be0fd36e93d062ae94c2c6e8dd74fd3f24e29e5a
test,continuous,attack_dup_sweep_continuous,attack,120,1,16977730830662377644,16574041771284837851,5502078544491930988,6ab66c482a9e5b67742e25a55cfa6241fcd4b14102726b6279f3f3a5863af9e6,a1ee8ab26f5c7647586235ed8e126f35d91b1a38eebea25939319fca9641fad7,150,2588,265,2323,6.0434501274697565,43.293450127469754,118.68,139.0,5.984983750315035,0.5516577687531256,150,0,150,150,0,1.0,0.0,1.0,1.0,0.0,raw_runs/test/attack_dup_sweep_continuous/level_120/pair_01.jsonl.gz,42c1ad99c65932236ce7c2d1e34219ec387d361a9012c356dd9ce82c47665905
test,continuous,attack_dup_sweep_continuous,attack,120,2,17474291979858848990,949583169032656942,8389687032749184769,11d219c90247f872cd46e30d6c4bb7102e4cd4e5fc3e73fddb7bdad69ba94c40,5d10680bd96f493676de382aaf6a42b0e9b9862ce36e523a34f1a442f7e3bbd6,150,2541,274,2267,6.052861110369404,43.302861110369406,116.17333333333333,131.0,5.9610354525766205,0.5540619164580065,150,0,150,150,0,1.0,0.0,1.0,1.0,0.0,raw_runs/test/attack_dup_sweep_continuous/level_120/pair_02.jsonl.gz,b80800cf796888aef9bcfd4be518847170cd6a61e566ffcf7245890223340ac0
test,continuous,attack_dup_sweep_continuous,attack,120,3,10328863206529592231,11774122508544598813,17310476339576550052,2375a10a8218a115d84efcfafac5feafd8222f9761bddee11d1bb21590ed6085,ab010d6749dc049a46b95e480c4b390a5fb93443d32d6c011bdddbd6245112de,150,2603,276,2327,6.017009449812901,43.2670094498129,119.89333333333333,135.64999999999995,6.005749006431266,0.5534883750642693,150,0,150,150,0,1.0,0.0,1.0,1.0,0.0,raw_runs/test/attack_dup_sweep_continuous/level_120/pair_03.jsonl.gz,9e9b7156d913362d0f4fcf32e2c97fbe00003de544f66b3f856032d83948c836
test,continuous,attack_dup_sweep_continuous,attack,120,4,15059701741148047822,12981834254827585149,9266772996405276752,72b00e7fabd9717bb1a647c20e0a0edfd129c6769d193a8efca80b14b6440e11,85c908955f59100e596df01832036e3a96b8e17969d090b2bd4ae78322127718,150,2520,271,2249,6.007936049188819,43.25793604918882,116.56666666666666,131.54999999999998,5.963070839946726,0.5521399665329085,150,0,150,150,0,1.0,0.0,1.0,1.0,0.0,raw_runs/test/attack_dup_sweep_continuous/level_120/pair_04.jsonl.gz,a43bc1e9e48d3376adc43744cb688cc8e61ed28608ebd065e11afff2cb20786b
test,continuous,attack_dup_sweep_continuous,attack,120,5,7723432460910292314,14143399362503015316,345527397915730897,ab9c99aaee9998328f9b327e1ad83c86d6310e1f03ff2298cb1d7fe646b5aadb,544babd332808b6b1b4b3436c5d3ed2f629efad6b00e4d72601cb62f591bc66e,150,2625,270,2355,6.02197612093489,43.27197612093489,121.54,134.54999999999998,6.023146484302266,0.5515631366281976,150,0,150,150,0,1.0,0.0,1.0,1.0,0.0,raw_runs/test/attack_dup_sweep_continuous/level_120/pair_05.jsonl.gz,e7556aa15ba5c0a984fecb0ef6c3e052502c3cf8536ce26c99c6c49330e84f15
test,continuous,attack_dup_sweep_continuous,attack,120,6,16312610755683342315,4132740184489374292,7634939660422626312,ab4cc7afa205bede7a7616a49a5c655588dab932f509027c4f29f4f5b354d948,637dba3d3f3321b3f49fe124f7553cfef8a6f1d438583c55b2ce8b91415926d2,150,2569,245,2324,6.088068532309071,43.33806853230907,119.63333333333334,136.0,5.9903635003731805,0.5469816002523846,150,0,150,150,0,1.0,0.0,1.0,1.0,0.0,raw_runs/test/attack_dup_sweep_continuous/level_120/pair_06.jsonl.gz,89c6098583e4e87560e0abf47f2f015a77ec4ac23f19d4561eda703f5f67ef26
test,continuous,attack_dup_sweep_continuous,attack,120,7,6150188156210431558,14449820104385269486,182316508639290076,67af47d0931e8ce29f1171f6a2b5f7cb514e89edb2756d91ed1063183832d7c4,d0565cf26c961ddcc9f52c56b20b4db39701b0b62d498d03e7651164cd91bfb6,150,2558,279,2279,6.182594973848276,43.432594973848275,116.60666666666667,134.0,5.9668216047907885,0.554001175004561,150,0,150,150,0,1.0,0.0,1.0,1.0,0.0,raw_runs/test/attack_dup_sweep_continuous/level_120/pair_07.jsonl.gz,42b263598d0e9696028c14667cd19f01e876649990d17691fa008ebb23a590c7
test,continuous,attack_dup_sweep_continuous,attack,120,8,14255591453641436147,1533279152722602806,18211184829534525124,5d81a650871acb254af2e8ba56c92e179ff6147521d5a22b2e010c5087f8bb75,cf0de2585e6c1d4746d8176e85bbdc7dd570096293d83667374d76c66e53d95f,150,2647,246,2401,6.024949200125141,43.27494920012514,122.04666666666667,144.0,6.013176348449962,0.5468916681197697,150,0,150,150,0,1.0,0.0,1.0,1.0,0.0,raw_runs/test/attack_dup_sweep_continuous/level_120/pair_08.jsonl.gz,a3ac1cefa1efe7ca2f4fd9b7eb08213ff936cd8354f58eb0645ec72cf7a55df0
test,continuous,attack_dup_sweep_continuous,attack,120,9,4410485485139951129,175659314155868336,2575514557191949973,9066081f74f6128eb21c79d017ae5e68c6de0793c28cf2ddb699fb01bae18f49,3d2e365a910429fbefe3ca1bd76535991553260c86a0224bbf480449e20067fd,150,2590,261,2329,6.1914544056990835,43.44145440569908,118.86666666666666,137.0,5.991810168150089,0.5528406936543054,150,0,150,150,0,1.0,0.0,1.0,1.0,0.0,raw_runs/test/attack_dup_sweep_continuous/level_120/pair_09.jsonl.gz,ef1ba8d00c7902b87f5a8db7306ae97a23038f8d4bc5149cf9a892038a3c4258
test,continuous,attack_dup_sweep_continuous,attack,120,10,743702014842193359,14638614775406783373,18094785903455309134,cdedae31ccf7fb3cb5bd1de093b08aec5a12e4fd6475cdeb17fe19d60af73ab7,df5991dab99621491c2deb2448f6b60256a7fab6c948068786d369c3db34e436,150,2561,238,2323,6.054098441834665,43.30409844183467,119.18666666666667,134.0,5.986199519289627,0.5478486873633015,150,0,150,150,0,1.0,0.0,1.0,1.0,0.0,raw_runs/test/attack_dup_sweep_continuous/level_120/pair_10.jsonl.gz,dbd17b5a144ed93a1a405e64e032a53199d17a077325cc28a91958a7d72a5132
test,continuous,attack_dup_sweep_continuous,attack,120,11,6937732872999664108,11747685142109483282,1746172462298898677,43cb87e8e21594121e5c406c03ad2b8618494007385732f9d2f57ca1da042ab5,676c0b12b71f64cfe71afa8a30f010023a27c3fcce32f12860f3aa5ed72933f6,150,2547,289,2258,6.080600204929572,43.330600204929574,117.10666666666667,132.0,5.977567165976299,0.556789025278493,150,0,150,150,0,1.0,0.0,1.0,1.0,0.0,raw_runs/test/attack_dup_sweep_continuous/level_120/pair_11.jsonl.gz,c2f0bf095833e599be7aa410a80c9885d707a24c93d00d9ec75bf28e47c8d4cd
test,continuous,attack_dup_sweep_continuous,attack,120,12,318235669795214381,7455951692569321731,6775632895226609510,0cb2a715f278bbfb13f132bad66c6aaf7f150269ef5a5d3cca88629474be876d,7fd8cd4778e3eb5d0c9284fb652b4f7da6871432698a988c4ee719b58137a53c,150,2597,248,2349,6.123950836984667,43.37395083698467,118.86666666666666,135.0,5.983730563006232,0.5487970328089975,150,0,150,150,0,1.0,0.0,1.0,1.0,0.0,raw_runs/test/attack_dup_sweep_continuous/level_120/pair_12.jsonl.gz,b26bd6405c82c61615e8effce25aef0cb39e6e07f6d6b578f050a63f14ef0bdc
test,continuous,attack_dup_sweep_continuous,attack,120,13,5963114150740161007,12572808009116746492,2450279927978154277,e8aaa6f4dde94b1bc08010d83bbe4238007cfc7479f4c7afa14c1b5e9ff7a63b,a1674dd3090df1bf6f18545be99d7b41ab10e993159e738aab2181cbe71fc3d1,150,2603,267,2336,6.059467103547272,43.30946710354727,118.62,133.54999999999998,5.984670152330376,0.5497978743666446,150,0,150,150,0,1.0,0.0,1.0,1.0,0.0,raw_runs/test/attack_dup_sweep_continuous/level_120/pair_13.jsonl.gz,d69a6f950c28f0d9ab942a6c0d6581f4f7ea04ee3a3cbff74522660d540c58e7
test,continuous,attack_dup_sweep_continuous,attack,120,14,5921354361794523497,5972561165925497729,8933204840906850027,9afb0ab865275f7c1523e7848297b12108762b8d6babd2c5a77bbc23cbd1c880,f4b576574a3a4e504a977c5e1a3b906040713f2b34008a4266d796f8a7209841,150,2652,239,2413,6.009162122583685,43.25916212258369,121.84666666666666,139.09999999999997,6.018563403041185,0.5483196830388567,150,0,150,150,0,1.0,0.0,1.0,1.0,0.0,raw_runs/test/attack_dup_sweep_continuous/level_120/pair_14.jsonl.gz,fdf45835c4dc590eaaa41fec48270082767a56ce9c7e852269a7582d7da6a609
test,continuous,attack_dup_sweep_continuous,attack,120,15,6840726219925807843,12649960720818103437,2774752176193334985,7880df9a6eff9b421a5d97f492c5bc66d67bf36a3acd6195a548f9007066278b,30c325def5f77e153d47cf91885d0bfd32e85cdf4c87eb9fd7a1b96a2d5cd285,150,2513,264,2249,6.010475163655674,43.26047516365568,116.64666666666666,135.54999999999998,5.965679554052008,0.5539707278286583,150,0,150,150,0,1.0,0.0,1.0,1.0,0.0,raw_runs/test/attack_dup_sweep_continuous/level_120/pair_15.jsonl.gz,f9a4b2966a1b8f3c5bab65c3ae272c3121c5078cb8dd8a1ab87a97aa5dc73b45
test,continuous,attack_dup_sweep_continuous,attack,120,16,17059881575728195470,12962201300728633190,193317484029526708,ce93fec7cadeeead870d11709848d47726192d9f70168819495c1cf210106770,e37f64866658e6790110800bcd4b9d6bd846a982520acf86409ac30e256e2fbe,150,2614,273,2341,6.136196256751553,43.38619625675155,121.12666666666667,137.54999999999998,6.01674680817944,0.553232538407982,150,0,150,150,0,1.0,0.0,1.0,1.0,0.0,raw_runs/test/attack_dup_sweep_continuous/level_120/pair_16.jsonl.gz,2084caf6e74e21e084cc7b110fcdc1e93dfc8b539b94f0a2e9d2460e92917562
test,continuous,attack_dup_sweep_continuous,attack,120,17,10475107289356059551,8651585788118722659,14067400217017572798,1d55251fe35059603767ec86fc85a00461cdab5b8003e28d2bab1df5155c56a6,296a3becd8c1989d2267c3426ea5c570683b0014c8dfee83c8ebf5c85a929505,150,2579,261,2318,6.216809479138272,43.46680947913827,118.44666666666667,130.0,5.987373420881654,0.5520127172290759,150,0,150,150,0,1.0,0.0,1.0,1.0,0.0,raw_runs/test/attack_dup_sweep_continuous/level_120/pair_17.jsonl.gz,ed1e95427a2ed2599802cd0b41407678712deef2524b34a293fc127ad360cfd2
test,continuous,attack_dup_sweep_continuous,attack,120,18,3846968442796898447,10403517115914327744,9981239277211766970,444653bdac4c0a3239c00fd50e7e77c35426db0aa2476ac3ac400e32717cd109,365e755ca7c0f82acce97e2119fb47faf94ae914b4a721e8d57084f605952a06,150,2607,241,2366,6.081801653201673,43.33180165320167,120.8,139.54999999999998,6.0043356566654555,0.5481227337889216,150,0,150,150,0,1.0,0.0,1.0,1.0,0.0,raw_runs/test/attack_dup_sweep_continuous/level_120/pair_18.jsonl.gz,a82a848b86e8d844349d7d01c1923c50e7caed66885b3328f94ee07eef0ce693
test,continuous,attack_dup_sweep_continuous,attack,120,19,15827488436496725697,448282165503569617,6747357006802712298,6ee598e59923fa93329bc302a9021c213a9bc36a99e69dd95d89f2d4aa48b6dc,2411c65a30296c57e9acca8860e38d595fdbccebae860434a5f57412da97537b,150,2535,245,2290,6.141337114743804,43.391337114743806,117.76,134.0,5.9735991859580055,0.5498415261239514,150,0,150,150,0,1.0,0.0,1.0,1.0,0.0,raw_runs/test/attack_dup_sweep_continuous/level_120/pair_19.jsonl.gz,5354179292de0140b056d0877260349469ae1c7aec428f81936d7c5082c6cea3
test,continuous,attack_dup_sweep_continuous,attack,200,0,3305879775677813233,10421308348587540143,15723043350642322882,986571c75dae06d62e17a71542a6013296cb6c94b082bb0f549e307c40938eb5,3e03b7a42b4363e9e9f00eca0a7af10835ec56253b1183327cf74af50ce2f9b8,150,4318,450,3868,6.24795365588724,43.497953655887244,198.29333333333332,222.74999999999991,6.722299997241383,0.54894695961727,150,0,150,150,0,1.0,0.0,1.0,1.0,0.0,raw_runs/test/attack_dup_sweep_continuous/level_200/pair_00.jsonl.gz,9cdbcde0a531d42a73a8a6784e12161fb6ea1adc5c6a00f1ecff0e8f66b155bc
test,continuous,attack_dup_sweep_continuous,attack,200,1,11965773264084442328,8727095041189310502,18441355466150894283,8490c9a4d1aba0ec105c7bdc6a2e6597c9dd298801bef8faa95f1698a9c4cff7,73f81f97efad620eea0eb89d9a926959370880a7774c7421625f9a727ce55f34,150,4520,437,4083,6.170198780649708,43.420198780649706,208.96666666666667,227.54999999999998,6.794196118755909,0.5460753008693295,150,0,150,150,0,1.0,0.0,1.0,1.0,0.0,raw_runs/test/attack_dup_sweep_continuous/level_200/pair_01.jsonl.gz,12c25cbef9e9d108a3a290d59cf4471d5c8579f35d28eb324302ac6337408aa6
test,continuous,attack_dup_sweep_continuous,attack,200,2,18325105054551786770,7064399210547045580,9839467972892022934,822b470e86357c11735e19e05e5acd309c9ea33c073b3059f11758e1838205c9,a14b3ce9cdf8589911ad6570537a37c82b2633fc345fd596c3c0e4b752059648,150,4435,415,4020,6.238696724756045,43.488696724756046,203.75333333333333,229.09999999999997,6.7529949448721025,0.5450165980041723,150,0,150,150,0,1.0,0.0,1.0,1.0,0.0,raw_runs/test/attack_dup_sweep_continuous/level_200/pair_02.jsonl.gz,941067b62375ba9c2c393e7663f22a0168ce12b89b4c41a6b88e9b443b8d7c49
test,continuous,attack_dup_sweep_continuous,attack,200,3,2706547891802339268,12565575302086033423,14876920592870976346,9a943cbb901e99e28ccef82b7e0b331f3e98e516976e4e56ae23cad12301fa5b,e12ea21765b8b88482120abbb3c1b829d7cc8743917a66bce9e767b72d8262e2,150,4339,447,3892,6.1593309519028026,43.4093309519028,198.62666666666667,220.0,6.727474513061261,0.5494163866828555,150,0,150,150,0,1.0,0.0,1.0,1.0,0.0,raw_runs/test/attack_dup_sweep_continuous/level_200/pair_03.jsonl.gz,4fa0039f5584ebb3087363ebb9b56760f31375c79d224c6206b894f335fb6555
test,continuous,attack_dup_sweep_continuous,attack,200,4,5380016248454964302,3694083526017213416,8648999108049453957,19d3021525597c7368ebb7eb9807f07160b6325585ec4096e56e0ac83a2f9733,af9096d370485e128a969ba11f7a187627691ebea544a9e01e8ea2f4e4aae7c7,150,4343,427,3916,6.212387741854516,43.46238774185451,202.38,229.0,6.745858002149251,0.5462943622862029,150,0,150,150,0,1.0,0.0,1.0,1.0,0.0,raw_runs/test/attack_dup_sweep_continuous/level_200/pair_04.jsonl.gz,1999ab8a3d7a9e242fae56696060b6b82c49731faa563894d37aadb809e8cc45
test,continuous,attack_dup_sweep_continuous,attack,200,5,8188740890578337911,6615532565649476703,754546456996855049,d0e4573c5aeb1603553c0b874b116b7f657a7561f34e7b60068a4a51ee4756b3,66710fd941903b16345bf5035b8a13887e7597559797c45321614859baa59966,150,4321,440,3881,6.157481472613676,43.407481472613675,199.27333333333334,227.0,6.730978197034527,0.5494370341267865,150,0,150,150,0,1.0,0.0,1.0,1.0,0.0,raw_runs/test/attack_dup_sweep_continuous/level_200/pair_05.jsonl.gz,598604077add70bf14c1c90a54150a0111221d5a7ec25662be90fc0031b253eb
test,continuous,attack_dup_sweep_continuous,attack,200,6,11156434581171536795,4136638949697257322,7291763269359109588,c885a25e389058c45d0ae4bb5ea680ee86560807db16093c32053b3237854273,55ee83d2921a88451cfdd81669092f85c097e7935688e43e969cd35faf6d7f4e,150,4349,432,3917,6.026749851195157,43.276749851195156,200.77333333333334,218.0,6.740532382585107,0.5487607264835083,150,0,150,150,0,1.0,0.0,1.0,1.0,0.0,raw_runs/test/attack_dup_sweep_continuous/level_200/pair_06.jsonl.gz,2bff838212634b68d81cb43d5a86919a8813207f8afa12808dd1b07c7d5c1715
test,continuous,attack_dup_sweep_continuous,attack,200,7,14463190566117325287,17107551952184837091,2502688915285606660,7be1b0b3bbcbc0516b8ba376285f05780f7c7f52e8e1aa84f3ed52b197720be6,3237046a73171c7389d41d617ce865c08a9d58013231b65c1f1236d754903d2f,150,4269,469,3800,6.123123255424631,43.37312325542463,196.32666666666665,222.54999999999998,6.717944637386781,0.5539043810443243,150,0,150,150,0,1.0,0.0,1.0,1.0,0.0,raw_runs/test/attack_dup_sweep_continuous/level_200/pair_07.jsonl.gz,15b8989f8726713a6bdc6fb57d5ad0cbe24e5ef669ff08bc2054b88556992a3f
test,continuous,attack_dup_sweep_continuous,attack,200,8,16195968407897823456,9995507322886959644,7187191213289777535,a6e549baa69d0a7d4a333ee920b7d43f2e387817f032e9a706b23d9ccd54f7d0,730d8a32eac780a79fbef5326b008553509cdd426b3f1dd3a00ac6916b1c2e49,150,4283,421,3862,6.114049540250361,43.36404954025036,197.70666666666668,221.0,6.7153687250476155,0.5478404001054591,150,0,150,150,0,1.0,0.0,1.0,1.0,0.0,raw_runs/test/attack_dup_sweep_continuous/level_200/pair_08.jsonl.gz,18edd0b47c54cb4857579a037abc65c73332a34324ce02de97e3f3d463e021b2
test,continuous,attack_dup_sweep_continuous,attack,200,9,7420720521770374408,2465067361418340396,5134952769617097446,5ca47e04ace17b0a946d279a29495ba3ebbb91338de898eff0a76665f1fb551c,b05865393a4cada4b1f0bb52ea3e907297dfb84a67e2e74666d197b286b9e69b,150,4339,399,3940,6.12631336198363,43.376313361983634,200.05333333333334,221.0,6.72199799380286,0.5426428121620275,150,0,150,150,0,1.0,0.0,1.0,1.0,0.0,raw_runs/test/attack_dup_sweep_continuous/level_200/pair_09.jsonl.gz,fd0e78aaebe9497df2e985b8dfc4b2814716bd639df935ee4e3bde5cdd188c7c
test,continuous,attack_dup_sweep_continuous,attack,200,10,5878993358639171811,1397690522937504700,369507659418486278,68883f6d0eee72f74499401d0cff546a1fe7d04dbb05e8019c976666f2edeff9,3436c3785f8a50c1528a4d7311feb57c1c449a948b753818b10d037bff82db3f,150,4340,396,3944,6.228007532965487,43.478007532965485,201.27333333333334,234.09999999999997,6.728039635494272,0.5415129583612317,150,0,150,150,0,1.0,0.0,1.0,1.0,0.0,raw_runs/test/attack_dup_sweep_continuous/level_200/pair_10.jsonl.gz,d95c9dd26965a7a55c82b49547c78f3777c98363eaea7a86b02f4939324b3c33
test,continuous,attack_dup_sweep_continuous,attack,200,11,14014917943405241459,15639064061822942779,4558346699725522369,89d63dae906dcc6bfdefd59f9e8492b5dc685d628f95b2cc14a2544e54b4ef68,8b50b3d1b40acf2f03e0497c2e219067f37e98719e969a1ddb6826a68f9d9dab,150,4327,420,3907,6.073977129668739,43.32397712966874,198.36666666666667,221.54999999999998,6.720173835794058,0.5469125013843408,150,0,150,150,0,1.0,0.0,1.0,1.0,0.0,raw_runs/test/attack_dup_sweep_continuous/level_200/pair_11.jsonl.gz,1f34f56b7f83bc63b4b56e89fe5883c2fd98c8f8937a05a37a3ab27af49f706d
test,continuous,attack_dup_sweep_continuous,attack,200,12,16917716329140676774,3488760609135040061,13747808959984114218,7af0ef0ac27288eb8421ec74c7833ba621655a50054412194be5e493ec6e7a19,3a1e7848f7258d9b0ce2b21564a47b009d159d55aa2d2eed92d71e39a2e02835,150,4287,431,3856,6.108001044223623,43.35800104422362,197.05333333333334,217.54999999999998,6.7124345217845045,0.5479852039847034,150,0,150,150,0,1.0,0.0,1.0,1.0,0.0,raw_runs/test/attack_dup_sweep_continuous/level_200/pair_12.jsonl.gz,5016eb5ef6f96e83f5356dd60c634cae5ce4daab979f6d650a70411bd4d7d9df
test,continuous,attack_dup_sweep_continuous,attack,200,13,7464805818551332891,3594028296982437660,5881566407511308289,b620895b420e6e8b8521e752b8b07a6ae98b8169891eb3d0e952ced6617aff57,c5848947e0e713c3cac623eccc17ad8ec56ef95b84e6d6ea5fe2a88c1d420d52,150,4319,435,3884,6.011351901710134,43.261351901710135,201.98,226.09999999999997,6.744069936314177,0.546892827606214,150,0,150,150,0,1.0,0.0,1.0,1.0,0.0,raw_runs/test/attack_dup_sweep_continuous/level_200/pair_13.jsonl.gz,af89228693b8b096842f35f31e0889bc3ee34ebdee918a0a3fb72387753ba867
test,continuous,attack_dup_sweep_continuous,attack,200,14,1452719303974328239,12096775087322271447,9862312214874837906,f8879601b6c8ad43f88ef9194e1e87e00650741e147f371ee39153225806289a,31fe08c07a38555050aae74389430709ccd45539f382933954f4c2ddaed583ff,150,4331,443,3888,6.14466914188646,43.39466914188646,199.53333333333333,220.0,6.728865129846769,0.5477276981620404,150,0,150,150,0,1.0,0.0,1.0,1.0,0.0,raw_runs/test/attack_dup_sweep_continuous/level_200/pair_14.jsonl.gz,014b27550b5bf74ed33f0b0209ca680be238211b68a1d40b34df6d2b48d5a8fa
test,continuous,attack_dup_sweep_continuous,attack,200,15,10545419444575691520,10913551492580424201,5712053511849461459,a9927b588a2ec2a6b39e44784ed2fe1426df287b3bb1bbfd96632760e8c0c008,d19bece04b3994faa4f8f6cfe263112682bd4fb3e30a1d8623ffafaa983e8a9c,150,4435,445,3990,6.073601321081953,43.32360132108195,203.54,226.54999999999998,6.754428422142994,0.5460276756848765,150,0,150,150,0,1.0,0.0,1.0,1.0,0.0,raw_runs/test/attack_dup_sweep_continuous/level_200/pair_15.jsonl.gz,e60516bf814669acdf89f8ec34599021fc5d11f7a12592b7010e54cb99efb6e5
test,continuous,attack_dup_sweep_continuous,attack,200,16,16924871886836409043,13164511343039614138,14430721026285202203,f767a8f2790af9280ab47a0b243094968b2357c9576455f4326817129f206a96,537cca99d3c0a12164076dac7cbfbead16af370e9e92d37a2fdb74b67b571115,150,4333,431,3902,6.008238262046109,43.258238262046106,200.18,219.54999999999998,6.731306898935222,0.5465137526370853,150,0,150,150,0,1.0,0.0,1.0,1.0,0.0,raw_runs/test/attack_dup_sweep_continuous/level_200/pair_16.jsonl.gz,0d5dc3e0b03e1922fdec06258a71b92d7b1d32e66538e66bfd10cda4643e8f93
test,continuous,attack_dup_sweep_continuous,attack,200,17,16212361361642675651,6376889248889209352,10784591962828407264,a486b8ce83cf3cb6578feb352e02ba6035cf852b73f7a3eeafab147f60e41af2,ebbff000a2990e0fdd4517598a3a9d9f1786f81a18c5dae5cca8761a95bee1c3,150,4399,454,3945,6.1809025969794975,43.4309025969795,201.24,222.0,6.74517442057616,0.5492039576204546,150,0,150,150,0,1.0,0.0,1.0,1.0,0.0,raw_runs/test/attack_dup_sweep_continuous/level_200/pair_17.jsonl.gz,e87060a0f66fbd603abdcd5284306ff2079acef1914e8e6934bdc40b56ef2c67
test,continuous,attack_dup_sweep_continuous,attack,200,18,1713736422933491290,17976316930641060919,10521849521745690039,98358c5fa1affa7cb1faceec57f6fd4ae686aad2c46f2bf757a1a3243f81a954,b0d92f748e3e0bd06c96343e43bc5512531cb450d79dc7ef9cdc0e2d8e41aab4,150,4448,422,4026,6.059943681230951,43.30994368123095,206.45333333333335,231.0,6.769085122604595,0.5439347565152438,150,0,150,150,0,1.0,0.0,1.0,1.0,0.0,raw_runs/test/attack_dup_sweep_continuous/level_200/pair_18.jsonl.gz,d0b1dc4ae085f5644ed537a8f81b9350715eb701ce4e1d0db3ba9cdc3632bb68
test,continuous,attack_dup_sweep_continuous,attack,200,19,6259214419204108173,9442383015232684198,10778066036464800983,f9e8c9cdf891a10d632b7f8fdab9f5395764353a4ae0e877352fa2c3f181341d,655444c413b8670ae63f4e8ae8cdf31da5fab0d71edefa5431340ca85e9780f3,150,4268,416,3852,6.104248377780277,43.35424837778028,196.74666666666667,217.0,6.710397816219261,0.5477066534188133,150,0,150,150,0,1.0,0.0,1.0,1.0,0.0,raw_runs/test/attack_dup_sweep_continuous/level_200/pair_19.jsonl.gz,3af1441f3fc1b4150fd92e35b31595afca6ced7141241ffad901ea31dc0b7359
test,continuous,attack_fixed_continuous,attack,24,0,5274255389240652009,15014387500873148184,13744632265014808425,1b9f95a5cba0bd51a80c4144aa936cffd0c3b29b4bb629d7fce913fb17747f84,39337aabd0fcab5b5f6dcd0f72c012ed07d837fedb94c9b00d209d85c06431a7,150,494,46,448,6.194597052502586,43.44459705250259,23.26,33.0,0.51185488188959,0.13353522317211217,150,0,73,0,0,1.0,0.0,0.4866666666666667,0.0,0.0,raw_runs/test/attack_fixed_continuous/level_24/pair_00.jsonl.gz,513e538441248ccbb8d8afd206959bd71361d725c88b584aaf7a1566128113e8
test,continuous,attack_fixed_continuous,attack,24,1,6474713877111862370,18218316800924262946,11566599486980412113,1300aac0f831b0e78290060d3a277a1a94f446c221ffd2bbb9d3a59c71a8af51,aef4e66d43e8440ae34755075c5dc77ef203a4094250330aaed2cdf5daa84f65,150,530,44,486,6.059661028066949,43.30966102806695,23.866666666666667,34.0,0.47808957933547325,0.12484770304576907,150,0,78,0,0,1.0,0.0,0.52,0.0,0.0,raw_runs/test/attack_fixed_continuous/level_24/pair_01.jsonl.gz,034bc8ba701ce6a29043d0da797d35ae0e7ec4f87ebcc671409b959e8793b314
test,continuous,attack_fixed_continuous,attack,24,2,3553928651814727180,7774970940855440883,14805042662083655567,9030a77ad504d97bd5c536bf3c1830ba0c3db9fcb7912ac96e3836f9aaa174a0,fcfb013575b9cfffceb47f75648e7dc84127fa7c9eac273a7f4b51d9fff59f4c,150,538,60,478,6.143086554961546,43.39308655496155,24.373333333333335,33.0,0.6452970768943966,0.15214646177537064,150,0,88,0,0,1.0,0.0,0.5866666666666667,0.0,0.0,raw_runs/test/attack_fixed_continuous/level_24/pair_02.jsonl.gz,761017c2de1b3e25542003480c75dccd87923aaacc62ba463e64ddc49ef4da83
test,continuous,attack_fixed_continuous,attack,24,3,8713878134198056602,17210684182313449382,16001456366414150066,e97e50cb04a4eddab7398da135959aca1d34bdebe4e1978f23c6dbebca980a34,971313117897ea72eeb695e49bdb4263e841dab6b1864f6d23a42ceaf549b903,150,527,64,463,6.105011898489584,43.355011898489586,23.726666666666667,34.0,0.7074175116347431,0.16745233419996391,150,0,74,0,0,1.0,0.0,0.49333333333333335,0.0,0.0,raw_runs/test/attack_fixed_continuous/level_24/pair_03.jsonl.gz,0e2814c99df1b00dc83b181ccf2d1c160c3de0c19819f1c1e2b8134b15c6dee8
test,continuous,attack_fixed_continuous,attack,24,4,2321089306315690618,15715962716480013879,12127872443670154180,25e0b3f9a4220aa67378048100ed2b9cd4a2dcd270804548dff89198753276fe,978064f27bff79516e5bbd9ab246b3ae709ba474343e5f80567065499625e9f0,150,538,54,484,6.052494772064169,43.30249477206417,24.64666666666667,32.0,0.5598066212035595,0.13539421829201495,150,0,96,0,0,1.0,0.0,0.64,0.0,0.0,raw_runs/test/attack_fixed_continuous/level_24/pair_04.jsonl.gz,f8c2a3795934b8bf18bcc7136baccd6aaa1cd3c2b9b3206c20b44007ff5943b2
test,continuous,attack_fixed_continuous,attack,24,5,8845182802892067711,15927061754876500610,9253347396979726394,e3171231ffa9e65d41c50fea6ee79c0b86622a3b4691deb0e03ef461f17eafaf,8c5f7f527a17f405bd049ecf198469cd8192af88bc75353e189e8195866a110d,150,546,59,487,6.190030431836424,43.440030431836426,25.326666666666668,35.0,0.6248644436562768,0.1473925081821944,150,0,90,0,0,1.0,0.0,0.6,0.0,0.0,raw_runs/test/attack_fixed_continuous/level_24/pair_05.jsonl.gz,66ad239df58c5e9ba0c59242bdc4af3b4c12a517710460aa83f53735689d857d
test,continuous,attack_fixed_continuous,attack,24,6,2949316312643293065,14082473857851196443,10973957334578441344,f1280e0349393ed8fe34e4df741698cbdef664da679c404ec7ed8560ab9ccde7,45b7f12424b1d4b3e204af49feb6d048813337dfe8f16129f0a5a551a7afdbe3,150,517,58,459,6.067214993855386,43.31721499385539,23.926666666666666,33.099999999999966,0.6597041689592383,0.15655096817819203,150,0,83,0,0,1.0,0.0,0.5533333333333333,0.0,0.0,raw_runs/test/attack_fixed_continuous/level_24/pair_06.jsonl.gz,1b050ee068f74f7b993707fea697566d282812df1e52b29a55e6563a7cbfd7a2
test,continuous,attack_fixed_continuous,attack,24,7,5685123771069856718,16031353033753044848,1819153134451715235,076316ddb96d04ab8422e18738867f1107b42b02e39343edeaf6b6378c74f129,3c69a950226faa23eb0a1eb8262eb839f56c88166af829fe7a4e1d8983802930,150,520,53,467,6.026945624084125,43.27694562408413,23.866666666666667,31.0,0.5826021813580363,0.14196624566735533,150,0,80,0,0,1.0,0.0,0.5333333333333333,0.0,0.0,raw_runs/test/attack_fixed_continuous/level_24/pair_07.jsonl.gz,9b3d8f642bae0840cc9e5167fd59f5c32e7f6fcc49baa834f52909bc21a86c8a
test,continuous,attack_fixed_continuous,attack,24,8,892302016456819625,10650220714046566619,11308173329099839806,4ee1f3b89ebf49bca59f5d940e4897da9f0e67f2a9deec7ad7665f5dab393a53,271d98a79ef21d0e9ff693fb9c95da0b79a5540c36cbee0fe5b6cd6a9d62fbc5,150,466,55,411,6.098842190851139,43.34884219085114,21.18,30.549999999999983,0.7272525364510217,0.17735032827845637,150,0,46,0,0,1.0,0.0,0.30666666666666664,0.0,0.0,raw_runs/test/attack_fixed_continuous/level_24/pair_08.jsonl.gz,b108762db068f121e5a051f3c60bd7775ec94dacde7372dedce26e035ce8b8e3
test,continuous,attack_fixed_continuous,attack,24,9,4379469355687760136,5132125539809160820,8384655117695701211,f5437d0a2121e91f76a7f8a12df693682ae6245af8962383983c7b9d8476961a,29400abba3b287e327d55b0763d329190a1b2cc13e0db6ca504741e9fd3fa2e1,150,531,50,481,6.151960273949927,43.401960273949925,24.826666666666668,34.0,0.5820641042584841,0.14030184819122496,150,0,86,0,0,1.0,0.0,0.5733333333333334,0.0,0.0,raw_runs/test/attack_fixed_continuous/level_24/pair_09.jsonl.gz,a435babc0df81c5bcb8e3ab8c746976df43e4a27d1a2ef1d5b4ba9b95cf45e8b
test,continuous,attack_fixed_continuous,attack,24,10,3305485504433524465,11594913408255821544,14685651855719661132,9cd1ae0b89bc709f198fb2d7ee6f4bc2c84546d795381a79d9a779a6d8e5fa17,451129d6a73c1c4b9ef23f3efce149675b20037d4b1b23c48a8d0553558eb75c,150,501,52,449,6.094142064944289,43.344142064944286,22.846666666666668,32.0,0.6320226953190794,0.15502223783120464,150,0,58,0,0,1.0,0.0,0.38666666666666666,0.0,0.0,raw_runs/test/attack_fixed_continuous/level_24/pair_10.jsonl.gz,042cc23bb42967719b7bff4e0b1dd41944a87314f617e13eb74b927c7bcba489
test,continuous,attack_fixed_continuous,attack,24,11,12970963081985540857,11161326003885433934,1728599707289949825,e88d9084ab0ac300fdf7a8d844f4bc548b86d60a9947d48b6804b52e358259b1,3626ebb106ead1a2f01c6083cda8e9b3284a7b29f4f6a1912c8103345e9ddc2e,150,520,48,472,6.2481035051071645,43.49810350510717,23.706666666666667,33.0,0.5380940254605648,0.13544722236994974,150,0,64,0,0,1.0,0.0,0.4266666666666667,0.0,0.0,raw_runs/test/attack_fixed_continuous/level_24/pair_11.jsonl.gz,edaa40d5ce0930dd0a90b439973bcbfd6049bc1112a303f44299f1b8ae11341e
test,continuous,attack_fixed_continuous,attack,24,12,17354426133336639490,17814275030682764157,16439818216630951447,0900741d292da636417758613869ec212b2d0cb41d4ee953026f3f25549ff217,70e781517e4db994e0d425076661779fbab811c65cb9d9ed50bdf4ebc25cdc34,150,529,36,493,6.157628592017516,43.40762859201752,24.38,31.549999999999983,0.36821675546190247,0.10478931003972017,150,0,91,0,0,1.0,0.0,0.6066666666666667,0.0,0.0,raw_runs/test/attack_fixed_continuous/level_24/pair_12.jsonl.gz,4cfc7db6de342abb422c9accb60f414132a30e090aca0cc661895181bdd6472e
test,continuous,attack_fixed_continuous,attack,24,13,929499694554295103,2470362723243134418,13108028399037631343,83bc6084b8d794dfb38d7403d70a1cacc9edbf6ca67c6d016de4e34b60abffdd,d260e40a296ed2f1a15464509d63eb0ebc05ed0575dec268fd0bd5206090735a,150,501,44,457,6.175042208022655,43.42504220802265,22.66,31.549999999999983,0.5449691005033815,0.1394877737092801,150,0,64,0,0,1.0,0.0,0.4266666666666667,0.0,0.0,raw_runs/test/attack_fixed_continuous/level_24/pair_13.jsonl.gz,42b4c0ccb52c0719aa13b61d3d9b191eca576781d0df364ef028b3c86b66edea
test,continuous,attack_fixed_continuous,attack,24,14,14517353942880207824,15352747597855916772,17276405104286343597,a36ff9c8ba04669d48291f85338f53ebf171f9f6bdd84d6a3e23eee4bbbf195d,f9354d52085739fdf7dd20ce56e489c62188a57d3c18228252cc2d2fb41ec8fe,150,502,52,450,6.020722316785494,43.270722316785495,23.313333333333333,35.0,0.5926773401621713,0.14565795583604776,150,0,59,0,0,1.0,0.0,0.3933333333333333,0.0,0.0,raw_runs/test/attack_fixed_continuous/level_24/pair_14.jsonl.gz,292deb5329b60cb387c2c7f19506678a276e74cb52a001849612d893430a575d
test,continuous,attack_fixed_continuous,attack,24,15,14906247675353202697,14515981090157133639,9172404125144842783,7486df8646c709d8e5f41404e026782d39dcf356e3585324287403b72c00703b,eb561961d436fe46b6da35c5d35f22d396e75f5dd16958ebf481da7f5b5ed81d,150,538,47,491,6.112445780669572,43.362445780669574,24.69333333333333,33.0,0.5314929723009267,0.13010819085822944,150,0,84,0,0,1.0,0.0,0.56,0.0,0.0,raw_runs/test/attack_fixed_continuous/level_24/pair_15.jsonl.gz,c6ec9f68f6fa1abe10146234f5d16702b76edfa298f7e4dcdcf30753c87bf1ee
test,continuous,attack_fixed_continuous,attack,24,16,5023607860423777729,387888889863381425,6696108381159917309,e9cf8bd6f4ac70e7a81204452bca304af0b92f04813ad13b60556af72f027b87,5723e301406be473d934924302032484713cb05b66278a2edaec99323185dbe1,150,527,59,468,6.10869197497945,43.35869197497945,24.206666666666667,30.549999999999983,0.6007205106761678,0.14413665068854364,150,0,82,0,0,1.0,0.0,0.5466666666666666,0.0,0.0,raw_runs/test/attack_fixed_continuous/level_24/pair_16.jsonl.gz,b3fc5a246dbc25134b2bd76c6046f306e461d0a6bd6895d17ff35eb588abbe51
test,continuous,attack_fixed_continuous,attack,24,17,1490974601967308036,15362337821839643668,4612054833280375525,39224192b30706eeb371cc405077d3a34d7d152192deededbfa62f4f95e4de87,cdc7ae647fb484ba23e6f7ec9ed399ae296cdedb03ec6c4158f5a89f997b991a,150,534,55,479,6.063946883748506,43.31394688374851,24.453333333333333,38.0,0.6628713378372957,0.15757067912734735,150,0,68,0,0,1.0,0.0,0.4533333333333333,0.0,0.0,raw_runs/test/attack_fixed_continuous/level_24/pair_17.jsonl.gz,1e1ae792d7e5f735667dc806b44032e5505520d00d20ea3b51293d878ee16d9e
test,continuous,attack_fixed_continuous,attack,24,18,7362073525556726832,7306066794261590589,16338589053971139362,8a160dbbe4ff33fde0c01c6049cd36d58c98483c1e3671772a9e34521ec7dbda,ab309f92628a92f4708287a85b281447fdb6c3d91adb900ea38f91c2c7ed2fa5,150,533,53,480,6.1444835717236606,43.39448357172366,24.446666666666665,31.549999999999983,0.5797645123215472,0.13922035283692344,150,0,87,0,0,1.0,0.0,0.58,0.0,0.0,raw_runs/test/attack_fixed_continuous/level_24/pair_18.jsonl.gz,57bb3f0ce01be6314f3d1983bd17a763c029888be59af875285820b707c613ca
test,continuous,attack_fixed_continuous,attack,24,19,16878414205353344989,13670941286917474902,13069261552006709857,3155ff6db88b1fa1757fe65768893662b121e6c72d9b2c7e02956ac0b5b3dd82,0cb31773de7c7ee2380b253deefa11bb1ab88aa48d3c2c1b872be256c5006f93,150,518,48,470,6.103084516976933,43.353084516976935,24.126666666666665,32.0,0.5560361935348063,0.13497139500506197,150,0,78,0,0,1.0,0.0,0.52,0.0,0.0,raw_runs/test/attack_fixed_continuous/level_24/pair_19.jsonl.gz,e3ad5ab67353fc493cba9ccd40bcfba042c6c9ad85f1680cacfaaebfb2c87f95
test,continuous,attack_fixed_continuous,attack,60,0,12055753219752071432,9214243546908858119,7183327580447456600,0d0eeb8d4690d27e6a40115d0dbc9e9c68bc2953a36ad87bb1adcf30533e6f0f,087be293cf88f9364a7a75922e65068f0a6b005bd44420f27d05d09daf6ba631,150,1295,149,1146,6.212800944695471,43.46280094469547,59.946666666666665,74.09999999999997,0.8480256475948561,0.1343275556203091,150,0,150,0,0,1.0,0.0,1.0,0.0,0.0,raw_runs/test/attack_fixed_continuous/level_60/pair_00.jsonl.gz,cd80c487fcbe56e52746cef695790d87f2382b9d41b1f3a590f945573c000ba2
test,continuous,attack_fixed_continuous,attack,60,1,8839336648511840479,10673283752536822424,15263950395835409483,6294d910c1cd199191ff4942fe2f1f703e4adaf73bbc8ae328092ed66a9705cc,d9868c927015268734dbdcedb8f5fb386b4ab944f4278a15415265f80b3e8c97,150,1293,121,1172,6.188019813001288,43.43801981300129,60.38,72.0,0.6421970953795361,0.10496921742334243,150,0,150,0,0,1.0,0.0,1.0,0.0,0.0,raw_runs/test/attack_fixed_continuous/level_60/pair_01.jsonl.gz,765fc4460dc80dbad4c8e569dcd9903540b5d5264e41151821c9b3ca16c18e31
test,continuous,attack_fixed_continuous,attack,60,2,319664382691450108,8425599047184436904,17824444381004892135,36e5a3069fa089223a31477060ff76c04664a666d0bfc2424bbcac5ad442a5d9,6dd5bfd495f3fac88f044de42cea955bf36f4714344181cdcf51c84515785282,150,1342,133,1209,6.060261835122168,43.31026183512217,61.58,71.0,0.7388976238271894,0.1176171082523949,150,0,150,0,0,1.0,0.0,1.0,0.0,0.0,raw_runs/test/attack_fixed_continuous/level_60/pair_02.jsonl.gz,caf73033be75b8c66cd048e9294b0d6e20f0a7b432c14f01423c322c5088d6a7
test,continuous,attack_fixed_continuous,attack,60,3,13836154008408628279,5160735939387224534,15508566146657344056,9472cda6d3a25402410e1ce4a606ba046d0098b56dd7bcdfd18b658dcf2005b9,8f08196212bde82fde563b6c926e7fd9bedb32f46f349092fcb623b47543c998,150,1284,129,1155,6.130406516898415,43.38040651689842,58.08,73.0,0.7522110217527191,0.12186548471597623,150,0,150,0,0,1.0,0.0,1.0,0.0,0.0,raw_runs/test/attack_fixed_continuous/level_60/pair_03.jsonl.gz,721c58f7a7b4b34c492b4a31812aca4776fcd6467a71f1d9dbc41b360d00dbb6
test,continuous,attack_fixed_continuous,attack,60,4,11935645281803378086,10850879342782276294,11137078059870957973,76da03c1fd8abd1451b3a1cbaa6eda9a9eecb45f6648ee3262cfdfd1384de4d9,c4e70cd7420abd83600dfe99ea476eebe67891de0cdfef394d056fa8187a1e70,150,1319,129,1190,6.051324569724875,43.301324569724876,61.346666666666664,71.0,0.7311355055028392,0.11680286331932394,150,0,150,0,0,1.0,0.0,1.0,0.0,0.0,raw_runs/test/attack_fixed_continuous/level_60/pair_04.jsonl.gz,144337c6db12bd7d629e1ee9363db42e5f1cad9489e0c8f9eaa3b37a6672874c
test,continuous,attack_fixed_continuous,attack,60,5,1757260870866604938,4146312056965225847,12603387827082391418,f9db4876a847e9c4c8593930f5f6b8c37410c6176b1960e210fe039b36181048,625082769b4f4c855627598dc990fed28bce1167e7d3da3467f1ae71867b854c,150,1263,111,1152,6.007344082435379,43.25734408243538,58.06666666666667,70.0,0.635643369037669,0.10538765496867077,150,0,150,0,0,1.0,0.0,1.0,0.0,0.0,raw_runs/test/attack_fixed_continuous/level_60/pair_05.jsonl.gz,7e07e4a0a8cee159045cc82a185172bdf7a98f1ecb3f2c792f8d41ed99ad4e38
test,continuous,attack_fixed_continuous,attack,60,6,3344941150479110178,5290337178899518715,13349128267316424173,7b557f895d362ac5931cd8e80572014ab009ddbee32983649f8a10bf5351ea7f,401a1340fe86608ee6d14c6d077399478160edb3fde360d5d12fedf98fc58c04,150,1262,128,1134,6.239736420820231,43.48973642082023,57.99333333333333,67.54999999999998,0.7333846608366957,0.11922121053278237,150,0,150,0,0,1.0,0.0,1.0,0.0,0.0,raw_runs/test/attack_fixed_continuous/level_60/pair_06.jsonl.gz,915b207b7ad1d1a6d9e7723fc9476ab17f10c5a9e34b95b38a8901f7493f6eea
test,continuous,attack_fixed_continuous,attack,60,7,6419627319096885175,3009885920888390511,17315812789249455639,08368c0890262bd0aa475f86431c1550a4b52be536af27a10d48efa31f65ad1f,b45dfa297eb814c84b1e1c8f666eb7c40d10988691a86e752fab503f39f2ea6e,150,1363,134,1229,6.165685079855766,43.41568507985576,62.266666666666666,76.0,0.7609338342239286,0.12075080887026782,150,0,150,0,0,1.0,0.0,1.0,0.0,0.0,raw_runs/test/attack_fixed_continuous/level_60/pair_07.jsonl.gz,22d39ed3a69fb844f9e28b06d66b8d4ee7326e927957c346f2f1f901bd5cd7d8
test,continuous,attack_fixed_continuous,attack,60,8,4542692740964769341,14469435378480644158,117847252030383446,fad9eca8ee0d2d2f0a5513f8d8c787eaa101287c9e7e4913026b7fadb889e2f0,db733de27e88ff43b6b3874dc333cf09df58ae8074d4efbf9f99e583ed568e5d,150,1283,132,1151,6.116328526618515,43.36632852661852,59.16,69.0,0.7605999224706297,0.12230959199463273,150,0,150,0,0,1.0,0.0,1.0,0.0,0.0,raw_runs/test/attack_fixed_continuous/level_60/pair_08.jsonl.gz,a832acc1a9307355a23fd09257dc031fb390a3f0041430b3addb323725277aae
test,continuous,attack_fixed_continuous,attack,60,9,17474522367531266523,2202058633778674764,17608277992665335478,4bdef6d19506e7c3161b0ce671fe8d1dce029e762234d5651e6cdf0e5ec55c2e,af61f87f743a4d375ebecc7133e44d15c38264a114da75d3318c4304403ce5f1,150,1315,116,1199,6.080731402774736,43.33073140277474,60.46666666666667,71.0,0.6219559511243083,0.10205706692170007,150,0,150,0,0,1.0,0.0,1.0,0.0,0.0,raw_runs/test/attack_fixed_continuous/level_60/pair_09.jsonl.gz,77b52a2bb009df517613c92591acf4219e44f0090cc8a78e1c4bc7b1a7719aff
test,continuous,attack_fixed_continuous,attack,60,10,4442364550062877907,2324713340149489347,991262307656464341,f3c6c8a4a4e47f9104281ea9f40df9f97ae82eb9b3e43ae482be8c7157be46bb,0db77c3d83c44a26144367d57509e606f8fe7ba70be9c115d46ce0b99de76787,150,1306,143,1163,6.096920760424488,43.34692076042449,59.906666666666666,72.54999999999998,0.7909108584006712,0.1261332113259679,150,0,150,0,0,1.0,0.0,1.0,0.0,0.0,raw_runs/test/attack_fixed_continuous/level_60/pair_10.jsonl.gz,8fc4982db832ba9b4662b63f332e7f87415f6f42412960703f36625ad43abee4
test,continuous,attack_fixed_continuous,attack,60,11,17081000117766575483,11316276093277514577,2759090258557703603,85ede861b3b74c1b0d08a42723b253ee98a7e1669412e3815c980bde3dea2332,3ab1dba7014ef4cffe0a70cdea66329faef9ab103efd9f84bcd4545b9cd2d5f0,150,1291,144,1147,6.142932046613686,43.39293204661369,59.66,70.0,0.7400584657750776,0.11885166204613805,150,0,150,0,0,1.0,0.0,1.0,0.0,0.0,raw_runs/test/attack_fixed_continuous/level_60/pair_11.jsonl.gz,d163a88db66deba859f1826c355219830ac1e1dc3e0f3fb171e6817bbbe121b7
test,continuous,attack_fixed_continuous,attack,60,12,8832631734345316595,10851382885812462550,3985967350511826907,364e6e86cc8cb125dcd9d6322c123ac4871aa9c4e5d52646b74b6d0111d70bbb,cee354431826be997f5f1507c71cd97df6545722cecc59889bdce27aaa2a1286,150,1283,117,1166,6.245351842467986,43.49535184246798,59.38,70.0,0.6644395277512749,0.10862592457151132,150,0,150,0,0,1.0,0.0,1.0,0.0,0.0,raw_runs/test/attack_fixed_continuous/level_60/pair_12.jsonl.gz,9a2d187c380eda5654046257ca6e885f5bf520027170aa56fd3a800935c5bf5e
test,continuous,attack_fixed_continuous,attack,60,13,10028181195738753679,17377064598925272357,6573881429707294597,64b7e54480130ee3d3565dca668e77cb8cdb90d324b62fc9c4833e82d79e5417,9e0034e89440390aa2b71fb7c2de50aa8d8db9a7f283796ddcf425bf3f3684aa,150,1256,138,1118,6.089269975797674,43.33926997579768,58.44,70.0,0.8078748583537608,0.12928319957825052,150,0,150,0,0,1.0,0.0,1.0,0.0,0.0,raw_runs/test/attack_fixed_continuous/level_60/pair_13.jsonl.gz,a3192c80024d24ef63d1b6010a95fb11cefcb7a5a3fffdb0834f5b302c8398d6
test,continuous,attack_fixed_continuous,attack,60,14,4821605639821782447,4223715041169017503,7073166982053831146,231ff0443fb0493410dde4040fa148daa458889b3907d72e01f75a13300da310,fdfe0a3616ae73b611d0a144813178230805fb9d9d283446ed0a7b546c66dd3f,150,1331,121,1210,6.012468099156788,43.26246809915679,61.62,74.54999999999998,0.6592631667662484,0.10685707866127639,150,0,150,0,0,1.0,0.0,1.0,0.0,0.0,raw_runs/test/attack_fixed_continuous/level_60/pair_14.jsonl.gz,912fff863eda24c48d1b20f0f00c0f6d36baf82eb4b4c6b845e951fd1c8faec5
test,continuous,attack_fixed_continuous,attack,60,15,11853175302378749387,6720599183677307609,16122161024229087596,99c16c9bcbf704e7254dbc94107a76361bbda2357363d1ff26b3088f698f68ef,90d3df1b3a128dbd51dbb98e9f4a28c858d5b1f395c37ea9f039f661b280bf1a,150,1357,128,1229,6.1105681327278685,43.36056813272787,63.54,76.0,0.6660031431246085,0.10670551913681309,150,0,150,0,0,1.0,0.0,1.0,0.0,0.0,raw_runs/test/attack_fixed_continuous/level_60/pair_15.jsonl.gz,54665cb3424890494058a5766e6fbb9a7ac6e11160d8ec8e648d43c671ddff95
test,continuous,attack_fixed_continuous,attack,60,16,12616534501666573552,12627197480071288338,5963824302071607219,0c42791df19febe53049fbadbfde998a546738ed6aaaf0945ff5c9e60f8b7b3e,d41c4177f86db0276a0969edb649f3399c2b778a7e5fa5c638c7261ff48acf66,150,1244,120,1124,6.0602187070685005,43.3102187070685,57.93333333333333,67.54999999999998,0.6797461742981219,0.11193288454660429,150,0,150,0,0,1.0,0.0,1.0,0.0,0.0,raw_runs/test/attack_fixed_continuous/level_60/pair_16.jsonl.gz,2ca15ea0b0eb5ecfae50952a3c11ce6e0380f7d2bff5dce8bba5e4347b3ef52f
test,continuous,attack_fixed_continuous,attack,60,17,11801157881835141813,9336715141020142115,8742467864344436897,9491b4410186dc679f48fb80aeeff670544c99ce949b46380fdbb586cb4260f6,8e76946f3735562faba9d0e29ca971c2e746a056406b02eb929e6d7d87c0dc16,150,1312,127,1185,6.081127742005406,43.33112774200541,60.513333333333335,72.0,0.6806454275071765,0.11023921171724577,150,0,150,0,0,1.0,0.0,1.0,0.0,0.0,raw_runs/test/attack_fixed_continuous/level_60/pair_17.jsonl.gz,e596d691c1587d0e36d39b374e2f7326e06edfe9feb8c62ed260f8f851dcb96f
test,continuous,attack_fixed_continuous,attack,60,18,860134680128116760,3080095973261707755,8778381543049574934,09121d6f93b7eda2a8153acf9831283a8a86fa1de93e2c8bb727c93b5c03bfea,a8fe6feac2ecbf14bfbde8e4c0a2083ad02b95c3a920575c95b00d9469be4c58,150,1320,146,1174,6.109167597864794,43.3591675978648,60.553333333333335,74.0,0.811568996783259,0.1281973140961334,150,0,150,0,0,1.0,0.0,1.0,0.0,0.0,raw_runs/test/attack_fixed_continuous/level_60/pair_18.jsonl.gz,f87c4695f6bc9b5937dd5478d0cc519e3f2f697111633e7d2ae6b05985c2eedb
test,continuous,attack_fixed_continuous,attack,60,19,2765256529201453566,10660716801522912321,6492541676568425559,1d1b30e005c751a17df802a720c876f8a113bdf0b88f1d6370167269caf2327c,cb4748a82a88452b9b032c23bce0eb5cbcca47337d81e966cb5f7ae6607c878d,150,1310,131,1179,6.141375162979009,43.39137516297901,61.586666666666666,73.0,0.7237408443341332,0.11576039086263379,150,0,150,0,0,1.0,0.0,1.0,0.0,0.0,raw_runs/test/attack_fixed_continuous/level_60/pair_19.jsonl.gz,a71bc9ae70f57f122969c1ddf988bfc47ed8f1e86c5470bd4dd60537c9caf9ac
test,continuous,attack_fixed_continuous,attack,120,0,8377203359892070172,3454123631777269297,13051646830783437651,a239c6fed2bbaa3cf5cdeb81f3d137fd3a052f8cb21c51077c4d90378f2a4d10,b7db0618291dd4d16f0a4b3aa4e728d50aa02c76b1605ac19ff092e41ec2426e,150,2645,260,2385,6.2026519864455345,43.45265198644553,121.66,142.54999999999998,0.8223497567768451,0.10757643861917979,150,0,150,0,0,1.0,0.0,1.0,0.0,0.0,raw_runs/test/attack_fixed_continuous/level_120/pair_00.jsonl.gz,6936a21347ca47f615c0b07cbbed62271b20e9be087bff22bb6f34c9be180dd4
test,continuous,attack_fixed_continuous,attack,120,1,16977730830662377644,16574041771284837851,3419616098855687317,6ab66c482a9e5b67742e25a55cfa6241fcd4b14102726b6279f3f3a5863af9e6,a1ee8ab26f5c7647586235ed8e126f35d91b1a38eebea25939319fca9641fad7,150,2588,246,2342,6.0434501274697565,43.293450127469754,118.68,139.0,0.7748138971220302,0.10211244004322986,150,0,150,0,0,1.0,0.0,1.0,0.0,0.0,raw_runs/test/attack_fixed_continuous/level_120/pair_01.jsonl.gz,564c7dcb32ace9b262e59c396656bf5bcc3e8ad0aa3776a1b49fd2c4dec21924
test,continuous,attack_fixed_continuous,attack,120,2,17474291979858848990,949583169032656942,7463849340253027523,11d219c90247f872cd46e30d6c4bb7102e4cd4e5fc3e73fddb7bdad69ba94c40,5d10680bd96f493676de382aaf6a42b0e9b9862ce36e523a34f1a442f7e3bbd6,150,2541,241,2300,6.052861110369404,43.302861110369406,116.17333333333333,131.0,0.7413565617742526,0.09881078169312464,150,0,150,0,0,1.0,0.0,1.0,0.0,0.0,raw_runs/test/attack_fixed_continuous/level_120/pair_02.jsonl.gz,cf1488cc39a3618442c9151bcac439de515c6305b99a4d243647b2f790090062
test,continuous,attack_fixed_continuous,attack,120,3,10328863206529592231,11774122508544598813,3502672011300260076,2375a10a8218a115d84efcfafac5feafd8222f9761bddee11d1bb21590ed6085,ab010d6749dc049a46b95e480c4b390a5fb93443d32d6c011bdddbd6245112de,150,2603,275,2328,6.017009449812901,43.2670094498129,119.89333333333333,135.64999999999995,0.8888820855570612,0.11594637488804208,150,0,150,0,0,1.0,0.0,1.0,0.0,0.0,raw_runs/test/attack_fixed_continuous/level_120/pair_03.jsonl.gz,2118af10caf536d30ba25e7ec959a1f28a51613e8845db98b6a67facd7f01158
test,continuous,attack_fixed_continuous,attack,120,4,15059701741148047822,12981834254827585149,4319297107935972753,72b00e7fabd9717bb1a647c20e0a0edfd129c6769d193a8efca80b14b6440e11,85c908955f59100e596df01832036e3a96b8e17969d090b2bd4ae78322127718,150,2520,257,2263,6.007936049188819,43.25793604918882,116.56666666666666,131.54999999999998,0.8328111941633289,0.10919851164058997,150,0,150,0,0,1.0,0.0,1.0,0.0,0.0,raw_runs/test/attack_fixed_continuous/level_120/pair_04.jsonl.gz,7aafc3e2e45221eb72577e04e5296557ed5ee82f919cbf40e4a6f9e7f8d3a666
test,continuous,attack_fixed_continuous,attack,120,5,7723432460910292314,14143399362503015316,3892391133478149197,ab9c99aaee9998328f9b327e1ad83c86d6310e1f03ff2298cb1d7fe646b5aadb,544babd332808b6b1b4b3436c5d3ed2f629efad6b00e4d72601cb62f591bc66e,150,2625,307,2318,6.02197612093489,43.27197612093489,121.54,134.54999999999998,0.9570574378058765,0.1239414892525811,150,0,150,0,0,1.0,0.0,1.0,0.0,0.0,raw_runs/test/attack_fixed_continuous/level_120/pair_05.jsonl.gz,ce97dcd16fa1c0e2560d7fe8893a3dd054190a51698931bb735a064edffd21ac
test,continuous,attack_fixed_continuous,attack,120,6,16312610755683342315,4132740184489374292,17940636002592817362,ab4cc7afa205bede7a7616a49a5c655588dab932f509027c4f29f4f5b354d948,637dba3d3f3321b3f49fe124f7553cfef8a6f1d438583c55b2ce8b91415926d2,150,2569,253,2316,6.088068532309071,43.33806853230907,119.63333333333334,136.0,0.8068394178710843,0.1058707039117173,150,0,150,0,0,1.0,0.0,1.0,0.0,0.0,raw_runs/test/attack_fixed_continuous/level_120/pair_06.jsonl.gz,e660a3986244f634b308ee3853f88436d01cdfc30a3b800ccbb6da2004e62357
test,continuous,attack_fixed_continuous,attack,120,7,6150188156210431558,14449820104385269486,11964481523623141340,67af47d0931e8ce29f1171f6a2b5f7cb514e89edb2756d91ed1063183832d7c4,d0565cf26c961ddcc9f52c56b20b4db39701b0b62d498d03e7651164cd91bfb6,150,2558,298,2260,6.182594973848276,43.432594973848275,116.60666666666667,134.0,0.9275758530673331,0.12134409962894395,150,0,150,0,0,1.0,0.0,1.0,0.0,0.0,raw_runs/test/attack_fixed_continuous/level_120/pair_07.jsonl.gz,4c7e9bd01b4f549f41c937e73221437d6261b762e6e39b9c33e67fb653e24385
test,continuous,attack_fixed_continuous,attack,120,8,14255591453641436147,1533279152722602806,10027061030371459179,5d81a650871acb254af2e8ba56c92e179ff6147521d5a22b2e010c5087f8bb75,cf0de2585e6c1d4746d8176e85bbdc7dd570096293d83667374d76c66e53d95f,150,2647,289,2358,6.024949200125141,43.27494920012514,122.04666666666667,144.0,0.8913729042511007,0.11593054827536865,150,0,150,0,0,1.0,0.0,1.0,0.0,0.0,raw_runs/test/attack_fixed_continuous/level_120/pair_08.jsonl.gz,696e92f0d8e9c357f24e0226f73c628898f64130840a7652e39f947e883f3643
test,continuous,attack_fixed_continuous,attack,120,9,4410485485139951129,175659314155868336,17125469838161583965,9066081f74f6128eb21c79d017ae5e68c6de0793c28cf2ddb699fb01bae18f49,3d2e365a910429fbefe3ca1bd76535991553260c86a0224bbf480449e20067fd,150,2590,249,2341,6.1914544056990835,43.44145440569908,118.86666666666666,137.0,0.8048852334158731,0.10575390879404487,150,0,150,0,0,1.0,0.0,1.0,0.0,0.0,raw_runs/test/attack_fixed_continuous/level_120/pair_09.jsonl.gz,bdb8029296b7a478e411107d7f5e5cd719d7c2bd1b42d6849f3a5e232dea99fb
test,continuous,attack_fixed_continuous,attack,120,10,743702014842193359,14638614775406783373,8792952774552903530,cdedae31ccf7fb3cb5bd1de093b08aec5a12e4fd6475cdeb17fe19d60af73ab7,df5991dab99621491c2deb2448f6b60256a7fab6c948068786d369c3db34e436,150,2561,287,2274,6.054098441834665,43.30409844183467,119.18666666666667,134.0,0.9126970903314006,0.11793235596400364,150,0,150,0,0,1.0,0.0,1.0,0.0,0.0,raw_runs/test/attack_fixed_continuous/level_120/pair_10.jsonl.gz,9c448fb94de140123cea3f4fe79e62c7b862b3185030c8398f6f4b1ea69dd7c9
test,continuous,attack_fixed_continuous,attack,120,11,6937732872999664108,11747685142109483282,8813517956960567382,43cb87e8e21594121e5c406c03ad2b8618494007385732f9d2f57ca1da042ab5,676c0b12b71f64cfe71afa8a30f010023a27c3fcce32f12860f3aa5ed72933f6,150,2547,272,2275,6.080600204929572,43.330600204929574,117.10666666666667,132.0,0.853918842474048,0.11243615530627146,150,0,150,0,0,1.0,0.0,1.0,0.0,0.0,raw_runs/test/attack_fixed_continuous/level_120/pair_11.jsonl.gz,a3a5691f71a74bf9fc0256221023d0c6243a59e8418cd1a118f6541facc3cad4
test,continuous,attack_fixed_continuous,attack,120,12,318235669795214381,7455951692569321731,1933010983018764000,0cb2a715f278bbfb13f132bad66c6aaf7f150269ef5a5d3cca88629474be876d,7fd8cd4778e3eb5d0c9284fb652b4f7da6871432698a988c4ee719b58137a53c,150,2597,266,2331,6.123950836984667,43.37395083698467,118.86666666666666,135.0,0.8775685712742339,0.11454793807491252,150,0,150,0,0,1.0,0.0,1.0,0.0,0.0,raw_runs/test/attack_fixed_continuous/level_120/pair_12.jsonl.gz,e16e5d65db84dfa48f9dc0edba39090986f76380ee7b75e385180223ed0ded9a
test,continuous,attack_fixed_continuous,attack,120,13,5963114150740161007,12572808009116746492,8610351973812369108,e8aaa6f4dde94b1bc08010d83bbe4238007cfc7479f4c7afa14c1b5e9ff7a63b,a1674dd3090df1bf6f18545be99d7b41ab10e993159e738aab2181cbe71fc3d1,150,2603,255,2348,6.059467103547272,43.30946710354727,118.62,133.54999999999998,0.7834411220902526,0.1033864869932605,150,0,150,0,0,1.0,0.0,1.0,0.0,0.0,raw_runs/test/attack_fixed_continuous/level_120/pair_13.jsonl.gz,1c58d183f793bd0a66c2c78c30b3b59eb6ad1d429e1266dac8eca466440b1b75
test,continuous,attack_fixed_continuous,attack,120,14,5921354361794523497,5972561165925497729,14475244443681885750,9afb0ab865275f7c1523e7848297b12108762b8d6babd2c5a77bbc23cbd1c880,f4b576574a3a4e504a977c5e1a3b906040713f2b34008a4266d796f8a7209841,150,2652,267,2385,6.009162122583685,43.25916212258369,121.84666666666666,139.09999999999997,0.8412402883158423,0.1094697413294649,150,0,150,0,0,1.0,0.0,1.0,0.0,0.0,raw_runs/test/attack_fixed_continuous/level_120/pair_14.jsonl.gz,afb0dc49bbca4d524b1a4ef0622cad028814525f98c89f7a012e733c79bf4962
test,continuous,attack_fixed_continuous,attack,120,15,6840726219925807843,12649960720818103437,8165895303381172899,7880df9a6eff9b421a5d97f492c5bc66d67bf36a3acd6195a548f9007066278b,30c325def5f77e153d47cf91885d0bfd32e85cdf4c87eb9fd7a1b96a2d5cd285,150,2513,275,2238,6.010475163655674,43.26047516365568,116.64666666666666,135.54999999999998,0.9057076279384962,0.11869283863253066,150,0,150,0,0,1.0,0.0,1.0,0.0,0.0,raw_runs/test/attack_fixed_continuous/level_120/pair_15.jsonl.gz,e45505b41fc2eb509cbf8802987912d77b7ac33944686eaa3d444a98a0c38312
test,continuous,attack_fixed_continuous,attack,120,16,17059881575728195470,12962201300728633190,13603297806001352821,ce93fec7cadeeead870d11709848d47726192d9f70168819495c1cf210106770,e37f64866658e6790110800bcd4b9d6bd846a982520acf86409ac30e256e2fbe,150,2614,291,2323,6.136196256751553,43.38619625675155,121.12666666666667,137.54999999999998,0.9063663615143499,0.11785076523597224,150,0,150,0,0,1.0,0.0,1.0,0.0,0.0,raw_runs/test/attack_fixed_continuous/level_120/pair_16.jsonl.gz,272a559fd8bf03ead739397afd11725b5556a5bbe213cf95789061b389a108c6
test,continuous,attack_fixed_continuous,attack,120,17,10475107289356059551,8651585788118722659,14440624986740200429,1d55251fe35059603767ec86fc85a00461cdab5b8003e28d2bab1df5155c56a6,296a3becd8c1989d2267c3426ea5c570683b0014c8dfee83c8ebf5c85a929505,150,2579,260,2319,6.216809479138272,43.46680947913827,118.44666666666667,130.0,0.8571115081214064,0.1121139301527596,150,0,150,0,0,1.0,0.0,1.0,0.0,0.0,raw_runs/test/attack_fixed_continuous/level_120/pair_17.jsonl.gz,eccea066cdf0bb877df8eeb15df0d65d87f4d304f4a9e16ac87f03e46fb7671b
test,continuous,attack_fixed_continuous,attack,120,18,3846968442796898447,10403517115914327744,3947739754149226742,444653bdac4c0a3239c00fd50e7e77c35426db0aa2476ac3ac400e32717cd109,365e755ca7c0f82acce97e2119fb47faf94ae914b4a721e8d57084f605952a06,150,2607,256,2351,6.081801653201673,43.33180165320167,120.8,139.54999999999998,0.8092831017667548,0.10599143929520892,150,0,150,0,0,1.0,0.0,1.0,0.0,0.0,raw_runs/test/attack_fixed_continuous/level_120/pair_18.jsonl.gz,6c4495438b9f098dfb2b0dd794d37df58202f95392d4cdbf1bc1a79757982169
test,continuous,attack_fixed_continuous,attack,120,19,15827488436496725697,448282165503569617,16432071314349604849,6ee598e59923fa93329bc302a9021c213a9bc36a99e69dd95d89f2d4aa48b6dc,2411c65a30296c57e9acca8860e38d595fdbccebae860434a5f57412da97537b,150,2535,244,2291,6.141337114743804,43.391337114743806,117.76,134.0,0.8124075956515824,0.1072052429904302,150,0,150,0,0,1.0,0.0,1.0,0.0,0.0,raw_runs/test/attack_fixed_continuous/level_120/pair_19.jsonl.gz,5f9b79a3b5c80d958af0d28e18594530506525742abbda9708ac4f9003a708b8
test,continuous,attack_fixed_continuous,attack,200,0,3305879775677813233,10421308348587540143,11858333527271192835,986571c75dae06d62e17a71542a6013296cb6c94b082bb0f549e307c40938eb5,3e03b7a42b4363e9e9f00eca0a7af10835ec56253b1183327cf74af50ce2f9b8,150,4318,432,3886,6.24795365588724,43.497953655887244,198.29333333333332,222.74999999999991,0.8836851757236607,0.10282679197067465,150,0,150,0,0,1.0,0.0,1.0,0.0,0.0,raw_runs/test/attack_fixed_continuous/level_200/pair_00.jsonl.gz,3b9e8ae33b11165619bea7eff412892660175f1bfc2776302e8a5cacaa883756
test,continuous,attack_fixed_continuous,attack,200,1,11965773264084442328,8727095041189310502,13024289701482761664,8490c9a4d1aba0ec105c7bdc6a2e6597c9dd298801bef8faa95f1698a9c4cff7,73f81f97efad620eea0eb89d9a926959370880a7774c7421625f9a727ce55f34,150,4520,451,4069,6.170198780649708,43.420198780649706,208.96666666666667,227.54999999999998,0.9317409498155189,0.10740554139112102,150,0,150,0,0,1.0,0.0,1.0,0.0,0.0,raw_runs/test/attack_fixed_continuous/level_200/pair_01.jsonl.gz,22205b483ab7fcfe9ae1c31d5fe49a9bb197d3dee2382cb73c6102c44a7b36a1
test,continuous,attack_fixed_continuous,attack,200,2,18325105054551786770,7064399210547045580,13591740167787703774,822b470e86357c11735e19e05e5acd309c9ea33c073b3059f11758e1838205c9,a14b3ce9cdf8589911ad6570537a37c82b2633fc345fd596c3c0e4b752059648,150,4435,406,4029,6.238696724756045,43.488696724756046,203.75333333333333,229.09999999999997,0.8154479494687734,0.09489658563080869,150,0,150,0,0,1.0,0.0,1.0,0.0,0.0,raw_runs/test/attack_fixed_continuous/level_200/pair_02.jsonl.gz,f1068103bc6e06196e74978b4b3be198e642f3a3292a58d8ed8291e3ba9db7e4
test,continuous,attack_fixed_continuous,attack,200,3,2706547891802339268,12565575302086033423,4206193940600687145,9a943cbb901e99e28ccef82b7e0b331f3e98e516976e4e56ae23cad12301fa5b,e12ea21765b8b88482120abbb3c1b829d7cc8743917a66bce9e767b72d8262e2,150,4339,438,3901,6.1593309519028026,43.4093309519028,198.62666666666667,220.0,0.9241382280386655,0.1075104068357308,150,0,150,0,0,1.0,0.0,1.0,0.0,0.0,raw_runs/test/attack_fixed_continuous/level_200/pair_03.jsonl.gz,97869a1fbaedcc61325d786700327563a3d9fcb626539d8272cf669d9aae89d7
test,continuous,attack_fixed_continuous,attack,200,4,5380016248454964302,3694083526017213416,14875813087416022390,19d3021525597c7368ebb7eb9807f07160b6325585ec4096e56e0ac83a2f9733,af9096d370485e128a969ba11f7a187627691ebea544a9e01e8ea2f4e4aae7c7,150,4343,448,3895,6.212387741854516,43.46238774185451,202.38,229.0,0.9283012550958257,0.1073725872762803,150,0,150,0,0,1.0,0.0,1.0,0.0,0.0,raw_runs/test/attack_fixed_continuous/level_200/pair_04.jsonl.gz,b8f24ab1d00efef6bf87a07e904cb975312c3ea11a0bb8d8f0626b850521a347
test,continuous,attack_fixed_continuous,attack,200,5,8188740890578337911,6615532565649476703,2945965962341184715,d0e4573c5aeb1603553c0b874b116b7f657a7561f34e7b60068a4a51ee4756b3,66710fd941903b16345bf5035b8a13887e7597559797c45321614859baa59966,150,4321,440,3881,6.157481472613676,43.407481472613675,199.27333333333334,227.0,0.9208201760129981,0.10690696891354602,150,0,150,0,0,1.0,0.0,1.0,0.0,0.0,raw_runs/test/attack_fixed_continuous/level_200/pair_05.jsonl.gz,f57986263b19b8a328c6a7d01a3f00bd0ecc1e762b57c30881d99eae4f02d809
test,continuous,attack_fixed_continuous,attack,200,6,11156434581171536795,4136638949697257322,3103604987224540777,c885a25e389058c45d0ae4bb5ea680ee86560807db16093c32053b3237854273,55ee83d2921a88451cfdd81669092f85c097e7935688e43e969cd35faf6d7f4e,150,4349,420,3929,6.026749851195157,43.276749851195156,200.77333333333334,218.0,0.8517187773100185,0.09880735574679093,150,0,150,0,0,1.0,0.0,1.0,0.0,0.0,raw_runs/test/attack_fixed_continuous/level_200/pair_06.jsonl.gz,e3cc7e99513683128a5a5dcdf76cbfb77bd0566b23e8c497f466ad8a8da3c11c
test,continuous,attack_fixed_continuous,attack,200,7,14463190566117325287,17107551952184837091,14773824715646784280,7be1b0b3bbcbc0516b8ba376285f05780f7c7f52e8e1aa84f3ed52b197720be6,3237046a73171c7389d41d617ce865c08a9d58013231b65c1f1236d754903d2f,150,4269,397,3872,6.123123255424631,43.37312325542463,196.32666666666665,222.54999999999998,0.844338720863524,0.09877469788331944,150,0,150,0,0,1.0,0.0,1.0,0.0,0.0,raw_runs/test/attack_fixed_continuous/level_200/pair_07.jsonl.gz,e10f366674e5f4b2e0ba291d5c007ebb781d10af7595783f302df01f09a9de7c
test,continuous,attack_fixed_continuous,attack,200,8,16195968407897823456,9995507322886959644,9598224438421350987,a6e549baa69d0a7d4a333ee920b7d43f2e387817f032e9a706b23d9ccd54f7d0,730d8a32eac780a79fbef5326b008553509cdd426b3f1dd3a00ac6916b1c2e49,150,4283,411,3872,6.114049540250361,43.36404954025036,197.70666666666668,221.0,0.8263611401722798,0.09650474011919273,150,0,150,0,0,1.0,0.0,1.0,0.0,0.0,raw_runs/test/attack_fixed_continuous/level_200/pair_08.jsonl.gz,26bd6a30499f639cb98d8426948ef0326cde13797c3e6a5a0dee8830ee0578b3
test,continuous,attack_fixed_continuous,attack,200,9,7420720521770374408,2465067361418340396,4386341928317120874,5ca47e04ace17b0a946d279a29495ba3ebbb91338de898eff0a76665f1fb551c,b05865393a4cada4b1f0bb52ea3e907297dfb84a67e2e74666d197b286b9e69b,150,4339,452,3887,6.12631336198363,43.376313361983634,200.05333333333334,221.0,0.9295474001573645,0.10788297796685832,150,0,150,0,0,1.0,0.0,1.0,0.0,0.0,raw_runs/test/attack_fixed_continuous/level_200/pair_09.jsonl.gz,fd80f2c599c9b2b2e81649177c1aa67986f678867a5496ce627190df30956a89
test,continuous,attack_fixed_continuous,attack,200,10,5878993358639171811,1397690522937504700,4470880175991355100,68883f6d0eee72f74499401d0cff546a1fe7d04dbb05e8019c976666f2edeff9,3436c3785f8a50c1528a4d7311feb57c1c449a948b753818b10d037bff82db3f,150,4340,439,3901,6.228007532965487,43.478007532965485,201.27333333333334,234.09999999999997,0.8902902151334475,0.1034202525437838,150,0,150,0,0,1.0,0.0,1.0,0.0,0.0,raw_runs/test/attack_fixed_continuous/level_200/pair_10.jsonl.gz,66e17a5fecad57e5244247f3bffa5bae235603b163c20c7d54a88073da6522c3
test,continuous,attack_fixed_continuous,attack,200,11,14014917943405241459,15639064061822942779,11773384177142618344,89d63dae906dcc6bfdefd59f9e8492b5dc685d628f95b2cc14a2544e54b4ef68,8b50b3d1b40acf2f03e0497c2e219067f37e98719e969a1ddb6826a68f9d9dab,150,4327,420,3907,6.073977129668739,43.32397712966874,198.36666666666667,221.54999999999998,0.8691682436184169,0.10101454249323792,150,0,150,0,0,1.0,0.0,1.0,0.0,0.0,raw_runs/test/attack_fixed_continuous/level_200/pair_11.jsonl.gz,0904406a3ab2770a84e8617b2019fa50c06836c9edde122f23857a389b026b24
test,continuous,attack_fixed_continuous,attack,200,12,16917716329140676774,3488760609135040061,1379548411797281873,7af0ef0ac27288eb8421ec74c7833ba621655a50054412194be5e493ec6e7a19,3a1e7848f7258d9b0ce2b21564a47b009d159d55aa2d2eed92d71e39a2e02835,150,4287,431,3856,6.108001044223623,43.35800104422362,197.05333333333334,217.54999999999998,0.9022801701542972,0.10529505650107164,150,0,150,0,0,1.0,0.0,1.0,0.0,0.0,raw_runs/test/attack_fixed_continuous/level_200/pair_12.jsonl.gz,25e1208ff32b4ba6e127e474240303e853db3f83a7eb7019664a83b400d0efda
test,continuous,attack_fixed_continuous,attack,200,13,7464805818551332891,3594028296982437660,9607145778682819258,b620895b420e6e8b8521e752b8b07a6ae98b8169891eb3d0e952ced6617aff57,c5848947e0e713c3cac623eccc17ad8ec56ef95b84e6d6ea5fe2a88c1d420d52,150,4319,447,3872,6.011351901710134,43.261351901710135,201.98,226.09999999999997,0.9404788862461423,0.10887396276230642,150,0,150,0,0,1.0,0.0,1.0,0.0,0.0,raw_runs/test/attack_fixed_continuous/level_200/pair_13.jsonl.gz,d575d1a71850897e475b5e294f82f6cbf008cba815ac32b551373ed852353344
test,continuous,attack_fixed_continuous,attack,200,14,1452719303974328239,12096775087322271447,13282219498504632635,f8879601b6c8ad43f88ef9194e1e87e00650741e147f371ee39153225806289a,31fe08c07a38555050aae74389430709ccd45539f382933954f4c2ddaed583ff,150,4331,439,3892,6.14466914188646,43.39466914188646,199.53333333333333,220.0,0.9133120580447225,0.10592744275798262,150,0,150,0,0,1.0,0.0,1.0,0.0,0.0,raw_runs/test/attack_fixed_continuous/level_200/pair_14.jsonl.gz,c36b06611021314d98c0962adede3671938be7975b30b611b86b4e1144e64bd6
test,continuous,attack_fixed_continuous,attack,200,15,10545419444575691520,10913551492580424201,1630977293761809639,a9927b588a2ec2a6b39e44784ed2fe1426df287b3bb1bbfd96632760e8c0c008,d19bece04b3994faa4f8f6cfe263112682bd4fb3e30a1d8623ffafaa983e8a9c,150,4435,428,4007,6.073601321081953,43.32360132108195,203.54,226.54999999999998,0.8765331036280772,0.1016488986534415,150,0,150,0,0,1.0,0.0,1.0,0.0,0.0,raw_runs/test/attack_fixed_continuous/level_200/pair_15.jsonl.gz,4ded7b30b9b7747085ce130e276539b544a313a68cad9a0ab9cd9c453dfcedaa
test,continuous,attack_fixed_continuous,attack,200,16,16924871886836409043,13164511343039614138,10326669173628495979,f767a8f2790af9280ab47a0b243094968b2357c9576455f4326817129f206a96,537cca99d3c0a12164076dac7cbfbead16af370e9e92d37a2fdb74b67b571115,150,4333,427,3906,6.008238262046109,43.258238262046106,200.18,219.54999999999998,0.8933046130921771,0.10403363145853231,150,0,150,0,0,1.0,0.0,1.0,0.0,0.0,raw_runs/test/attack_fixed_continuous/level_200/pair_16.jsonl.gz,8f1078c011593aef0f3ec8ffeecb112aaf71ee00319d15b2adcf0c14d8c1f7b2
test,continuous,attack_fixed_continuous,attack,200,17,16212361361642675651,6376889248889209352,18042401268138073029,a486b8ce83cf3cb6578feb352e02ba6035cf852b73f7a3eeafab147f60e41af2,ebbff000a2990e0fdd4517598a3a9d9f1786f81a18c5dae5cca8761a95bee1c3,150,4399,460,3939,6.1809025969794975,43.4309025969795,201.24,222.0,0.9350906102845598,0.10864551777483475,150,0,150,0,0,1.0,0.0,1.0,0.0,0.0,raw_runs/test/attack_fixed_continuous/level_200/pair_17.jsonl.gz,b5b8aca1a04f6d4d96772cf46d16d30f446988c8c209fb24263d9322e6400754
test,continuous,attack_fixed_continuous,attack,200,18,1713736422933491290,17976316930641060919,11985359453517991836,98358c5fa1affa7cb1faceec57f6fd4ae686aad2c46f2bf757a1a3243f81a954,b0d92f748e3e0bd06c96343e43bc5512531cb450d79dc7ef9cdc0e2d8e41aab4,150,4448,441,4007,6.059943681230951,43.30994368123095,206.45333333333335,231.0,0.8949198122075148,0.10331371802161579,150,0,150,0,0,1.0,0.0,1.0,0.0,0.0,raw_runs/test/attack_fixed_continuous/level_200/pair_18.jsonl.gz,3bdc9bb650d94cdce7909975d0edbdce2a8c2d40e783f7c0625218c120962f67
test,continuous,attack_fixed_continuous,attack,200,19,6259214419204108173,9442383015232684198,9864712807757906912,f9e8c9cdf891a10d632b7f8fdab9f5395764353a4ae0e877352fa2c3f181341d,655444c413b8670ae63f4e8ae8cdf31da5fab0d71edefa5431340ca85e9780f3,150,4268,454,3814,6.104248377780277,43.35424837778028,196.74666666666667,217.0,0.9416292793906799,0.10973133335399031,150,0,150,0,0,1.0,0.0,1.0,0.0,0.0,raw_runs/test/attack_fixed_continuous/level_200/pair_19.jsonl.gz,c67e84950400fcd10b9ce69d5be149146317b48778656c119e3bb00a9d5ff3be
test,continuous,attack_random_continuous,attack,24,0,5274255389240652009,15014387500873148184,14600034074413921765,1b9f95a5cba0bd51a80c4144aa936cffd0c3b29b4bb629d7fce913fb17747f84,39337aabd0fcab5b5f6dcd0f72c012ed07d837fedb94c9b00d209d85c06431a7,150,494,44,450,6.194597052502586,43.44459705250259,23.26,33.0,4.47390632820661,0.9928824154240821,150,73,73,135,150,1.0,0.4866666666666667,0.4866666666666667,0.9,1.0,raw_runs/test/attack_random_continuous/level_24/pair_00.jsonl.gz,9c9ff69635c50d0ab3463f13f929c991f44df4095394766dce4bd396a05c7b97
test,continuous,attack_random_continuous,attack,24,1,6474713877111862370,18218316800924262946,10636297164465783562,1300aac0f831b0e78290060d3a277a1a94f446c221ffd2bbb9d3a59c71a8af51,aef4e66d43e8440ae34755075c5dc77ef203a4094250330aaed2cdf5daa84f65,150,530,46,484,6.059661028066949,43.30966102806695,23.866666666666667,34.0,4.530394206202957,0.9963666699325056,150,78,78,138,150,1.0,0.52,0.52,0.92,1.0,raw_runs/test/attack_random_continuous/level_24/pair_01.jsonl.gz,49a60f8014dfd6e78e003e2245da4656009dcb85e29ce4161d148126696396ca
test,continuous,attack_random_continuous,attack,24,2,3553928651814727180,7774970940855440883,5271044004428351846,9030a77ad504d97bd5c536bf3c1830ba0c3db9fcb7912ac96e3836f9aaa174a0,fcfb013575b9cfffceb47f75648e7dc84127fa7c9eac273a7f4b51d9fff59f4c,150,538,52,486,6.143086554961546,43.39308655496155,24.373333333333335,33.0,4.555722725541609,0.9928410106798237,150,88,88,143,150,1.0,0.5866666666666667,0.5866666666666667,0.9533333333333334,1.0,raw_runs/test/attack_random_continuous/level_24/pair_02.jsonl.gz,fc017a1706c6cd82814facb469614708430c292f673ccc0ec09e3957ba3f6ab5
test,continuous,attack_random_continuous,attack,24,3,8713878134198056602,17210684182313449382,10981475605827819444,e97e50cb04a4eddab7398da135959aca1d34bdebe4e1978f23c6dbebca980a34,971313117897ea72eeb695e49bdb4263e841dab6b1864f6d23a42ceaf549b903,150,527,55,472,6.105011898489584,43.355011898489586,23.726666666666667,34.0,4.509856018241622,0.9948716832875634,150,74,74,138,150,1.0,0.49333333333333335,0.49333333333333335,0.92,1.0,raw_runs/test/attack_random_continuous/level_24/pair_03.jsonl.gz,73e89e6acaa7bf0ddf4885705587b25048ce7312c1bedb5f72498968dc653920
test,continuous,attack_random_continuous,attack,24,4,2321089306315690618,15715962716480013879,2389085987371976512,25e0b3f9a4220aa67378048100ed2b9cd4a2dcd270804548dff89198753276fe,978064f27bff79516e5bbd9ab246b3ae709ba474343e5f80567065499625e9f0,150,538,58,480,6.052494772064169,43.30249477206417,24.64666666666667,32.0,4.579226245359878,0.9896670098341275,150,96,96,146,150,1.0,0.64,0.64,0.9733333333333334,1.0,raw_runs/test/attack_random_continuous/level_24/pair_04.jsonl.gz,07fbf3e299b2e0247e6423fa5e97d35a795b94bb38c54c22a68cb7845ef48048
test,continuous,attack_random_continuous,attack,24,5,8845182802892067711,15927061754876500610,17751114028402481346,e3171231ffa9e65d41c50fea6ee79c0b86622a3b4691deb0e03ef461f17eafaf,8c5f7f527a17f405bd049ecf198469cd8192af88bc75353e189e8195866a110d,150,546,56,490,6.190030431836424,43.440030431836426,25.326666666666668,35.0,4.618420423376542,0.9969994700007351,150,90,90,146,150,1.0,0.6,0.6,0.9733333333333334,1.0,raw_runs/test/attack_random_continuous/level_24/pair_05.jsonl.gz,e73f0c35a1a9c14a9ce8a30ea7f1c90644a7bcb597bbb7a131cfadeb34c58110
test,continuous,attack_random_continuous,attack,24,6,2949316312643293065,14082473857851196443,3512431696159145677,f1280e0349393ed8fe34e4df741698cbdef664da679c404ec7ed8560ab9ccde7,45b7f12424b1d4b3e204af49feb6d048813337dfe8f16129f0a5a551a7afdbe3,150,517,49,468,6.067214993855386,43.31721499385539,23.926666666666666,33.099999999999966,4.534228896861644,0.9933947893791389,150,83,83,145,150,1.0,0.5533333333333333,0.5533333333333333,0.9666666666666667,1.0,raw_runs/test/attack_random_continuous/level_24/pair_06.jsonl.gz,a243355e997ed120525bb852c037b28cf013893dd9ed63847a083fa37a56703d
test,continuous,attack_random_continuous,attack,24,7,5685123771069856718,16031353033753044848,6939616793526292257,076316ddb96d04ab8422e18738867f1107b42b02e39343edeaf6b6378c74f129,3c69a950226faa23eb0a1eb8262eb839f56c88166af829fe7a4e1d8983802930,150,520,52,468,6.026945624084125,43.27694562408413,23.866666666666667,31.0,4.542030622074008,0.998117787299373,150,80,80,142,150,1.0,0.5333333333333333,0.5333333333333333,0.9466666666666667,1.0,raw_runs/test/attack_random_continuous/level_24/pair_07.jsonl.gz,9ab711d729141805ad4812eaca246e0c7ff1b23916549ed584398e53d2a49def
test,continuous,attack_random_continuous,attack,24,8,892302016456819625,10650220714046566619,15085719510446225762,4ee1f3b89ebf49bca59f5d940e4897da9f0e67f2a9deec7ad7665f5dab393a53,271d98a79ef21d0e9ff693fb9c95da0b79a5540c36cbee0fe5b6cd6a9d62fbc5,150,466,34,432,6.098842190851139,43.34884219085114,21.18,30.549999999999983,4.355130218105322,0.9963414107483722,150,46,46,135,150,1.0,0.30666666666666664,0.30666666666666664,0.9,1.0,raw_runs/test/attack_random_continuous/level_24/pair_08.jsonl.gz,d28971f262d6269eb42ec03a91e369bd1c5938223e73c48fed66684cffcf0dde
test,continuous,attack_random_continuous,attack,24,9,4379469355687760136,5132125539809160820,3826361328695394809,f5437d0a2121e91f76a7f8a12df693682ae6245af8962383983c7b9d8476961a,29400abba3b287e327d55b0763d329190a1b2cc13e0db6ca504741e9fd3fa2e1,150,531,47,484,6.151960273949927,43.401960273949925,24.826666666666668,34.0,4.588074178834219,0.996397771070284,150,86,86,144,150,1.0,0.5733333333333334,0.5733333333333334,0.96,1.0,raw_runs/test/attack_random_continuous/level_24/pair_09.jsonl.gz,a08982ab46d89d065145d78cb1d6fbba1c3e44195a9a72f504a31ee51e6b373e
test,continuous,attack_random_continuous,attack,24,10,3305485504433524465,11594913408255821544,917372692855461552,9cd1ae0b89bc709f198fb2d7ee6f4bc2c84546d795381a79d9a779a6d8e5fa17,451129d6a73c1c4b9ef23f3efce149675b20037d4b1b23c48a8d0553558eb75c,150,501,40,461,6.094142064944289,43.344142064944286,22.846666666666668,32.0,4.46092611182458,0.9939948352412054,150,58,58,137,150,1.0,0.38666666666666666,0.38666666666666666,0.9133333333333333,1.0,raw_runs/test/attack_random_continuous/level_24/pair_10.jsonl.gz,834e66bf5c135f77f1cf109093e5c38c0c555f0f1fb9d03a54d7a287b8bf995f
test,continuous,attack_random_continuous,attack,24,11,12970963081985540857,11161326003885433934,15484045470006254618,e88d9084ab0ac300fdf7a8d844f4bc548b86d60a9947d48b6804b52e358259b1,3626ebb106ead1a2f01c6083cda8e9b3284a7b29f4f6a1912c8103345e9ddc2e,150,520,50,470,6.2481035051071645,43.49810350510717,23.706666666666667,33.0,4.532562027701346,0.9978269884196658,150,64,64,146,150,1.0,0.4266666666666667,0.4266666666666667,0.9733333333333334,1.0,raw_runs/test/attack_random_continuous/level_24/pair_11.jsonl.gz,87a0244a977e675e770b3e047b9f7257ecc518cd9261b6a5e8401d6a696afaf2
test,continuous,attack_random_continuous,attack,24,12,17354426133336639490,17814275030682764157,2337858671538826517,0900741d292da636417758613869ec212b2d0cb41d4ee953026f3f25549ff217,70e781517e4db994e0d425076661779fbab811c65cb9d9ed50bdf4ebc25cdc34,150,529,50,479,6.157628592017516,43.40762859201752,24.38,31.549999999999983,4.566561430301481,0.9943704523631296,150,91,91,145,150,1.0,0.6066666666666667,0.6066666666666667,0.9666666666666667,1.0,raw_runs/test/attack_random_continuous/level_24/pair_12.jsonl.gz,9567ff59521ec3605b4a2b8e73b4f6537c096c5a283b8d89ca695adac593f2a1
test,continuous,attack_random_continuous,attack,24,13,929499694554295103,2470362723243134418,2750303705770589349,83bc6084b8d794dfb38d7403d70a1cacc9edbf6ca67c6d016de4e34b60abffdd,d260e40a296ed2f1a15464509d63eb0ebc05ed0575dec268fd0bd5206090735a,150,501,46,455,6.175042208022655,43.42504220802265,22.66,31.549999999999983,4.457023378091733,0.9965886106768138,150,64,64,135,150,1.0,0.4266666666666667,0.4266666666666667,0.9,1.0,raw_runs/test/attack_random_continuous/level_24/pair_13.jsonl.gz,445eec1a7bf7975c30cda5d0cc358fb25fc327922068c12280d28565c76de216
test,continuous,attack_random_continuous,attack,24,14,14517353942880207824,15352747597855916772,1891501643884599609,a36ff9c8ba04669d48291f85338f53ebf171f9f6bdd84d6a3e23eee4bbbf195d,f9354d52085739fdf7dd20ce56e489c62188a57d3c18228252cc2d2fb41ec8fe,150,502,68,434,6.020722316785494,43.270722316785495,23.313333333333333,35.0,4.493661677169668,0.995045909346414,150,59,59,145,150,1.0,0.3933333333333333,0.3933333333333333,0.9666666666666667,1.0,raw_runs/test/attack_random_continuous/level_24/pair_14.jsonl.gz,ae2d0eb631bc764eee6a625709192f7db5ccdacfcd10b9540bef002f03c8056a
test,continuous,attack_random_continuous,attack,24,15,14906247675353202697,14515981090157133639,15378463768935665537,7486df8646c709d8e5f41404e026782d39dcf356e3585324287403b72c00703b,eb561961d436fe46b6da35c5d35f22d396e75f5dd16958ebf481da7f5b5ed81d,150,538,66,472,6.112445780669572,43.362445780669574,24.69333333333333,33.0,4.580962812128887,0.9960376763998953,150,84,84,144,150,1.0,0.56,0.56,0.96,1.0,raw_runs/test/attack_random_continuous/level_24/pair_15.jsonl.gz,a9bed42c0588d3749916f95bc3c74ccb6d66346d1a4c944450729a1b1092e390
test,continuous,attack_random_continuous,attack,24,16,5023607860423777729,387888889863381425,12904084807992104283,e9cf8bd6f4ac70e7a81204452bca304af0b92f04813ad13b60556af72f027b87,5723e301406be473d934924302032484713cb05b66278a2edaec99323185dbe1,150,527,45,482,6.10869197497945,43.35869197497945,24.206666666666667,30.549999999999983,4.568691213891585,0.995221810073984,150,82,82,148,150,1.0,0.5466666666666666,0.5466666666666666,0.9866666666666667,1.0,raw_runs/test/attack_random_continuous/level_24/pair_16.jsonl.gz,d0413da9cc5ab1cbff9b9e595063377edaf6a8d7f0bfc42d1a50c747f66d4ce8
test,continuous,attack_random_continuous,attack,24,17,1490974601967308036,15362337821839643668,11928977555922428888,39224192b30706eeb371cc405077d3a34d7d152192deededbfa62f4f95e4de87,cdc7ae647fb484ba23e6f7ec9ed399ae296cdedb03ec6c4158f5a89f997b991a,150,534,49,485,6.063946883748506,43.31394688374851,24.453333333333333,38.0,4.543602801941564,0.9908265186809266,150,68,68,146,150,1.0,0.4533333333333333,0.4533333333333333,0.9733333333333334,1.0,raw_runs/test/attack_random_continuous/level_24/pair_17.jsonl.gz,218ccc3dbc838e1845fa0c7357e852877e244e4a41cc55ffefaf9db0508bbcbb
test,continuous,attack_random_continuous,attack,24,18,7362073525556726832,7306066794261590589,838940989419404283,8a160dbbe4ff33fde0c01c6049cd36d58c98483c1e3671772a9e34521ec7dbda,ab309f92628a92f4708287a85b281447fdb6c3d91adb900ea38f91c2c7ed2fa5,150,533,59,474,6.1444835717236606,43.39448357172366,24.446666666666665,31.549999999999983,4.581269700153952,0.9956849212814268,150,87,87,150,150,1.0,0.58,0.58,1.0,1.0,raw_runs/test/attack_random_continuous/level_24/pair_18.jsonl.gz,2adcee47e23541246389477de8131c171c5423fde420fedf00a1242eb7c8486b
test,continuous,attack_random_continuous,attack,24,19,16878414205353344989,13670941286917474902,13806487019574662764,3155ff6db88b1fa1757fe65768893662b121e6c72d9b2c7e02956ac0b5b3dd82,0cb31773de7c7ee2380b253deefa11bb1ab88aa48d3c2c1b872be256c5006f93,150,518,44,474,6.103084516976933,43.353084516976935,24.126666666666665,32.0,4.552093941257344,0.9939458188706074,150,78,78,148,150,1.0,0.52,0.52,0.9866666666666667,1.0,raw_runs/test/attack_random_continuous/level_24/pair_19.jsonl.gz,59ac69e9fe18810cfb294c7eff3dff76a3975a725543403fb3dd91e16964d4de
test,continuous,attack_random_continuous,attack,60,0,12055753219752071432,9214243546908858119,6155702029067630150,0d0eeb8d4690d27e6a40115d0dbc9e9c68bc2953a36ad87bb1adcf30533e6f0f,087be293cf88f9364a7a75922e65068f0a6b005bd44420f27d05d09daf6ba631,150,1295,122,1173,6.212800944695471,43.46280094469547,59.946666666666665,74.09999999999997,5.858613561624958,0.9831037535003133,150,150,150,150,150,1.0,1.0,1.0,1.0,1.0,raw_runs/test/attack_random_continuous/level_60/pair_00.jsonl.gz,1328d23f551f4e86d38c0b9020a1e2214f6b9eac9378a37aa1b12e327a813727
test,continuous,attack_random_continuous,attack,60,1,8839336648511840479,10673283752536822424,4349247532347852348,6294d910c1cd199191ff4942fe2f1f703e4adaf73bbc8ae328092ed66a9705cc,d9868c927015268734dbdcedb8f5fb386b4ab944f4278a15415265f80b3e8c97,150,1293,131,1162,6.188019813001288,43.43801981300129,60.38,72.0,5.872387212154695,0.983546094293611,150,150,150,150,150,1.0,1.0,1.0,1.0,1.0,raw_runs/test/attack_random_continuous/level_60/pair_01.jsonl.gz,ef42a1802333900da09352218b2aa7ff2f25e90ed2a9206c05d102c2d5d8e614
test,continuous,attack_random_continuous,attack,60,2,319664382691450108,8425599047184436904,12623548514616611454,36e5a3069fa089223a31477060ff76c04664a666d0bfc2424bbcac5ad442a5d9,6dd5bfd495f3fac88f044de42cea955bf36f4714344181cdcf51c84515785282,150,1342,148,1194,6.060261835122168,43.31026183512217,61.58,71.0,5.905329290647932,0.9848290337271912,150,150,150,150,150,1.0,1.0,1.0,1.0,1.0,raw_runs/test/attack_random_continuous/level_60/pair_02.jsonl.gz,5d943eda2d58b6a4b444b497151c779d2e7b0cd411234d413cb85e43a36dcaa5
test,continuous,attack_random_continuous,attack,60,3,13836154008408628279,5160735939387224534,187554311995564873,9472cda6d3a25402410e1ce4a606ba046d0098b56dd7bcdfd18b658dcf2005b9,8f08196212bde82fde563b6c926e7fd9bedb32f46f349092fcb623b47543c998,150,1284,132,1152,6.130406516898415,43.38040651689842,58.08,73.0,5.82364019712296,0.9889574235451823,150,150,150,150,150,1.0,1.0,1.0,1.0,1.0,raw_runs/test/attack_random_continuous/level_60/pair_03.jsonl.gz,c822f4eb3bb39bd2f846f9e73354f3cb5eddd5b0b4a72564d514f518640dbde4
test,continuous,attack_random_continuous,attack,60,4,11935645281803378086,10850879342782276294,11151835775515102199,76da03c1fd8abd1451b3a1cbaa6eda9a9eecb45f6648ee3262cfdfd1384de4d9,c4e70cd7420abd83600dfe99ea476eebe67891de0cdfef394d056fa8187a1e70,150,1319,135,1184,6.051324569724875,43.301324569724876,61.346666666666664,71.0,5.909594867054358,0.9903593869409095,150,150,150,150,150,1.0,1.0,1.0,1.0,1.0,raw_runs/test/attack_random_continuous/level_60/pair_04.jsonl.gz,fa9df6082bcb66df3971b29fad2f260a9d93646860bd4b7eb7a86c368ec0a460
test,continuous,attack_random_continuous,attack,60,5,1757260870866604938,4146312056965225847,9077209245756810382,f9db4876a847e9c4c8593930f5f6b8c37410c6176b1960e210fe039b36181048,625082769b4f4c855627598dc990fed28bce1167e7d3da3467f1ae71867b854c,150,1263,112,1151,6.007344082435379,43.25734408243538,58.06666666666667,70.0,5.817003841814799,0.983595615555871,150,150,150,150,150,1.0,1.0,1.0,1.0,1.0,raw_runs/test/attack_random_continuous/level_60/pair_05.jsonl.gz,60faa5e5d9f7f1588a1c121c3221f6a6e7e6c9be9f4b89b14fdf9a5f2a3ab4a8
test,continuous,attack_random_continuous,attack,60,6,3344941150479110178,5290337178899518715,8818103940414109005,7b557f895d362ac5931cd8e80572014ab009ddbee32983649f8a10bf5351ea7f,401a1340fe86608ee6d14c6d077399478160edb3fde360d5d12fedf98fc58c04,150,1262,125,1137,6.239736420820231,43.48973642082023,57.99333333333333,67.54999999999998,5.826702349455806,0.9875273598374298,150,150,150,150,150,1.0,1.0,1.0,1.0,1.0,raw_runs/test/attack_random_continuous/level_60/pair_06.jsonl.gz,c9cd1fd71ee232aa38d0c961af6829042af17464085203076c6cf5872dacb106
test,continuous,attack_random_continuous,attack,60,7,6419627319096885175,3009885920888390511,2722718692792741741,08368c0890262bd0aa475f86431c1550a4b52be536af27a10d48efa31f65ad1f,b45dfa297eb814c84b1e1c8f666eb7c40d10988691a86e752fab503f39f2ea6e,150,1363,138,1225,6.165685079855766,43.41568507985576,62.266666666666666,76.0,5.923647810485168,0.9875904326767212,150,150,150,150,150,1.0,1.0,1.0,1.0,1.0,raw_runs/test/attack_random_continuous/level_60/pair_07.jsonl.gz,e6db1c9756ec72433fcee4c1d6eb3d852a4911cc0d44413bc89523e38aa5e12c
test,continuous,attack_random_continuous,attack,60,8,4542692740964769341,14469435378480644158,16100688896314528621,fad9eca8ee0d2d2f0a5513f8d8c787eaa101287c9e7e4913026b7fadb889e2f0,db733de27e88ff43b6b3874dc333cf09df58ae8074d4efbf9f99e583ed568e5d,150,1283,127,1156,6.116328526618515,43.36632852661852,59.16,69.0,5.84210570285994,0.9820502259539787,150,150,150,150,150,1.0,1.0,1.0,1.0,1.0,raw_runs/test/attack_random_continuous/level_60/pair_08.jsonl.gz,9fb767bf01bb65c6d1b1736c793096e4b964501c3a088d8deb8a43cd434c80cb
test,continuous,attack_random_continuous,attack,60,9,17474522367531266523,2202058633778674764,15320904330408362874,4bdef6d19506e7c3161b0ce671fe8d1dce029e762234d5651e6cdf0e5ec55c2e,af61f87f743a4d375ebecc7133e44d15c38264a114da75d3318c4304403ce5f1,150,1315,117,1198,6.080731402774736,43.33073140277474,60.46666666666667,71.0,5.874804446285677,0.9831325536038865,150,150,150,150,150,1.0,1.0,1.0,1.0,1.0,raw_runs/test/attack_random_continuous/level_60/pair_09.jsonl.gz,af86eccac165a9876a6254111dbfdb8b442a55ea20b3a8b838895c4b4c72ef48
test,continuous,attack_random_continuous,attack,60,10,4442364550062877907,2324713340149489347,4225873697911133208,f3c6c8a4a4e47f9104281ea9f40df9f97ae82eb9b3e43ae482be8c7157be46bb,0db77c3d83c44a26144367d57509e606f8fe7ba70be9c115d46ce0b99de76787,150,1306,140,1166,6.096920760424488,43.34692076042449,59.906666666666666,72.54999999999998,5.871955697963836,0.9898722512406497,150,150,150,150,150,1.0,1.0,1.0,1.0,1.0,raw_runs/test/attack_random_continuous/level_60/pair_10.jsonl.gz,ff2c813bf1e832e3b0ae4456eafa3ba566228c194b5d2bdbc7e1ebad60b1bb6c
test,continuous,attack_random_continuous,attack,60,11,17081000117766575483,11316276093277514577,9199786775301455269,85ede861b3b74c1b0d08a42723b253ee98a7e1669412e3815c980bde3dea2332,3ab1dba7014ef4cffe0a70cdea66329faef9ab103efd9f84bcd4545b9cd2d5f0,150,1291,131,1160,6.142932046613686,43.39293204661369,59.66,70.0,5.870321052895405,0.9910226517862115,150,150,150,150,150,1.0,1.0,1.0,1.0,1.0,raw_runs/test/attack_random_continuous/level_60/pair_11.jsonl.gz,4f01013182c1c3a5f473a4f4e975ea5b0d0fa28082a9f48c35a62b079008d332
test,continuous,attack_random_continuous,attack,60,12,8832631734345316595,10851382885812462550,16712540641595966927,364e6e86cc8cb125dcd9d6322c123ac4871aa9c4e5d52646b74b6d0111d70bbb,cee354431826be997f5f1507c71cd97df6545722cecc59889bdce27aaa2a1286,150,1283,124,1159,6.245351842467986,43.49535184246798,59.38,70.0,5.851861624674445,0.9841798645842099,150,150,150,150,150,1.0,1.0,1.0,1.0,1.0,raw_runs/test/attack_random_continuous/level_60/pair_12.jsonl.gz,429d84088de39237369c1e1b29593349324fadb502de657f8991c3b28cfe57c0
test,continuous,attack_random_continuous,attack,60,13,10028181195738753679,17377064598925272357,7028994179707150966,64b7e54480130ee3d3565dca668e77cb8cdb90d324b62fc9c4833e82d79e5417,9e0034e89440390aa2b71fb7c2de50aa8d8db9a7f283796ddcf425bf3f3684aa,150,1256,129,1127,6.089269975797674,43.33926997579768,58.44,70.0,5.833868846698087,0.9866019974430141,150,150,150,150,150,1.0,1.0,1.0,1.0,1.0,raw_runs/test/attack_random_continuous/level_60/pair_13.jsonl.gz,7cd9f2fbc5d135a932475f562f4f5ee63d3635797ea4fec78bcf497d615bf52a
test,continuous,attack_random_continuous,attack,60,14,4821605639821782447,4223715041169017503,13138566628088674196,231ff0443fb0493410dde4040fa148daa458889b3907d72e01f75a13300da310,fdfe0a3616ae73b611d0a144813178230805fb9d9d283446ed0a7b546c66dd3f,150,1331,136,1195,6.012468099156788,43.26246809915679,61.62,74.54999999999998,5.895562487000631,0.9814485336935221,150,150,150,150,150,1.0,1.0,1.0,1.0,1.0,raw_runs/test/attack_random_continuous/level_60/pair_14.jsonl.gz,1760d0341f18fb11d2c5d14a6ab5223e71117e82f4547103013488283d9d5d94
test,continuous,attack_random_continuous,attack,60,15,11853175302378749387,6720599183677307609,8379585697419057157,99c16c9bcbf704e7254dbc94107a76361bbda2357363d1ff26b3088f698f68ef,90d3df1b3a128dbd51dbb98e9f4a28c858d5b1f395c37ea9f039f661b280bf1a,150,1357,134,1223,6.1105681327278685,43.36056813272787,63.54,76.0,5.9473735142692155,0.9839681491379927,150,150,150,150,150,1.0,1.0,1.0,1.0,1.0,raw_runs/test/attack_random_continuous/level_60/pair_15.jsonl.gz,d70cbdc8fe43c676aa1f669b4d95ff9b6c272935b6601bfc73aa35c1c06587f0
test,continuous,attack_random_continuous,attack,60,16,12616534501666573552,12627197480071288338,14367465294706707592,0c42791df19febe53049fbadbfde998a546738ed6aaaf0945ff5c9e60f8b7b3e,d41c4177f86db0276a0969edb649f3399c2b778a7e5fa5c638c7261ff48acf66,150,1244,118,1126,6.0602187070685005,43.3102187070685,57.93333333333333,67.54999999999998,5.815675225878483,0.984794637761251,150,150,150,150,150,1.0,1.0,1.0,1.0,1.0,raw_runs/test/attack_random_continuous/level_60/pair_16.jsonl.gz,cd22e86fb906d2c9b290886fd4dc028c252fdd2454fc3da21ba9909485ac4aed
test,continuous,attack_random_continuous,attack,60,17,11801157881835141813,9336715141020142115,9429495770013601243,9491b4410186dc679f48fb80aeeff670544c99ce949b46380fdbb586cb4260f6,8e76946f3735562faba9d0e29ca971c2e746a056406b02eb929e6d7d87c0dc16,150,1312,128,1184,6.081127742005406,43.33112774200541,60.513333333333335,72.0,5.890875937116686,0.9910707900172812,150,150,150,150,150,1.0,1.0,1.0,1.0,1.0,raw_runs/test/attack_random_continuous/level_60/pair_17.jsonl.gz,42a3e9a9c08b3e67ec0f98f24c6d38603c3743dfac9bc4e73ded6e5bceaae2b8
test,continuous,attack_random_continuous,attack,60,18,860134680128116760,3080095973261707755,1088813104341094993,09121d6f93b7eda2a8153acf9831283a8a86fa1de93e2c8bb727c93b5c03bfea,a8fe6feac2ecbf14bfbde8e4c0a2083ad02b95c3a920575c95b00d9469be4c58,150,1320,125,1195,6.109167597864794,43.3591675978648,60.553333333333335,74.0,5.880425477920045,0.986256178833136,150,150,150,150,150,1.0,1.0,1.0,1.0,1.0,raw_runs/test/attack_random_continuous/level_60/pair_18.jsonl.gz,b7268e8d3ef2de2468fcdb5aeb83bebb61abb55b042ee6447e756f917746c4e1
test,continuous,attack_random_continuous,attack,60,19,2765256529201453566,10660716801522912321,7171717682939879865,1d1b30e005c751a17df802a720c876f8a113bdf0b88f1d6370167269caf2327c,cb4748a82a88452b9b032c23bce0eb5cbcca47337d81e966cb5f7ae6607c878d,150,1310,128,1182,6.141375162979009,43.39137516297901,61.586666666666666,73.0,5.904427215559841,0.9855771221596399,150,150,150,150,150,1.0,1.0,1.0,1.0,1.0,raw_runs/test/attack_random_continuous/level_60/pair_19.jsonl.gz,914e1f2f913dbc7f01a9487acbdda23d8bf18aa760d05611245b44149edf4000
test,continuous,attack_random_continuous,attack,120,0,8377203359892070172,3454123631777269297,15462346451740059128,a239c6fed2bbaa3cf5cdeb81f3d137fd3a052f8cb21c51077c4d90378f2a4d10,b7db0618291dd4d16f0a4b3aa4e728d50aa02c76b1605ac19ff092e41ec2426e,150,2645,259,2386,6.2026519864455345,43.45265198644553,121.66,142.54999999999998,6.86396903619773,0.971817627117428,150,150,150,150,150,1.0,1.0,1.0,1.0,1.0,raw_runs/test/attack_random_continuous/level_120/pair_00.jsonl.gz,d1404d770ec171b62c87998f1d14a333510c004c39ea4b0a843ec87501f8058d
test,continuous,attack_random_continuous,attack,120,1,16977730830662377644,16574041771284837851,6869946647725482885,6ab66c482a9e5b67742e25a55cfa6241fcd4b14102726b6279f3f3a5863af9e6,a1ee8ab26f5c7647586235ed8e126f35d91b1a38eebea25939319fca9641fad7,150,2588,274,2314,6.0434501274697565,43.293450127469754,118.68,139.0,6.811532946239137,0.9645316191790392,150,150,150,150,150,1.0,1.0,1.0,1.0,1.0,raw_runs/test/attack_random_continuous/level_120/pair_01.jsonl.gz,e02dcce4bb2d97911bdc6b9cf02edfa472b412d99a8b0dde8e466fc5ca482ecf
test,continuous,attack_random_continuous,attack,120,2,17474291979858848990,949583169032656942,14251519227911602442,11d219c90247f872cd46e30d6c4bb7102e4cd4e5fc3e73fddb7bdad69ba94c40,5d10680bd96f493676de382aaf6a42b0e9b9862ce36e523a34f1a442f7e3bbd6,150,2541,260,2281,6.052861110369404,43.302861110369406,116.17333333333333,131.0,6.7892762465722205,0.9675918852976014,150,150,150,150,150,1.0,1.0,1.0,1.0,1.0,raw_runs/test/attack_random_continuous/level_120/pair_02.jsonl.gz,e150139ff050a36425dbf1ee4fd7dd286c117e45833baa929e41f5e7c3f59f6c
test,continuous,attack_random_continuous,attack,120,3,10328863206529592231,11774122508544598813,13157129810182144073,2375a10a8218a115d84efcfafac5feafd8222f9761bddee11d1bb21590ed6085,ab010d6749dc049a46b95e480c4b390a5fb93443d32d6c011bdddbd6245112de,150,2603,254,2349,6.017009449812901,43.2670094498129,119.89333333333333,135.64999999999995,6.83905918712647,0.9689110914730922,150,150,150,150,150,1.0,1.0,1.0,1.0,1.0,raw_runs/test/attack_random_continuous/level_120/pair_03.jsonl.gz,f7e3e19e0144ae8568277aff2c19748d8ab662173fd44e6b7b1f006ce9006908
test,continuous,attack_random_continuous,attack,120,4,15059701741148047822,12981834254827585149,15236398849936588258,72b00e7fabd9717bb1a647c20e0a0edfd129c6769d193a8efca80b14b6440e11,85c908955f59100e596df01832036e3a96b8e17969d090b2bd4ae78322127718,150,2520,249,2271,6.007936049188819,43.25793604918882,116.56666666666666,131.54999999999998,6.810994856028787,0.9749362482074044,150,150,150,150,150,1.0,1.0,1.0,1.0,1.0,raw_runs/test/attack_random_continuous/level_120/pair_04.jsonl.gz,22628cbc7a254be69238db1d4cb4ea097ca907ad537b56235332d3dd598fde04
test,continuous,attack_random_continuous,attack,120,5,7723432460910292314,14143399362503015316,2561301003922006541,ab9c99aaee9998328f9b327e1ad83c86d6310e1f03ff2298cb1d7fe646b5aadb,544babd332808b6b1b4b3436c5d3ed2f629efad6b00e4d72601cb62f591bc66e,150,2625,278,2347,6.02197612093489,43.27197612093489,121.54,134.54999999999998,6.868830378445741,0.9734447304442249,150,150,150,150,150,1.0,1.0,1.0,1.0,1.0,raw_runs/test/attack_random_continuous/level_120/pair_05.jsonl.gz,2de0c8f6b37c7c9d7cd7c5b03b41cd39b2dfa0f27ecd14ecc2935f5c1064f86a
test,continuous,attack_random_continuous,attack,120,6,16312610755683342315,4132740184489374292,12498724449326466826,ab4cc7afa205bede7a7616a49a5c655588dab932f509027c4f29f4f5b354d948,637dba3d3f3321b3f49fe124f7553cfef8a6f1d438583c55b2ce8b91415926d2,150,2569,267,2302,6.088068532309071,43.33806853230907,119.63333333333334,136.0,6.847431364527894,0.9748718389826518,150,150,150,150,150,1.0,1.0,1.0,1.0,1.0,raw_runs/test/attack_random_continuous/level_120/pair_06.jsonl.gz,9c0238bd0c95f8d8f726f1bef6f8ad1f5dec368a4ac21163f5209e5707126d9f
test,continuous,attack_random_continuous,attack,120,7,6150188156210431558,14449820104385269486,15359404157905338767,67af47d0931e8ce29f1171f6a2b5f7cb514e89edb2756d91ed1063183832d7c4,d0565cf26c961ddcc9f52c56b20b4db39701b0b62d498d03e7651164cd91bfb6,150,2558,241,2317,6.182594973848276,43.432594973848275,116.60666666666667,134.0,6.807434223155401,0.9732756581494262,150,150,150,150,150,1.0,1.0,1.0,1.0,1.0,raw_runs/test/attack_random_continuous/level_120/pair_07.jsonl.gz,51a49aab8f3ce420c45b26b3f86f47ccdcd5ae74bd6979422b92b363046c19ab
test,continuous,attack_random_continuous,attack,120,8,14255591453641436147,1533279152722602806,9048917713855162294,5d81a650871acb254af2e8ba56c92e179ff6147521d5a22b2e010c5087f8bb75,cf0de2585e6c1d4746d8176e85bbdc7dd570096293d83667374d76c66e53d95f,150,2647,262,2385,6.024949200125141,43.27494920012514,122.04666666666667,144.0,6.869273267292165,0.9738876823608227,150,150,150,150,150,1.0,1.0,1.0,1.0,1.0,raw_runs/test/attack_random_continuous/level_120/pair_08.jsonl.gz,0c66b54b01bc4570835979fc23ae2cb5651d1588eebea8978642ffb3497f3986
test,continuous,attack_random_continuous,attack,120,9,4410485485139951129,175659314155868336,11766361343614182558,9066081f74f6128eb21c79d017ae5e68c6de0793c28cf2ddb699fb01bae18f49,3d2e365a910429fbefe3ca1bd76535991553260c86a0224bbf480449e20067fd,150,2590,257,2333,6.1914544056990835,43.44145440569908,118.86666666666666,137.0,6.8330788928695405,0.9728481665243222,150,150,150,150,150,1.0,1.0,1.0,1.0,1.0,raw_runs/test/attack_random_continuous/level_120/pair_09.jsonl.gz,ba2c016c0644adb5ac979e56c34a692692da7991a8b6327d69a846a5529e5973
test,continuous,attack_random_continuous,attack,120,10,743702014842193359,14638614775406783373,4530429168603147609,cdedae31ccf7fb3cb5bd1de093b08aec5a12e4fd6475cdeb17fe19d60af73ab7,df5991dab99621491c2deb2448f6b60256a7fab6c948068786d369c3db34e436,150,2561,263,2298,6.054098441834665,43.30409844183467,119.18666666666667,134.0,6.835221696019167,0.9719784664366008,150,150,150,150,150,1.0,1.0,1.0,1.0,1.0,raw_runs/test/attack_random_continuous/level_120/pair_10.jsonl.gz,2807ddcf9ced057f6fad06c7335b375573138c19492b0c539e31d8cf4d67b31a
test,continuous,attack_random_continuous,attack,120,11,6937732872999664108,11747685142109483282,1277535323545207884,43cb87e8e21594121e5c406c03ad2b8618494007385732f9d2f57ca1da042ab5,676c0b12b71f64cfe71afa8a30f010023a27c3fcce32f12860f3aa5ed72933f6,150,2547,251,2296,6.080600204929572,43.330600204929574,117.10666666666667,132.0,6.812610457773339,0.9731891709989471,150,150,150,150,150,1.0,1.0,1.0,1.0,1.0,raw_runs/test/attack_random_continuous/level_120/pair_11.jsonl.gz,bb2df718f0cbb72b25c41e69690280d86b0f4cbd44ef68c3b9d74bd0752bc1c6
test,continuous,attack_random_continuous,attack,120,12,318235669795214381,7455951692569321731,715067757391439485,0cb2a715f278bbfb13f132bad66c6aaf7f150269ef5a5d3cca88629474be876d,7fd8cd4778e3eb5d0c9284fb652b4f7da6871432698a988c4ee719b58137a53c,150,2597,249,2348,6.123950836984667,43.37395083698467,118.86666666666666,135.0,6.829675930536669,0.9713202323592657,150,150,150,150,150,1.0,1.0,1.0,1.0,1.0,raw_runs/test/attack_random_continuous/level_120/pair_12.jsonl.gz,cc50a31c64165c4013d574be0f888d0c4d6c3e791d157585029b1a2dfc9432e7
test,continuous,attack_random_continuous,attack,120,13,5963114150740161007,12572808009116746492,1069389618195919496,e8aaa6f4dde94b1bc08010d83bbe4238007cfc7479f4c7afa14c1b5e9ff7a63b,a1674dd3090df1bf6f18545be99d7b41ab10e993159e738aab2181cbe71fc3d1,150,2603,266,2337,6.059467103547272,43.30946710354727,118.62,133.54999999999998,6.831758304165704,0.9723741287194578,150,150,150,150,150,1.0,1.0,1.0,1.0,1.0,raw_runs/test/attack_random_continuous/level_120/pair_13.jsonl.gz,e80ccd3050fc1547bfeeca35e1b8129a61c2688f043f7d31b80e1d59cecfb7a2
test,continuous,attack_random_continuous,attack,120,14,5921354361794523497,5972561165925497729,12068164445283882028,9afb0ab865275f7c1523e7848297b12108762b8d6babd2c5a77bbc23cbd1c880,f4b576574a3a4e504a977c5e1a3b906040713f2b34008a4266d796f8a7209841,150,2652,277,2375,6.009162122583685,43.25916212258369,121.84666666666666,139.09999999999997,6.857821185330516,0.9671447848098567,150,150,150,150,150,1.0,1.0,1.0,1.0,1.0,raw_runs/test/attack_random_continuous/level_120/pair_14.jsonl.gz,02da2be4678b62273812da10092bc50f927e24edc526e5d980bd91a0d831824c
test,continuous,attack_random_continuous,attack,120,15,6840726219925807843,12649960720818103437,5711160007966780847,7880df9a6eff9b421a5d97f492c5bc66d67bf36a3acd6195a548f9007066278b,30c325def5f77e153d47cf91885d0bfd32e85cdf4c87eb9fd7a1b96a2d5cd285,150,2513,236,2277,6.010475163655674,43.26047516365568,116.64666666666666,135.54999999999998,6.807188201723105,0.9737745166687527,150,150,150,150,150,1.0,1.0,1.0,1.0,1.0,raw_runs/test/attack_random_continuous/level_120/pair_15.jsonl.gz,ed7947b15c03bf01021a12f2d11b4b915b4e30a58810f23918dba4578faa8fa7
test,continuous,attack_random_continuous,attack,120,16,17059881575728195470,12962201300728633190,16167232371012334,ce93fec7cadeeead870d11709848d47726192d9f70168819495c1cf210106770,e37f64866658e6790110800bcd4b9d6bd846a982520acf86409ac30e256e2fbe,150,2614,252,2362,6.136196256751553,43.38619625675155,121.12666666666667,137.54999999999998,6.862408552681945,0.9753017862000597,150,150,150,150,150,1.0,1.0,1.0,1.0,1.0,raw_runs/test/attack_random_continuous/level_120/pair_16.jsonl.gz,132fc0614f3fb1c1dd98aa76f8854466d1725f858eb47d3fe4adbf5f60cb91a6
test,continuous,attack_random_continuous,attack,120,17,10475107289356059551,8651585788118722659,6708121133589494715,1d55251fe35059603767ec86fc85a00461cdab5b8003e28d2bab1df5155c56a6,296a3becd8c1989d2267c3426ea5c570683b0014c8dfee83c8ebf5c85a929505,150,2579,263,2316,6.216809479138272,43.46680947913827,118.44666666666667,130.0,6.827911989883443,0.9717256840782224,150,150,150,150,150,1.0,1.0,1.0,1.0,1.0,raw_runs/test/attack_random_continuous/level_120/pair_17.jsonl.gz,3f75fcb2b4f39190c060e3d475cf8aafb7d1d4acff37626a619bb467178111ea
test,continuous,attack_random_continuous,attack,120,18,3846968442796898447,10403517115914327744,17195919542424563317,444653bdac4c0a3239c00fd50e7e77c35426db0aa2476ac3ac400e32717cd109,365e755ca7c0f82acce97e2119fb47faf94ae914b4a721e8d57084f605952a06,150,2607,271,2336,6.081801653201673,43.33180165320167,120.8,139.54999999999998,6.857990278674076,0.9741261059970967,150,150,150,150,150,1.0,1.0,1.0,1.0,1.0,raw_runs/test/attack_random_continuous/level_120/pair_18.jsonl.gz,ee84e288cc08273f34285f36909901c9a48f0726a40d3b21ca7b1f497d9a9d99
test,continuous,attack_random_continuous,attack,120,19,15827488436496725697,448282165503569617,883327793831156221,6ee598e59923fa93329bc302a9021c213a9bc36a99e69dd95d89f2d4aa48b6dc,2411c65a30296c57e9acca8860e38d595fdbccebae860434a5f57412da97537b,150,2535,241,2294,6.141337114743804,43.391337114743806,117.76,134.0,6.8202811035856845,0.9729767092601035,150,150,150,150,150,1.0,1.0,1.0,1.0,1.0,raw_runs/test/attack_random_continuous/level_120/pair_19.jsonl.gz,47120dee7b4ebab38ba8f41cb4a98cf6372d1d57cc35d74a0c0b181e39fc0a0a
test,continuous,attack_random_continuous,attack,200,0,3305879775677813233,10421308348587540143,14022464508462034129,986571c75dae06d62e17a71542a6013296cb6c94b082bb0f549e307c40938eb5,3e03b7a42b4363e9e9f00eca0a7af10835ec56253b1183327cf74af50ce2f9b8,150,4318,417,3901,6.24795365588724,43.497953655887244,198.29333333333332,222.74999999999991,7.5345374374412435,0.9535821433152144,150,150,150,150,150,1.0,1.0,1.0,1.0,1.0,raw_runs/test/attack_random_continuous/level_200/pair_00.jsonl.gz,95ca1e19e6d495bc553ebddcf48294ea5ad6fecbe284b1cf712dd3ce01ae2f66
test,continuous,attack_random_continuous,attack,200,1,11965773264084442328,8727095041189310502,10399411084662740060,8490c9a4d1aba0ec105c7bdc6a2e6597c9dd298801bef8faa95f1698a9c4cff7,73f81f97efad620eea0eb89d9a926959370880a7774c7421625f9a727ce55f34,150,4520,439,4081,6.170198780649708,43.420198780649706,208.96666666666667,227.54999999999998,7.606438545163761,0.9513766008846506,150,150,150,150,150,1.0,1.0,1.0,1.0,1.0,raw_runs/test/attack_random_continuous/level_200/pair_01.jsonl.gz,7b0cb5f802bcd553f21462dd4c39bfece9e4c4c85f4b577aac7e0b5f4ebf9949
test,continuous,attack_random_continuous,attack,200,2,18325105054551786770,7064399210547045580,16398103601312617202,822b470e86357c11735e19e05e5acd309c9ea33c073b3059f11758e1838205c9,a14b3ce9cdf8589911ad6570537a37c82b2633fc345fd596c3c0e4b752059648,150,4435,452,3983,6.238696724756045,43.488696724756046,203.75333333333333,229.09999999999997,7.578073451413869,0.9565886012491864,150,150,150,150,150,1.0,1.0,1.0,1.0,1.0,raw_runs/test/attack_random_continuous/level_200/pair_02.jsonl.gz,75eb1fb09b4dd0c9f0ea26ba0905f46fbb57d531549af7433678cbded5374eb9
test,continuous,attack_random_continuous,attack,200,3,2706547891802339268,12565575302086033423,5163881709750303036,9a943cbb901e99e28ccef82b7e0b331f3e98e516976e4e56ae23cad12301fa5b,e12ea21765b8b88482120abbb3c1b829d7cc8743917a66bce9e767b72d8262e2,150,4339,444,3895,6.1593309519028026,43.4093309519028,198.62666666666667,220.0,7.542695028533292,0.9558991801896136,150,150,150,150,150,1.0,1.0,1.0,1.0,1.0,raw_runs/test/attack_random_continuous/level_200/pair_03.jsonl.gz,d2e7ba6b6e6eaba2b8e8ae715f42c5845b2dab6da5e4c2cf93cf6430dd6e299d
test,continuous,attack_random_continuous,attack,200,4,5380016248454964302,3694083526017213416,3213973239476958026,19d3021525597c7368ebb7eb9807f07160b6325585ec4096e56e0ac83a2f9733,af9096d370485e128a969ba11f7a187627691ebea544a9e01e8ea2f4e4aae7c7,150,4343,445,3898,6.212387741854516,43.46238774185451,202.38,229.0,7.566048909937758,0.9551850832074581,150,150,150,150,150,1.0,1.0,1.0,1.0,1.0,raw_runs/test/attack_random_continuous/level_200/pair_04.jsonl.gz,91124f4baa690def273530a5ec58000d432b009c111cc153e037d0c96be78a40
test,continuous,attack_random_continuous,attack,200,5,8188740890578337911,6615532565649476703,13776693072771037810,d0e4573c5aeb1603553c0b874b116b7f657a7561f34e7b60068a4a51ee4756b3,66710fd941903b16345bf5035b8a13887e7597559797c45321614859baa59966,150,4321,441,3880,6.157481472613676,43.407481472613675,199.27333333333334,227.0,7.536166089831437,0.9508943787103427,150,150,150,150,150,1.0,1.0,1.0,1.0,1.0,raw_runs/test/attack_random_continuous/level_200/pair_05.jsonl.gz,820055e964c9c9f3396ddae2bdf9f42a196b91567810c1e41885a479a795456a
test,continuous,attack_random_continuous,attack,200,6,11156434581171536795,4136638949697257322,1675260335228649058,c885a25e389058c45d0ae4bb5ea680ee86560807db16093c32053b3237854273,55ee83d2921a88451cfdd81669092f85c097e7935688e43e969cd35faf6d7f4e,150,4349,445,3904,6.026749851195157,43.276749851195156,200.77333333333334,218.0,7.545793469922224,0.9504361863344348,150,150,150,150,150,1.0,1.0,1.0,1.0,1.0,raw_runs/test/attack_random_continuous/level_200/pair_06.jsonl.gz,5c3daf7998ce5ce3f497e3c29f8df3e5e02674f952f830ba2c4cba4edc7f80c9
test,continuous,attack_random_continuous,attack,200,7,14463190566117325287,17107551952184837091,1710166856361347880,7be1b0b3bbcbc0516b8ba376285f05780f7c7f52e8e1aa84f3ed52b197720be6,3237046a73171c7389d41d617ce865c08a9d58013231b65c1f1236d754903d2f,150,4269,414,3855,6.123123255424631,43.37312325542463,196.32666666666665,222.54999999999998,7.513206743323926,0.9504799435521378,150,150,150,150,150,1.0,1.0,1.0,1.0,1.0,raw_runs/test/attack_random_continuous/level_200/pair_07.jsonl.gz,efd1fa03ccaf83e650717092fe23861efb4b1174f06573d20ad730b45e53ae3e
test,continuous,attack_random_continuous,attack,200,8,16195968407897823456,9995507322886959644,13461809875512779547,a6e549baa69d0a7d4a333ee920b7d43f2e387817f032e9a706b23d9ccd54f7d0,730d8a32eac780a79fbef5326b008553509cdd426b3f1dd3a00ac6916b1c2e49,150,4283,419,3864,6.114049540250361,43.36404954025036,197.70666666666668,221.0,7.5299664827354205,0.9541890273691088,150,150,150,150,150,1.0,1.0,1.0,1.0,1.0,raw_runs/test/attack_random_continuous/level_200/pair_08.jsonl.gz,cda158b0da0062944ca0c675962bd5b5f29d406c3610a89b32da4647e5eb6156
test,continuous,attack_random_continuous,attack,200,9,7420720521770374408,2465067361418340396,2278124128773684536,5ca47e04ace17b0a946d279a29495ba3ebbb91338de898eff0a76665f1fb551c,b05865393a4cada4b1f0bb52ea3e907297dfb84a67e2e74666d197b286b9e69b,150,4339,445,3894,6.12631336198363,43.376313361983634,200.05333333333334,221.0,7.5501593309135355,0.9548900733907764,150,150,150,150,150,1.0,1.0,1.0,1.0,1.0,raw_runs/test/attack_random_continuous/level_200/pair_09.jsonl.gz,846b48835736d91ae9412ac033c03945b7a9152a6ab83fc240b68b70f42415d4
test,continuous,attack_random_continuous,attack,200,10,5878993358639171811,1397690522937504700,9481413623484373986,68883f6d0eee72f74499401d0cff546a1fe7d04dbb05e8019c976666f2edeff9,3436c3785f8a50c1528a4d7311feb57c1c449a948b753818b10d037bff82db3f,150,4340,427,3913,6.228007532965487,43.478007532965485,201.27333333333334,234.09999999999997,7.5585821292077195,0.9554793018998536,150,150,150,150,150,1.0,1.0,1.0,1.0,1.0,raw_runs/test/attack_random_continuous/level_200/pair_10.jsonl.gz,a4861f9ce9c3833abe0841b67add1945c4fa08d40ca2f3eb0ffb61cc69ba022e
test,continuous,attack_random_continuous,attack,200,11,14014917943405241459,15639064061822942779,8771861145614581726,89d63dae906dcc6bfdefd59f9e8492b5dc685d628f95b2cc14a2544e54b4ef68,8b50b3d1b40acf2f03e0497c2e219067f37e98719e969a1ddb6826a68f9d9dab,150,4327,446,3881,6.073977129668739,43.32397712966874,198.36666666666667,221.54999999999998,7.534874877420731,0.9534375390642651,150,150,150,150,150,1.0,1.0,1.0,1.0,1.0,raw_runs/test/attack_random_continuous/level_200/pair_11.jsonl.gz,2acf8e03466a7440ab28457b88f173cd600f93acc28dd38e3ed4d3b167c07bf5
test,continuous,attack_random_continuous,attack,200,12,16917716329140676774,3488760609135040061,11450025230581069205,7af0ef0ac27288eb8421ec74c7833ba621655a50054412194be5e493ec6e7a19,3a1e7848f7258d9b0ce2b21564a47b009d159d55aa2d2eed92d71e39a2e02835,150,4287,442,3845,6.108001044223623,43.35800104422362,197.05333333333334,217.54999999999998,7.521377696529604,0.9512405792239317,150,150,150,150,150,1.0,1.0,1.0,1.0,1.0,raw_runs/test/attack_random_continuous/level_200/pair_12.jsonl.gz,6a342b0e230fdc9232fcf3b90cb1dfd15e3915f70bf59736d79ebec96f7ed3ca
test,continuous,attack_random_continuous,attack,200,13,7464805818551332891,3594028296982437660,10401759486711774120,b620895b420e6e8b8521e752b8b07a6ae98b8169891eb3d0e952ced6617aff57,c5848947e0e713c3cac623eccc17ad8ec56ef95b84e6d6ea5fe2a88c1d420d52,150,4319,435,3884,6.011351901710134,43.261351901710135,201.98,226.09999999999997,7.56284512589615,0.9545463135601383,150,150,150,150,150,1.0,1.0,1.0,1.0,1.0,raw_runs/test/attack_random_continuous/level_200/pair_13.jsonl.gz,1a8a016c640090743ab9938e32989517758d5c1263828104f1414b42f53993ec
test,continuous,attack_random_continuous,attack,200,14,1452719303974328239,12096775087322271447,1413927459667174494,f8879601b6c8ad43f88ef9194e1e87e00650741e147f371ee39153225806289a,31fe08c07a38555050aae74389430709ccd45539f382933954f4c2ddaed583ff,150,4331,449,3882,6.14466914188646,43.39466914188646,199.53333333333333,220.0,7.5418347508440275,0.9531199357497657,150,150,150,150,150,1.0,1.0,1.0,1.0,1.0,raw_runs/test/attack_random_continuous/level_200/pair_14.jsonl.gz,ce3b89208f7e6946c403cf5f78d0c1d52a363438238f7cd46513cd34e50371ea
test,continuous,attack_random_continuous,attack,200,15,10545419444575691520,10913551492580424201,5391208288021840422,a9927b588a2ec2a6b39e44784ed2fe1426df287b3bb1bbfd96632760e8c0c008,d19bece04b3994faa4f8f6cfe263112682bd4fb3e30a1d8623ffafaa983e8a9c,150,4435,442,3993,6.073601321081953,43.32360132108195,203.54,226.54999999999998,7.5644627250040894,0.949489324549023,150,150,150,150,150,1.0,1.0,1.0,1.0,1.0,raw_runs/test/attack_random_continuous/level_200/pair_15.jsonl.gz,a14458b128c633cbd6021e2a2479b9b8aff972a588b4f6e8cd139870ef9d0315
test,continuous,attack_random_continuous,attack,200,16,16924871886836409043,13164511343039614138,2622952827705597686,f767a8f2790af9280ab47a0b243094968b2357c9576455f4326817129f206a96,537cca99d3c0a12164076dac7cbfbead16af370e9e92d37a2fdb74b67b571115,150,4333,448,3885,6.008238262046109,43.258238262046106,200.18,219.54999999999998,7.540905776291679,0.9503497134210005,150,150,150,150,150,1.0,1.0,1.0,1.0,1.0,raw_runs/test/attack_random_continuous/level_200/pair_16.jsonl.gz,4f5065e421224e014382105dbbb955005f4da5f8fb515fcf97348c885c00a6c8
test,continuous,attack_random_continuous,attack,200,17,16212361361642675651,6376889248889209352,13229407138491861670,a486b8ce83cf3cb6578feb352e02ba6035cf852b73f7a3eeafab147f60e41af2,ebbff000a2990e0fdd4517598a3a9d9f1786f81a18c5dae5cca8761a95bee1c3,150,4399,449,3950,6.1809025969794975,43.4309025969795,201.24,222.0,7.556718098306576,0.9540087396079592,150,150,150,150,150,1.0,1.0,1.0,1.0,1.0,raw_runs/test/attack_random_continuous/level_200/pair_17.jsonl.gz,587ef84c112f5bf378335987e67c7f5952c20dbc5d17c531d3327d53a0d2db3b
test,continuous,attack_random_continuous,attack,200,18,1713736422933491290,17976316930641060919,15664597631521588063,98358c5fa1affa7cb1faceec57f6fd4ae686aad2c46f2bf757a1a3243f81a954,b0d92f748e3e0bd06c96343e43bc5512531cb450d79dc7ef9cdc0e2d8e41aab4,150,4448,426,4022,6.059943681230951,43.30994368123095,206.45333333333335,231.0,7.581061411326688,0.9488531764828297,150,150,150,150,150,1.0,1.0,1.0,1.0,1.0,raw_runs/test/attack_random_continuous/level_200/pair_18.jsonl.gz,df2e20ac89d4d745f5a6f76a9ad1db3c988af4784a6b090a3377901e66af9a36
test,continuous,attack_random_continuous,attack,200,19,6259214419204108173,9442383015232684198,5355095803756080961,f9e8c9cdf891a10d632b7f8fdab9f5395764353a4ae0e877352fa2c3f181341d,655444c413b8670ae63f4e8ae8cdf31da5fab0d71edefa5431340ca85e9780f3,150,4268,418,3850,6.104248377780277,43.35424837778028,196.74666666666667,217.0,7.525104820812027,0.9547364141666997,150,150,150,150,150,1.0,1.0,1.0,1.0,1.0,raw_runs/test/attack_random_continuous/level_200/pair_19.jsonl.gz,b7fd07e12c79b3239fae9d4ca83e36f06464452e3b0805786e3881afe82a41da
test,continuous,attack_sweep_continuous,attack,24,0,5274255389240652009,15014387500873148184,7138974988382804004,1b9f95a5cba0bd51a80c4144aa936cffd0c3b29b4bb629d7fce913fb17747f84,39337aabd0fcab5b5f6dcd0f72c012ed07d837fedb94c9b00d209d85c06431a7,150,494,53,441,6.194597052502586,43.44459705250259,23.26,33.0,4.4855233935084575,0.9986909480750061,150,73,73,135,150,1.0,0.4866666666666667,0.4866666666666667,0.9,1.0,raw_runs/test/attack_sweep_continuous/level_24/pair_00.jsonl.gz,9cdf953e9a876650cc81d169475bcd7328dee375b606068e51a8b3e7a90bbff4
test,continuous,attack_sweep_continuous,attack,24,1,6474713877111862370,18218316800924262946,2017939117138284069,1300aac0f831b0e78290060d3a277a1a94f446c221ffd2bbb9d3a59c71a8af51,aef4e66d43e8440ae34755075c5dc77ef203a4094250330aaed2cdf5daa84f65,150,530,63,467,6.059661028066949,43.30966102806695,23.866666666666667,34.0,4.537660866337947,1.0,150,78,78,139,150,1.0,0.52,0.52,0.9266666666666666,1.0,raw_runs/test/attack_sweep_continuous/level_24/pair_01.jsonl.gz,18e33f89606750993e2c4c05a2ab4970f5bfa4ae82a5b5c9660140ee8e286320
test,continuous,attack_sweep_continuous,attack,24,2,3553928651814727180,7774970940855440883,1646843866013470104,9030a77ad504d97bd5c536bf3c1830ba0c3db9fcb7912ac96e3836f9aaa174a0,fcfb013575b9cfffceb47f75648e7dc84127fa7c9eac273a7f4b51d9fff59f4c,150,538,60,478,6.143086554961546,43.39308655496155,24.373333333333335,33.0,4.568045045519637,0.9990021706688375,150,88,88,143,150,1.0,0.5866666666666667,0.5866666666666667,0.9533333333333334,1.0,raw_runs/test/attack_sweep_continuous/level_24/pair_02.jsonl.gz,e72b0eabd38ec757090b586a2b72865e325a23aeebddcbcfd788b2fa82309b3e
test,continuous,attack_sweep_continuous,attack,24,3,8713878134198056602,17210684182313449382,17918909444292887207,e97e50cb04a4eddab7398da135959aca1d34bdebe4e1978f23c6dbebca980a34,971313117897ea72eeb695e49bdb4263e841dab6b1864f6d23a42ceaf549b903,150,527,49,478,6.105011898489584,43.355011898489586,23.726666666666667,34.0,4.517722148609325,0.998804748471415,150,74,74,139,150,1.0,0.49333333333333335,0.49333333333333335,0.9266666666666666,1.0,raw_runs/test/attack_sweep_continuous/level_24/pair_03.jsonl.gz,858ebd3982f16692a537c4e614a444b7b5adb1d93471a5ea7b89a660a8e028fe
test,continuous,attack_sweep_continuous,attack,24,4,2321089306315690618,15715962716480013879,1178179464671073382,25e0b3f9a4220aa67378048100ed2b9cd4a2dcd270804548dff89198753276fe,978064f27bff79516e5bbd9ab246b3ae709ba474343e5f80567065499625e9f0,150,538,60,478,6.052494772064169,43.30249477206417,24.64666666666667,32.0,4.5962259635845815,0.9981668689464792,150,96,96,147,150,1.0,0.64,0.64,0.98,1.0,raw_runs/test/attack_sweep_continuous/level_24/pair_04.jsonl.gz,f1c639dc180f1e620e658833267fa0c206969c07defe8e8ba0f2b6914050a092
test,continuous,attack_sweep_continuous,attack,24,5,8845182802892067711,15927061754876500610,16220262037660788159,e3171231ffa9e65d41c50fea6ee79c0b86622a3b4691deb0e03ef461f17eafaf,8c5f7f527a17f405bd049ecf198469cd8192af88bc75353e189e8195866a110d,150,546,66,480,6.190030431836424,43.440030431836426,25.326666666666668,35.0,4.624421483375072,1.0,150,90,90,146,150,1.0,0.6,0.6,0.9733333333333334,1.0,raw_runs/test/attack_sweep_continuous/level_24/pair_05.jsonl.gz,70a6dbb867ed1f77c0cd8efb26c5052e3f1fcb6ffeab0884204d8fd6dd4f2a21
test,continuous,attack_sweep_continuous,attack,24,6,2949316312643293065,14082473857851196443,12234040053113694641,f1280e0349393ed8fe34e4df741698cbdef664da679c404ec7ed8560ab9ccde7,45b7f12424b1d4b3e204af49feb6d048813337dfe8f16129f0a5a551a7afdbe3,150,517,58,459,6.067214993855386,43.31721499385539,23.926666666666666,33.099999999999966,4.547439318103366,1.0,150,83,83,145,150,1.0,0.5533333333333333,0.5533333333333333,0.9666666666666667,1.0,raw_runs/test/attack_sweep_continuous/level_24/pair_06.jsonl.gz,5b10b3ba692fba80354aa869fb6ad484c7804048a0e4c9bcd439d3bd7b128d0a
test,continuous,attack_sweep_continuous,attack,24,7,5685123771069856718,16031353033753044848,8805305177848627984,076316ddb96d04ab8422e18738867f1107b42b02e39343edeaf6b6378c74f129,3c69a950226faa23eb0a1eb8262eb839f56c88166af829fe7a4e1d8983802930,150,520,46,474,6.026945624084125,43.27694562408413,23.866666666666667,31.0,4.543569483565487,0.9988872180451127,150,80,80,143,150,1.0,0.5333333333333333,0.5333333333333333,0.9533333333333334,1.0,raw_runs/test/attack_sweep_continuous/level_24/pair_07.jsonl.gz,8287b020fc4ad165385d8934f6df872aee042cc1131f7dd18af9dbae2e0ad5d6
test,continuous,attack_sweep_continuous,attack,24,8,892302016456819625,10650220714046566619,6100358675213435007,4ee1f3b89ebf49bca59f5d940e4897da9f0e67f2a9deec7ad7665f5dab393a53,271d98a79ef21d0e9ff693fb9c95da0b79a5540c36cbee0fe5b6cd6a9d62fbc5,150,466,43,423,6.098842190851139,43.34884219085114,21.18,30.549999999999983,4.362447396608577,1.0,150,46,46,135,150,1.0,0.30666666666666664,0.30666666666666664,0.9,1.0,raw_runs/test/attack_sweep_continuous/level_24/pair_08.jsonl.gz,8e66bcf7e6b41e804f0b1756c9f79f0c55e7b6a731836517af0e45e70fe2e4f1
test,continuous,attack_sweep_continuous,attack,24,9,4379469355687760136,5132125539809160820,17772486211291413844,f5437d0a2121e91f76a7f8a12df693682ae6245af8962383983c7b9d8476961a,29400abba3b287e327d55b0763d329190a1b2cc13e0db6ca504741e9fd3fa2e1,150,531,43,488,6.151960273949927,43.401960273949925,24.826666666666668,34.0,4.594144825463066,0.9994330943847073,150,86,86,144,150,1.0,0.5733333333333334,0.5733333333333334,0.96,1.0,raw_runs/test/attack_sweep_continuous/level_24/pair_09.jsonl.gz,6039efdbd42c5b133364b7a3e935926d4e4c1998de212b0a5e2c0f1581d6720c
test,continuous,attack_sweep_continuous,attack,24,10,3305485504433524465,11594913408255821544,10698537757171884524,9cd1ae0b89bc709f198fb2d7ee6f4bc2c84546d795381a79d9a779a6d8e5fa17,451129d6a73c1c4b9ef23f3efce149675b20037d4b1b23c48a8d0553558eb75c,150,501,53,448,6.094142064944289,43.344142064944286,22.846666666666668,32.0,4.469129950964412,0.9980967548111214,150,58,58,138,150,1.0,0.38666666666666666,0.38666666666666666,0.92,1.0,raw_runs/test/attack_sweep_continuous/level_24/pair_10.jsonl.gz,9dfd82551638f82c7b1d2ee027fe94ec93f5ab32346d6e7efe5a1599447a40a8
test,continuous,attack_sweep_continuous,attack,24,11,12970963081985540857,11161326003885433934,11408357187681755420,e88d9084ab0ac300fdf7a8d844f4bc548b86d60a9947d48b6804b52e358259b1,3626ebb106ead1a2f01c6083cda8e9b3284a7b29f4f6a1912c8103345e9ddc2e,150,520,58,462,6.2481035051071645,43.49810350510717,23.706666666666667,33.0,4.533298635961621,0.9981952925498035,150,64,64,146,150,1.0,0.4266666666666667,0.4266666666666667,0.9733333333333334,1.0,raw_runs/test/attack_sweep_continuous/level_24/pair_11.jsonl.gz,2538cb916484b3b9ad643780c1e7d014ac6af3d518b77ce406d3186bf881c46a
test,continuous,attack_sweep_continuous,attack,24,12,17354426133336639490,17814275030682764157,8243645885829194545,0900741d292da636417758613869ec212b2d0cb41d4ee953026f3f25549ff217,70e781517e4db994e0d425076661779fbab811c65cb9d9ed50bdf4ebc25cdc34,150,529,56,473,6.157628592017516,43.40762859201752,24.38,31.549999999999983,4.572649272278581,0.9974143733516799,150,91,91,143,150,1.0,0.6066666666666667,0.6066666666666667,0.9533333333333334,1.0,raw_runs/test/attack_sweep_continuous/level_24/pair_12.jsonl.gz,5366e0e369e40480a30b43cf3afa92c79656b8ec9f4996a609251964933f2842
test,continuous,attack_sweep_continuous,attack,24,13,929499694554295103,2470362723243134418,4344478200103117528,83bc6084b8d794dfb38d7403d70a1cacc9edbf6ca67c6d016de4e34b60abffdd,d260e40a296ed2f1a15464509d63eb0ebc05ed0575dec268fd0bd5206090735a,150,501,43,458,6.175042208022655,43.42504220802265,22.66,31.549999999999983,4.461940178510289,0.9990470108860914,150,64,64,135,150,1.0,0.4266666666666667,0.4266666666666667,0.9,1.0,raw_runs/test/attack_sweep_continuous/level_24/pair_13.jsonl.gz,bb2c54df4cae7a46ff2fa0ae4f411b82d6acb93368dd3a1fe8dec24f866b2526
test,continuous,attack_sweep_continuous,attack,24,14,14517353942880207824,15352747597855916772,8252795954551505252,a36ff9c8ba04669d48291f85338f53ebf171f9f6bdd84d6a3e23eee4bbbf195d,f9354d52085739fdf7dd20ce56e489c62188a57d3c18228252cc2d2fb41ec8fe,150,502,53,449,6.020722316785494,43.270722316785495,23.313333333333333,35.0,4.501712715619696,0.9990714285714284,150,59,59,145,150,1.0,0.3933333333333333,0.3933333333333333,0.9666666666666667,1.0,raw_runs/test/attack_sweep_continuous/level_24/pair_14.jsonl.gz,d68260795dcb48426ccbe7e3f3d5d6611aa8f0087263e810618dd70213d768ae
test,continuous,attack_sweep_continuous,attack,24,15,14906247675353202697,14515981090157133639,1077339568656690065,7486df8646c709d8e5f41404e026782d39dcf356e3585324287403b72c00703b,eb561961d436fe46b6da35c5d35f22d396e75f5dd16958ebf481da7f5b5ed81d,150,538,45,493,6.112445780669572,43.362445780669574,24.69333333333333,33.0,4.583925748086825,0.9975191443788648,150,84,84,143,150,1.0,0.56,0.56,0.9533333333333334,1.0,raw_runs/test/attack_sweep_continuous/level_24/pair_15.jsonl.gz,73f825daf65aa6b1ea51d9be9db9e51bf8fbadd4baaa71ad78605ea4017eae5d
test,continuous,attack_sweep_continuous,attack,24,16,5023607860423777729,387888889863381425,8860420008335525938,e9cf8bd6f4ac70e7a81204452bca304af0b92f04813ad13b60556af72f027b87,5723e301406be473d934924302032484713cb05b66278a2edaec99323185dbe1,150,527,54,473,6.10869197497945,43.35869197497945,24.206666666666667,30.549999999999983,4.578247593743616,1.0,150,82,82,148,150,1.0,0.5466666666666666,0.5466666666666666,0.9866666666666667,1.0,raw_runs/test/attack_sweep_continuous/level_24/pair_16.jsonl.gz,8db868f75233e2f6560a20b9f32808be864bf3ec50c37de20ee58a9400bdaa94
test,continuous,attack_sweep_continuous,attack,24,17,1490974601967308036,15362337821839643668,16184863385870657140,39224192b30706eeb371cc405077d3a34d7d152192deededbfa62f4f95e4de87,cdc7ae647fb484ba23e6f7ec9ed399ae296cdedb03ec6c4158f5a89f997b991a,150,534,48,486,6.063946883748506,43.31394688374851,24.453333333333333,38.0,4.5603803736462485,0.9989570614570614,150,68,68,146,150,1.0,0.4533333333333333,0.4533333333333333,0.9733333333333334,1.0,raw_runs/test/attack_sweep_continuous/level_24/pair_17.jsonl.gz,c39fc28f71a9a408cf0e5ccef91e7547ad7f760807ac533c279c01b2e5d44190
test,continuous,attack_sweep_continuous,attack,24,18,7362073525556726832,7306066794261590589,5948016049195010269,8a160dbbe4ff33fde0c01c6049cd36d58c98483c1e3671772a9e34521ec7dbda,ab309f92628a92f4708287a85b281447fdb6c3d91adb900ea38f91c2c7ed2fa5,150,533,62,471,6.1444835717236606,43.39448357172366,24.446666666666665,31.549999999999983,4.584066562852633,0.9970833526307664,150,87,87,150,150,1.0,0.58,0.58,1.0,1.0,raw_runs/test/attack_sweep_continuous/level_24/pair_18.jsonl.gz,fa548f0cbe8617038bcca45c5f4acbfda56cc81afa8cfd2397a086e9b0ac8bca
test,continuous,attack_sweep_continuous,attack,24,19,16878414205353344989,13670941286917474902,586395582990475939,3155ff6db88b1fa1757fe65768893662b121e6c72d9b2c7e02956ac0b5b3dd82,0cb31773de7c7ee2380b253deefa11bb1ab88aa48d3c2c1b872be256c5006f93,150,518,47,471,6.103084516976933,43.353084516976935,24.126666666666665,32.0,4.564202303516129,1.0,150,78,78,148,150,1.0,0.52,0.52,0.9866666666666667,1.0,raw_runs/test/attack_sweep_continuous/level_24/pair_19.jsonl.gz,84cc5b1aea7b1eb3c55dd1a39d4a2f37b7a9e61b5e71480b9ac39652565d4128
test,continuous,attack_sweep_continuous,attack,60,0,12055753219752071432,9214243546908858119,8906469604754540108,0d0eeb8d4690d27e6a40115d0dbc9e9c68bc2953a36ad87bb1adcf30533e6f0f,087be293cf88f9364a7a75922e65068f0a6b005bd44420f27d05d09daf6ba631,150,1295,126,1169,6.212800944695471,43.46280094469547,59.946666666666665,74.09999999999997,5.8869961123875605,0.9972950288816139,150,150,150,150,150,1.0,1.0,1.0,1.0,1.0,raw_runs/test/attack_sweep_continuous/level_60/pair_00.jsonl.gz,4b1fdff33ae4b2d6cc91bf3ff1d6ef0521d69e77d8bb6099f8bc5400dd40bf8a
test,continuous,attack_sweep_continuous,attack,60,1,8839336648511840479,10673283752536822424,7957011672033585869,6294d910c1cd199191ff4942fe2f1f703e4adaf73bbc8ae328092ed66a9705cc,d9868c927015268734dbdcedb8f5fb386b4ab944f4278a15415265f80b3e8c97,150,1293,146,1147,6.188019813001288,43.43801981300129,60.38,72.0,5.900156743086884,0.9974308597597051,150,150,150,150,150,1.0,1.0,1.0,1.0,1.0,raw_runs/test/attack_sweep_continuous/level_60/pair_01.jsonl.gz,1bd2c3e7b456ad6837515426db0e1264c7566e444eb9656c8564d02547103930
test,continuous,attack_sweep_continuous,attack,60,2,319664382691450108,8425599047184436904,4902284720529649381,36e5a3069fa089223a31477060ff76c04664a666d0bfc2424bbcac5ad442a5d9,6dd5bfd495f3fac88f044de42cea955bf36f4714344181cdcf51c84515785282,150,1342,148,1194,6.060261835122168,43.31026183512217,61.58,71.0,5.9321167916555035,0.9981285113986572,150,150,150,150,150,1.0,1.0,1.0,1.0,1.0,raw_runs/test/attack_sweep_continuous/level_60/pair_02.jsonl.gz,57365397b12bb916e088cd280e10c6dcad4b8bd51c242a4e8ba2a6e9280d4c29
test,continuous,attack_sweep_continuous,attack,60,3,13836154008408628279,5160735939387224534,3686574590889125019,9472cda6d3a25402410e1ce4a606ba046d0098b56dd7bcdfd18b658dcf2005b9,8f08196212bde82fde563b6c926e7fd9bedb32f46f349092fcb623b47543c998,150,1284,104,1180,6.130406516898415,43.38040651689842,58.08,73.0,5.842096006703608,0.9981508585865493,150,150,150,150,150,1.0,1.0,1.0,1.0,1.0,raw_runs/test/attack_sweep_continuous/level_60/pair_03.jsonl.gz,56e1d60302286edf0e59ee1ef8bef6eba28013b40bf62dd9f6cf5efaf736bbba
test,continuous,attack_sweep_continuous,attack,60,4,11935645281803378086,10850879342782276294,7959357470563776988,76da03c1fd8abd1451b3a1cbaa6eda9a9eecb45f6648ee3262cfdfd1384de4d9,c4e70cd7420abd83600dfe99ea476eebe67891de0cdfef394d056fa8187a1e70,150,1319,124,1195,6.051324569724875,43.301324569724876,61.346666666666664,71.0,5.922913980585963,0.997018943706712,150,150,150,150,150,1.0,1.0,1.0,1.0,1.0,raw_runs/test/attack_sweep_continuous/level_60/pair_04.jsonl.gz,6ff27ccad6d950aa3e7be0385535405f9225a19193b252e0eb63fac7becf3d43
test,continuous,attack_sweep_continuous,attack,60,5,1757260870866604938,4146312056965225847,6252923571956073987,f9db4876a847e9c4c8593930f5f6b8c37410c6176b1960e210fe039b36181048,625082769b4f4c855627598dc990fed28bce1167e7d3da3467f1ae71867b854c,150,1263,130,1133,6.007344082435379,43.25734408243538,58.06666666666667,70.0,5.840933284267379,0.9955603367821605,150,150,150,150,150,1.0,1.0,1.0,1.0,1.0,raw_runs/test/attack_sweep_continuous/level_60/pair_05.jsonl.gz,8b2f968d3917567509f1c8c9612040023c6972f074d3658501d9bebac2dcec2d
test,continuous,attack_sweep_continuous,attack,60,6,3344941150479110178,5290337178899518715,12357187588485026214,7b557f895d362ac5931cd8e80572014ab009ddbee32983649f8a10bf5351ea7f,401a1340fe86608ee6d14c6d077399478160edb3fde360d5d12fedf98fc58c04,150,1262,118,1144,6.239736420820231,43.48973642082023,57.99333333333333,67.54999999999998,5.847888081155425,0.9981202256872393,150,150,150,150,150,1.0,1.0,1.0,1.0,1.0,raw_runs/test/attack_sweep_continuous/level_60/pair_06.jsonl.gz,f324224a5beed66d935125c8d7fc983226b8b071bc3b3050dbc6fe0341db3968
test,continuous,attack_sweep_continuous,attack,60,7,6419627319096885175,3009885920888390511,11681485613721088597,08368c0890262bd0aa475f86431c1550a4b52be536af27a10d48efa31f65ad1f,b45dfa297eb814c84b1e1c8f666eb7c40d10988691a86e752fab503f39f2ea6e,150,1363,135,1228,6.165685079855766,43.41568507985576,62.266666666666666,76.0,5.941063928941588,0.9962984919049314,150,150,150,150,150,1.0,1.0,1.0,1.0,1.0,raw_runs/test/attack_sweep_continuous/level_60/pair_07.jsonl.gz,0d7d32e4991e4ac21805f6aefb9134c9a64783159585a9d33320612a6b87aa36
test,continuous,attack_sweep_continuous,attack,60,8,4542692740964769341,14469435378480644158,6212732171041516960,fad9eca8ee0d2d2f0a5513f8d8c787eaa101287c9e7e4913026b7fadb889e2f0,db733de27e88ff43b6b3874dc333cf09df58ae8074d4efbf9f99e583ed568e5d,150,1283,135,1148,6.116328526618515,43.36632852661852,59.16,69.0,5.874509377914272,0.9982520634811443,150,150,150,150,150,1.0,1.0,1.0,1.0,1.0,raw_runs/test/attack_sweep_continuous/level_60/pair_08.jsonl.gz,37f4222f64a5a04c3f157f3653810deade6353cb5efaf8099ed4734fdd868e45
test,continuous,attack_sweep_continuous,attack,60,9,17474522367531266523,2202058633778674764,10475676267652632180,4bdef6d19506e7c3161b0ce671fe8d1dce029e762234d5651e6cdf0e5ec55c2e,af61f87f743a4d375ebecc7133e44d15c38264a114da75d3318c4304403ce5f1,150,1315,139,1176,6.080731402774736,43.33073140277474,60.46666666666667,71.0,5.898935946302076,0.9951177358715032,150,150,150,150,150,1.0,1.0,1.0,1.0,1.0,raw_runs/test/attack_sweep_continuous/level_60/pair_09.jsonl.gz,80531dcd329e63a802d2a45bb2f97cea6a7785c359c427747b24eb752247fcbe
test,continuous,attack_sweep_continuous,attack,60,10,4442364550062877907,2324713340149489347,13874959420785530122,f3c6c8a4a4e47f9104281ea9f40df9f97ae82eb9b3e43ae482be8c7157be46bb,0db77c3d83c44a26144367d57509e606f8fe7ba70be9c115d46ce0b99de76787,150,1306,123,1183,6.096920760424488,43.34692076042449,59.906666666666666,72.54999999999998,5.889770698760368,0.9987797516389159,150,150,150,150,150,1.0,1.0,1.0,1.0,1.0,raw_runs/test/attack_sweep_continuous/level_60/pair_10.jsonl.gz,be2f34c3510ab200bbedccc8a6da5e458bc4643ad6de67f52bc0854379ac2dbd
test,continuous,attack_sweep_continuous,attack,60,11,17081000117766575483,11316276093277514577,8571110091854026316,85ede861b3b74c1b0d08a42723b253ee98a7e1669412e3815c980bde3dea2332,3ab1dba7014ef4cffe0a70cdea66329faef9ab103efd9f84bcd4545b9cd2d5f0,150,1291,132,1159,6.142932046613686,43.39293204661369,59.66,70.0,5.887379712194185,0.999472018572825,150,150,150,150,150,1.0,1.0,1.0,1.0,1.0,raw_runs/test/attack_sweep_continuous/level_60/pair_11.jsonl.gz,671ab3087b313ab4ddd01b0dd80fab645c1293f26b106c808ef0fbaf4f31dcbf
test,continuous,attack_sweep_continuous,attack,60,12,8832631734345316595,10851382885812462550,1702675595761993712,364e6e86cc8cb125dcd9d6322c123ac4871aa9c4e5d52646b74b6d0111d70bbb,cee354431826be997f5f1507c71cd97df6545722cecc59889bdce27aaa2a1286,150,1283,151,1132,6.245351842467986,43.49535184246798,59.38,70.0,5.8767296970736895,0.9964340647024553,150,150,150,150,150,1.0,1.0,1.0,1.0,1.0,raw_runs/test/attack_sweep_continuous/level_60/pair_12.jsonl.gz,9d4d2e7e18c8c739ec8bde8153ae573ef0a9fd5f807c339ad2f8594f535e3ced
test,continuous,attack_sweep_continuous,attack,60,13,10028181195738753679,17377064598925272357,5798488178783891757,64b7e54480130ee3d3565dca668e77cb8cdb90d324b62fc9c4833e82d79e5417,9e0034e89440390aa2b71fb7c2de50aa8d8db9a7f283796ddcf425bf3f3684aa,150,1256,119,1137,6.089269975797674,43.33926997579768,58.44,70.0,5.8568677436033845,0.998101445895663,150,150,150,150,150,1.0,1.0,1.0,1.0,1.0,raw_runs/test/attack_sweep_continuous/level_60/pair_13.jsonl.gz,527253f64672217736770ad00922719550b7f6b5e89f34f5982f813bfc9d53f4
test,continuous,attack_sweep_continuous,attack,60,14,4821605639821782447,4223715041169017503,14616811949509580921,231ff0443fb0493410dde4040fa148daa458889b3907d72e01f75a13300da310,fdfe0a3616ae73b611d0a144813178230805fb9d9d283446ed0a7b546c66dd3f,150,1331,159,1172,6.012468099156788,43.26246809915679,61.62,74.54999999999998,5.928119865777397,0.9976037763005835,150,150,150,150,150,1.0,1.0,1.0,1.0,1.0,raw_runs/test/attack_sweep_continuous/level_60/pair_14.jsonl.gz,6d6e5d1928d6057cbf2c8a8330dbae31f87ecc92078070913703ea41564afe01
test,continuous,attack_sweep_continuous,attack,60,15,11853175302378749387,6720599183677307609,6577920079407541310,99c16c9bcbf704e7254dbc94107a76361bbda2357363d1ff26b3088f698f68ef,90d3df1b3a128dbd51dbb98e9f4a28c858d5b1f395c37ea9f039f661b280bf1a,150,1357,137,1220,6.1105681327278685,43.36056813272787,63.54,76.0,5.974238544450146,0.9974006642284587,150,150,150,150,150,1.0,1.0,1.0,1.0,1.0,raw_runs/test/attack_sweep_continuous/level_60/pair_15.jsonl.gz,5d298b01ea069d44a690f9466b4c1af4cb1819a6fc0d81671e3d13287b3f1872
test,continuous,attack_sweep_continuous,attack,60,16,12616534501666573552,12627197480071288338,15524968264924588863,0c42791df19febe53049fbadbfde998a546738ed6aaaf0945ff5c9e60f8b7b3e,d41c4177f86db0276a0969edb649f3399c2b778a7e5fa5c638c7261ff48acf66,150,1244,133,1111,6.0602187070685005,43.3102187070685,57.93333333333333,67.54999999999998,5.842222568366198,0.9980683090051089,150,150,150,150,150,1.0,1.0,1.0,1.0,1.0,raw_runs/test/attack_sweep_continuous/level_60/pair_16.jsonl.gz,7ece1a7839b0884e34483773eae955c6553839ac267bfb39977f6f69d57b05f7
test,continuous,attack_sweep_continuous,attack,60,17,11801157881835141813,9336715141020142115,9135758932119321914,9491b4410186dc679f48fb80aeeff670544c99ce949b46380fdbb586cb4260f6,8e76946f3735562faba9d0e29ca971c2e746a056406b02eb929e6d7d87c0dc16,150,1312,134,1178,6.081127742005406,43.33112774200541,60.513333333333335,72.0,5.9032427042229845,0.9972197038214733,150,150,150,150,150,1.0,1.0,1.0,1.0,1.0,raw_runs/test/attack_sweep_continuous/level_60/pair_17.jsonl.gz,22aa04d0817b8c31e1c2a1db3bf90313197fc86a6b72efda473f0975ce0d9856
test,continuous,attack_sweep_continuous,attack,60,18,860134680128116760,3080095973261707755,5055251022693933505,09121d6f93b7eda2a8153acf9831283a8a86fa1de93e2c8bb727c93b5c03bfea,a8fe6feac2ecbf14bfbde8e4c0a2083ad02b95c3a920575c95b00d9469be4c58,150,1320,116,1204,6.109167597864794,43.3591675978648,60.553333333333335,74.0,5.905144436281468,0.9986156580138481,150,150,150,150,150,1.0,1.0,1.0,1.0,1.0,raw_runs/test/attack_sweep_continuous/level_60/pair_18.jsonl.gz,744ca92fc2adc29e7ddbffd86fddb7d3cd1a111273e59c22e4c2900b9fa0bd1b
test,continuous,attack_sweep_continuous,attack,60,19,2765256529201453566,10660716801522912321,18133834347715276018,1d1b30e005c751a17df802a720c876f8a113bdf0b88f1d6370167269caf2327c,cb4748a82a88452b9b032c23bce0eb5cbcca47337d81e966cb5f7ae6607c878d,150,1310,145,1165,6.141375162979009,43.39137516297901,61.586666666666666,73.0,5.926067796755212,0.9963974127573249,150,150,150,150,150,1.0,1.0,1.0,1.0,1.0,raw_runs/test/attack_sweep_continuous/level_60/pair_19.jsonl.gz,2bde0c7a90305268944da37339773008714ae19fb9ae47fa4b6f95a46cdb9b11
test,continuous,attack_sweep_continuous,attack,120,0,8377203359892070172,3454123631777269297,9101524365372143967,a239c6fed2bbaa3cf5cdeb81f3d137fd3a052f8cb21c51077c4d90378f2a4d10,b7db0618291dd4d16f0a4b3aa4e728d50aa02c76b1605ac19ff092e41ec2426e,150,2645,284,2361,6.2026519864455345,43.45265198644553,121.66,142.54999999999998,6.908627304963179,0.9939789622001756,150,150,150,150,150,1.0,1.0,1.0,1.0,1.0,raw_runs/test/attack_sweep_continuous/level_120/pair_00.jsonl.gz,b2aa7579cba10cd7fcda3cc54e3402cd87ee09fe4315b16dd3231da77b511b64
test,continuous,attack_sweep_continuous,attack,120,1,16977730830662377644,16574041771284837851,1835658455088310006,6ab66c482a9e5b67742e25a55cfa6241fcd4b14102726b6279f3f3a5863af9e6,a1ee8ab26f5c7647586235ed8e126f35d91b1a38eebea25939319fca9641fad7,150,2588,264,2324,6.0434501274697565,43.293450127469754,118.68,139.0,6.871660676002749,0.9940443655931591,150,150,150,150,150,1.0,1.0,1.0,1.0,1.0,raw_runs/test/attack_sweep_continuous/level_120/pair_01.jsonl.gz,e403ffe7706cc0acca3954fc972fb9db18f9942e51ceb92f3eb4045fd9eb31e7
test,continuous,attack_sweep_continuous,attack,120,2,17474291979858848990,949583169032656942,7868594052499652013,11d219c90247f872cd46e30d6c4bb7102e4cd4e5fc3e73fddb7bdad69ba94c40,5d10680bd96f493676de382aaf6a42b0e9b9862ce36e523a34f1a442f7e3bbd6,150,2541,255,2286,6.052861110369404,43.302861110369406,116.17333333333333,131.0,6.846005396158127,0.9954341161400312,150,150,150,150,150,1.0,1.0,1.0,1.0,1.0,raw_runs/test/attack_sweep_continuous/level_120/pair_02.jsonl.gz,f93e71d71a91e6b75a1f7c1304b85b3c3876bfeb2b63b85e0ff78d1c9f5817aa
test,continuous,attack_sweep_continuous,attack,120,3,10328863206529592231,11774122508544598813,168232671433653696,2375a10a8218a115d84efcfafac5feafd8222f9761bddee11d1bb21590ed6085,ab010d6749dc049a46b95e480c4b390a5fb93443d32d6c011bdddbd6245112de,150,2603,271,2332,6.017009449812901,43.2670094498129,119.89333333333333,135.64999999999995,6.892132778249552,0.9952764004080404,150,150,150,150,150,1.0,1.0,1.0,1.0,1.0,raw_runs/test/attack_sweep_continuous/level_120/pair_03.jsonl.gz,ba028a564f19855966a5e7f9e38ae5c334c6c5d0ae344ab96babea8afcd3d72e
test,continuous,attack_sweep_continuous,attack,120,4,15059701741148047822,12981834254827585149,13486350108891357117,72b00e7fabd9717bb1a647c20e0a0edfd129c6769d193a8efca80b14b6440e11,85c908955f59100e596df01832036e3a96b8e17969d090b2bd4ae78322127718,150,2520,255,2265,6.007936049188819,43.25793604918882,116.56666666666666,131.54999999999998,6.847232036393018,0.9929931189615627,150,150,150,150,150,1.0,1.0,1.0,1.0,1.0,raw_runs/test/attack_sweep_continuous/level_120/pair_04.jsonl.gz,86b85039a3326c7ccaecc0eebb93453a2bd2c9e77dcdf84515b8ee5ab179f247
test,continuous,attack_sweep_continuous,attack,120,5,7723432460910292314,14143399362503015316,9811442998219834654,ab9c99aaee9998328f9b327e1ad83c86d6310e1f03ff2298cb1d7fe646b5aadb,544babd332808b6b1b4b3436c5d3ed2f629efad6b00e4d72601cb62f591bc66e,150,2625,251,2374,6.02197612093489,43.27197612093489,121.54,134.54999999999998,6.909513564701507,0.9937046391879304,150,150,150,150,150,1.0,1.0,1.0,1.0,1.0,raw_runs/test/attack_sweep_continuous/level_120/pair_05.jsonl.gz,d87d6717397bc55b8e1d8d7070337faeb696e7c70cb78c4d5203d70fe4f30838
test,continuous,attack_sweep_continuous,attack,120,6,16312610755683342315,4132740184489374292,236863530161238899,ab4cc7afa205bede7a7616a49a5c655588dab932f509027c4f29f4f5b354d948,637dba3d3f3321b3f49fe124f7553cfef8a6f1d438583c55b2ce8b91415926d2,150,2569,249,2320,6.088068532309071,43.33806853230907,119.63333333333334,136.0,6.8858292871646185,0.9937728791795603,150,150,150,150,150,1.0,1.0,1.0,1.0,1.0,raw_runs/test/attack_sweep_continuous/level_120/pair_06.jsonl.gz,0548206d2e614dbe16670cf25e6fa431a921aab798e88f1714484a3b1f283303
test,continuous,attack_sweep_continuous,attack,120,7,6150188156210431558,14449820104385269486,10852518428647297757,67af47d0931e8ce29f1171f6a2b5f7cb514e89edb2756d91ed1063183832d7c4,d0565cf26c961ddcc9f52c56b20b4db39701b0b62d498d03e7651164cd91bfb6,150,2558,238,2320,6.182594973848276,43.432594973848275,116.60666666666667,134.0,6.850557592055819,0.9947510415675748,150,150,150,150,150,1.0,1.0,1.0,1.0,1.0,raw_runs/test/attack_sweep_continuous/level_120/pair_07.jsonl.gz,ad4371345e372cf045af79f8914070a7543bb0d28cfdbdf1716adf288fb97e91
test,continuous,attack_sweep_continuous,attack,120,8,14255591453641436147,1533279152722602806,1881580540008025446,5d81a650871acb254af2e8ba56c92e179ff6147521d5a22b2e010c5087f8bb75,cf0de2585e6c1d4746d8176e85bbdc7dd570096293d83667374d76c66e53d95f,150,2647,264,2383,6.024949200125141,43.27494920012514,122.04666666666667,144.0,6.905508124019367,0.9918920464663347,150,150,150,150,150,1.0,1.0,1.0,1.0,1.0,raw_runs/test/attack_sweep_continuous/level_120/pair_08.jsonl.gz,180070bf798b67679c68ab35687557ed4e9c7d65ef540a50a2c16d24c3ca83e9
test,continuous,attack_sweep_continuous,attack,120,9,4410485485139951129,175659314155868336,11469161828493159959,9066081f74f6128eb21c79d017ae5e68c6de0793c28cf2ddb699fb01bae18f49,3d2e365a910429fbefe3ca1bd76535991553260c86a0224bbf480449e20067fd,150,2590,278,2312,6.1914544056990835,43.44145440569908,118.86666666666666,137.0,6.876083001208414,0.9944287021114504,150,150,150,150,150,1.0,1.0,1.0,1.0,1.0,raw_runs/test/attack_sweep_continuous/level_120/pair_09.jsonl.gz,8a116f7b5be80432ca6427e876c1fc39b244013d98f2f9004f11bad19d3548bc
test,continuous,attack_sweep_continuous,attack,120,10,743702014842193359,14638614775406783373,11213030174801300094,cdedae31ccf7fb3cb5bd1de093b08aec5a12e4fd6475cdeb17fe19d60af73ab7,df5991dab99621491c2deb2448f6b60256a7fab6c948068786d369c3db34e436,150,2561,240,2321,6.054098441834665,43.30409844183467,119.18666666666667,134.0,6.878239990862619,0.9930648392421187,150,150,150,150,150,1.0,1.0,1.0,1.0,1.0,raw_runs/test/attack_sweep_continuous/level_120/pair_10.jsonl.gz,3a7983a4c20738ee0a5bc431f485709f64d4a0521e33789296296a9f7043c47c
test,continuous,attack_sweep_continuous,attack,120,11,6937732872999664108,11747685142109483282,14206531038198895414,43cb87e8e21594121e5c406c03ad2b8618494007385732f9d2f57ca1da042ab5,676c0b12b71f64cfe71afa8a30f010023a27c3fcce32f12860f3aa5ed72933f6,150,2547,251,2296,6.080600204929572,43.330600204929574,117.10666666666667,132.0,6.854817600835782,0.9942225491937889,150,150,150,150,150,1.0,1.0,1.0,1.0,1.0,raw_runs/test/attack_sweep_continuous/level_120/pair_11.jsonl.gz,238f2bd2746d5ca7afe5fc876b97fa92ec82b14c46cb9595177c1a28828a29e2
test,continuous,attack_sweep_continuous,attack,120,12,318235669795214381,7455951692569321731,18276284199271320263,0cb2a715f278bbfb13f132bad66c6aaf7f150269ef5a5d3cca88629474be876d,7fd8cd4778e3eb5d0c9284fb652b4f7da6871432698a988c4ee719b58137a53c,150,2597,256,2341,6.123950836984667,43.37395083698467,118.86666666666666,135.0,6.8758988459383,0.9941147991624102,150,150,150,150,150,1.0,1.0,1.0,1.0,1.0,raw_runs/test/attack_sweep_continuous/level_120/pair_12.jsonl.gz,ae9749976613162fc50d249e52ac15ad7356f8d6ff52cc77c85592d948ae7b9c
test,continuous,attack_sweep_continuous,attack,120,13,5963114150740161007,12572808009116746492,10578190882585903662,e8aaa6f4dde94b1bc08010d83bbe4238007cfc7479f4c7afa14c1b5e9ff7a63b,a1674dd3090df1bf6f18545be99d7b41ab10e993159e738aab2181cbe71fc3d1,150,2603,250,2353,6.059467103547272,43.30946710354727,118.62,133.54999999999998,6.8772352606888,0.9950265788835108,150,150,150,150,150,1.0,1.0,1.0,1.0,1.0,raw_runs/test/attack_sweep_continuous/level_120/pair_13.jsonl.gz,44126cc333e439331307f808d19709b95ff69cc7562be98529012dd480d1f3f6
test,continuous,attack_sweep_continuous,attack,120,14,5921354361794523497,5972561165925497729,8905780357955135101,9afb0ab865275f7c1523e7848297b12108762b8d6babd2c5a77bbc23cbd1c880,f4b576574a3a4e504a977c5e1a3b906040713f2b34008a4266d796f8a7209841,150,2652,241,2411,6.009162122583685,43.25916212258369,121.84666666666666,139.09999999999997,6.914697922959298,0.9953410120506764,150,150,150,150,150,1.0,1.0,1.0,1.0,1.0,raw_runs/test/attack_sweep_continuous/level_120/pair_14.jsonl.gz,a297bd434db7efcc653716b8976db1e8f15a35472b223556a82b80737efd256d
test,continuous,attack_sweep_continuous,attack,120,15,6840726219925807843,12649960720818103437,9507102071952714594,7880df9a6eff9b421a5d97f492c5bc66d67bf36a3acd6195a548f9007066278b,30c325def5f77e153d47cf91885d0bfd32e85cdf4c87eb9fd7a1b96a2d5cd285,150,2513,258,2255,6.010475163655674,43.26047516365568,116.64666666666666,135.54999999999998,6.851614105531289,0.995849850090295,150,150,150,150,150,1.0,1.0,1.0,1.0,1.0,raw_runs/test/attack_sweep_continuous/level_120/pair_15.jsonl.gz,8ef2c12c600bfd059392f069e8b22f63b64665bcbd78e18c6dc4f25c29befe33
test,continuous,attack_sweep_continuous,attack,120,16,17059881575728195470,12962201300728633190,7289929935266895091,ce93fec7cadeeead870d11709848d47726192d9f70168819495c1cf210106770,e37f64866658e6790110800bcd4b9d6bd846a982520acf86409ac30e256e2fbe,150,2614,269,2345,6.136196256751553,43.38619625675155,121.12666666666667,137.54999999999998,6.897479650884661,0.9924848854074162,150,150,150,150,150,1.0,1.0,1.0,1.0,1.0,raw_runs/test/attack_sweep_continuous/level_120/pair_16.jsonl.gz,c541453b4cd3a1a77f52b1a1480e8f00e3cd4b8d9d00c021516dc4a04ac5ca83
test,continuous,attack_sweep_continuous,attack,120,17,10475107289356059551,8651585788118722659,10053155554460187109,1d55251fe35059603767ec86fc85a00461cdab5b8003e28d2bab1df5155c56a6,296a3becd8c1989d2267c3426ea5c570683b0014c8dfee83c8ebf5c85a929505,150,2579,280,2299,6.216809479138272,43.46680947913827,118.44666666666667,130.0,6.872042547041798,0.9933848568290163,150,150,150,150,150,1.0,1.0,1.0,1.0,1.0,raw_runs/test/attack_sweep_continuous/level_120/pair_17.jsonl.gz,0cb0dff39928c38f04f29d0cbe7964a664bdcb78041817436a794ae135fc8243
test,continuous,attack_sweep_continuous,attack,120,18,3846968442796898447,10403517115914327744,659419620568150349,444653bdac4c0a3239c00fd50e7e77c35426db0aa2476ac3ac400e32717cd109,365e755ca7c0f82acce97e2119fb47faf94ae914b4a721e8d57084f605952a06,150,2607,273,2334,6.081801653201673,43.33180165320167,120.8,139.54999999999998,6.898620454543681,0.9943218599125421,150,150,150,150,150,1.0,1.0,1.0,1.0,1.0,raw_runs/test/attack_sweep_continuous/level_120/pair_18.jsonl.gz,a5cb931d08a472731e63bb8c7eeaf964637d824ec2bb3d3dc5805e9fb1aa3894
test,continuous,attack_sweep_continuous,attack,120,19,15827488436496725697,448282165503569617,15409070638626915667,6ee598e59923fa93329bc302a9021c213a9bc36a99e69dd95d89f2d4aa48b6dc,2411c65a30296c57e9acca8860e38d595fdbccebae860434a5f57412da97537b,150,2535,267,2268,6.141337114743804,43.391337114743806,117.76,134.0,6.863888134072254,0.994364022101281,150,150,150,150,150,1.0,1.0,1.0,1.0,1.0,raw_runs/test/attack_sweep_continuous/level_120/pair_19.jsonl.gz,fc192b6c16090d2320085b19ff57244f895c8f7eefba5f2c77c1a5b60e8100c7
test,continuous,attack_sweep_continuous,attack,200,0,3305879775677813233,10421308348587540143,2919261744436360992,986571c75dae06d62e17a71542a6013296cb6c94b082bb0f549e307c40938eb5,3e03b7a42b4363e9e9f00eca0a7af10835ec56253b1183327cf74af50ce2f9b8,150,4318,450,3868,6.24795365588724,43.497953655887244,198.29333333333332,222.74999999999991,7.612088381274076,0.9921998116173331,150,150,150,150,150,1.0,1.0,1.0,1.0,1.0,raw_runs/test/attack_sweep_continuous/level_200/pair_00.jsonl.gz,435daf18fb336fddb767e08955896ef34422eed382e81f85a18ec4fc4917066a
test,continuous,attack_sweep_continuous,attack,200,1,11965773264084442328,8727095041189310502,12743476180480309959,8490c9a4d1aba0ec105c7bdc6a2e6597c9dd298801bef8faa95f1698a9c4cff7,73f81f97efad620eea0eb89d9a926959370880a7774c7421625f9a727ce55f34,150,4520,407,4113,6.170198780649708,43.420198780649706,208.96666666666667,227.54999999999998,7.684605651487791,0.9898997057333095,150,150,150,150,150,1.0,1.0,1.0,1.0,1.0,raw_runs/test/attack_sweep_continuous/level_200/pair_01.jsonl.gz,85647b899e33d457a656ecd8440f67beb4315aac6fdaf8cb95667267b5232478
test,continuous,attack_sweep_continuous,attack,200,2,18325105054551786770,7064399210547045580,12861034525209372664,822b470e86357c11735e19e05e5acd309c9ea33c073b3059f11758e1838205c9,a14b3ce9cdf8589911ad6570537a37c82b2633fc345fd596c3c0e4b752059648,150,4435,422,4013,6.238696724756045,43.488696724756046,203.75333333333333,229.09999999999997,7.649822316961242,0.9919459646029167,150,150,150,150,150,1.0,1.0,1.0,1.0,1.0,raw_runs/test/attack_sweep_continuous/level_200/pair_02.jsonl.gz,cd1082307adfb02be215b694436c67e58cd2736e078c34394bb6fca3d8464bed
test,continuous,attack_sweep_continuous,attack,200,3,2706547891802339268,12565575302086033423,2768966451708955659,9a943cbb901e99e28ccef82b7e0b331f3e98e516976e4e56ae23cad12301fa5b,e12ea21765b8b88482120abbb3c1b829d7cc8743917a66bce9e767b72d8262e2,150,4339,427,3912,6.1593309519028026,43.4093309519028,198.62666666666667,220.0,7.613208347575789,0.9909197773173929,150,150,150,150,150,1.0,1.0,1.0,1.0,1.0,raw_runs/test/attack_sweep_continuous/level_200/pair_03.jsonl.gz,d686cd26b1a93f9b4b9db0b27c06d7ed0f0563364d8fc28731bcfc2c26985259
test,continuous,attack_sweep_continuous,attack,200,4,5380016248454964302,3694083526017213416,10018959015866912865,19d3021525597c7368ebb7eb9807f07160b6325585ec4096e56e0ac83a2f9733,af9096d370485e128a969ba11f7a187627691ebea544a9e01e8ea2f4e4aae7c7,150,4343,452,3891,6.212387741854516,43.46238774185451,202.38,229.0,7.638915239509938,0.9913783698027949,150,150,150,150,150,1.0,1.0,1.0,1.0,1.0,raw_runs/test/attack_sweep_continuous/level_200/pair_04.jsonl.gz,87ac299c126495f578dc9979df4e84fadd0a84ef63d9164e679427cdd4c59aea
test,continuous,attack_sweep_continuous,attack,200,5,8188740890578337911,6615532565649476703,6107207443128210387,d0e4573c5aeb1603553c0b874b116b7f657a7561f34e7b60068a4a51ee4756b3,66710fd941903b16345bf5035b8a13887e7597559797c45321614859baa59966,150,4321,453,3868,6.157481472613676,43.407481472613675,199.27333333333334,227.0,7.612657087580019,0.9884999868747616,150,150,150,150,150,1.0,1.0,1.0,1.0,1.0,raw_runs/test/attack_sweep_continuous/level_200/pair_05.jsonl.gz,313c94a25a6a0aa16f260e71e6d2bde05c52c7152644f46eb929dd9c57eb2e22
test,continuous,attack_sweep_continuous,attack,200,6,11156434581171536795,4136638949697257322,2881983521996376422,c885a25e389058c45d0ae4bb5ea680ee86560807db16093c32053b3237854273,55ee83d2921a88451cfdd81669092f85c097e7935688e43e969cd35faf6d7f4e,150,4349,453,3896,6.026749851195157,43.276749851195156,200.77333333333334,218.0,7.627586970830965,0.9906107934617249,150,150,150,150,150,1.0,1.0,1.0,1.0,1.0,raw_runs/test/attack_sweep_continuous/level_200/pair_06.jsonl.gz,5b93b9f4daf4f1dffeeb17efc257d1f1521d74501fb9d6bb7a467e4a1f07e426
test,continuous,attack_sweep_continuous,attack,200,7,14463190566117325287,17107551952184837091,15173576240707867895,7be1b0b3bbcbc0516b8ba376285f05780f7c7f52e8e1aa84f3ed52b197720be6,3237046a73171c7389d41d617ce865c08a9d58013231b65c1f1236d754903d2f,150,4269,448,3821,6.123123255424631,43.37312325542463,196.32666666666665,222.54999999999998,7.593626831401977,0.9900857942923451,150,150,150,150,150,1.0,1.0,1.0,1.0,1.0,raw_runs/test/attack_sweep_continuous/level_200/pair_07.jsonl.gz,21ef20af01426a00b50095b181dc2bc828c5ee44fa03d12f37b99551786643f3
test,continuous,attack_sweep_continuous,attack,200,8,16195968407897823456,9995507322886959644,13566966134090408688,a6e549baa69d0a7d4a333ee920b7d43f2e387817f032e9a706b23d9ccd54f7d0,730d8a32eac780a79fbef5326b008553509cdd426b3f1dd3a00ac6916b1c2e49,150,4283,427,3856,6.114049540250361,43.36404954025036,197.70666666666668,221.0,7.604149672702139,0.9907659367710483,150,150,150,150,150,1.0,1.0,1.0,1.0,1.0,raw_runs/test/attack_sweep_continuous/level_200/pair_08.jsonl.gz,3e42b4735bf8835e74fb7363dce65026f397f9f1fcd6c745b74ba73a329e17a6
test,continuous,attack_sweep_continuous,attack,200,9,7420720521770374408,2465067361418340396,3469625616499087474,5ca47e04ace17b0a946d279a29495ba3ebbb91338de898eff0a76665f1fb551c,b05865393a4cada4b1f0bb52ea3e907297dfb84a67e2e74666d197b286b9e69b,150,4339,440,3899,6.12631336198363,43.376313361983634,200.05333333333334,221.0,7.623086267093483,0.9910940851030429,150,150,150,150,150,1.0,1.0,1.0,1.0,1.0,raw_runs/test/attack_sweep_continuous/level_200/pair_09.jsonl.gz,dca8f0b94fea1b3ad08f9848f96e93b69b0aa7175b128e23bbc6f5eb17817b95
test,continuous,attack_sweep_continuous,attack,200,10,5878993358639171811,1397690522937504700,3270743632716714757,68883f6d0eee72f74499401d0cff546a1fe7d04dbb05e8019c976666f2edeff9,3436c3785f8a50c1528a4d7311feb57c1c449a948b753818b10d037bff82db3f,150,4340,427,3913,6.228007532965487,43.478007532965485,201.27333333333334,234.09999999999997,7.628412371133558,0.9898655586181455,150,150,150,150,150,1.0,1.0,1.0,1.0,1.0,raw_runs/test/attack_sweep_continuous/level_200/pair_10.jsonl.gz,a68fc5663655dd9932d6ab36c754afb27521961ed4a98c5e852b7bf2b27a325c
test,continuous,attack_sweep_continuous,attack,200,11,14014917943405241459,15639064061822942779,101556797577120659,89d63dae906dcc6bfdefd59f9e8492b5dc685d628f95b2cc14a2544e54b4ef68,8b50b3d1b40acf2f03e0497c2e219067f37e98719e969a1ddb6826a68f9d9dab,150,4327,420,3907,6.073977129668739,43.32397712966874,198.36666666666667,221.54999999999998,7.611711235747592,0.9912721776558046,150,150,150,150,150,1.0,1.0,1.0,1.0,1.0,raw_runs/test/attack_sweep_continuous/level_200/pair_11.jsonl.gz,6796131112de2069948070e07e6399ca8e0673808bb0a80325ede49b432aa896
test,continuous,attack_sweep_continuous,attack,200,12,16917716329140676774,3488760609135040061,17786649414316344140,7af0ef0ac27288eb8421ec74c7833ba621655a50054412194be5e493ec6e7a19,3a1e7848f7258d9b0ce2b21564a47b009d159d55aa2d2eed92d71e39a2e02835,150,4287,418,3869,6.108001044223623,43.35800104422362,197.05333333333334,217.54999999999998,7.601666734454095,0.9909659653646492,150,150,150,150,150,1.0,1.0,1.0,1.0,1.0,raw_runs/test/attack_sweep_continuous/level_200/pair_12.jsonl.gz,c466186512c0ffd8b22ce606c996cc1bd3fd16e39d85b056deb75bcb8a139223
test,continuous,attack_sweep_continuous,attack,200,13,7464805818551332891,3594028296982437660,6200555327133487822,b620895b420e6e8b8521e752b8b07a6ae98b8169891eb3d0e952ced6617aff57,c5848947e0e713c3cac623eccc17ad8ec56ef95b84e6d6ea5fe2a88c1d420d52,150,4319,415,3904,6.011351901710134,43.261351901710135,201.98,226.09999999999997,7.631998999162411,0.9887340205148045,150,150,150,150,150,1.0,1.0,1.0,1.0,1.0,raw_runs/test/attack_sweep_continuous/level_200/pair_13.jsonl.gz,241bbd15b9552ed6b8520423ddf00bd0cc9fad18fb6bc54ce589f72127e95762
test,continuous,attack_sweep_continuous,attack,200,14,1452719303974328239,12096775087322271447,11958575127691917006,f8879601b6c8ad43f88ef9194e1e87e00650741e147f371ee39153225806289a,31fe08c07a38555050aae74389430709ccd45539f382933954f4c2ddaed583ff,150,4331,446,3885,6.14466914188646,43.39466914188646,199.53333333333333,220.0,7.618336611994329,0.9906133532886751,150,150,150,150,150,1.0,1.0,1.0,1.0,1.0,raw_runs/test/attack_sweep_continuous/level_200/pair_14.jsonl.gz,c690cc45d53ae510e5dc614e61ea7c7976c60f977942cfa0ca2e15f0d28f12d0
test,continuous,attack_sweep_continuous,attack,200,15,10545419444575691520,10913551492580424201,6393196420586285716,a9927b588a2ec2a6b39e44784ed2fe1426df287b3bb1bbfd96632760e8c0c008,d19bece04b3994faa4f8f6cfe263112682bd4fb3e30a1d8623ffafaa983e8a9c,150,4435,421,4014,6.073601321081953,43.32360132108195,203.54,226.54999999999998,7.648029396439357,0.9908252098284532,150,150,150,150,150,1.0,1.0,1.0,1.0,1.0,raw_runs/test/attack_sweep_continuous/level_200/pair_15.jsonl.gz,4d1bf029ab8106660e6e109a8577e6c1b90e00ec0fcf10d095dc0756b805361a
test,continuous,attack_sweep_continuous,attack,200,16,16924871886836409043,13164511343039614138,15281187906578187803,f767a8f2790af9280ab47a0b243094968b2357c9576455f4326817129f206a96,537cca99d3c0a12164076dac7cbfbead16af370e9e92d37a2fdb74b67b571115,150,4333,413,3920,6.008238262046109,43.258238262046106,200.18,219.54999999999998,7.626526449030383,0.9924192954693354,150,150,150,150,150,1.0,1.0,1.0,1.0,1.0,raw_runs/test/attack_sweep_continuous/level_200/pair_16.jsonl.gz,34f3b6925e96d0afc91db24a0a1b2ed7c0671b9ca7c4d4fda5ae70c7b2d62c49
test,continuous,attack_sweep_continuous,attack,200,17,16212361361642675651,6376889248889209352,13495689741741830351,a486b8ce83cf3cb6578feb352e02ba6035cf852b73f7a3eeafab147f60e41af2,ebbff000a2990e0fdd4517598a3a9d9f1786f81a18c5dae5cca8761a95bee1c3,150,4399,424,3975,6.1809025969794975,43.4309025969795,201.24,222.0,7.629811831079481,0.9899139547154254,150,150,150,150,150,1.0,1.0,1.0,1.0,1.0,raw_runs/test/attack_sweep_continuous/level_200/pair_17.jsonl.gz,bed2942da7b970b7556d0120ff0fd68293e44f1e03d2bdb6cac4b912f2e37f0d
test,continuous,attack_sweep_continuous,attack,200,18,1713736422933491290,17976316930641060919,16023408454439602101,98358c5fa1affa7cb1faceec57f6fd4ae686aad2c46f2bf757a1a3243f81a954,b0d92f748e3e0bd06c96343e43bc5512531cb450d79dc7ef9cdc0e2d8e41aab4,150,4448,441,4007,6.059943681230951,43.30994368123095,206.45333333333335,231.0,7.666327397700098,0.9906260329425042,150,150,150,150,150,1.0,1.0,1.0,1.0,1.0,raw_runs/test/attack_sweep_continuous/level_200/pair_18.jsonl.gz,cea3c477e04aa60ddc11d40236355ba77eddc3f5c60c6e1d429509d4f16089aa
test,continuous,attack_sweep_continuous,attack,200,19,6259214419204108173,9442383015232684198,12306012195758253309,f9e8c9cdf891a10d632b7f8fdab9f5395764353a4ae0e877352fa2c3f181341d,655444c413b8670ae63f4e8ae8cdf31da5fab0d71edefa5431340ca85e9780f3,150,4268,419,3849,6.104248377780277,43.35424837778028,196.74666666666667,217.0,7.601265297855437,0.9921910032532363,150,150,150,150,150,1.0,1.0,1.0,1.0,1.0,raw_runs/test/attack_sweep_continuous/level_200/pair_19.jsonl.gz,952cd3ff7c916661cff1e178c6409bee24d8389e76a57a6aad1c01394ec78529
test,continuous,benign_continuous,benign,24,0,5274255389240652009,15014387500873148184,903287447168989725,1b9f95a5cba0bd51a80c4144aa936cffd0c3b29b4bb629d7fce913fb17747f84,39337aabd0fcab5b5f6dcd0f72c012ed07d837fedb94c9b00d209d85c06431a7,150,494,494,0,6.194597052502586,43.44459705250259,23.26,33.0,4.471834355412586,0.9918464290270699,150,73,73,134,150,1.0,0.4866666666666667,0.4866666666666667,0.8933333333333333,1.0,raw_runs/test/benign_continuous/level_24/pair_00.jsonl.gz,7a3bd37a58c4217deaf2280ce39f23d4a0923e920369321c38f9667eabcdb147
test,continuous,benign_continuous,benign,24,1,6474713877111862370,18218316800924262946,13380202355401556122,1300aac0f831b0e78290060d3a277a1a94f446c221ffd2bbb9d3a59c71a8af51,aef4e66d43e8440ae34755075c5dc77ef203a4094250330aaed2cdf5daa84f65,150,530,530,0,6.059661028066949,43.30966102806695,23.866666666666667,34.0,4.524565654103603,0.993452393882828,150,78,78,139,150,1.0,0.52,0.52,0.9266666666666666,1.0,raw_runs/test/benign_continuous/level_24/pair_01.jsonl.gz,f92ab3ebd69a12e60220f0b58febe9803ba1a794cd87dfaf0419bdc6e17d102b
test,continuous,benign_continuous,benign,24,2,3553928651814727180,7774970940855440883,17558494755738355282,9030a77ad504d97bd5c536bf3c1830ba0c3db9fcb7912ac96e3836f9aaa174a0,fcfb013575b9cfffceb47f75648e7dc84127fa7c9eac273a7f4b51d9fff59f4c,150,538,538,0,6.143086554961546,43.39308655496155,24.373333333333335,33.0,4.557721104636433,0.9943728621987846,150,88,88,143,150,1.0,0.5866666666666667,0.5866666666666667,0.9533333333333334,1.0,raw_runs/test/benign_continuous/level_24/pair_02.jsonl.gz,71dad365a511e6553ee305df4f026b486e327622ec9bf7b8f9ae0db77fca0208
test,continuous,benign_continuous,benign,24,3,8713878134198056602,17210684182313449382,7759609476226928825,e97e50cb04a4eddab7398da135959aca1d34bdebe4e1978f23c6dbebca980a34,971313117897ea72eeb695e49bdb4263e841dab6b1864f6d23a42ceaf549b903,150,527,527,0,6.105011898489584,43.355011898489586,23.726666666666667,34.0,4.510722722680416,0.9953050355069608,150,74,74,139,150,1.0,0.49333333333333335,0.49333333333333335,0.9266666666666666,1.0,raw_runs/test/benign_continuous/level_24/pair_03.jsonl.gz,97bcb20acf8174c42f0939b065f9c11bd3c280791b1ea623df2e6a28b8bd4281
test,continuous,benign_continuous,benign,24,4,2321089306315690618,15715962716480013879,8418414965999288008,25e0b3f9a4220aa67378048100ed2b9cd4a2dcd270804548dff89198753276fe,978064f27bff79516e5bbd9ab246b3ae709ba474343e5f80567065499625e9f0,150,538,538,0,6.052494772064169,43.30249477206417,24.64666666666667,32.0,4.588772694047481,0.9944402341779289,150,96,96,147,150,1.0,0.64,0.64,0.98,1.0,raw_runs/test/benign_continuous/level_24/pair_04.jsonl.gz,aceb6b3e7d1ef8a53baac1dca38f486892a149db1d6725188b8ee13cae2cd29b
test,continuous,benign_continuous,benign,24,5,8845182802892067711,15927061754876500610,15109326841177621225,e3171231ffa9e65d41c50fea6ee79c0b86622a3b4691deb0e03ef461f17eafaf,8c5f7f527a17f405bd049ecf198469cd8192af88bc75353e189e8195866a110d,150,546,546,0,6.190030431836424,43.440030431836426,25.326666666666668,35.0,4.62079345708038,0.9981859868526537,150,90,90,146,150,1.0,0.6,0.6,0.9733333333333334,1.0,raw_runs/test/benign_continuous/level_24/pair_05.jsonl.gz,8e99b8b4473aff5a4ad278892fc589b96317a5da63a83c188718c803ce01c4f4
test,continuous,benign_continuous,benign,24,6,2949316312643293065,14082473857851196443,12622276700011228260,f1280e0349393ed8fe34e4df741698cbdef664da679c404ec7ed8560ab9ccde7,45b7f12424b1d4b3e204af49feb6d048813337dfe8f16129f0a5a551a7afdbe3,150,517,517,0,6.067214993855386,43.31721499385539,23.926666666666666,33.099999999999966,4.528318280564946,0.9904394812307898,150,83,83,145,150,1.0,0.5533333333333333,0.5533333333333333,0.9666666666666667,1.0,raw_runs/test/benign_continuous/level_24/pair_06.jsonl.gz,ce3600f5fd42d2bf6e180706bbd0cead56d1476b5fe24e05b060084ee25e830d
test,continuous,benign_continuous,benign,24,7,5685123771069856718,16031353033753044848,538688309810002270,076316ddb96d04ab8422e18738867f1107b42b02e39343edeaf6b6378c74f129,3c69a950226faa23eb0a1eb8262eb839f56c88166af829fe7a4e1d8983802930,150,520,520,0,6.026945624084125,43.27694562408413,23.866666666666667,31.0,4.5333721975536765,0.9937885750392074,150,80,80,141,150,1.0,0.5333333333333333,0.5333333333333333,0.94,1.0,raw_runs/test/benign_continuous/level_24/pair_07.jsonl.gz,df188735e79960c2224ad8cdffc8958cdb9a97d481c315f6694cee332eb53bea
test,continuous,benign_continuous,benign,24,8,892302016456819625,10650220714046566619,11306617411725911490,4ee1f3b89ebf49bca59f5d940e4897da9f0e67f2a9deec7ad7665f5dab393a53,271d98a79ef21d0e9ff693fb9c95da0b79a5540c36cbee0fe5b6cd6a9d62fbc5,150,466,466,0,6.098842190851139,43.34884219085114,21.18,30.549999999999983,4.357652583758592,0.9976025935750072,150,46,46,135,150,1.0,0.30666666666666664,0.30666666666666664,0.9,1.0,raw_runs/test/benign_continuous/level_24/pair_08.jsonl.gz,372a98be16b845cf059872fc30791ec0a70c9928c66af594e536bfc8b19ee2ac
test,continuous,benign_continuous,benign,24,9,4379469355687760136,5132125539809160820,602889096376700735,f5437d0a2121e91f76a7f8a12df693682ae6245af8962383983c7b9d8476961a,29400abba3b287e327d55b0763d329190a1b2cc13e0db6ca504741e9fd3fa2e1,150,531,531,0,6.151960273949927,43.401960273949925,24.826666666666668,34.0,4.568052645150878,0.9863870042286135,150,86,86,141,150,1.0,0.5733333333333334,0.5733333333333334,0.94,1.0,raw_runs/test/benign_continuous/level_24/pair_09.jsonl.gz,551a06da0b69e535fddeb37c1389d879992946ac156468f6bd4f1e9f58893a72
test,continuous,benign_continuous,benign,24,10,3305485504433524465,11594913408255821544,11845148478025082023,9cd1ae0b89bc709f198fb2d7ee6f4bc2c84546d795381a79d9a779a6d8e5fa17,451129d6a73c1c4b9ef23f3efce149675b20037d4b1b23c48a8d0553558eb75c,150,501,501,0,6.094142064944289,43.344142064944286,22.846666666666668,32.0,4.463320971693622,0.9951922651757267,150,58,58,138,150,1.0,0.38666666666666666,0.38666666666666666,0.92,1.0,raw_runs/test/benign_continuous/level_24/pair_10.jsonl.gz,5f5effe321e39b25e585c61f6fa95836ee8d98d4e1fa609ec81efaa7de3a484b
test,continuous,benign_continuous,benign,24,11,12970963081985540857,11161326003885433934,16432697700625083998,e88d9084ab0ac300fdf7a8d844f4bc548b86d60a9947d48b6804b52e358259b1,3626ebb106ead1a2f01c6083cda8e9b3284a7b29f4f6a1912c8103345e9ddc2e,150,520,520,0,6.2481035051071645,43.49810350510717,23.706666666666667,33.0,4.527979717787859,0.9955358334629223,150,64,64,146,150,1.0,0.4266666666666667,0.4266666666666667,0.9733333333333334,1.0,raw_runs/test/benign_continuous/level_24/pair_11.jsonl.gz,6ce63a9aadda82c75a945651d200f4bc09f4df70dce95df89ddc2a7d6c4982e4
test,continuous,benign_continuous,benign,24,12,17354426133336639490,17814275030682764157,2755280052061497527,0900741d292da636417758613869ec212b2d0cb41d4ee953026f3f25549ff217,70e781517e4db994e0d425076661779fbab811c65cb9d9ed50bdf4ebc25cdc34,150,529,529,0,6.157628592017516,43.40762859201752,24.38,31.549999999999983,4.565960789449221,0.9940701319369994,150,91,91,145,150,1.0,0.6066666666666667,0.6066666666666667,0.9666666666666667,1.0,raw_runs/test/benign_continuous/level_24/pair_12.jsonl.gz,2d6222d6d6c49fb8d86b8778b3df2bda765786e54307f44e61055074549757d5
test,continuous,benign_continuous,benign,24,13,929499694554295103,2470362723243134418,42748879558351324,83bc6084b8d794dfb38d7403d70a1cacc9edbf6ca67c6d016de4e34b60abffdd,d260e40a296ed2f1a15464509d63eb0ebc05ed0575dec268fd0bd5206090735a,150,501,501,0,6.175042208022655,43.42504220802265,22.66,31.549999999999983,4.463352329577612,0.9997530864197531,150,64,64,135,150,1.0,0.4266666666666667,0.4266666666666667,0.9,1.0,raw_runs/test/benign_continuous/level_24/pair_13.jsonl.gz,16be4ab4e069793f76b453fd7aea5b4d57a1eabbbb04ad26ea3ba3286e3009b5
test,continuous,benign_continuous,benign,24,14,14517353942880207824,15352747597855916772,9119589773031581756,a36ff9c8ba04669d48291f85338f53ebf171f9f6bdd84d6a3e23eee4bbbf195d,f9354d52085739fdf7dd20ce56e489c62188a57d3c18228252cc2d2fb41ec8fe,150,502,502,0,6.020722316785494,43.270722316785495,23.313333333333333,35.0,4.4950404335659675,0.9957352875445641,150,59,59,145,150,1.0,0.3933333333333333,0.3933333333333333,0.9666666666666667,1.0,raw_runs/test/benign_continuous/level_24/pair_14.jsonl.gz,eaac38e4b843b904c1aa0544491ed0814a6b11d92f25aa87dd6c469bb21221dd
test,continuous,benign_continuous,benign,24,15,14906247675353202697,14515981090157133639,16461242656294679170,7486df8646c709d8e5f41404e026782d39dcf356e3585324287403b72c00703b,eb561961d436fe46b6da35c5d35f22d396e75f5dd16958ebf481da7f5b5ed81d,150,538,538,0,6.112445780669572,43.362445780669574,24.69333333333333,33.0,4.570964866108509,0.9910387033897069,150,84,84,141,150,1.0,0.56,0.56,0.94,1.0,raw_runs/test/benign_continuous/level_24/pair_15.jsonl.gz,8b9d210d0fbcc931e36615ce2516edefda8dc846614df87f3cce53860c9eca94
test,continuous,benign_continuous,benign,24,16,5023607860423777729,387888889863381425,16355081966155194520,e9cf8bd6f4ac70e7a81204452bca304af0b92f04813ad13b60556af72f027b87,5723e301406be473d934924302032484713cb05b66278a2edaec99323185dbe1,150,527,527,0,6.10869197497945,43.35869197497945,24.206666666666667,30.549999999999983,4.569818798376193,0.995785602316288,150,82,82,148,150,1.0,0.5466666666666666,0.5466666666666666,0.9866666666666667,1.0,raw_runs/test/benign_continuous/level_24/pair_16.jsonl.gz,fb9ffb8d3ab8d046990ba2cdb1a2aba815d9b99cc76b212d02e4fe11d1d29265
test,continuous,benign_continuous,benign,24,17,1490974601967308036,15362337821839643668,4498418937520342372,39224192b30706eeb371cc405077d3a34d7d152192deededbfa62f4f95e4de87,cdc7ae647fb484ba23e6f7ec9ed399ae296cdedb03ec6c4158f5a89f997b991a,150,534,534,0,6.063946883748506,43.31394688374851,24.453333333333333,38.0,4.542234289561277,0.9898840194145752,150,68,68,145,150,1.0,0.4533333333333333,0.4533333333333333,0.9666666666666667,1.0,raw_runs/test/benign_continuous/level_24/pair_17.jsonl.gz,9cd5e11b1e0c9cf716c33d4c0acd0ca4e0a4d3df115c104badd37d5381cf41ea
test,continuous,benign_continuous,benign,24,18,7362073525556726832,7306066794261590589,1563878664247465229,8a160dbbe4ff33fde0c01c6049cd36d58c98483c1e3671772a9e34521ec7dbda,ab309f92628a92f4708287a85b281447fdb6c3d91adb900ea38f91c2c7ed2fa5,150,533,533,0,6.1444835717236606,43.39448357172366,24.446666666666665,31.549999999999983,4.580945873068502,0.9955230077387012,150,87,87,150,150,1.0,0.58,0.58,1.0,1.0,raw_runs/test/benign_continuous/level_24/pair_18.jsonl.gz,44a5bbbc9832cd4a986a7ce3a733a4d3f0130c26d74f7cddbc48b9aae6cbf667
test,continuous,benign_continuous,benign,24,19,16878414205353344989,13670941286917474902,7478357756763115316,3155ff6db88b1fa1757fe65768893662b121e6c72d9b2c7e02956ac0b5b3dd82,0cb31773de7c7ee2380b253deefa11bb1ab88aa48d3c2c1b872be256c5006f93,150,518,518,0,6.103084516976933,43.353084516976935,24.126666666666665,32.0,4.549242279788274,0.9925199881360723,150,78,78,148,150,1.0,0.52,0.52,0.9866666666666667,1.0,raw_runs/test/benign_continuous/level_24/pair_19.jsonl.gz,3b8c2e4ea383a6c80aea4ac8a36463a1df5401a4fe20d79e996eb512fc6b9c41
test,continuous,benign_continuous,benign,60,0,12055753219752071432,9214243546908858119,15346296782191427045,0d0eeb8d4690d27e6a40115d0dbc9e9c68bc2953a36ad87bb1adcf30533e6f0f,087be293cf88f9364a7a75922e65068f0a6b005bd44420f27d05d09daf6ba631,150,1295,1295,0,6.212800944695471,43.46280094469547,59.946666666666665,74.09999999999997,5.865620463754537,0.9866072045651026,150,150,150,150,150,1.0,1.0,1.0,1.0,1.0,raw_runs/test/benign_continuous/level_60/pair_00.jsonl.gz,963f097c1107d7a33538bf3bd7d79686bad14812dd271b6e62778b7c613c464e
test,continuous,benign_continuous,benign,60,1,8839336648511840479,10673283752536822424,14654286737856592565,6294d910c1cd199191ff4942fe2f1f703e4adaf73bbc8ae328092ed66a9705cc,d9868c927015268734dbdcedb8f5fb386b4ab944f4278a15415265f80b3e8c97,150,1293,1293,0,6.188019813001288,43.43801981300129,60.38,72.0,5.885632514544839,0.9901687454886829,150,150,150,150,150,1.0,1.0,1.0,1.0,1.0,raw_runs/test/benign_continuous/level_60/pair_01.jsonl.gz,0b6d9846702cf9da1bb9cacbb80e1a3b473ab1295ba6cb94fe5f4aad13c7927f
test,continuous,benign_continuous,benign,60,2,319664382691450108,8425599047184436904,3243743198108524757,36e5a3069fa089223a31477060ff76c04664a666d0bfc2424bbcac5ad442a5d9,6dd5bfd495f3fac88f044de42cea955bf36f4714344181cdcf51c84515785282,150,1342,1342,0,6.060261835122168,43.31026183512217,61.58,71.0,5.9067444838007095,0.9854423574712604,150,150,150,150,150,1.0,1.0,1.0,1.0,1.0,raw_runs/test/benign_continuous/level_60/pair_02.jsonl.gz,202ff10a2be6ff007e644ae2e6ef2c3212123d689f4a393583b704411abadd82
test,continuous,benign_continuous,benign,60,3,13836154008408628279,5160735939387224534,3006699372275691492,9472cda6d3a25402410e1ce4a606ba046d0098b56dd7bcdfd18b658dcf2005b9,8f08196212bde82fde563b6c926e7fd9bedb32f46f349092fcb623b47543c998,150,1284,1284,0,6.130406516898415,43.38040651689842,58.08,73.0,5.815005628432007,0.984605669450749,150,150,150,150,150,1.0,1.0,1.0,1.0,1.0,raw_runs/test/benign_continuous/level_60/pair_03.jsonl.gz,94cb4f70ec229c03041d5790c2bfc4be5a830a5c5b8615879059ec37b84e1b9b
test,continuous,benign_continuous,benign,60,4,11935645281803378086,10850879342782276294,13808720964637449871,76da03c1fd8abd1451b3a1cbaa6eda9a9eecb45f6648ee3262cfdfd1384de4d9,c4e70cd7420abd83600dfe99ea476eebe67891de0cdfef394d056fa8187a1e70,150,1319,1319,0,6.051324569724875,43.301324569724876,61.346666666666664,71.0,5.891570030262841,0.981346968545151,150,150,150,150,150,1.0,1.0,1.0,1.0,1.0,raw_runs/test/benign_continuous/level_60/pair_04.jsonl.gz,350983eb0f60f70a4fdf875981beb86150135356c5b1ff111594a6d1a66121e3
test,continuous,benign_continuous,benign,60,5,1757260870866604938,4146312056965225847,4248952602398942720,f9db4876a847e9c4c8593930f5f6b8c37410c6176b1960e210fe039b36181048,625082769b4f4c855627598dc990fed28bce1167e7d3da3467f1ae71867b854c,150,1263,1263,0,6.007344082435379,43.25734408243538,58.06666666666667,70.0,5.814433618931488,0.9823105041142147,150,150,150,150,150,1.0,1.0,1.0,1.0,1.0,raw_runs/test/benign_continuous/level_60/pair_05.jsonl.gz,f6a1da70cfd0f4d624cd3706b2c62f52837c875be090ba8582677268d45ebcbf
test,continuous,benign_continuous,benign,60,6,3344941150479110178,5290337178899518715,3827280862920012532,7b557f895d362ac5931cd8e80572014ab009ddbee32983649f8a10bf5351ea7f,401a1340fe86608ee6d14c6d077399478160edb3fde360d5d12fedf98fc58c04,150,1262,1262,0,6.239736420820231,43.48973642082023,57.99333333333333,67.54999999999998,5.829778270383273,0.9890653203011637,150,150,150,150,150,1.0,1.0,1.0,1.0,1.0,raw_runs/test/benign_continuous/level_60/pair_06.jsonl.gz,0217ce8425ab8a1db2e13690c0fef361744757990cbd9ef5a175d563b6c728f7
test,continuous,benign_continuous,benign,60,7,6419627319096885175,3009885920888390511,10189614769892943228,08368c0890262bd0aa475f86431c1550a4b52be536af27a10d48efa31f65ad1f,b45dfa297eb814c84b1e1c8f666eb7c40d10988691a86e752fab503f39f2ea6e,150,1363,1363,0,6.165685079855766,43.41568507985576,62.266666666666666,76.0,5.918204127035926,0.9848685909521006,150,150,150,150,150,1.0,1.0,1.0,1.0,1.0,raw_runs/test/benign_continuous/level_60/pair_07.jsonl.gz,13a91c2d0af7762eefdd1be692b5f2adbdb5ebeb444ae472cd08a15a58cd57bc
test,continuous,benign_continuous,benign,60,8,4542692740964769341,14469435378480644158,641382290517035130,fad9eca8ee0d2d2f0a5513f8d8c787eaa101287c9e7e4913026b7fadb889e2f0,db733de27e88ff43b6b3874dc333cf09df58ae8074d4efbf9f99e583ed568e5d,150,1283,1283,0,6.116328526618515,43.36632852661852,59.16,69.0,5.853518377760136,0.9877565634040766,150,150,150,150,150,1.0,1.0,1.0,1.0,1.0,raw_runs/test/benign_continuous/level_60/pair_08.jsonl.gz,885778d20c3e187d2d3e7eb6990547379dc5b7f4ce2c1e9ad09ee99436e09f06
test,continuous,benign_continuous,benign,60,9,17474522367531266523,2202058633778674764,16968205351537233946,4bdef6d19506e7c3161b0ce671fe8d1dce029e762234d5651e6cdf0e5ec55c2e,af61f87f743a4d375ebecc7133e44d15c38264a114da75d3318c4304403ce5f1,150,1315,1315,0,6.080731402774736,43.33073140277474,60.46666666666667,71.0,5.8675783659467715,0.9794389456938518,150,150,150,150,150,1.0,1.0,1.0,1.0,1.0,raw_runs/test/benign_continuous/level_60/pair_09.jsonl.gz,fb93d7b79240e028b9f9a053b88eecdd0fef3cedaa7cd6138b70f25f13002a4f
test,continuous,benign_continuous,benign,60,10,4442364550062877907,2324713340149489347,13849215171025543685,f3c6c8a4a4e47f9104281ea9f40df9f97ae82eb9b3e43ae482be8c7157be46bb,0db77c3d83c44a26144367d57509e606f8fe7ba70be9c115d46ce0b99de76787,150,1306,1306,0,6.096920760424488,43.34692076042449,59.906666666666666,72.54999999999998,5.857766250590486,0.9830165608820793,150,150,150,150,150,1.0,1.0,1.0,1.0,1.0,raw_runs/test/benign_continuous/level_60/pair_10.jsonl.gz,324c18dea61da738e9e323c182ebd4c13d07a27821794dd09050224a76e81ce0
test,continuous,benign_continuous,benign,60,11,17081000117766575483,11316276093277514577,3761877619015438296,85ede861b3b74c1b0d08a42723b253ee98a7e1669412e3815c980bde3dea2332,3ab1dba7014ef4cffe0a70cdea66329faef9ab103efd9f84bcd4545b9cd2d5f0,150,1291,1291,0,6.142932046613686,43.39293204661369,59.66,70.0,5.862449463446282,0.987006894198873,150,150,150,150,150,1.0,1.0,1.0,1.0,1.0,raw_runs/test/benign_continuous/level_60/pair_11.jsonl.gz,470d1398c591b755eea9e6116fa73f6b8103350dc6a360520a6ab4f93724a1de
test,continuous,benign_continuous,benign,60,12,8832631734345316595,10851382885812462550,3845243144221730785,364e6e86cc8cb125dcd9d6322c123ac4871aa9c4e5d52646b74b6d0111d70bbb,cee354431826be997f5f1507c71cd97df6545722cecc59889bdce27aaa2a1286,150,1283,1283,0,6.245351842467986,43.49535184246798,59.38,70.0,5.8633236764635175,0.9898683369289271,150,150,150,150,150,1.0,1.0,1.0,1.0,1.0,raw_runs/test/benign_continuous/level_60/pair_12.jsonl.gz,f00dfefc88feceffad6d20b42ebf743456dba01ced12f1d6721541b59da32af5
test,continuous,benign_continuous,benign,60,13,10028181195738753679,17377064598925272357,17372441598081040749,64b7e54480130ee3d3565dca668e77cb8cdb90d324b62fc9c4833e82d79e5417,9e0034e89440390aa2b71fb7c2de50aa8d8db9a7f283796ddcf425bf3f3684aa,150,1256,1256,0,6.089269975797674,43.33926997579768,58.44,70.0,5.831123148250943,0.9853032208747773,150,150,150,150,150,1.0,1.0,1.0,1.0,1.0,raw_runs/test/benign_continuous/level_60/pair_13.jsonl.gz,c5d74d3a985cdeff7ca29fc5f92d71a0df3998ca2da07491c45b8eb75979acf6
test,continuous,benign_continuous,benign,60,14,4821605639821782447,4223715041169017503,3221607450024176762,231ff0443fb0493410dde4040fa148daa458889b3907d72e01f75a13300da310,fdfe0a3616ae73b611d0a144813178230805fb9d9d283446ed0a7b546c66dd3f,150,1331,1331,0,6.012468099156788,43.26246809915679,61.62,74.54999999999998,5.90460186327026,0.9859967260423306,150,150,150,150,150,1.0,1.0,1.0,1.0,1.0,raw_runs/test/benign_continuous/level_60/pair_14.jsonl.gz,644d37221022290caa03b4e59e68fb9e1d1412b8b28bb0c103f67a1ffb4c2db6
test,continuous,benign_continuous,benign,60,15,11853175302378749387,6720599183677307609,11533872133664186313,99c16c9bcbf704e7254dbc94107a76361bbda2357363d1ff26b3088f698f68ef,90d3df1b3a128dbd51dbb98e9f4a28c858d5b1f395c37ea9f039f661b280bf1a,150,1357,1357,0,6.1105681327278685,43.36056813272787,63.54,76.0,5.955389284187989,0.9879760340973796,150,150,150,150,150,1.0,1.0,1.0,1.0,1.0,raw_runs/test/benign_continuous/level_60/pair_15.jsonl.gz,778ac81101a1d464e639de4ee026bb1f5c4e482440908df20a72f1076eb4fa77
test,continuous,benign_continuous,benign,60,16,12616534501666573552,12627197480071288338,1679523666835793842,0c42791df19febe53049fbadbfde998a546738ed6aaaf0945ff5c9e60f8b7b3e,d41c4177f86db0276a0969edb649f3399c2b778a7e5fa5c638c7261ff48acf66,150,1244,1244,0,6.0602187070685005,43.3102187070685,57.93333333333333,67.54999999999998,5.817878781931883,0.9859914040064097,150,150,150,150,150,1.0,1.0,1.0,1.0,1.0,raw_runs/test/benign_continuous/level_60/pair_16.jsonl.gz,ba11bfe9dbc777b87362960d7731e5da69e3019d2459c03d35dfe12924ad7a11
test,continuous,benign_continuous,benign,60,17,11801157881835141813,9336715141020142115,12567134697283384837,9491b4410186dc679f48fb80aeeff670544c99ce949b46380fdbb586cb4260f6,8e76946f3735562faba9d0e29ca971c2e746a056406b02eb929e6d7d87c0dc16,150,1312,1312,0,6.081127742005406,43.33112774200541,60.513333333333335,72.0,5.873787714008031,0.982492208713996,150,150,150,150,150,1.0,1.0,1.0,1.0,1.0,raw_runs/test/benign_continuous/level_60/pair_17.jsonl.gz,f6b40a81f89fabe268169694fb91c627efa48828a450a62767e0042c0aeb8052
test,continuous,benign_continuous,benign,60,18,860134680128116760,3080095973261707755,4226505162619866530,09121d6f93b7eda2a8153acf9831283a8a86fa1de93e2c8bb727c93b5c03bfea,a8fe6feac2ecbf14bfbde8e4c0a2083ad02b95c3a920575c95b00d9469be4c58,150,1320,1320,0,6.109167597864794,43.3591675978648,60.553333333333335,74.0,5.874495924052578,0.983734255020896,150,150,150,150,150,1.0,1.0,1.0,1.0,1.0,raw_runs/test/benign_continuous/level_60/pair_18.jsonl.gz,b29ec2dc8c9242f9618222f946b4d0c789c6988535f4eb5cc81c0c029563c4fe
test,continuous,benign_continuous,benign,60,19,2765256529201453566,10660716801522912321,13632198220299540919,1d1b30e005c751a17df802a720c876f8a113bdf0b88f1d6370167269caf2327c,cb4748a82a88452b9b032c23bce0eb5cbcca47337d81e966cb5f7ae6607c878d,150,1310,1310,0,6.141375162979009,43.39137516297901,61.586666666666666,73.0,5.909697938819337,0.9882124837893878,150,150,150,150,150,1.0,1.0,1.0,1.0,1.0,raw_runs/test/benign_continuous/level_60/pair_19.jsonl.gz,a5ab7c4d63d10c3a48a21175acf7565564f59e5c9382d9e1a0667ddcc4b50e90
test,continuous,benign_continuous,benign,120,0,8377203359892070172,3454123631777269297,13586539073648347761,a239c6fed2bbaa3cf5cdeb81f3d137fd3a052f8cb21c51077c4d90378f2a4d10,b7db0618291dd4d16f0a4b3aa4e728d50aa02c76b1605ac19ff092e41ec2426e,150,2645,2645,0,6.2026519864455345,43.45265198644553,121.66,142.54999999999998,6.859777859139852,0.96961913039416,150,150,150,150,150,1.0,1.0,1.0,1.0,1.0,raw_runs/test/benign_continuous/level_120/pair_00.jsonl.gz,f1a508a3386216ff984e88b97cb6639791722469e6ad79de6eb7d2b3013eff8d
test,continuous,benign_continuous,benign,120,1,16977730830662377644,16574041771284837851,4916406745637003959,6ab66c482a9e5b67742e25a55cfa6241fcd4b14102726b6279f3f3a5863af9e6,a1ee8ab26f5c7647586235ed8e126f35d91b1a38eebea25939319fca9641fad7,150,2588,2588,0,6.0434501274697565,43.293450127469754,118.68,139.0,6.823433143783369,0.9700491705595871,150,150,150,150,150,1.0,1.0,1.0,1.0,1.0,raw_runs/test/benign_continuous/level_120/pair_01.jsonl.gz,c452571f21244cae7cbe56e678f7e9fcada3852a539b06db4d94ab94a7fc8205
test,continuous,benign_continuous,benign,120,2,17474291979858848990,949583169032656942,15333641688644661146,11d219c90247f872cd46e30d6c4bb7102e4cd4e5fc3e73fddb7bdad69ba94c40,5d10680bd96f493676de382aaf6a42b0e9b9862ce36e523a34f1a442f7e3bbd6,150,2541,2541,0,6.052861110369404,43.302861110369406,116.17333333333333,131.0,6.8071283145915595,0.9760812565233485,150,150,150,150,150,1.0,1.0,1.0,1.0,1.0,raw_runs/test/benign_continuous/level_120/pair_02.jsonl.gz,443df3ed1f643ab39d3bd80ac11f646a8cd4f0c095262e8635637381137b34ad
test,continuous,benign_continuous,benign,120,3,10328863206529592231,11774122508544598813,1821134532003378567,2375a10a8218a115d84efcfafac5feafd8222f9761bddee11d1bb21590ed6085,ab010d6749dc049a46b95e480c4b390a5fb93443d32d6c011bdddbd6245112de,150,2603,2603,0,6.017009449812901,43.2670094498129,119.89333333333333,135.64999999999995,6.845793545057344,0.9724789242471956,150,150,150,150,150,1.0,1.0,1.0,1.0,1.0,raw_runs/test/benign_continuous/level_120/pair_03.jsonl.gz,e8f36a0ea732e2ea4163f66c83e54710fe2ede4f3069a91a2af0951336ac83a9
test,continuous,benign_continuous,benign,120,4,15059701741148047822,12981834254827585149,6332235759952537229,72b00e7fabd9717bb1a647c20e0a0edfd129c6769d193a8efca80b14b6440e11,85c908955f59100e596df01832036e3a96b8e17969d090b2bd4ae78322127718,150,2520,2520,0,6.007936049188819,43.25793604918882,116.56666666666666,131.54999999999998,6.813872027563657,0.9763131145468822,150,150,150,150,150,1.0,1.0,1.0,1.0,1.0,raw_runs/test/benign_continuous/level_120/pair_04.jsonl.gz,7e9770559127a1a8a86319e05b3b407193784a9d81d4b9cae36682c4e7d60f0a
test,continuous,benign_continuous,benign,120,5,7723432460910292314,14143399362503015316,4008097018745381581,ab9c99aaee9998328f9b327e1ad83c86d6310e1f03ff2298cb1d7fe646b5aadb,544babd332808b6b1b4b3436c5d3ed2f629efad6b00e4d72601cb62f591bc66e,150,2625,2625,0,6.02197612093489,43.27197612093489,121.54,134.54999999999998,6.864217727848791,0.9712595968615418,150,150,150,150,150,1.0,1.0,1.0,1.0,1.0,raw_runs/test/benign_continuous/level_120/pair_05.jsonl.gz,3771ea690507d8450fa25021dc6a57d2cd9d1c18a9192777b911386c53c51a74
test,continuous,benign_continuous,benign,120,6,16312610755683342315,4132740184489374292,2097844798846469481,ab4cc7afa205bede7a7616a49a5c655588dab932f509027c4f29f4f5b354d948,637dba3d3f3321b3f49fe124f7553cfef8a6f1d438583c55b2ce8b91415926d2,150,2569,2569,0,6.088068532309071,43.33806853230907,119.63333333333334,136.0,6.8400913827065235,0.9710341066847468,150,150,150,150,150,1.0,1.0,1.0,1.0,1.0,raw_runs/test/benign_continuous/level_120/pair_06.jsonl.gz,c2859f8392f336dce38c8dc865f9860d7aff516ed7b8ba594f382bb95993e2dd
test,continuous,benign_continuous,benign,120,7,6150188156210431558,14449820104385269486,18183384832648817585,67af47d0931e8ce29f1171f6a2b5f7cb514e89edb2756d91ed1063183832d7c4,d0565cf26c961ddcc9f52c56b20b4db39701b0b62d498d03e7651164cd91bfb6,150,2558,2558,0,6.182594973848276,43.432594973848275,116.60666666666667,134.0,6.797268960304604,0.9682929342972864,150,150,150,150,150,1.0,1.0,1.0,1.0,1.0,raw_runs/test/benign_continuous/level_120/pair_07.jsonl.gz,40e8127c1ede07fdb5b97e20c7aa935b0984efb088d6fe2b08d19160bf855ba6
test,continuous,benign_continuous,benign,120,8,14255591453641436147,1533279152722602806,13437196454289179933,5d81a650871acb254af2e8ba56c92e179ff6147521d5a22b2e010c5087f8bb75,cf0de2585e6c1d4746d8176e85bbdc7dd570096293d83667374d76c66e53d95f,150,2647,2647,0,6.024949200125141,43.27494920012514,122.04666666666667,144.0,6.862124740499315,0.970812737375947,150,150,150,150,150,1.0,1.0,1.0,1.0,1.0,raw_runs/test/benign_continuous/level_120/pair_08.jsonl.gz,7f89a24e61c662a99ea1e57e998624797f5182e1fd21fd3b924fe2c41ce24522
test,continuous,benign_continuous,benign,120,9,4410485485139951129,175659314155868336,15470324953329147162,9066081f74f6128eb21c79d017ae5e68c6de0793c28cf2ddb699fb01bae18f49,3d2e365a910429fbefe3ca1bd76535991553260c86a0224bbf480449e20067fd,150,2590,2590,0,6.1914544056990835,43.44145440569908,118.86666666666666,137.0,6.826830100889238,0.9699605308487496,150,150,150,150,150,1.0,1.0,1.0,1.0,1.0,raw_runs/test/benign_continuous/level_120/pair_09.jsonl.gz,c38dd8d8b4a63d8dbf5733a3892975bf1fc3ecf6eb30ab41a9c06c29e83375e6
test,continuous,benign_continuous,benign,120,10,743702014842193359,14638614775406783373,4202477643613529046,cdedae31ccf7fb3cb5bd1de093b08aec5a12e4fd6475cdeb17fe19d60af73ab7,df5991dab99621491c2deb2448f6b60256a7fab6c948068786d369c3db34e436,150,2561,2561,0,6.054098441834665,43.30409844183467,119.18666666666667,134.0,6.825448775850055,0.9668460877327906,150,150,150,150,150,1.0,1.0,1.0,1.0,1.0,raw_runs/test/benign_continuous/level_120/pair_10.jsonl.gz,c2cef82071300311008ba79add6167c39f79dbf3a9ce00aa7e6b8a89dea80a67
test,continuous,benign_continuous,benign,120,11,6937732872999664108,11747685142109483282,16309111443725788870,43cb87e8e21594121e5c406c03ad2b8618494007385732f9d2f57ca1da042ab5,676c0b12b71f64cfe71afa8a30f010023a27c3fcce32f12860f3aa5ed72933f6,150,2547,2547,0,6.080600204929572,43.330600204929574,117.10666666666667,132.0,6.80153834692947,0.9676710699538646,150,150,150,150,150,1.0,1.0,1.0,1.0,1.0,raw_runs/test/benign_continuous/level_120/pair_11.jsonl.gz,1609da38945da77d526c5b8a1977bedda3e96187e78af74fce0cc2ae8d6d12c3
test,continuous,benign_continuous,benign,120,12,318235669795214381,7455951692569321731,15589470882609929823,0cb2a715f278bbfb13f132bad66c6aaf7f150269ef5a5d3cca88629474be876d,7fd8cd4778e3eb5d0c9284fb652b4f7da6871432698a988c4ee719b58137a53c,150,2597,2597,0,6.123950836984667,43.37395083698467,118.86666666666666,135.0,6.830430740972843,0.9714562753847368,150,150,150,150,150,1.0,1.0,1.0,1.0,1.0,raw_runs/test/benign_continuous/level_120/pair_12.jsonl.gz,87570176bb5f4b7a8bfe52b1ecbbd57b6316b8ea35819ae52fd5d084f9bd40c3
test,continuous,benign_continuous,benign,120,13,5963114150740161007,12572808009116746492,7959604235016630410,e8aaa6f4dde94b1bc08010d83bbe4238007cfc7479f4c7afa14c1b5e9ff7a63b,a1674dd3090df1bf6f18545be99d7b41ab10e993159e738aab2181cbe71fc3d1,150,2603,2603,0,6.059467103547272,43.30946710354727,118.62,133.54999999999998,6.837009845625222,0.9750604808857937,150,150,150,150,150,1.0,1.0,1.0,1.0,1.0,raw_runs/test/benign_continuous/level_120/pair_13.jsonl.gz,77c547338dd8c5be99d63beb402dc5ef395c81dc9b389ac1ab3ee0ee7ae67f19
test,continuous,benign_continuous,benign,120,14,5921354361794523497,5972561165925497729,14077024707531594389,9afb0ab865275f7c1523e7848297b12108762b8d6babd2c5a77bbc23cbd1c880,f4b576574a3a4e504a977c5e1a3b906040713f2b34008a4266d796f8a7209841,150,2652,2652,0,6.009162122583685,43.25916212258369,121.84666666666666,139.09999999999997,6.872360525825525,0.974360979631788,150,150,150,150,150,1.0,1.0,1.0,1.0,1.0,raw_runs/test/benign_continuous/level_120/pair_14.jsonl.gz,5e78fec326b33ce40b7975606ec582d6f3a3803b089ca326ebb7bcc4b5788007
test,continuous,benign_continuous,benign,120,15,6840726219925807843,12649960720818103437,14279433778525449039,7880df9a6eff9b421a5d97f492c5bc66d67bf36a3acd6195a548f9007066278b,30c325def5f77e153d47cf91885d0bfd32e85cdf4c87eb9fd7a1b96a2d5cd285,150,2513,2513,0,6.010475163655674,43.26047516365568,116.64666666666666,135.54999999999998,6.80390061058384,0.9722121500359239,150,150,150,150,150,1.0,1.0,1.0,1.0,1.0,raw_runs/test/benign_continuous/level_120/pair_15.jsonl.gz,7eef0b7d4b81273310acfb8394da0596fbebdee0e069d95d8c2fe1a48d441cf5
test,continuous,benign_continuous,benign,120,16,17059881575728195470,12962201300728633190,16542002915608771108,ce93fec7cadeeead870d11709848d47726192d9f70168819495c1cf210106770,e37f64866658e6790110800bcd4b9d6bd846a982520acf86409ac30e256e2fbe,150,2614,2614,0,6.136196256751553,43.38619625675155,121.12666666666667,137.54999999999998,6.8507749791403265,0.969425728194694,150,150,150,150,150,1.0,1.0,1.0,1.0,1.0,raw_runs/test/benign_continuous/level_120/pair_16.jsonl.gz,35680fc30860f8294dfb37698b33d7afdbfecd47dd755ec5c0c3d12a942e6ab7
test,continuous,benign_continuous,benign,120,17,10475107289356059551,8651585788118722659,12230319969611245067,1d55251fe35059603767ec86fc85a00461cdab5b8003e28d2bab1df5155c56a6,296a3becd8c1989d2267c3426ea5c570683b0014c8dfee83c8ebf5c85a929505,150,2579,2579,0,6.216809479138272,43.46680947913827,118.44666666666667,130.0,6.8350774014421845,0.9749452975620958,150,150,150,150,150,1.0,1.0,1.0,1.0,1.0,raw_runs/test/benign_continuous/level_120/pair_17.jsonl.gz,784119419c020b8a9643c5f8ce6834407fb0bdf95837358ea14e581ae3271d9d
test,continuous,benign_continuous,benign,120,18,3846968442796898447,10403517115914327744,15668363060505446442,444653bdac4c0a3239c00fd50e7e77c35426db0aa2476ac3ac400e32717cd109,365e755ca7c0f82acce97e2119fb47faf94ae914b4a721e8d57084f605952a06,150,2607,2607,0,6.081801653201673,43.33180165320167,120.8,139.54999999999998,6.843291650449155,0.9667392900301934,150,150,150,150,150,1.0,1.0,1.0,1.0,1.0,raw_runs/test/benign_continuous/level_120/pair_18.jsonl.gz,34253d1c30db451e63696c116ba54965ab13cdeb29db9e9e63f2a940fbafc554
test,continuous,benign_continuous,benign,120,19,15827488436496725697,448282165503569617,1394633406751746856,6ee598e59923fa93329bc302a9021c213a9bc36a99e69dd95d89f2d4aa48b6dc,2411c65a30296c57e9acca8860e38d595fdbccebae860434a5f57412da97537b,150,2535,2535,0,6.141337114743804,43.391337114743806,117.76,134.0,6.824764660302294,0.9748647488789906,150,150,150,150,150,1.0,1.0,1.0,1.0,1.0,raw_runs/test/benign_continuous/level_120/pair_19.jsonl.gz,9c46385a3aa81f4edcb02c69823423cdd1d313edc32a72765f0cb66f8ead81a6
test,continuous,benign_continuous,benign,200,0,3305879775677813233,10421308348587540143,16448471513908614102,986571c75dae06d62e17a71542a6013296cb6c94b082bb0f549e307c40938eb5,3e03b7a42b4363e9e9f00eca0a7af10835ec56253b1183327cf74af50ce2f9b8,150,4318,4318,0,6.24795365588724,43.497953655887244,198.29333333333332,222.74999999999991,7.5400714874126,0.9566084710428022,150,150,150,150,150,1.0,1.0,1.0,1.0,1.0,raw_runs/test/benign_continuous/level_200/pair_00.jsonl.gz,5c0e319af2da811e4ac6f45ad3dfab640447b8def9d5432a529c58d3ce3c3e13
test,continuous,benign_continuous,benign,200,1,11965773264084442328,8727095041189310502,16036015588405802318,8490c9a4d1aba0ec105c7bdc6a2e6597c9dd298801bef8faa95f1698a9c4cff7,73f81f97efad620eea0eb89d9a926959370880a7774c7421625f9a727ce55f34,150,4520,4520,0,6.170198780649708,43.420198780649706,208.96666666666667,227.54999999999998,7.616505838576625,0.9562460307496398,150,150,150,150,150,1.0,1.0,1.0,1.0,1.0,raw_runs/test/benign_continuous/level_200/pair_01.jsonl.gz,8aea915b3fb8cc9f7b98a8f9f7df8dca2afb369c493184c014adf61be95ff368
test,continuous,benign_continuous,benign,200,2,18325105054551786770,7064399210547045580,7742717421879188247,822b470e86357c11735e19e05e5acd309c9ea33c073b3059f11758e1838205c9,a14b3ce9cdf8589911ad6570537a37c82b2633fc345fd596c3c0e4b752059648,150,4435,4435,0,6.238696724756045,43.488696724756046,203.75333333333333,229.09999999999997,7.566231475539119,0.9505666682264757,150,150,150,150,150,1.0,1.0,1.0,1.0,1.0,raw_runs/test/benign_continuous/level_200/pair_02.jsonl.gz,e1ff5ff4906e3a056c01b784fda5bfcf8859066ef3fe5ace4c165fbc83b07b58
test,continuous,benign_continuous,benign,200,3,2706547891802339268,12565575302086033423,714861698842691557,9a943cbb901e99e28ccef82b7e0b331f3e98e516976e4e56ae23cad12301fa5b,e12ea21765b8b88482120abbb3c1b829d7cc8743917a66bce9e767b72d8262e2,150,4339,4339,0,6.1593309519028026,43.4093309519028,198.62666666666667,220.0,7.542392320502539,0.9558645718976199,150,150,150,150,150,1.0,1.0,1.0,1.0,1.0,raw_runs/test/benign_continuous/level_200/pair_03.jsonl.gz,c33c6ba19f15898a8b9b4b0fcec9ec8763b85d598d0590ed2d24f00c31a59586
test,continuous,benign_continuous,benign,200,4,5380016248454964302,3694083526017213416,6146857346352895369,19d3021525597c7368ebb7eb9807f07160b6325585ec4096e56e0ac83a2f9733,af9096d370485e128a969ba11f7a187627691ebea544a9e01e8ea2f4e4aae7c7,150,4343,4343,0,6.212387741854516,43.46238774185451,202.38,229.0,7.559100595851875,0.9519840045522199,150,150,150,150,150,1.0,1.0,1.0,1.0,1.0,raw_runs/test/benign_continuous/level_200/pair_04.jsonl.gz,db5a734e91bc242c1922a498a4c109ef1e9f6dd2223f45ec8e580f5c7ad189ac
test,continuous,benign_continuous,benign,200,5,8188740890578337911,6615532565649476703,2142098517152341971,d0e4573c5aeb1603553c0b874b116b7f657a7561f34e7b60068a4a51ee4756b3,66710fd941903b16345bf5035b8a13887e7597559797c45321614859baa59966,150,4321,4321,0,6.157481472613676,43.407481472613675,199.27333333333334,227.0,7.534708508261435,0.9499502065061707,150,150,150,150,150,1.0,1.0,1.0,1.0,1.0,raw_runs/test/benign_continuous/level_200/pair_05.jsonl.gz,2a06a0622f27d39f5a8127691e3362a8e0b676478b6c181182ccba5f20a658c9
test,continuous,benign_continuous,benign,200,6,11156434581171536795,4136638949697257322,7853675704106707286,c885a25e389058c45d0ae4bb5ea680ee86560807db16093c32053b3237854273,55ee83d2921a88451cfdd81669092f85c097e7935688e43e969cd35faf6d7f4e,150,4349,4349,0,6.026749851195157,43.276749851195156,200.77333333333334,218.0,7.546981608518951,0.9511091987535755,150,150,150,150,150,1.0,1.0,1.0,1.0,1.0,raw_runs/test/benign_continuous/level_200/pair_06.jsonl.gz,3b0f3aab0f104c688c95359c11980e56f172015dfde104cb2a12b4cd09e4168e
test,continuous,benign_continuous,benign,200,7,14463190566117325287,17107551952184837091,11465096975892504262,7be1b0b3bbcbc0516b8ba376285f05780f7c7f52e8e1aa84f3ed52b197720be6,3237046a73171c7389d41d617ce865c08a9d58013231b65c1f1236d754903d2f,150,4269,4269,0,6.123123255424631,43.37312325542463,196.32666666666665,222.54999999999998,7.520330998988984,0.9539370889989427,150,150,150,150,150,1.0,1.0,1.0,1.0,1.0,raw_runs/test/benign_continuous/level_200/pair_07.jsonl.gz,0b70816db714b1f7532f3ee98b388d198b40056b41b50a0469b5721c0dc93798
test,continuous,benign_continuous,benign,200,8,16195968407897823456,9995507322886959644,4260953361544337168,a6e549baa69d0a7d4a333ee920b7d43f2e387817f032e9a706b23d9ccd54f7d0,730d8a32eac780a79fbef5326b008553509cdd426b3f1dd3a00ac6916b1c2e49,150,4283,4283,0,6.114049540250361,43.36404954025036,197.70666666666668,221.0,7.5380740992974795,0.9581119040143604,150,150,150,150,150,1.0,1.0,1.0,1.0,1.0,raw_runs/test/benign_continuous/level_200/pair_08.jsonl.gz,1292988332d683eb99115d62beda146ded6225a1a9f1d6294a51e48b8b08b8eb
test,continuous,benign_continuous,benign,200,9,7420720521770374408,2465067361418340396,8413903894302394952,5ca47e04ace17b0a946d279a29495ba3ebbb91338de898eff0a76665f1fb551c,b05865393a4cada4b1f0bb52ea3e907297dfb84a67e2e74666d197b286b9e69b,150,4339,4339,0,6.12631336198363,43.376313361983634,200.05333333333334,221.0,7.541980772702582,0.9512821321807955,150,150,150,150,150,1.0,1.0,1.0,1.0,1.0,raw_runs/test/benign_continuous/level_200/pair_09.jsonl.gz,4aa0c02dea30d1fa7bec22e6f4dcdb9d75f11dac00c595a1239882ca88486d30
test,continuous,benign_continuous,benign,200,10,5878993358639171811,1397690522937504700,13892388286466510101,68883f6d0eee72f74499401d0cff546a1fe7d04dbb05e8019c976666f2edeff9,3436c3785f8a50c1528a4d7311feb57c1c449a948b753818b10d037bff82db3f,150,4340,4340,0,6.228007532965487,43.478007532965485,201.27333333333334,234.09999999999997,7.543087375506489,0.9480378111739907,150,150,150,150,150,1.0,1.0,1.0,1.0,1.0,raw_runs/test/benign_continuous/level_200/pair_10.jsonl.gz,e687ff3c8b8b6ef604138e79d763bc9f04572dd0109a6c35841fab09c9f85fcd
test,continuous,benign_continuous,benign,200,11,14014917943405241459,15639064061822942779,16879642343131105151,89d63dae906dcc6bfdefd59f9e8492b5dc685d628f95b2cc14a2544e54b4ef68,8b50b3d1b40acf2f03e0497c2e219067f37e98719e969a1ddb6826a68f9d9dab,150,4327,4327,0,6.073977129668739,43.32397712966874,198.36666666666667,221.54999999999998,7.529777699838304,0.9509946931829124,150,150,150,150,150,1.0,1.0,1.0,1.0,1.0,raw_runs/test/benign_continuous/level_200/pair_11.jsonl.gz,222f5dd0b0c7cce2c57256e5bff049f11ecbfe25a911a14fea8162ba273ee95d
test,continuous,benign_continuous,benign,200,12,16917716329140676774,3488760609135040061,17012320579814074488,7af0ef0ac27288eb8421ec74c7833ba621655a50054412194be5e493ec6e7a19,3a1e7848f7258d9b0ce2b21564a47b009d159d55aa2d2eed92d71e39a2e02835,150,4287,4287,0,6.108001044223623,43.35800104422362,197.05333333333334,217.54999999999998,7.5273971005986455,0.9547222910506863,150,150,150,150,150,1.0,1.0,1.0,1.0,1.0,raw_runs/test/benign_continuous/level_200/pair_12.jsonl.gz,ea9082b6ed72eab271776933c68b119fd9248ad4fb5f7c606f0736b1539c358d
test,continuous,benign_continuous,benign,200,13,7464805818551332891,3594028296982437660,15697656623403371306,b620895b420e6e8b8521e752b8b07a6ae98b8169891eb3d0e952ced6617aff57,c5848947e0e713c3cac623eccc17ad8ec56ef95b84e6d6ea5fe2a88c1d420d52,150,4319,4319,0,6.011351901710134,43.261351901710135,201.98,226.09999999999997,7.554328669698111,0.9506685014896448,150,150,150,150,150,1.0,1.0,1.0,1.0,1.0,raw_runs/test/benign_continuous/level_200/pair_13.jsonl.gz,3c90cc84a896a8be8ea3cee201cb4e817205229e7bc0f984931ce7826bacd19f
test,continuous,benign_continuous,benign,200,14,1452719303974328239,12096775087322271447,1132403926586748409,f8879601b6c8ad43f88ef9194e1e87e00650741e147f371ee39153225806289a,31fe08c07a38555050aae74389430709ccd45539f382933954f4c2ddaed583ff,150,4331,4331,0,6.14466914188646,43.39466914188646,199.53333333333333,220.0,7.53933647313508,0.9520429821024241,150,150,150,150,150,1.0,1.0,1.0,1.0,1.0,raw_runs/test/benign_continuous/level_200/pair_14.jsonl.gz,9469a239f353f24a3d2b8bec903c9b08c9fc916c562cd3c94737d78563df63e7
test,continuous,benign_continuous,benign,200,15,10545419444575691520,10913551492580424201,803718764076959005,a9927b588a2ec2a6b39e44784ed2fe1426df287b3bb1bbfd96632760e8c0c008,d19bece04b3994faa4f8f6cfe263112682bd4fb3e30a1d8623ffafaa983e8a9c,150,4435,4435,0,6.073601321081953,43.32360132108195,203.54,226.54999999999998,7.565384196939641,0.9503921290716145,150,150,150,150,150,1.0,1.0,1.0,1.0,1.0,raw_runs/test/benign_continuous/level_200/pair_15.jsonl.gz,27728c219f00f079eadbbc3ca58fcc805d637f996779cf391cf80ae8aefee427
test,continuous,benign_continuous,benign,200,16,16924871886836409043,13164511343039614138,15326487511540441014,f767a8f2790af9280ab47a0b243094968b2357c9576455f4326817129f206a96,537cca99d3c0a12164076dac7cbfbead16af370e9e92d37a2fdb74b67b571115,150,4333,4333,0,6.008238262046109,43.258238262046106,200.18,219.54999999999998,7.55318946448233,0.9562751179480445,150,150,150,150,150,1.0,1.0,1.0,1.0,1.0,raw_runs/test/benign_continuous/level_200/pair_16.jsonl.gz,dea2bb031e332141bbcda2cefe607d97909cb434ab1b1cfe07e157643dd0974b
test,continuous,benign_continuous,benign,200,17,16212361361642675651,6376889248889209352,17760100536263657150,a486b8ce83cf3cb6578feb352e02ba6035cf852b73f7a3eeafab147f60e41af2,ebbff000a2990e0fdd4517598a3a9d9f1786f81a18c5dae5cca8761a95bee1c3,150,4399,4399,0,6.1809025969794975,43.4309025969795,201.24,222.0,7.561359601929177,0.9562185845992709,150,150,150,150,150,1.0,1.0,1.0,1.0,1.0,raw_runs/test/benign_continuous/level_200/pair_17.jsonl.gz,d243d392c9412c2fd6818029acae3d391b46ed30f54d892745a46fc00727a44f
test,continuous,benign_continuous,benign,200,18,1713736422933491290,17976316930641060919,15088844085135875294,98358c5fa1affa7cb1faceec57f6fd4ae686aad2c46f2bf757a1a3243f81a954,b0d92f748e3e0bd06c96343e43bc5512531cb450d79dc7ef9cdc0e2d8e41aab4,150,4448,4448,0,6.059943681230951,43.30994368123095,206.45333333333335,231.0,7.594453527731346,0.955116688547527,150,150,150,150,150,1.0,1.0,1.0,1.0,1.0,raw_runs/test/benign_continuous/level_200/pair_18.jsonl.gz,fed5580c8812a1ac60c416fef8a8023701d024cf8360c580d0e7124257649f6c
test,continuous,benign_continuous,benign,200,19,6259214419204108173,9442383015232684198,16983317316613811218,f9e8c9cdf891a10d632b7f8fdab9f5395764353a4ae0e877352fa2c3f181341d,655444c413b8670ae63f4e8ae8cdf31da5fab0d71edefa5431340ca85e9780f3,150,4268,4268,0,6.104248377780277,43.35424837778028,196.74666666666667,217.0,7.519784786891372,0.9518809758524177,150,150,150,150,150,1.0,1.0,1.0,1.0,1.0,raw_runs/test/benign_continuous/level_200/pair_19.jsonl.gz,6716c80a7dec92894caad51f05e270039affa86afa828d0b5e362b0dfc248adc
