role,source_split,profile,level,pair_id,condition,space,metric,value
primary,test,bursty,24,1,attack_sweep_bursty,2048,entropy_AP,0.5099476480717708
primary,test,bursty,24,1,attack_sweep_bursty,2048,unique_ratio_AP,0.5102040816326531
primary,test,bursty,24,1,attack_sweep_bursty,2048,B2_attack_alert,0.5
primary,test,bursty,24,1,attack_sweep_bursty,2048,B2_benign_trigger,0.5
primary,test,bursty,24,1,attack_sweep_bursty,2048,B2_FNR,0.5
primary,test,bursty,24,1,attack_sweep_bursty,2048,B2_J,0.0
primary,test,bursty,24,1,attack_sweep_bursty,2048,B5_initial_attack_alert,0.5
primary,test,bursty,24,1,attack_sweep_bursty,2048,B5_initial_benign_trigger,0.5
primary,test,bursty,24,1,attack_sweep_bursty,2048,B5_initial_FNR,0.5
primary,test,bursty,24,1,attack_sweep_bursty,2048,B5_initial_J,0.0
primary,test,bursty,24,1,attack_sweep_bursty,2048,B5_locked_attack_alert,0.0
primary,test,bursty,24,1,attack_sweep_bursty,2048,B5_locked_benign_trigger,0.0
primary,test,bursty,24,1,attack_sweep_bursty,2048,B5_locked_FNR,1.0
primary,test,bursty,24,1,attack_sweep_bursty,2048,B5_locked_J,0.0
primary,test,bursty,24,1,attack_sweep_bursty,65536,entropy_AP,0.5
primary,test,bursty,24,1,attack_sweep_bursty,65536,unique_ratio_AP,0.5
primary,test,bursty,24,1,attack_sweep_bursty,65536,B2_attack_alert,0.5
primary,test,bursty,24,1,attack_sweep_bursty,65536,B2_benign_trigger,0.5
primary,test,bursty,24,1,attack_sweep_bursty,65536,B2_FNR,0.5
primary,test,bursty,24,1,attack_sweep_bursty,65536,B2_J,0.0
primary,test,bursty,24,1,attack_sweep_bursty,65536,B5_initial_attack_alert,0.5
primary,test,bursty,24,1,attack_sweep_bursty,65536,B5_initial_benign_trigger,0.5
primary,test,bursty,24,1,attack_sweep_bursty,65536,B5_initial_FNR,0.5
primary,test,bursty,24,1,attack_sweep_bursty,65536,B5_initial_J,0.0
primary,test,bursty,24,1,attack_sweep_bursty,65536,B5_locked_attack_alert,0.0
primary,test,bursty,24,1,attack_sweep_bursty,65536,B5_locked_benign_trigger,0.0
primary,test,bursty,24,1,attack_sweep_bursty,65536,B5_locked_FNR,1.0
primary,test,bursty,24,1,attack_sweep_bursty,65536,B5_locked_J,0.0
primary,test,bursty,24,3,attack_sweep_bursty,2048,entropy_AP,0.5092263701553447
primary,test,bursty,24,3,attack_sweep_bursty,2048,unique_ratio_AP,0.5474452554744526
primary,test,bursty,24,3,attack_sweep_bursty,2048,B2_attack_alert,0.4666666666666667
primary,test,bursty,24,3,attack_sweep_bursty,2048,B2_benign_trigger,0.4666666666666667
primary,test,bursty,24,3,attack_sweep_bursty,2048,B2_FNR,0.5333333333333333
primary,test,bursty,24,3,attack_sweep_bursty,2048,B2_J,0.0
primary,test,bursty,24,3,attack_sweep_bursty,2048,B5_initial_attack_alert,0.4666666666666667
primary,test,bursty,24,3,attack_sweep_bursty,2048,B5_initial_benign_trigger,0.4666666666666667
primary,test,bursty,24,3,attack_sweep_bursty,2048,B5_initial_FNR,0.5333333333333333
primary,test,bursty,24,3,attack_sweep_bursty,2048,B5_initial_J,0.0
primary,test,bursty,24,3,attack_sweep_bursty,2048,B5_locked_attack_alert,0.0
primary,test,bursty,24,3,attack_sweep_bursty,2048,B5_locked_benign_trigger,0.0
primary,test,bursty,24,3,attack_sweep_bursty,2048,B5_locked_FNR,1.0
primary,test,bursty,24,3,attack_sweep_bursty,2048,B5_locked_J,0.0
primary,test,bursty,24,3,attack_sweep_bursty,65536,entropy_AP,0.5
primary,test,bursty,24,3,attack_sweep_bursty,65536,unique_ratio_AP,0.5
primary,test,bursty,24,3,attack_sweep_bursty,65536,B2_attack_alert,0.4666666666666667
primary,test,bursty,24,3,attack_sweep_bursty,65536,B2_benign_trigger,0.4666666666666667
primary,test,bursty,24,3,attack_sweep_bursty,65536,B2_FNR,0.5333333333333333
primary,test,bursty,24,3,attack_sweep_bursty,65536,B2_J,0.0
primary,test,bursty,24,3,attack_sweep_bursty,65536,B5_initial_attack_alert,0.4666666666666667
primary,test,bursty,24,3,attack_sweep_bursty,65536,B5_initial_benign_trigger,0.4666666666666667
primary,test,bursty,24,3,attack_sweep_bursty,65536,B5_initial_FNR,0.5333333333333333
primary,test,bursty,24,3,attack_sweep_bursty,65536,B5_initial_J,0.0
primary,test,bursty,24,3,attack_sweep_bursty,65536,B5_locked_attack_alert,0.0
primary,test,bursty,24,3,attack_sweep_bursty,65536,B5_locked_benign_trigger,0.0
primary,test,bursty,24,3,attack_sweep_bursty,65536,B5_locked_FNR,1.0
primary,test,bursty,24,3,attack_sweep_bursty,65536,B5_locked_J,0.0
primary,test,bursty,24,5,attack_sweep_bursty,2048,entropy_AP,0.520452975993485
primary,test,bursty,24,5,attack_sweep_bursty,2048,unique_ratio_AP,0.5418655093117716
primary,test,bursty,24,5,attack_sweep_bursty,2048,B2_attack_alert,0.5066666666666667
primary,test,bursty,24,5,attack_sweep_bursty,2048,B2_benign_trigger,0.5066666666666667
primary,test,bursty,24,5,attack_sweep_bursty,2048,B2_FNR,0.4933333333333333
primary,test,bursty,24,5,attack_sweep_bursty,2048,B2_J,0.0
primary,test,bursty,24,5,attack_sweep_bursty,2048,B5_initial_attack_alert,0.5066666666666667
primary,test,bursty,24,5,attack_sweep_bursty,2048,B5_initial_benign_trigger,0.5066666666666667
primary,test,bursty,24,5,attack_sweep_bursty,2048,B5_initial_FNR,0.4933333333333333
primary,test,bursty,24,5,attack_sweep_bursty,2048,B5_initial_J,0.0
primary,test,bursty,24,5,attack_sweep_bursty,2048,B5_locked_attack_alert,0.0
primary,test,bursty,24,5,attack_sweep_bursty,2048,B5_locked_benign_trigger,0.0
primary,test,bursty,24,5,attack_sweep_bursty,2048,B5_locked_FNR,1.0
primary,test,bursty,24,5,attack_sweep_bursty,2048,B5_locked_J,0.0
primary,test,bursty,24,5,attack_sweep_bursty,65536,entropy_AP,0.5006899534437583
primary,test,bursty,24,5,attack_sweep_bursty,65536,unique_ratio_AP,0.5050505050505051
primary,test,bursty,24,5,attack_sweep_bursty,65536,B2_attack_alert,0.5066666666666667
primary,test,bursty,24,5,attack_sweep_bursty,65536,B2_benign_trigger,0.5066666666666667
primary,test,bursty,24,5,attack_sweep_bursty,65536,B2_FNR,0.4933333333333333
primary,test,bursty,24,5,attack_sweep_bursty,65536,B2_J,0.0
primary,test,bursty,24,5,attack_sweep_bursty,65536,B5_initial_attack_alert,0.5066666666666667
primary,test,bursty,24,5,attack_sweep_bursty,65536,B5_initial_benign_trigger,0.5066666666666667
primary,test,bursty,24,5,attack_sweep_bursty,65536,B5_initial_FNR,0.4933333333333333
primary,test,bursty,24,5,attack_sweep_bursty,65536,B5_initial_J,0.0
primary,test,bursty,24,5,attack_sweep_bursty,65536,B5_locked_attack_alert,0.0
primary,test,bursty,24,5,attack_sweep_bursty,65536,B5_locked_benign_trigger,0.0
primary,test,bursty,24,5,attack_sweep_bursty,65536,B5_locked_FNR,1.0
primary,test,bursty,24,5,attack_sweep_bursty,65536,B5_locked_J,0.0
primary,test,bursty,24,19,attack_sweep_bursty,2048,entropy_AP,0.5339655427079343
primary,test,bursty,24,19,attack_sweep_bursty,2048,unique_ratio_AP,0.5378466613821172
primary,test,bursty,24,19,attack_sweep_bursty,2048,B2_attack_alert,0.49333333333333335
primary,test,bursty,24,19,attack_sweep_bursty,2048,B2_benign_trigger,0.49333333333333335
primary,test,bursty,24,19,attack_sweep_bursty,2048,B2_FNR,0.5066666666666666
primary,test,bursty,24,19,attack_sweep_bursty,2048,B2_J,0.0
primary,test,bursty,24,19,attack_sweep_bursty,2048,B5_initial_attack_alert,0.49333333333333335
primary,test,bursty,24,19,attack_sweep_bursty,2048,B5_initial_benign_trigger,0.49333333333333335
primary,test,bursty,24,19,attack_sweep_bursty,2048,B5_initial_FNR,0.5066666666666666
primary,test,bursty,24,19,attack_sweep_bursty,2048,B5_initial_J,0.0
primary,test,bursty,24,19,attack_sweep_bursty,2048,B5_locked_attack_alert,0.0
primary,test,bursty,24,19,attack_sweep_bursty,2048,B5_locked_benign_trigger,0.0
primary,test,bursty,24,19,attack_sweep_bursty,2048,B5_locked_FNR,1.0
primary,test,bursty,24,19,attack_sweep_bursty,2048,B5_locked_J,0.0
primary,test,bursty,24,19,attack_sweep_bursty,65536,entropy_AP,0.5
primary,test,bursty,24,19,attack_sweep_bursty,65536,unique_ratio_AP,0.5
primary,test,bursty,24,19,attack_sweep_bursty,65536,B2_attack_alert,0.49333333333333335
primary,test,bursty,24,19,attack_sweep_bursty,65536,B2_benign_trigger,0.49333333333333335
primary,test,bursty,24,19,attack_sweep_bursty,65536,B2_FNR,0.5066666666666666
primary,test,bursty,24,19,attack_sweep_bursty,65536,B2_J,0.0
primary,test,bursty,24,19,attack_sweep_bursty,65536,B5_initial_attack_alert,0.49333333333333335
primary,test,bursty,24,19,attack_sweep_bursty,65536,B5_initial_benign_trigger,0.49333333333333335
primary,test,bursty,24,19,attack_sweep_bursty,65536,B5_initial_FNR,0.5066666666666666
primary,test,bursty,24,19,attack_sweep_bursty,65536,B5_initial_J,0.0
primary,test,bursty,24,19,attack_sweep_bursty,65536,B5_locked_attack_alert,0.0
primary,test,bursty,24,19,attack_sweep_bursty,65536,B5_locked_benign_trigger,0.0
primary,test,bursty,24,19,attack_sweep_bursty,65536,B5_locked_FNR,1.0
primary,test,bursty,24,19,attack_sweep_bursty,65536,B5_locked_J,0.0
primary,test,bursty,60,0,attack_sweep_bursty,2048,entropy_AP,0.5490565946226904
primary,test,bursty,60,0,attack_sweep_bursty,2048,unique_ratio_AP,0.6389385850036067
primary,test,bursty,60,0,attack_sweep_bursty,2048,B2_attack_alert,1.0
primary,test,bursty,60,0,attack_sweep_bursty,2048,B2_benign_trigger,1.0
primary,test,bursty,60,0,attack_sweep_bursty,2048,B2_FNR,0.0
primary,test,bursty,60,0,attack_sweep_bursty,2048,B2_J,0.0
primary,test,bursty,60,0,attack_sweep_bursty,2048,B5_initial_attack_alert,1.0
primary,test,bursty,60,0,attack_sweep_bursty,2048,B5_initial_benign_trigger,1.0
primary,test,bursty,60,0,attack_sweep_bursty,2048,B5_initial_FNR,0.0
primary,test,bursty,60,0,attack_sweep_bursty,2048,B5_initial_J,0.0
primary,test,bursty,60,0,attack_sweep_bursty,2048,B5_locked_attack_alert,0.4066666666666667
primary,test,bursty,60,0,attack_sweep_bursty,2048,B5_locked_benign_trigger,0.3933333333333333
primary,test,bursty,60,0,attack_sweep_bursty,2048,B5_locked_FNR,0.5933333333333333
primary,test,bursty,60,0,attack_sweep_bursty,2048,B5_locked_J,0.013333333333333364
primary,test,bursty,60,0,attack_sweep_bursty,65536,entropy_AP,0.5006284266096335
primary,test,bursty,60,0,attack_sweep_bursty,65536,unique_ratio_AP,0.5067567567567568
primary,test,bursty,60,0,attack_sweep_bursty,65536,B2_attack_alert,1.0
primary,test,bursty,60,0,attack_sweep_bursty,65536,B2_benign_trigger,1.0
primary,test,bursty,60,0,attack_sweep_bursty,65536,B2_FNR,0.0
primary,test,bursty,60,0,attack_sweep_bursty,65536,B2_J,0.0
primary,test,bursty,60,0,attack_sweep_bursty,65536,B5_initial_attack_alert,1.0
primary,test,bursty,60,0,attack_sweep_bursty,65536,B5_initial_benign_trigger,1.0
primary,test,bursty,60,0,attack_sweep_bursty,65536,B5_initial_FNR,0.0
primary,test,bursty,60,0,attack_sweep_bursty,65536,B5_initial_J,0.0
primary,test,bursty,60,0,attack_sweep_bursty,65536,B5_locked_attack_alert,0.43333333333333335
primary,test,bursty,60,0,attack_sweep_bursty,65536,B5_locked_benign_trigger,0.43333333333333335
primary,test,bursty,60,0,attack_sweep_bursty,65536,B5_locked_FNR,0.5666666666666667
primary,test,bursty,60,0,attack_sweep_bursty,65536,B5_locked_J,0.0
primary,test,bursty,60,9,attack_sweep_bursty,2048,entropy_AP,0.53550613262854
primary,test,bursty,60,9,attack_sweep_bursty,2048,unique_ratio_AP,0.6101888124474804
primary,test,bursty,60,9,attack_sweep_bursty,2048,B2_attack_alert,1.0
primary,test,bursty,60,9,attack_sweep_bursty,2048,B2_benign_trigger,1.0
primary,test,bursty,60,9,attack_sweep_bursty,2048,B2_FNR,0.0
primary,test,bursty,60,9,attack_sweep_bursty,2048,B2_J,0.0
primary,test,bursty,60,9,attack_sweep_bursty,2048,B5_initial_attack_alert,1.0
primary,test,bursty,60,9,attack_sweep_bursty,2048,B5_initial_benign_trigger,1.0
primary,test,bursty,60,9,attack_sweep_bursty,2048,B5_initial_FNR,0.0
primary,test,bursty,60,9,attack_sweep_bursty,2048,B5_initial_J,0.0
primary,test,bursty,60,9,attack_sweep_bursty,2048,B5_locked_attack_alert,0.5
primary,test,bursty,60,9,attack_sweep_bursty,2048,B5_locked_benign_trigger,0.49333333333333335
primary,test,bursty,60,9,attack_sweep_bursty,2048,B5_locked_FNR,0.5
primary,test,bursty,60,9,attack_sweep_bursty,2048,B5_locked_J,0.006666666666666654
primary,test,bursty,60,9,attack_sweep_bursty,65536,entropy_AP,0.5
primary,test,bursty,60,9,attack_sweep_bursty,65536,unique_ratio_AP,0.5
primary,test,bursty,60,9,attack_sweep_bursty,65536,B2_attack_alert,1.0
primary,test,bursty,60,9,attack_sweep_bursty,65536,B2_benign_trigger,1.0
primary,test,bursty,60,9,attack_sweep_bursty,65536,B2_FNR,0.0
primary,test,bursty,60,9,attack_sweep_bursty,65536,B2_J,0.0
primary,test,bursty,60,9,attack_sweep_bursty,65536,B5_initial_attack_alert,1.0
primary,test,bursty,60,9,attack_sweep_bursty,65536,B5_initial_benign_trigger,1.0
primary,test,bursty,60,9,attack_sweep_bursty,65536,B5_initial_FNR,0.0
primary,test,bursty,60,9,attack_sweep_bursty,65536,B5_initial_J,0.0
primary,test,bursty,60,9,attack_sweep_bursty,65536,B5_locked_attack_alert,0.5066666666666667
primary,test,bursty,60,9,attack_sweep_bursty,65536,B5_locked_benign_trigger,0.5066666666666667
primary,test,bursty,60,9,attack_sweep_bursty,65536,B5_locked_FNR,0.4933333333333333
primary,test,bursty,60,9,attack_sweep_bursty,65536,B5_locked_J,0.0
primary,test,bursty,60,13,attack_sweep_bursty,2048,entropy_AP,0.525256938174303
primary,test,bursty,60,13,attack_sweep_bursty,2048,unique_ratio_AP,0.6624898677030475
primary,test,bursty,60,13,attack_sweep_bursty,2048,B2_attack_alert,1.0
primary,test,bursty,60,13,attack_sweep_bursty,2048,B2_benign_trigger,1.0
primary,test,bursty,60,13,attack_sweep_bursty,2048,B2_FNR,0.0
primary,test,bursty,60,13,attack_sweep_bursty,2048,B2_J,0.0
primary,test,bursty,60,13,attack_sweep_bursty,2048,B5_initial_attack_alert,1.0
primary,test,bursty,60,13,attack_sweep_bursty,2048,B5_initial_benign_trigger,1.0
primary,test,bursty,60,13,attack_sweep_bursty,2048,B5_initial_FNR,0.0
primary,test,bursty,60,13,attack_sweep_bursty,2048,B5_initial_J,0.0
primary,test,bursty,60,13,attack_sweep_bursty,2048,B5_locked_attack_alert,0.4666666666666667
primary,test,bursty,60,13,attack_sweep_bursty,2048,B5_locked_benign_trigger,0.4533333333333333
primary,test,bursty,60,13,attack_sweep_bursty,2048,B5_locked_FNR,0.5333333333333333
primary,test,bursty,60,13,attack_sweep_bursty,2048,B5_locked_J,0.013333333333333364
primary,test,bursty,60,13,attack_sweep_bursty,65536,entropy_AP,0.5017864140994395
primary,test,bursty,60,13,attack_sweep_bursty,65536,unique_ratio_AP,0.5119453924914675
primary,test,bursty,60,13,attack_sweep_bursty,65536,B2_attack_alert,1.0
primary,test,bursty,60,13,attack_sweep_bursty,65536,B2_benign_trigger,1.0
primary,test,bursty,60,13,attack_sweep_bursty,65536,B2_FNR,0.0
primary,test,bursty,60,13,attack_sweep_bursty,65536,B2_J,0.0
primary,test,bursty,60,13,attack_sweep_bursty,65536,B5_initial_attack_alert,1.0
primary,test,bursty,60,13,attack_sweep_bursty,65536,B5_initial_benign_trigger,1.0
primary,test,bursty,60,13,attack_sweep_bursty,65536,B5_initial_FNR,0.0
primary,test,bursty,60,13,attack_sweep_bursty,65536,B5_initial_J,0.0
primary,test,bursty,60,13,attack_sweep_bursty,65536,B5_locked_attack_alert,0.47333333333333333
primary,test,bursty,60,13,attack_sweep_bursty,65536,B5_locked_benign_trigger,0.4666666666666667
primary,test,bursty,60,13,attack_sweep_bursty,65536,B5_locked_FNR,0.5266666666666666
primary,test,bursty,60,13,attack_sweep_bursty,65536,B5_locked_J,0.006666666666666654
primary,test,bursty,60,18,attack_sweep_bursty,2048,entropy_AP,0.5406190421863302
primary,test,bursty,60,18,attack_sweep_bursty,2048,unique_ratio_AP,0.6895655730137218
primary,test,bursty,60,18,attack_sweep_bursty,2048,B2_attack_alert,1.0
primary,test,bursty,60,18,attack_sweep_bursty,2048,B2_benign_trigger,1.0
primary,test,bursty,60,18,attack_sweep_bursty,2048,B2_FNR,0.0
primary,test,bursty,60,18,attack_sweep_bursty,2048,B2_J,0.0
primary,test,bursty,60,18,attack_sweep_bursty,2048,B5_initial_attack_alert,1.0
primary,test,bursty,60,18,attack_sweep_bursty,2048,B5_initial_benign_trigger,1.0
primary,test,bursty,60,18,attack_sweep_bursty,2048,B5_initial_FNR,0.0
primary,test,bursty,60,18,attack_sweep_bursty,2048,B5_initial_J,0.0
primary,test,bursty,60,18,attack_sweep_bursty,2048,B5_locked_attack_alert,0.4066666666666667
primary,test,bursty,60,18,attack_sweep_bursty,2048,B5_locked_benign_trigger,0.36666666666666664
primary,test,bursty,60,18,attack_sweep_bursty,2048,B5_locked_FNR,0.5933333333333333
primary,test,bursty,60,18,attack_sweep_bursty,2048,B5_locked_J,0.040000000000000036
primary,test,bursty,60,18,attack_sweep_bursty,65536,entropy_AP,0.5038538354486757
primary,test,bursty,60,18,attack_sweep_bursty,65536,unique_ratio_AP,0.5190311418685121
primary,test,bursty,60,18,attack_sweep_bursty,65536,B2_attack_alert,1.0
primary,test,bursty,60,18,attack_sweep_bursty,65536,B2_benign_trigger,1.0
primary,test,bursty,60,18,attack_sweep_bursty,65536,B2_FNR,0.0
primary,test,bursty,60,18,attack_sweep_bursty,65536,B2_J,0.0
primary,test,bursty,60,18,attack_sweep_bursty,65536,B5_initial_attack_alert,1.0
primary,test,bursty,60,18,attack_sweep_bursty,65536,B5_initial_benign_trigger,1.0
primary,test,bursty,60,18,attack_sweep_bursty,65536,B5_initial_FNR,0.0
primary,test,bursty,60,18,attack_sweep_bursty,65536,B5_initial_J,0.0
primary,test,bursty,60,18,attack_sweep_bursty,65536,B5_locked_attack_alert,0.4066666666666667
primary,test,bursty,60,18,attack_sweep_bursty,65536,B5_locked_benign_trigger,0.4066666666666667
primary,test,bursty,60,18,attack_sweep_bursty,65536,B5_locked_FNR,0.5933333333333333
primary,test,bursty,60,18,attack_sweep_bursty,65536,B5_locked_J,0.0
primary,test,bursty,120,8,attack_sweep_bursty,2048,entropy_AP,0.547067220041197
primary,test,bursty,120,8,attack_sweep_bursty,2048,unique_ratio_AP,0.814880978415589
primary,test,bursty,120,8,attack_sweep_bursty,2048,B2_attack_alert,1.0
primary,test,bursty,120,8,attack_sweep_bursty,2048,B2_benign_trigger,1.0
primary,test,bursty,120,8,attack_sweep_bursty,2048,B2_FNR,0.0
primary,test,bursty,120,8,attack_sweep_bursty,2048,B2_J,0.0
primary,test,bursty,120,8,attack_sweep_bursty,2048,B5_initial_attack_alert,1.0
primary,test,bursty,120,8,attack_sweep_bursty,2048,B5_initial_benign_trigger,1.0
primary,test,bursty,120,8,attack_sweep_bursty,2048,B5_initial_FNR,0.0
primary,test,bursty,120,8,attack_sweep_bursty,2048,B5_initial_J,0.0
primary,test,bursty,120,8,attack_sweep_bursty,2048,B5_locked_attack_alert,0.9933333333333333
primary,test,bursty,120,8,attack_sweep_bursty,2048,B5_locked_benign_trigger,0.9866666666666667
primary,test,bursty,120,8,attack_sweep_bursty,2048,B5_locked_FNR,0.00666666666666671
primary,test,bursty,120,8,attack_sweep_bursty,2048,B5_locked_J,0.006666666666666599
primary,test,bursty,120,8,attack_sweep_bursty,65536,entropy_AP,0.49964917529789993
primary,test,bursty,120,8,attack_sweep_bursty,65536,unique_ratio_AP,0.49340207064913844
primary,test,bursty,120,8,attack_sweep_bursty,65536,B2_attack_alert,1.0
primary,test,bursty,120,8,attack_sweep_bursty,65536,B2_benign_trigger,1.0
primary,test,bursty,120,8,attack_sweep_bursty,65536,B2_FNR,0.0
primary,test,bursty,120,8,attack_sweep_bursty,65536,B2_J,0.0
primary,test,bursty,120,8,attack_sweep_bursty,65536,B5_initial_attack_alert,1.0
primary,test,bursty,120,8,attack_sweep_bursty,65536,B5_initial_benign_trigger,1.0
primary,test,bursty,120,8,attack_sweep_bursty,65536,B5_initial_FNR,0.0
primary,test,bursty,120,8,attack_sweep_bursty,65536,B5_initial_J,0.0
primary,test,bursty,120,8,attack_sweep_bursty,65536,B5_locked_attack_alert,0.9933333333333333
primary,test,bursty,120,8,attack_sweep_bursty,65536,B5_locked_benign_trigger,0.9933333333333333
primary,test,bursty,120,8,attack_sweep_bursty,65536,B5_locked_FNR,0.00666666666666671
primary,test,bursty,120,8,attack_sweep_bursty,65536,B5_locked_J,0.0
primary,test,bursty,120,12,attack_sweep_bursty,2048,entropy_AP,0.559803008722964
primary,test,bursty,120,12,attack_sweep_bursty,2048,unique_ratio_AP,0.8329629475261304
primary,test,bursty,120,12,attack_sweep_bursty,2048,B2_attack_alert,1.0
primary,test,bursty,120,12,attack_sweep_bursty,2048,B2_benign_trigger,1.0
primary,test,bursty,120,12,attack_sweep_bursty,2048,B2_FNR,0.0
primary,test,bursty,120,12,attack_sweep_bursty,2048,B2_J,0.0
primary,test,bursty,120,12,attack_sweep_bursty,2048,B5_initial_attack_alert,1.0
primary,test,bursty,120,12,attack_sweep_bursty,2048,B5_initial_benign_trigger,1.0
primary,test,bursty,120,12,attack_sweep_bursty,2048,B5_initial_FNR,0.0
primary,test,bursty,120,12,attack_sweep_bursty,2048,B5_initial_J,0.0
primary,test,bursty,120,12,attack_sweep_bursty,2048,B5_locked_attack_alert,0.9933333333333333
primary,test,bursty,120,12,attack_sweep_bursty,2048,B5_locked_benign_trigger,0.9866666666666667
primary,test,bursty,120,12,attack_sweep_bursty,2048,B5_locked_FNR,0.00666666666666671
primary,test,bursty,120,12,attack_sweep_bursty,2048,B5_locked_J,0.006666666666666599
primary,test,bursty,120,12,attack_sweep_bursty,65536,entropy_AP,0.5157815741151122
primary,test,bursty,120,12,attack_sweep_bursty,65536,unique_ratio_AP,0.5570890830647287
primary,test,bursty,120,12,attack_sweep_bursty,65536,B2_attack_alert,1.0
primary,test,bursty,120,12,attack_sweep_bursty,65536,B2_benign_trigger,1.0
primary,test,bursty,120,12,attack_sweep_bursty,65536,B2_FNR,0.0
primary,test,bursty,120,12,attack_sweep_bursty,65536,B2_J,0.0
primary,test,bursty,120,12,attack_sweep_bursty,65536,B5_initial_attack_alert,1.0
primary,test,bursty,120,12,attack_sweep_bursty,65536,B5_initial_benign_trigger,1.0
primary,test,bursty,120,12,attack_sweep_bursty,65536,B5_initial_FNR,0.0
primary,test,bursty,120,12,attack_sweep_bursty,65536,B5_initial_J,0.0
primary,test,bursty,120,12,attack_sweep_bursty,65536,B5_locked_attack_alert,0.9933333333333333
primary,test,bursty,120,12,attack_sweep_bursty,65536,B5_locked_benign_trigger,0.9866666666666667
primary,test,bursty,120,12,attack_sweep_bursty,65536,B5_locked_FNR,0.00666666666666671
primary,test,bursty,120,12,attack_sweep_bursty,65536,B5_locked_J,0.006666666666666599
primary,test,bursty,120,14,attack_sweep_bursty,2048,entropy_AP,0.5613225956341115
primary,test,bursty,120,14,attack_sweep_bursty,2048,unique_ratio_AP,0.8264775213433204
primary,test,bursty,120,14,attack_sweep_bursty,2048,B2_attack_alert,1.0
primary,test,bursty,120,14,attack_sweep_bursty,2048,B2_benign_trigger,1.0
primary,test,bursty,120,14,attack_sweep_bursty,2048,B2_FNR,0.0
primary,test,bursty,120,14,attack_sweep_bursty,2048,B2_J,0.0
primary,test,bursty,120,14,attack_sweep_bursty,2048,B5_initial_attack_alert,1.0
primary,test,bursty,120,14,attack_sweep_bursty,2048,B5_initial_benign_trigger,1.0
primary,test,bursty,120,14,attack_sweep_bursty,2048,B5_initial_FNR,0.0
primary,test,bursty,120,14,attack_sweep_bursty,2048,B5_initial_J,0.0
primary,test,bursty,120,14,attack_sweep_bursty,2048,B5_locked_attack_alert,0.9933333333333333
primary,test,bursty,120,14,attack_sweep_bursty,2048,B5_locked_benign_trigger,0.98
primary,test,bursty,120,14,attack_sweep_bursty,2048,B5_locked_FNR,0.00666666666666671
primary,test,bursty,120,14,attack_sweep_bursty,2048,B5_locked_J,0.013333333333333308
primary,test,bursty,120,14,attack_sweep_bursty,65536,entropy_AP,0.502544010907962
primary,test,bursty,120,14,attack_sweep_bursty,65536,unique_ratio_AP,0.5121262047466371
primary,test,bursty,120,14,attack_sweep_bursty,65536,B2_attack_alert,1.0
primary,test,bursty,120,14,attack_sweep_bursty,65536,B2_benign_trigger,1.0
primary,test,bursty,120,14,attack_sweep_bursty,65536,B2_FNR,0.0
primary,test,bursty,120,14,attack_sweep_bursty,65536,B2_J,0.0
primary,test,bursty,120,14,attack_sweep_bursty,65536,B5_initial_attack_alert,1.0
primary,test,bursty,120,14,attack_sweep_bursty,65536,B5_initial_benign_trigger,1.0
primary,test,bursty,120,14,attack_sweep_bursty,65536,B5_initial_FNR,0.0
primary,test,bursty,120,14,attack_sweep_bursty,65536,B5_initial_J,0.0
primary,test,bursty,120,14,attack_sweep_bursty,65536,B5_locked_attack_alert,0.9933333333333333
primary,test,bursty,120,14,attack_sweep_bursty,65536,B5_locked_benign_trigger,0.9933333333333333
primary,test,bursty,120,14,attack_sweep_bursty,65536,B5_locked_FNR,0.00666666666666671
primary,test,bursty,120,14,attack_sweep_bursty,65536,B5_locked_J,0.0
primary,test,bursty,120,17,attack_sweep_bursty,2048,entropy_AP,0.5551267609216173
primary,test,bursty,120,17,attack_sweep_bursty,2048,unique_ratio_AP,0.8019597546981285
primary,test,bursty,120,17,attack_sweep_bursty,2048,B2_attack_alert,1.0
primary,test,bursty,120,17,attack_sweep_bursty,2048,B2_benign_trigger,1.0
primary,test,bursty,120,17,attack_sweep_bursty,2048,B2_FNR,0.0
primary,test,bursty,120,17,attack_sweep_bursty,2048,B2_J,0.0
primary,test,bursty,120,17,attack_sweep_bursty,2048,B5_initial_attack_alert,1.0
primary,test,bursty,120,17,attack_sweep_bursty,2048,B5_initial_benign_trigger,1.0
primary,test,bursty,120,17,attack_sweep_bursty,2048,B5_initial_FNR,0.0
primary,test,bursty,120,17,attack_sweep_bursty,2048,B5_initial_J,0.0
primary,test,bursty,120,17,attack_sweep_bursty,2048,B5_locked_attack_alert,1.0
primary,test,bursty,120,17,attack_sweep_bursty,2048,B5_locked_benign_trigger,0.9866666666666667
primary,test,bursty,120,17,attack_sweep_bursty,2048,B5_locked_FNR,0.0
primary,test,bursty,120,17,attack_sweep_bursty,2048,B5_locked_J,0.013333333333333308
primary,test,bursty,120,17,attack_sweep_bursty,65536,entropy_AP,0.5008398410803859
primary,test,bursty,120,17,attack_sweep_bursty,65536,unique_ratio_AP,0.5050505050505051
primary,test,bursty,120,17,attack_sweep_bursty,65536,B2_attack_alert,1.0
primary,test,bursty,120,17,attack_sweep_bursty,65536,B2_benign_trigger,1.0
primary,test,bursty,120,17,attack_sweep_bursty,65536,B2_FNR,0.0
primary,test,bursty,120,17,attack_sweep_bursty,65536,B2_J,0.0
primary,test,bursty,120,17,attack_sweep_bursty,65536,B5_initial_attack_alert,1.0
primary,test,bursty,120,17,attack_sweep_bursty,65536,B5_initial_benign_trigger,1.0
primary,test,bursty,120,17,attack_sweep_bursty,65536,B5_initial_FNR,0.0
primary,test,bursty,120,17,attack_sweep_bursty,65536,B5_initial_J,0.0
primary,test,bursty,120,17,attack_sweep_bursty,65536,B5_locked_attack_alert,1.0
primary,test,bursty,120,17,attack_sweep_bursty,65536,B5_locked_benign_trigger,1.0
primary,test,bursty,120,17,attack_sweep_bursty,65536,B5_locked_FNR,0.0
primary,test,bursty,120,17,attack_sweep_bursty,65536,B5_locked_J,0.0
primary,test,bursty,200,2,attack_sweep_bursty,2048,entropy_AP,0.5979256848076855
primary,test,bursty,200,2,attack_sweep_bursty,2048,unique_ratio_AP,0.9052291687582393
primary,test,bursty,200,2,attack_sweep_bursty,2048,B2_attack_alert,1.0
primary,test,bursty,200,2,attack_sweep_bursty,2048,B2_benign_trigger,1.0
primary,test,bursty,200,2,attack_sweep_bursty,2048,B2_FNR,0.0
primary,test,bursty,200,2,attack_sweep_bursty,2048,B2_J,0.0
primary,test,bursty,200,2,attack_sweep_bursty,2048,B5_initial_attack_alert,1.0
primary,test,bursty,200,2,attack_sweep_bursty,2048,B5_initial_benign_trigger,1.0
primary,test,bursty,200,2,attack_sweep_bursty,2048,B5_initial_FNR,0.0
primary,test,bursty,200,2,attack_sweep_bursty,2048,B5_initial_J,0.0
primary,test,bursty,200,2,attack_sweep_bursty,2048,B5_locked_attack_alert,1.0
primary,test,bursty,200,2,attack_sweep_bursty,2048,B5_locked_benign_trigger,1.0
primary,test,bursty,200,2,attack_sweep_bursty,2048,B5_locked_FNR,0.0
primary,test,bursty,200,2,attack_sweep_bursty,2048,B5_locked_J,0.0
primary,test,bursty,200,2,attack_sweep_bursty,65536,entropy_AP,0.5073091263769095
primary,test,bursty,200,2,attack_sweep_bursty,65536,unique_ratio_AP,0.5703422053231939
primary,test,bursty,200,2,attack_sweep_bursty,65536,B2_attack_alert,1.0
primary,test,bursty,200,2,attack_sweep_bursty,65536,B2_benign_trigger,1.0
primary,test,bursty,200,2,attack_sweep_bursty,65536,B2_FNR,0.0
primary,test,bursty,200,2,attack_sweep_bursty,65536,B2_J,0.0
primary,test,bursty,200,2,attack_sweep_bursty,65536,B5_initial_attack_alert,1.0
primary,test,bursty,200,2,attack_sweep_bursty,65536,B5_initial_benign_trigger,1.0
primary,test,bursty,200,2,attack_sweep_bursty,65536,B5_initial_FNR,0.0
primary,test,bursty,200,2,attack_sweep_bursty,65536,B5_initial_J,0.0
primary,test,bursty,200,2,attack_sweep_bursty,65536,B5_locked_attack_alert,1.0
primary,test,bursty,200,2,attack_sweep_bursty,65536,B5_locked_benign_trigger,1.0
primary,test,bursty,200,2,attack_sweep_bursty,65536,B5_locked_FNR,0.0
primary,test,bursty,200,2,attack_sweep_bursty,65536,B5_locked_J,0.0
primary,test,bursty,200,6,attack_sweep_bursty,2048,entropy_AP,0.61862840221802
primary,test,bursty,200,6,attack_sweep_bursty,2048,unique_ratio_AP,0.956184993922233
primary,test,bursty,200,6,attack_sweep_bursty,2048,B2_attack_alert,1.0
primary,test,bursty,200,6,attack_sweep_bursty,2048,B2_benign_trigger,1.0
primary,test,bursty,200,6,attack_sweep_bursty,2048,B2_FNR,0.0
primary,test,bursty,200,6,attack_sweep_bursty,2048,B2_J,0.0
primary,test,bursty,200,6,attack_sweep_bursty,2048,B5_initial_attack_alert,1.0
primary,test,bursty,200,6,attack_sweep_bursty,2048,B5_initial_benign_trigger,1.0
primary,test,bursty,200,6,attack_sweep_bursty,2048,B5_initial_FNR,0.0
primary,test,bursty,200,6,attack_sweep_bursty,2048,B5_initial_J,0.0
primary,test,bursty,200,6,attack_sweep_bursty,2048,B5_locked_attack_alert,1.0
primary,test,bursty,200,6,attack_sweep_bursty,2048,B5_locked_benign_trigger,1.0
primary,test,bursty,200,6,attack_sweep_bursty,2048,B5_locked_FNR,0.0
primary,test,bursty,200,6,attack_sweep_bursty,2048,B5_locked_J,0.0
primary,test,bursty,200,6,attack_sweep_bursty,65536,entropy_AP,0.5101542410721369
primary,test,bursty,200,6,attack_sweep_bursty,65536,unique_ratio_AP,0.5514432772149372
primary,test,bursty,200,6,attack_sweep_bursty,65536,B2_attack_alert,1.0
primary,test,bursty,200,6,attack_sweep_bursty,65536,B2_benign_trigger,1.0
primary,test,bursty,200,6,attack_sweep_bursty,65536,B2_FNR,0.0
primary,test,bursty,200,6,attack_sweep_bursty,65536,B2_J,0.0
primary,test,bursty,200,6,attack_sweep_bursty,65536,B5_initial_attack_alert,1.0
primary,test,bursty,200,6,attack_sweep_bursty,65536,B5_initial_benign_trigger,1.0
primary,test,bursty,200,6,attack_sweep_bursty,65536,B5_initial_FNR,0.0
primary,test,bursty,200,6,attack_sweep_bursty,65536,B5_initial_J,0.0
primary,test,bursty,200,6,attack_sweep_bursty,65536,B5_locked_attack_alert,1.0
primary,test,bursty,200,6,attack_sweep_bursty,65536,B5_locked_benign_trigger,1.0
primary,test,bursty,200,6,attack_sweep_bursty,65536,B5_locked_FNR,0.0
primary,test,bursty,200,6,attack_sweep_bursty,65536,B5_locked_J,0.0
primary,test,bursty,200,10,attack_sweep_bursty,2048,entropy_AP,0.6021153812509381
primary,test,bursty,200,10,attack_sweep_bursty,2048,unique_ratio_AP,0.9535659851698083
primary,test,bursty,200,10,attack_sweep_bursty,2048,B2_attack_alert,1.0
primary,test,bursty,200,10,attack_sweep_bursty,2048,B2_benign_trigger,1.0
primary,test,bursty,200,10,attack_sweep_bursty,2048,B2_FNR,0.0
primary,test,bursty,200,10,attack_sweep_bursty,2048,B2_J,0.0
primary,test,bursty,200,10,attack_sweep_bursty,2048,B5_initial_attack_alert,1.0
primary,test,bursty,200,10,attack_sweep_bursty,2048,B5_initial_benign_trigger,1.0
primary,test,bursty,200,10,attack_sweep_bursty,2048,B5_initial_FNR,0.0
primary,test,bursty,200,10,attack_sweep_bursty,2048,B5_initial_J,0.0
primary,test,bursty,200,10,attack_sweep_bursty,2048,B5_locked_attack_alert,1.0
primary,test,bursty,200,10,attack_sweep_bursty,2048,B5_locked_benign_trigger,0.9933333333333333
primary,test,bursty,200,10,attack_sweep_bursty,2048,B5_locked_FNR,0.0
primary,test,bursty,200,10,attack_sweep_bursty,2048,B5_locked_J,0.00666666666666671
primary,test,bursty,200,10,attack_sweep_bursty,65536,entropy_AP,0.5106030858146073
primary,test,bursty,200,10,attack_sweep_bursty,65536,unique_ratio_AP,0.5487141597371394
primary,test,bursty,200,10,attack_sweep_bursty,65536,B2_attack_alert,1.0
primary,test,bursty,200,10,attack_sweep_bursty,65536,B2_benign_trigger,1.0
primary,test,bursty,200,10,attack_sweep_bursty,65536,B2_FNR,0.0
primary,test,bursty,200,10,attack_sweep_bursty,65536,B2_J,0.0
primary,test,bursty,200,10,attack_sweep_bursty,65536,B5_initial_attack_alert,1.0
primary,test,bursty,200,10,attack_sweep_bursty,65536,B5_initial_benign_trigger,1.0
primary,test,bursty,200,10,attack_sweep_bursty,65536,B5_initial_FNR,0.0
primary,test,bursty,200,10,attack_sweep_bursty,65536,B5_initial_J,0.0
primary,test,bursty,200,10,attack_sweep_bursty,65536,B5_locked_attack_alert,1.0
primary,test,bursty,200,10,attack_sweep_bursty,65536,B5_locked_benign_trigger,1.0
primary,test,bursty,200,10,attack_sweep_bursty,65536,B5_locked_FNR,0.0
primary,test,bursty,200,10,attack_sweep_bursty,65536,B5_locked_J,0.0
primary,test,bursty,200,16,attack_sweep_bursty,2048,entropy_AP,0.6056369553260706
primary,test,bursty,200,16,attack_sweep_bursty,2048,unique_ratio_AP,0.9519744162633409
primary,test,bursty,200,16,attack_sweep_bursty,2048,B2_attack_alert,1.0
primary,test,bursty,200,16,attack_sweep_bursty,2048,B2_benign_trigger,1.0
primary,test,bursty,200,16,attack_sweep_bursty,2048,B2_FNR,0.0
primary,test,bursty,200,16,attack_sweep_bursty,2048,B2_J,0.0
primary,test,bursty,200,16,attack_sweep_bursty,2048,B5_initial_attack_alert,1.0
primary,test,bursty,200,16,attack_sweep_bursty,2048,B5_initial_benign_trigger,1.0
primary,test,bursty,200,16,attack_sweep_bursty,2048,B5_initial_FNR,0.0
primary,test,bursty,200,16,attack_sweep_bursty,2048,B5_initial_J,0.0
primary,test,bursty,200,16,attack_sweep_bursty,2048,B5_locked_attack_alert,1.0
primary,test,bursty,200,16,attack_sweep_bursty,2048,B5_locked_benign_trigger,1.0
primary,test,bursty,200,16,attack_sweep_bursty,2048,B5_locked_FNR,0.0
primary,test,bursty,200,16,attack_sweep_bursty,2048,B5_locked_J,0.0
primary,test,bursty,200,16,attack_sweep_bursty,65536,entropy_AP,0.5140705549478444
primary,test,bursty,200,16,attack_sweep_bursty,65536,unique_ratio_AP,0.577260230657112
primary,test,bursty,200,16,attack_sweep_bursty,65536,B2_attack_alert,1.0
primary,test,bursty,200,16,attack_sweep_bursty,65536,B2_benign_trigger,1.0
primary,test,bursty,200,16,attack_sweep_bursty,65536,B2_FNR,0.0
primary,test,bursty,200,16,attack_sweep_bursty,65536,B2_J,0.0
primary,test,bursty,200,16,attack_sweep_bursty,65536,B5_initial_attack_alert,1.0
primary,test,bursty,200,16,attack_sweep_bursty,65536,B5_initial_benign_trigger,1.0
primary,test,bursty,200,16,attack_sweep_bursty,65536,B5_initial_FNR,0.0
primary,test,bursty,200,16,attack_sweep_bursty,65536,B5_initial_J,0.0
primary,test,bursty,200,16,attack_sweep_bursty,65536,B5_locked_attack_alert,1.0
primary,test,bursty,200,16,attack_sweep_bursty,65536,B5_locked_benign_trigger,1.0
primary,test,bursty,200,16,attack_sweep_bursty,65536,B5_locked_FNR,0.0
primary,test,bursty,200,16,attack_sweep_bursty,65536,B5_locked_J,0.0
secondary,test,continuous,24,3,attack_dup_sweep_continuous,2048,entropy_AP,0.31898838429882553
secondary,test,continuous,24,3,attack_dup_sweep_continuous,2048,unique_ratio_AP,0.3157530896202966
secondary,test,continuous,24,3,attack_dup_sweep_continuous,2048,B2_attack_alert,0.49333333333333335
secondary,test,continuous,24,3,attack_dup_sweep_continuous,2048,B2_benign_trigger,0.49333333333333335
secondary,test,continuous,24,3,attack_dup_sweep_continuous,2048,B2_FNR,0.5066666666666666
secondary,test,continuous,24,3,attack_dup_sweep_continuous,2048,B2_J,0.0
secondary,test,continuous,24,3,attack_dup_sweep_continuous,2048,B5_initial_attack_alert,0.0
secondary,test,continuous,24,3,attack_dup_sweep_continuous,2048,B5_initial_benign_trigger,0.49333333333333335
secondary,test,continuous,24,3,attack_dup_sweep_continuous,2048,B5_initial_FNR,1.0
secondary,test,continuous,24,3,attack_dup_sweep_continuous,2048,B5_initial_J,-0.49333333333333335
secondary,test,continuous,24,3,attack_dup_sweep_continuous,2048,B5_locked_attack_alert,0.0
secondary,test,continuous,24,3,attack_dup_sweep_continuous,2048,B5_locked_benign_trigger,0.0
secondary,test,continuous,24,3,attack_dup_sweep_continuous,2048,B5_locked_FNR,1.0
secondary,test,continuous,24,3,attack_dup_sweep_continuous,2048,B5_locked_J,0.0
secondary,test,continuous,24,3,attack_dup_sweep_continuous,65536,entropy_AP,0.3189821677412478
secondary,test,continuous,24,3,attack_dup_sweep_continuous,65536,unique_ratio_AP,0.3157530896202966
secondary,test,continuous,24,3,attack_dup_sweep_continuous,65536,B2_attack_alert,0.49333333333333335
secondary,test,continuous,24,3,attack_dup_sweep_continuous,65536,B2_benign_trigger,0.49333333333333335
secondary,test,continuous,24,3,attack_dup_sweep_continuous,65536,B2_FNR,0.5066666666666666
secondary,test,continuous,24,3,attack_dup_sweep_continuous,65536,B2_J,0.0
secondary,test,continuous,24,3,attack_dup_sweep_continuous,65536,B5_initial_attack_alert,0.0
secondary,test,continuous,24,3,attack_dup_sweep_continuous,65536,B5_initial_benign_trigger,0.49333333333333335
secondary,test,continuous,24,3,attack_dup_sweep_continuous,65536,B5_initial_FNR,1.0
secondary,test,continuous,24,3,attack_dup_sweep_continuous,65536,B5_initial_J,-0.49333333333333335
secondary,test,continuous,24,3,attack_dup_sweep_continuous,65536,B5_locked_attack_alert,0.0
secondary,test,continuous,24,3,attack_dup_sweep_continuous,65536,B5_locked_benign_trigger,0.0
secondary,test,continuous,24,3,attack_dup_sweep_continuous,65536,B5_locked_FNR,1.0
secondary,test,continuous,24,3,attack_dup_sweep_continuous,65536,B5_locked_J,0.0
secondary,test,continuous,24,3,attack_fixed_continuous,2048,entropy_AP,0.31082729662773895
secondary,test,continuous,24,3,attack_fixed_continuous,2048,unique_ratio_AP,0.3118236327932742
secondary,test,continuous,24,3,attack_fixed_continuous,2048,B2_attack_alert,0.49333333333333335
secondary,test,continuous,24,3,attack_fixed_continuous,2048,B2_benign_trigger,0.49333333333333335
secondary,test,continuous,24,3,attack_fixed_continuous,2048,B2_FNR,0.5066666666666666
secondary,test,continuous,24,3,attack_fixed_continuous,2048,B2_J,0.0
secondary,test,continuous,24,3,attack_fixed_continuous,2048,B5_initial_attack_alert,0.0
secondary,test,continuous,24,3,attack_fixed_continuous,2048,B5_initial_benign_trigger,0.49333333333333335
secondary,test,continuous,24,3,attack_fixed_continuous,2048,B5_initial_FNR,1.0
secondary,test,continuous,24,3,attack_fixed_continuous,2048,B5_initial_J,-0.49333333333333335
secondary,test,continuous,24,3,attack_fixed_continuous,2048,B5_locked_attack_alert,0.0
secondary,test,continuous,24,3,attack_fixed_continuous,2048,B5_locked_benign_trigger,0.0
secondary,test,continuous,24,3,attack_fixed_continuous,2048,B5_locked_FNR,1.0
secondary,test,continuous,24,3,attack_fixed_continuous,2048,B5_locked_J,0.0
secondary,test,continuous,24,3,attack_fixed_continuous,65536,entropy_AP,0.31082729662773895
secondary,test,continuous,24,3,attack_fixed_continuous,65536,unique_ratio_AP,0.31182363279327424
secondary,test,continuous,24,3,attack_fixed_continuous,65536,B2_attack_alert,0.49333333333333335
secondary,test,continuous,24,3,attack_fixed_continuous,65536,B2_benign_trigger,0.49333333333333335
secondary,test,continuous,24,3,attack_fixed_continuous,65536,B2_FNR,0.5066666666666666
secondary,test,continuous,24,3,attack_fixed_continuous,65536,B2_J,0.0
secondary,test,continuous,24,3,attack_fixed_continuous,65536,B5_initial_attack_alert,0.0
secondary,test,continuous,24,3,attack_fixed_continuous,65536,B5_initial_benign_trigger,0.49333333333333335
secondary,test,continuous,24,3,attack_fixed_continuous,65536,B5_initial_FNR,1.0
secondary,test,continuous,24,3,attack_fixed_continuous,65536,B5_initial_J,-0.49333333333333335
secondary,test,continuous,24,3,attack_fixed_continuous,65536,B5_locked_attack_alert,0.0
secondary,test,continuous,24,3,attack_fixed_continuous,65536,B5_locked_benign_trigger,0.0
secondary,test,continuous,24,3,attack_fixed_continuous,65536,B5_locked_FNR,1.0
secondary,test,continuous,24,3,attack_fixed_continuous,65536,B5_locked_J,0.0
secondary,test,continuous,24,3,attack_random_continuous,2048,entropy_AP,0.49784189966158515
secondary,test,continuous,24,3,attack_random_continuous,2048,unique_ratio_AP,0.4969258041042952
secondary,test,continuous,24,3,attack_random_continuous,2048,B2_attack_alert,0.49333333333333335
secondary,test,continuous,24,3,attack_random_continuous,2048,B2_benign_trigger,0.49333333333333335
secondary,test,continuous,24,3,attack_random_continuous,2048,B2_FNR,0.5066666666666666
secondary,test,continuous,24,3,attack_random_continuous,2048,B2_J,0.0
secondary,test,continuous,24,3,attack_random_continuous,2048,B5_initial_attack_alert,0.49333333333333335
secondary,test,continuous,24,3,attack_random_continuous,2048,B5_initial_benign_trigger,0.49333333333333335
secondary,test,continuous,24,3,attack_random_continuous,2048,B5_initial_FNR,0.5066666666666666
secondary,test,continuous,24,3,attack_random_continuous,2048,B5_initial_J,0.0
secondary,test,continuous,24,3,attack_random_continuous,2048,B5_locked_attack_alert,0.0
secondary,test,continuous,24,3,attack_random_continuous,2048,B5_locked_benign_trigger,0.0
secondary,test,continuous,24,3,attack_random_continuous,2048,B5_locked_FNR,1.0
secondary,test,continuous,24,3,attack_random_continuous,2048,B5_locked_J,0.0
secondary,test,continuous,24,3,attack_random_continuous,65536,entropy_AP,0.5
secondary,test,continuous,24,3,attack_random_continuous,65536,unique_ratio_AP,0.5
secondary,test,continuous,24,3,attack_random_continuous,65536,B2_attack_alert,0.49333333333333335
secondary,test,continuous,24,3,attack_random_continuous,65536,B2_benign_trigger,0.49333333333333335
secondary,test,continuous,24,3,attack_random_continuous,65536,B2_FNR,0.5066666666666666
secondary,test,continuous,24,3,attack_random_continuous,65536,B2_J,0.0
secondary,test,continuous,24,3,attack_random_continuous,65536,B5_initial_attack_alert,0.49333333333333335
secondary,test,continuous,24,3,attack_random_continuous,65536,B5_initial_benign_trigger,0.49333333333333335
secondary,test,continuous,24,3,attack_random_continuous,65536,B5_initial_FNR,0.5066666666666666
secondary,test,continuous,24,3,attack_random_continuous,65536,B5_initial_J,0.0
secondary,test,continuous,24,3,attack_random_continuous,65536,B5_locked_attack_alert,0.0
secondary,test,continuous,24,3,attack_random_continuous,65536,B5_locked_benign_trigger,0.0
secondary,test,continuous,24,3,attack_random_continuous,65536,B5_locked_FNR,1.0
secondary,test,continuous,24,3,attack_random_continuous,65536,B5_locked_J,0.0
primary,test,continuous,24,3,attack_sweep_continuous,2048,entropy_AP,0.5029055994239923
primary,test,continuous,24,3,attack_sweep_continuous,2048,unique_ratio_AP,0.5218788891564957
primary,test,continuous,24,3,attack_sweep_continuous,2048,B2_attack_alert,0.49333333333333335
primary,test,continuous,24,3,attack_sweep_continuous,2048,B2_benign_trigger,0.49333333333333335
primary,test,continuous,24,3,attack_sweep_continuous,2048,B2_FNR,0.5066666666666666
primary,test,continuous,24,3,attack_sweep_continuous,2048,B2_J,0.0
primary,test,continuous,24,3,attack_sweep_continuous,2048,B5_initial_attack_alert,0.49333333333333335
primary,test,continuous,24,3,attack_sweep_continuous,2048,B5_initial_benign_trigger,0.49333333333333335
primary,test,continuous,24,3,attack_sweep_continuous,2048,B5_initial_FNR,0.5066666666666666
primary,test,continuous,24,3,attack_sweep_continuous,2048,B5_initial_J,0.0
primary,test,continuous,24,3,attack_sweep_continuous,2048,B5_locked_attack_alert,0.0
primary,test,continuous,24,3,attack_sweep_continuous,2048,B5_locked_benign_trigger,0.0
primary,test,continuous,24,3,attack_sweep_continuous,2048,B5_locked_FNR,1.0
primary,test,continuous,24,3,attack_sweep_continuous,2048,B5_locked_J,0.0
primary,test,continuous,24,3,attack_sweep_continuous,65536,entropy_AP,0.5
primary,test,continuous,24,3,attack_sweep_continuous,65536,unique_ratio_AP,0.5
primary,test,continuous,24,3,attack_sweep_continuous,65536,B2_attack_alert,0.49333333333333335
primary,test,continuous,24,3,attack_sweep_continuous,65536,B2_benign_trigger,0.49333333333333335
primary,test,continuous,24,3,attack_sweep_continuous,65536,B2_FNR,0.5066666666666666
primary,test,continuous,24,3,attack_sweep_continuous,65536,B2_J,0.0
primary,test,continuous,24,3,attack_sweep_continuous,65536,B5_initial_attack_alert,0.49333333333333335
primary,test,continuous,24,3,attack_sweep_continuous,65536,B5_initial_benign_trigger,0.49333333333333335
primary,test,continuous,24,3,attack_sweep_continuous,65536,B5_initial_FNR,0.5066666666666666
primary,test,continuous,24,3,attack_sweep_continuous,65536,B5_initial_J,0.0
primary,test,continuous,24,3,attack_sweep_continuous,65536,B5_locked_attack_alert,0.0
primary,test,continuous,24,3,attack_sweep_continuous,65536,B5_locked_benign_trigger,0.0
primary,test,continuous,24,3,attack_sweep_continuous,65536,B5_locked_FNR,1.0
primary,test,continuous,24,3,attack_sweep_continuous,65536,B5_locked_J,0.0
secondary,test,continuous,24,7,attack_dup_sweep_continuous,2048,entropy_AP,0.31518247042604164
secondary,test,continuous,24,7,attack_dup_sweep_continuous,2048,unique_ratio_AP,0.3156491139772973
secondary,test,continuous,24,7,attack_dup_sweep_continuous,2048,B2_attack_alert,0.5333333333333333
secondary,test,continuous,24,7,attack_dup_sweep_continuous,2048,B2_benign_trigger,0.5333333333333333
secondary,test,continuous,24,7,attack_dup_sweep_continuous,2048,B2_FNR,0.4666666666666667
secondary,test,continuous,24,7,attack_dup_sweep_continuous,2048,B2_J,0.0
secondary,test,continuous,24,7,attack_dup_sweep_continuous,2048,B5_initial_attack_alert,0.0
secondary,test,continuous,24,7,attack_dup_sweep_continuous,2048,B5_initial_benign_trigger,0.5333333333333333
secondary,test,continuous,24,7,attack_dup_sweep_continuous,2048,B5_initial_FNR,1.0
secondary,test,continuous,24,7,attack_dup_sweep_continuous,2048,B5_initial_J,-0.5333333333333333
secondary,test,continuous,24,7,attack_dup_sweep_continuous,2048,B5_locked_attack_alert,0.0
secondary,test,continuous,24,7,attack_dup_sweep_continuous,2048,B5_locked_benign_trigger,0.0
secondary,test,continuous,24,7,attack_dup_sweep_continuous,2048,B5_locked_FNR,1.0
secondary,test,continuous,24,7,attack_dup_sweep_continuous,2048,B5_locked_J,0.0
secondary,test,continuous,24,7,attack_dup_sweep_continuous,65536,entropy_AP,0.3146776835738762
secondary,test,continuous,24,7,attack_dup_sweep_continuous,65536,unique_ratio_AP,0.3156491139772973
secondary,test,continuous,24,7,attack_dup_sweep_continuous,65536,B2_attack_alert,0.5333333333333333
secondary,test,continuous,24,7,attack_dup_sweep_continuous,65536,B2_benign_trigger,0.5333333333333333
secondary,test,continuous,24,7,attack_dup_sweep_continuous,65536,B2_FNR,0.4666666666666667
secondary,test,continuous,24,7,attack_dup_sweep_continuous,65536,B2_J,0.0
secondary,test,continuous,24,7,attack_dup_sweep_continuous,65536,B5_initial_attack_alert,0.0
secondary,test,continuous,24,7,attack_dup_sweep_continuous,65536,B5_initial_benign_trigger,0.5333333333333333
secondary,test,continuous,24,7,attack_dup_sweep_continuous,65536,B5_initial_FNR,1.0
secondary,test,continuous,24,7,attack_dup_sweep_continuous,65536,B5_initial_J,-0.5333333333333333
secondary,test,continuous,24,7,attack_dup_sweep_continuous,65536,B5_locked_attack_alert,0.0
secondary,test,continuous,24,7,attack_dup_sweep_continuous,65536,B5_locked_benign_trigger,0.0
secondary,test,continuous,24,7,attack_dup_sweep_continuous,65536,B5_locked_FNR,1.0
secondary,test,continuous,24,7,attack_dup_sweep_continuous,65536,B5_locked_J,0.0
secondary,test,continuous,24,7,attack_fixed_continuous,2048,entropy_AP,0.31257519705916104
secondary,test,continuous,24,7,attack_fixed_continuous,2048,unique_ratio_AP,0.31244178235886644
secondary,test,continuous,24,7,attack_fixed_continuous,2048,B2_attack_alert,0.5333333333333333
secondary,test,continuous,24,7,attack_fixed_continuous,2048,B2_benign_trigger,0.5333333333333333
secondary,test,continuous,24,7,attack_fixed_continuous,2048,B2_FNR,0.4666666666666667
secondary,test,continuous,24,7,attack_fixed_continuous,2048,B2_J,0.0
secondary,test,continuous,24,7,attack_fixed_continuous,2048,B5_initial_attack_alert,0.0
secondary,test,continuous,24,7,attack_fixed_continuous,2048,B5_initial_benign_trigger,0.5333333333333333
secondary,test,continuous,24,7,attack_fixed_continuous,2048,B5_initial_FNR,1.0
secondary,test,continuous,24,7,attack_fixed_continuous,2048,B5_initial_J,-0.5333333333333333
secondary,test,continuous,24,7,attack_fixed_continuous,2048,B5_locked_attack_alert,0.0
secondary,test,continuous,24,7,attack_fixed_continuous,2048,B5_locked_benign_trigger,0.0
secondary,test,continuous,24,7,attack_fixed_continuous,2048,B5_locked_FNR,1.0
secondary,test,continuous,24,7,attack_fixed_continuous,2048,B5_locked_J,0.0
secondary,test,continuous,24,7,attack_fixed_continuous,65536,entropy_AP,0.31257519705916104
secondary,test,continuous,24,7,attack_fixed_continuous,65536,unique_ratio_AP,0.31244178235886644
secondary,test,continuous,24,7,attack_fixed_continuous,65536,B2_attack_alert,0.5333333333333333
secondary,test,continuous,24,7,attack_fixed_continuous,65536,B2_benign_trigger,0.5333333333333333
secondary,test,continuous,24,7,attack_fixed_continuous,65536,B2_FNR,0.4666666666666667
secondary,test,continuous,24,7,attack_fixed_continuous,65536,B2_J,0.0
secondary,test,continuous,24,7,attack_fixed_continuous,65536,B5_initial_attack_alert,0.0
secondary,test,continuous,24,7,attack_fixed_continuous,65536,B5_initial_benign_trigger,0.5333333333333333
secondary,test,continuous,24,7,attack_fixed_continuous,65536,B5_initial_FNR,1.0
secondary,test,continuous,24,7,attack_fixed_continuous,65536,B5_initial_J,-0.5333333333333333
secondary,test,continuous,24,7,attack_fixed_continuous,65536,B5_locked_attack_alert,0.0
secondary,test,continuous,24,7,attack_fixed_continuous,65536,B5_locked_benign_trigger,0.0
secondary,test,continuous,24,7,attack_fixed_continuous,65536,B5_locked_FNR,1.0
secondary,test,continuous,24,7,attack_fixed_continuous,65536,B5_locked_J,0.0
secondary,test,continuous,24,7,attack_random_continuous,2048,entropy_AP,0.5166315379181311
secondary,test,continuous,24,7,attack_random_continuous,2048,unique_ratio_AP,0.5284869986666845
secondary,test,continuous,24,7,attack_random_continuous,2048,B2_attack_alert,0.5333333333333333
secondary,test,continuous,24,7,attack_random_continuous,2048,B2_benign_trigger,0.5333333333333333
secondary,test,continuous,24,7,attack_random_continuous,2048,B2_FNR,0.4666666666666667
secondary,test,continuous,24,7,attack_random_continuous,2048,B2_J,0.0
secondary,test,continuous,24,7,attack_random_continuous,2048,B5_initial_attack_alert,0.5333333333333333
secondary,test,continuous,24,7,attack_random_continuous,2048,B5_initial_benign_trigger,0.5333333333333333
secondary,test,continuous,24,7,attack_random_continuous,2048,B5_initial_FNR,0.4666666666666667
secondary,test,continuous,24,7,attack_random_continuous,2048,B5_initial_J,0.0
secondary,test,continuous,24,7,attack_random_continuous,2048,B5_locked_attack_alert,0.0
secondary,test,continuous,24,7,attack_random_continuous,2048,B5_locked_benign_trigger,0.0
secondary,test,continuous,24,7,attack_random_continuous,2048,B5_locked_FNR,1.0
secondary,test,continuous,24,7,attack_random_continuous,2048,B5_locked_J,0.0
secondary,test,continuous,24,7,attack_random_continuous,65536,entropy_AP,0.5
secondary,test,continuous,24,7,attack_random_continuous,65536,unique_ratio_AP,0.5
secondary,test,continuous,24,7,attack_random_continuous,65536,B2_attack_alert,0.5333333333333333
secondary,test,continuous,24,7,attack_random_continuous,65536,B2_benign_trigger,0.5333333333333333
secondary,test,continuous,24,7,attack_random_continuous,65536,B2_FNR,0.4666666666666667
secondary,test,continuous,24,7,attack_random_continuous,65536,B2_J,0.0
secondary,test,continuous,24,7,attack_random_continuous,65536,B5_initial_attack_alert,0.5333333333333333
secondary,test,continuous,24,7,attack_random_continuous,65536,B5_initial_benign_trigger,0.5333333333333333
secondary,test,continuous,24,7,attack_random_continuous,65536,B5_initial_FNR,0.4666666666666667
secondary,test,continuous,24,7,attack_random_continuous,65536,B5_initial_J,0.0
secondary,test,continuous,24,7,attack_random_continuous,65536,B5_locked_attack_alert,0.0
secondary,test,continuous,24,7,attack_random_continuous,65536,B5_locked_benign_trigger,0.0
secondary,test,continuous,24,7,attack_random_continuous,65536,B5_locked_FNR,1.0
secondary,test,continuous,24,7,attack_random_continuous,65536,B5_locked_J,0.0
primary,test,continuous,24,7,attack_sweep_continuous,2048,entropy_AP,0.5178765281383884
primary,test,continuous,24,7,attack_sweep_continuous,2048,unique_ratio_AP,0.533922573452463
primary,test,continuous,24,7,attack_sweep_continuous,2048,B2_attack_alert,0.5333333333333333
primary,test,continuous,24,7,attack_sweep_continuous,2048,B2_benign_trigger,0.5333333333333333
primary,test,continuous,24,7,attack_sweep_continuous,2048,B2_FNR,0.4666666666666667
primary,test,continuous,24,7,attack_sweep_continuous,2048,B2_J,0.0
primary,test,continuous,24,7,attack_sweep_continuous,2048,B5_initial_attack_alert,0.5333333333333333
primary,test,continuous,24,7,attack_sweep_continuous,2048,B5_initial_benign_trigger,0.5333333333333333
primary,test,continuous,24,7,attack_sweep_continuous,2048,B5_initial_FNR,0.4666666666666667
primary,test,continuous,24,7,attack_sweep_continuous,2048,B5_initial_J,0.0
primary,test,continuous,24,7,attack_sweep_continuous,2048,B5_locked_attack_alert,0.0
primary,test,continuous,24,7,attack_sweep_continuous,2048,B5_locked_benign_trigger,0.0
primary,test,continuous,24,7,attack_sweep_continuous,2048,B5_locked_FNR,1.0
primary,test,continuous,24,7,attack_sweep_continuous,2048,B5_locked_J,0.0
primary,test,continuous,24,7,attack_sweep_continuous,65536,entropy_AP,0.5
primary,test,continuous,24,7,attack_sweep_continuous,65536,unique_ratio_AP,0.5
primary,test,continuous,24,7,attack_sweep_continuous,65536,B2_attack_alert,0.5333333333333333
primary,test,continuous,24,7,attack_sweep_continuous,65536,B2_benign_trigger,0.5333333333333333
primary,test,continuous,24,7,attack_sweep_continuous,65536,B2_FNR,0.4666666666666667
primary,test,continuous,24,7,attack_sweep_continuous,65536,B2_J,0.0
primary,test,continuous,24,7,attack_sweep_continuous,65536,B5_initial_attack_alert,0.5333333333333333
primary,test,continuous,24,7,attack_sweep_continuous,65536,B5_initial_benign_trigger,0.5333333333333333
primary,test,continuous,24,7,attack_sweep_continuous,65536,B5_initial_FNR,0.4666666666666667
primary,test,continuous,24,7,attack_sweep_continuous,65536,B5_initial_J,0.0
primary,test,continuous,24,7,attack_sweep_continuous,65536,B5_locked_attack_alert,0.0
primary,test,continuous,24,7,attack_sweep_continuous,65536,B5_locked_benign_trigger,0.0
primary,test,continuous,24,7,attack_sweep_continuous,65536,B5_locked_FNR,1.0
primary,test,continuous,24,7,attack_sweep_continuous,65536,B5_locked_J,0.0
secondary,test,continuous,24,9,attack_dup_sweep_continuous,2048,entropy_AP,0.31645737193922596
secondary,test,continuous,24,9,attack_dup_sweep_continuous,2048,unique_ratio_AP,0.3148736111179632
secondary,test,continuous,24,9,attack_dup_sweep_continuous,2048,B2_attack_alert,0.5733333333333334
secondary,test,continuous,24,9,attack_dup_sweep_continuous,2048,B2_benign_trigger,0.5733333333333334
secondary,test,continuous,24,9,attack_dup_sweep_continuous,2048,B2_FNR,0.42666666666666664
secondary,test,continuous,24,9,attack_dup_sweep_continuous,2048,B2_J,0.0
secondary,test,continuous,24,9,attack_dup_sweep_continuous,2048,B5_initial_attack_alert,0.0
secondary,test,continuous,24,9,attack_dup_sweep_continuous,2048,B5_initial_benign_trigger,0.5733333333333334
secondary,test,continuous,24,9,attack_dup_sweep_continuous,2048,B5_initial_FNR,1.0
secondary,test,continuous,24,9,attack_dup_sweep_continuous,2048,B5_initial_J,-0.5733333333333334
secondary,test,continuous,24,9,attack_dup_sweep_continuous,2048,B5_locked_attack_alert,0.0
secondary,test,continuous,24,9,attack_dup_sweep_continuous,2048,B5_locked_benign_trigger,0.0
secondary,test,continuous,24,9,attack_dup_sweep_continuous,2048,B5_locked_FNR,1.0
secondary,test,continuous,24,9,attack_dup_sweep_continuous,2048,B5_locked_J,0.0
secondary,test,continuous,24,9,attack_dup_sweep_continuous,65536,entropy_AP,0.31506353339789084
secondary,test,continuous,24,9,attack_dup_sweep_continuous,65536,unique_ratio_AP,0.3139951580567137
secondary,test,continuous,24,9,attack_dup_sweep_continuous,65536,B2_attack_alert,0.5733333333333334
secondary,test,continuous,24,9,attack_dup_sweep_continuous,65536,B2_benign_trigger,0.5733333333333334
secondary,test,continuous,24,9,attack_dup_sweep_continuous,65536,B2_FNR,0.42666666666666664
secondary,test,continuous,24,9,attack_dup_sweep_continuous,65536,B2_J,0.0
secondary,test,continuous,24,9,attack_dup_sweep_continuous,65536,B5_initial_attack_alert,0.0
secondary,test,continuous,24,9,attack_dup_sweep_continuous,65536,B5_initial_benign_trigger,0.5733333333333334
secondary,test,continuous,24,9,attack_dup_sweep_continuous,65536,B5_initial_FNR,1.0
secondary,test,continuous,24,9,attack_dup_sweep_continuous,65536,B5_initial_J,-0.5733333333333334
secondary,test,continuous,24,9,attack_dup_sweep_continuous,65536,B5_locked_attack_alert,0.0
secondary,test,continuous,24,9,attack_dup_sweep_continuous,65536,B5_locked_benign_trigger,0.0
secondary,test,continuous,24,9,attack_dup_sweep_continuous,65536,B5_locked_FNR,1.0
secondary,test,continuous,24,9,attack_dup_sweep_continuous,65536,B5_locked_J,0.0
secondary,test,continuous,24,9,attack_fixed_continuous,2048,entropy_AP,0.3116530588956986
secondary,test,continuous,24,9,attack_fixed_continuous,2048,unique_ratio_AP,0.31218905368406824
secondary,test,continuous,24,9,attack_fixed_continuous,2048,B2_attack_alert,0.5733333333333334
secondary,test,continuous,24,9,attack_fixed_continuous,2048,B2_benign_trigger,0.5733333333333334
secondary,test,continuous,24,9,attack_fixed_continuous,2048,B2_FNR,0.42666666666666664
secondary,test,continuous,24,9,attack_fixed_continuous,2048,B2_J,0.0
secondary,test,continuous,24,9,attack_fixed_continuous,2048,B5_initial_attack_alert,0.0
secondary,test,continuous,24,9,attack_fixed_continuous,2048,B5_initial_benign_trigger,0.5733333333333334
secondary,test,continuous,24,9,attack_fixed_continuous,2048,B5_initial_FNR,1.0
secondary,test,continuous,24,9,attack_fixed_continuous,2048,B5_initial_J,-0.5733333333333334
secondary,test,continuous,24,9,attack_fixed_continuous,2048,B5_locked_attack_alert,0.0
secondary,test,continuous,24,9,attack_fixed_continuous,2048,B5_locked_benign_trigger,0.0
secondary,test,continuous,24,9,attack_fixed_continuous,2048,B5_locked_FNR,1.0
secondary,test,continuous,24,9,attack_fixed_continuous,2048,B5_locked_J,0.0
secondary,test,continuous,24,9,attack_fixed_continuous,65536,entropy_AP,0.3116530588956986
secondary,test,continuous,24,9,attack_fixed_continuous,65536,unique_ratio_AP,0.31218905368406824
secondary,test,continuous,24,9,attack_fixed_continuous,65536,B2_attack_alert,0.5733333333333334
secondary,test,continuous,24,9,attack_fixed_continuous,65536,B2_benign_trigger,0.5733333333333334
secondary,test,continuous,24,9,attack_fixed_continuous,65536,B2_FNR,0.42666666666666664
secondary,test,continuous,24,9,attack_fixed_continuous,65536,B2_J,0.0
secondary,test,continuous,24,9,attack_fixed_continuous,65536,B5_initial_attack_alert,0.0
secondary,test,continuous,24,9,attack_fixed_continuous,65536,B5_initial_benign_trigger,0.5733333333333334
secondary,test,continuous,24,9,attack_fixed_continuous,65536,B5_initial_FNR,1.0
secondary,test,continuous,24,9,attack_fixed_continuous,65536,B5_initial_J,-0.5733333333333334
secondary,test,continuous,24,9,attack_fixed_continuous,65536,B5_locked_attack_alert,0.0
secondary,test,continuous,24,9,attack_fixed_continuous,65536,B5_locked_benign_trigger,0.0
secondary,test,continuous,24,9,attack_fixed_continuous,65536,B5_locked_FNR,1.0
secondary,test,continuous,24,9,attack_fixed_continuous,65536,B5_locked_J,0.0
secondary,test,continuous,24,9,attack_random_continuous,2048,entropy_AP,0.5201080209909132
secondary,test,continuous,24,9,attack_random_continuous,2048,unique_ratio_AP,0.5576587799844428
secondary,test,continuous,24,9,attack_random_continuous,2048,B2_attack_alert,0.5733333333333334
secondary,test,continuous,24,9,attack_random_continuous,2048,B2_benign_trigger,0.5733333333333334
secondary,test,continuous,24,9,attack_random_continuous,2048,B2_FNR,0.42666666666666664
secondary,test,continuous,24,9,attack_random_continuous,2048,B2_J,0.0
secondary,test,continuous,24,9,attack_random_continuous,2048,B5_initial_attack_alert,0.5733333333333334
secondary,test,continuous,24,9,attack_random_continuous,2048,B5_initial_benign_trigger,0.5733333333333334
secondary,test,continuous,24,9,attack_random_continuous,2048,B5_initial_FNR,0.42666666666666664
secondary,test,continuous,24,9,attack_random_continuous,2048,B5_initial_J,0.0
secondary,test,continuous,24,9,attack_random_continuous,2048,B5_locked_attack_alert,0.0
secondary,test,continuous,24,9,attack_random_continuous,2048,B5_locked_benign_trigger,0.0
secondary,test,continuous,24,9,attack_random_continuous,2048,B5_locked_FNR,1.0
secondary,test,continuous,24,9,attack_random_continuous,2048,B5_locked_J,0.0
secondary,test,continuous,24,9,attack_random_continuous,65536,entropy_AP,0.5048128780408219
secondary,test,continuous,24,9,attack_random_continuous,65536,unique_ratio_AP,0.5119453924914675
secondary,test,continuous,24,9,attack_random_continuous,65536,B2_attack_alert,0.5733333333333334
secondary,test,continuous,24,9,attack_random_continuous,65536,B2_benign_trigger,0.5733333333333334
secondary,test,continuous,24,9,attack_random_continuous,65536,B2_FNR,0.42666666666666664
secondary,test,continuous,24,9,attack_random_continuous,65536,B2_J,0.0
secondary,test,continuous,24,9,attack_random_continuous,65536,B5_initial_attack_alert,0.5733333333333334
secondary,test,continuous,24,9,attack_random_continuous,65536,B5_initial_benign_trigger,0.5733333333333334
secondary,test,continuous,24,9,attack_random_continuous,65536,B5_initial_FNR,0.42666666666666664
secondary,test,continuous,24,9,attack_random_continuous,65536,B5_initial_J,0.0
secondary,test,continuous,24,9,attack_random_continuous,65536,B5_locked_attack_alert,0.0
secondary,test,continuous,24,9,attack_random_continuous,65536,B5_locked_benign_trigger,0.0
secondary,test,continuous,24,9,attack_random_continuous,65536,B5_locked_FNR,1.0
secondary,test,continuous,24,9,attack_random_continuous,65536,B5_locked_J,0.0
primary,test,continuous,24,9,attack_sweep_continuous,2048,entropy_AP,0.5245342233367414
primary,test,continuous,24,9,attack_sweep_continuous,2048,unique_ratio_AP,0.5787316376029233
primary,test,continuous,24,9,attack_sweep_continuous,2048,B2_attack_alert,0.5733333333333334
primary,test,continuous,24,9,attack_sweep_continuous,2048,B2_benign_trigger,0.5733333333333334
primary,test,continuous,24,9,attack_sweep_continuous,2048,B2_FNR,0.42666666666666664
primary,test,continuous,24,9,attack_sweep_continuous,2048,B2_J,0.0
primary,test,continuous,24,9,attack_sweep_continuous,2048,B5_initial_attack_alert,0.5733333333333334
primary,test,continuous,24,9,attack_sweep_continuous,2048,B5_initial_benign_trigger,0.5733333333333334
primary,test,continuous,24,9,attack_sweep_continuous,2048,B5_initial_FNR,0.42666666666666664
primary,test,continuous,24,9,attack_sweep_continuous,2048,B5_initial_J,0.0
primary,test,continuous,24,9,attack_sweep_continuous,2048,B5_locked_attack_alert,0.0
primary,test,continuous,24,9,attack_sweep_continuous,2048,B5_locked_benign_trigger,0.0
primary,test,continuous,24,9,attack_sweep_continuous,2048,B5_locked_FNR,1.0
primary,test,continuous,24,9,attack_sweep_continuous,2048,B5_locked_J,0.0
primary,test,continuous,24,9,attack_sweep_continuous,65536,entropy_AP,0.5048128780408219
primary,test,continuous,24,9,attack_sweep_continuous,65536,unique_ratio_AP,0.5119453924914675
primary,test,continuous,24,9,attack_sweep_continuous,65536,B2_attack_alert,0.5733333333333334
primary,test,continuous,24,9,attack_sweep_continuous,65536,B2_benign_trigger,0.5733333333333334
primary,test,continuous,24,9,attack_sweep_continuous,65536,B2_FNR,0.42666666666666664
primary,test,continuous,24,9,attack_sweep_continuous,65536,B2_J,0.0
primary,test,continuous,24,9,attack_sweep_continuous,65536,B5_initial_attack_alert,0.5733333333333334
primary,test,continuous,24,9,attack_sweep_continuous,65536,B5_initial_benign_trigger,0.5733333333333334
primary,test,continuous,24,9,attack_sweep_continuous,65536,B5_initial_FNR,0.42666666666666664
primary,test,continuous,24,9,attack_sweep_continuous,65536,B5_initial_J,0.0
primary,test,continuous,24,9,attack_sweep_continuous,65536,B5_locked_attack_alert,0.0
primary,test,continuous,24,9,attack_sweep_continuous,65536,B5_locked_benign_trigger,0.0
primary,test,continuous,24,9,attack_sweep_continuous,65536,B5_locked_FNR,1.0
primary,test,continuous,24,9,attack_sweep_continuous,65536,B5_locked_J,0.0
secondary,test,continuous,24,12,attack_dup_sweep_continuous,2048,entropy_AP,0.31486258441367165
secondary,test,continuous,24,12,attack_dup_sweep_continuous,2048,unique_ratio_AP,0.3159082385816754
secondary,test,continuous,24,12,attack_dup_sweep_continuous,2048,B2_attack_alert,0.6066666666666667
secondary,test,continuous,24,12,attack_dup_sweep_continuous,2048,B2_benign_trigger,0.6066666666666667
secondary,test,continuous,24,12,attack_dup_sweep_continuous,2048,B2_FNR,0.3933333333333333
secondary,test,continuous,24,12,attack_dup_sweep_continuous,2048,B2_J,0.0
secondary,test,continuous,24,12,attack_dup_sweep_continuous,2048,B5_initial_attack_alert,0.0
secondary,test,continuous,24,12,attack_dup_sweep_continuous,2048,B5_initial_benign_trigger,0.6066666666666667
secondary,test,continuous,24,12,attack_dup_sweep_continuous,2048,B5_initial_FNR,1.0
secondary,test,continuous,24,12,attack_dup_sweep_continuous,2048,B5_initial_J,-0.6066666666666667
secondary,test,continuous,24,12,attack_dup_sweep_continuous,2048,B5_locked_attack_alert,0.0
secondary,test,continuous,24,12,attack_dup_sweep_continuous,2048,B5_locked_benign_trigger,0.0
secondary,test,continuous,24,12,attack_dup_sweep_continuous,2048,B5_locked_FNR,1.0
secondary,test,continuous,24,12,attack_dup_sweep_continuous,2048,B5_locked_J,0.0
secondary,test,continuous,24,12,attack_dup_sweep_continuous,65536,entropy_AP,0.3149872342089942
secondary,test,continuous,24,12,attack_dup_sweep_continuous,65536,unique_ratio_AP,0.3160441074636796
secondary,test,continuous,24,12,attack_dup_sweep_continuous,65536,B2_attack_alert,0.6066666666666667
secondary,test,continuous,24,12,attack_dup_sweep_continuous,65536,B2_benign_trigger,0.6066666666666667
secondary,test,continuous,24,12,attack_dup_sweep_continuous,65536,B2_FNR,0.3933333333333333
secondary,test,continuous,24,12,attack_dup_sweep_continuous,65536,B2_J,0.0
secondary,test,continuous,24,12,attack_dup_sweep_continuous,65536,B5_initial_attack_alert,0.0
secondary,test,continuous,24,12,attack_dup_sweep_continuous,65536,B5_initial_benign_trigger,0.6066666666666667
secondary,test,continuous,24,12,attack_dup_sweep_continuous,65536,B5_initial_FNR,1.0
secondary,test,continuous,24,12,attack_dup_sweep_continuous,65536,B5_initial_J,-0.6066666666666667
secondary,test,continuous,24,12,attack_dup_sweep_continuous,65536,B5_locked_attack_alert,0.0
secondary,test,continuous,24,12,attack_dup_sweep_continuous,65536,B5_locked_benign_trigger,0.0
secondary,test,continuous,24,12,attack_dup_sweep_continuous,65536,B5_locked_FNR,1.0
secondary,test,continuous,24,12,attack_dup_sweep_continuous,65536,B5_locked_J,0.0
secondary,test,continuous,24,12,attack_fixed_continuous,2048,entropy_AP,0.3155145601890694
secondary,test,continuous,24,12,attack_fixed_continuous,2048,unique_ratio_AP,0.31293534793483513
secondary,test,continuous,24,12,attack_fixed_continuous,2048,B2_attack_alert,0.6066666666666667
secondary,test,continuous,24,12,attack_fixed_continuous,2048,B2_benign_trigger,0.6066666666666667
secondary,test,continuous,24,12,attack_fixed_continuous,2048,B2_FNR,0.3933333333333333
secondary,test,continuous,24,12,attack_fixed_continuous,2048,B2_J,0.0
secondary,test,continuous,24,12,attack_fixed_continuous,2048,B5_initial_attack_alert,0.0
secondary,test,continuous,24,12,attack_fixed_continuous,2048,B5_initial_benign_trigger,0.6066666666666667
secondary,test,continuous,24,12,attack_fixed_continuous,2048,B5_initial_FNR,1.0
secondary,test,continuous,24,12,attack_fixed_continuous,2048,B5_initial_J,-0.6066666666666667
secondary,test,continuous,24,12,attack_fixed_continuous,2048,B5_locked_attack_alert,0.0
secondary,test,continuous,24,12,attack_fixed_continuous,2048,B5_locked_benign_trigger,0.0
secondary,test,continuous,24,12,attack_fixed_continuous,2048,B5_locked_FNR,1.0
secondary,test,continuous,24,12,attack_fixed_continuous,2048,B5_locked_J,0.0
secondary,test,continuous,24,12,attack_fixed_continuous,65536,entropy_AP,0.3155145601890694
secondary,test,continuous,24,12,attack_fixed_continuous,65536,unique_ratio_AP,0.3129353479348352
secondary,test,continuous,24,12,attack_fixed_continuous,65536,B2_attack_alert,0.6066666666666667
secondary,test,continuous,24,12,attack_fixed_continuous,65536,B2_benign_trigger,0.6066666666666667
secondary,test,continuous,24,12,attack_fixed_continuous,65536,B2_FNR,0.3933333333333333
secondary,test,continuous,24,12,attack_fixed_continuous,65536,B2_J,0.0
secondary,test,continuous,24,12,attack_fixed_continuous,65536,B5_initial_attack_alert,0.0
secondary,test,continuous,24,12,attack_fixed_continuous,65536,B5_initial_benign_trigger,0.6066666666666667
secondary,test,continuous,24,12,attack_fixed_continuous,65536,B5_initial_FNR,1.0
secondary,test,continuous,24,12,attack_fixed_continuous,65536,B5_initial_J,-0.6066666666666667
secondary,test,continuous,24,12,attack_fixed_continuous,65536,B5_locked_attack_alert,0.0
secondary,test,continuous,24,12,attack_fixed_continuous,65536,B5_locked_benign_trigger,0.0
secondary,test,continuous,24,12,attack_fixed_continuous,65536,B5_locked_FNR,1.0
secondary,test,continuous,24,12,attack_fixed_continuous,65536,B5_locked_J,0.0
secondary,test,continuous,24,12,attack_random_continuous,2048,entropy_AP,0.5013110088192158
secondary,test,continuous,24,12,attack_random_continuous,2048,unique_ratio_AP,0.5005250410951652
secondary,test,continuous,24,12,attack_random_continuous,2048,B2_attack_alert,0.6066666666666667
secondary,test,continuous,24,12,attack_random_continuous,2048,B2_benign_trigger,0.6066666666666667
secondary,test,continuous,24,12,attack_random_continuous,2048,B2_FNR,0.3933333333333333
secondary,test,continuous,24,12,attack_random_continuous,2048,B2_J,0.0
secondary,test,continuous,24,12,attack_random_continuous,2048,B5_initial_attack_alert,0.6066666666666667
secondary,test,continuous,24,12,attack_random_continuous,2048,B5_initial_benign_trigger,0.6066666666666667
secondary,test,continuous,24,12,attack_random_continuous,2048,B5_initial_FNR,0.3933333333333333
secondary,test,continuous,24,12,attack_random_continuous,2048,B5_initial_J,0.0
secondary,test,continuous,24,12,attack_random_continuous,2048,B5_locked_attack_alert,0.0
secondary,test,continuous,24,12,attack_random_continuous,2048,B5_locked_benign_trigger,0.0
secondary,test,continuous,24,12,attack_random_continuous,2048,B5_locked_FNR,1.0
secondary,test,continuous,24,12,attack_random_continuous,2048,B5_locked_J,0.0
secondary,test,continuous,24,12,attack_random_continuous,65536,entropy_AP,0.5
secondary,test,continuous,24,12,attack_random_continuous,65536,unique_ratio_AP,0.5
secondary,test,continuous,24,12,attack_random_continuous,65536,B2_attack_alert,0.6066666666666667
secondary,test,continuous,24,12,attack_random_continuous,65536,B2_benign_trigger,0.6066666666666667
secondary,test,continuous,24,12,attack_random_continuous,65536,B2_FNR,0.3933333333333333
secondary,test,continuous,24,12,attack_random_continuous,65536,B2_J,0.0
secondary,test,continuous,24,12,attack_random_continuous,65536,B5_initial_attack_alert,0.6066666666666667
secondary,test,continuous,24,12,attack_random_continuous,65536,B5_initial_benign_trigger,0.6066666666666667
secondary,test,continuous,24,12,attack_random_continuous,65536,B5_initial_FNR,0.3933333333333333
secondary,test,continuous,24,12,attack_random_continuous,65536,B5_initial_J,0.0
secondary,test,continuous,24,12,attack_random_continuous,65536,B5_locked_attack_alert,0.0
secondary,test,continuous,24,12,attack_random_continuous,65536,B5_locked_benign_trigger,0.0
secondary,test,continuous,24,12,attack_random_continuous,65536,B5_locked_FNR,1.0
secondary,test,continuous,24,12,attack_random_continuous,65536,B5_locked_J,0.0
primary,test,continuous,24,12,attack_sweep_continuous,2048,entropy_AP,0.5114795634199146
primary,test,continuous,24,12,attack_sweep_continuous,2048,unique_ratio_AP,0.5244546753178643
primary,test,continuous,24,12,attack_sweep_continuous,2048,B2_attack_alert,0.6066666666666667
primary,test,continuous,24,12,attack_sweep_continuous,2048,B2_benign_trigger,0.6066666666666667
primary,test,continuous,24,12,attack_sweep_continuous,2048,B2_FNR,0.3933333333333333
primary,test,continuous,24,12,attack_sweep_continuous,2048,B2_J,0.0
primary,test,continuous,24,12,attack_sweep_continuous,2048,B5_initial_attack_alert,0.6066666666666667
primary,test,continuous,24,12,attack_sweep_continuous,2048,B5_initial_benign_trigger,0.6066666666666667
primary,test,continuous,24,12,attack_sweep_continuous,2048,B5_initial_FNR,0.3933333333333333
primary,test,continuous,24,12,attack_sweep_continuous,2048,B5_initial_J,0.0
primary,test,continuous,24,12,attack_sweep_continuous,2048,B5_locked_attack_alert,0.0
primary,test,continuous,24,12,attack_sweep_continuous,2048,B5_locked_benign_trigger,0.0
primary,test,continuous,24,12,attack_sweep_continuous,2048,B5_locked_FNR,1.0
primary,test,continuous,24,12,attack_sweep_continuous,2048,B5_locked_J,0.0
primary,test,continuous,24,12,attack_sweep_continuous,65536,entropy_AP,0.5
primary,test,continuous,24,12,attack_sweep_continuous,65536,unique_ratio_AP,0.5
primary,test,continuous,24,12,attack_sweep_continuous,65536,B2_attack_alert,0.6066666666666667
primary,test,continuous,24,12,attack_sweep_continuous,65536,B2_benign_trigger,0.6066666666666667
primary,test,continuous,24,12,attack_sweep_continuous,65536,B2_FNR,0.3933333333333333
primary,test,continuous,24,12,attack_sweep_continuous,65536,B2_J,0.0
primary,test,continuous,24,12,attack_sweep_continuous,65536,B5_initial_attack_alert,0.6066666666666667
primary,test,continuous,24,12,attack_sweep_continuous,65536,B5_initial_benign_trigger,0.6066666666666667
primary,test,continuous,24,12,attack_sweep_continuous,65536,B5_initial_FNR,0.3933333333333333
primary,test,continuous,24,12,attack_sweep_continuous,65536,B5_initial_J,0.0
primary,test,continuous,24,12,attack_sweep_continuous,65536,B5_locked_attack_alert,0.0
primary,test,continuous,24,12,attack_sweep_continuous,65536,B5_locked_benign_trigger,0.0
primary,test,continuous,24,12,attack_sweep_continuous,65536,B5_locked_FNR,1.0
primary,test,continuous,24,12,attack_sweep_continuous,65536,B5_locked_J,0.0
secondary,test,continuous,60,0,attack_dup_sweep_continuous,2048,entropy_AP,0.30974322685388794
secondary,test,continuous,60,0,attack_dup_sweep_continuous,2048,unique_ratio_AP,0.31143835071035725
secondary,test,continuous,60,0,attack_dup_sweep_continuous,2048,B2_attack_alert,1.0
secondary,test,continuous,60,0,attack_dup_sweep_continuous,2048,B2_benign_trigger,1.0
secondary,test,continuous,60,0,attack_dup_sweep_continuous,2048,B2_FNR,0.0
secondary,test,continuous,60,0,attack_dup_sweep_continuous,2048,B2_J,0.0
secondary,test,continuous,60,0,attack_dup_sweep_continuous,2048,B5_initial_attack_alert,0.0
secondary,test,continuous,60,0,attack_dup_sweep_continuous,2048,B5_initial_benign_trigger,1.0
secondary,test,continuous,60,0,attack_dup_sweep_continuous,2048,B5_initial_FNR,1.0
secondary,test,continuous,60,0,attack_dup_sweep_continuous,2048,B5_initial_J,-1.0
secondary,test,continuous,60,0,attack_dup_sweep_continuous,2048,B5_locked_attack_alert,0.0
secondary,test,continuous,60,0,attack_dup_sweep_continuous,2048,B5_locked_benign_trigger,0.26666666666666666
secondary,test,continuous,60,0,attack_dup_sweep_continuous,2048,B5_locked_FNR,1.0
secondary,test,continuous,60,0,attack_dup_sweep_continuous,2048,B5_locked_J,-0.26666666666666666
secondary,test,continuous,60,0,attack_dup_sweep_continuous,65536,entropy_AP,0.30982657038091044
secondary,test,continuous,60,0,attack_dup_sweep_continuous,65536,unique_ratio_AP,0.31152394042416903
secondary,test,continuous,60,0,attack_dup_sweep_continuous,65536,B2_attack_alert,1.0
secondary,test,continuous,60,0,attack_dup_sweep_continuous,65536,B2_benign_trigger,1.0
secondary,test,continuous,60,0,attack_dup_sweep_continuous,65536,B2_FNR,0.0
secondary,test,continuous,60,0,attack_dup_sweep_continuous,65536,B2_J,0.0
secondary,test,continuous,60,0,attack_dup_sweep_continuous,65536,B5_initial_attack_alert,0.0
secondary,test,continuous,60,0,attack_dup_sweep_continuous,65536,B5_initial_benign_trigger,1.0
secondary,test,continuous,60,0,attack_dup_sweep_continuous,65536,B5_initial_FNR,1.0
secondary,test,continuous,60,0,attack_dup_sweep_continuous,65536,B5_initial_J,-1.0
secondary,test,continuous,60,0,attack_dup_sweep_continuous,65536,B5_locked_attack_alert,0.0
secondary,test,continuous,60,0,attack_dup_sweep_continuous,65536,B5_locked_benign_trigger,0.32666666666666666
secondary,test,continuous,60,0,attack_dup_sweep_continuous,65536,B5_locked_FNR,1.0
secondary,test,continuous,60,0,attack_dup_sweep_continuous,65536,B5_locked_J,-0.32666666666666666
secondary,test,continuous,60,0,attack_fixed_continuous,2048,entropy_AP,0.30962093879954017
secondary,test,continuous,60,0,attack_fixed_continuous,2048,unique_ratio_AP,0.3100800024295346
secondary,test,continuous,60,0,attack_fixed_continuous,2048,B2_attack_alert,1.0
secondary,test,continuous,60,0,attack_fixed_continuous,2048,B2_benign_trigger,1.0
secondary,test,continuous,60,0,attack_fixed_continuous,2048,B2_FNR,0.0
secondary,test,continuous,60,0,attack_fixed_continuous,2048,B2_J,0.0
secondary,test,continuous,60,0,attack_fixed_continuous,2048,B5_initial_attack_alert,0.0
secondary,test,continuous,60,0,attack_fixed_continuous,2048,B5_initial_benign_trigger,1.0
secondary,test,continuous,60,0,attack_fixed_continuous,2048,B5_initial_FNR,1.0
secondary,test,continuous,60,0,attack_fixed_continuous,2048,B5_initial_J,-1.0
secondary,test,continuous,60,0,attack_fixed_continuous,2048,B5_locked_attack_alert,0.0
secondary,test,continuous,60,0,attack_fixed_continuous,2048,B5_locked_benign_trigger,0.26666666666666666
secondary,test,continuous,60,0,attack_fixed_continuous,2048,B5_locked_FNR,1.0
secondary,test,continuous,60,0,attack_fixed_continuous,2048,B5_locked_J,-0.26666666666666666
secondary,test,continuous,60,0,attack_fixed_continuous,65536,entropy_AP,0.30962093879954017
secondary,test,continuous,60,0,attack_fixed_continuous,65536,unique_ratio_AP,0.3100800024295346
secondary,test,continuous,60,0,attack_fixed_continuous,65536,B2_attack_alert,1.0
secondary,test,continuous,60,0,attack_fixed_continuous,65536,B2_benign_trigger,1.0
secondary,test,continuous,60,0,attack_fixed_continuous,65536,B2_FNR,0.0
secondary,test,continuous,60,0,attack_fixed_continuous,65536,B2_J,0.0
secondary,test,continuous,60,0,attack_fixed_continuous,65536,B5_initial_attack_alert,0.0
secondary,test,continuous,60,0,attack_fixed_continuous,65536,B5_initial_benign_trigger,1.0
secondary,test,continuous,60,0,attack_fixed_continuous,65536,B5_initial_FNR,1.0
secondary,test,continuous,60,0,attack_fixed_continuous,65536,B5_initial_J,-1.0
secondary,test,continuous,60,0,attack_fixed_continuous,65536,B5_locked_attack_alert,0.0
secondary,test,continuous,60,0,attack_fixed_continuous,65536,B5_locked_benign_trigger,0.32666666666666666
secondary,test,continuous,60,0,attack_fixed_continuous,65536,B5_locked_FNR,1.0
secondary,test,continuous,60,0,attack_fixed_continuous,65536,B5_locked_J,-0.32666666666666666
secondary,test,continuous,60,0,attack_random_continuous,2048,entropy_AP,0.49926713096579767
secondary,test,continuous,60,0,attack_random_continuous,2048,unique_ratio_AP,0.4671312275998748
secondary,test,continuous,60,0,attack_random_continuous,2048,B2_attack_alert,1.0
secondary,test,continuous,60,0,attack_random_continuous,2048,B2_benign_trigger,1.0
secondary,test,continuous,60,0,attack_random_continuous,2048,B2_FNR,0.0
secondary,test,continuous,60,0,attack_random_continuous,2048,B2_J,0.0
secondary,test,continuous,60,0,attack_random_continuous,2048,B5_initial_attack_alert,1.0
secondary,test,continuous,60,0,attack_random_continuous,2048,B5_initial_benign_trigger,1.0
secondary,test,continuous,60,0,attack_random_continuous,2048,B5_initial_FNR,0.0
secondary,test,continuous,60,0,attack_random_continuous,2048,B5_initial_J,0.0
secondary,test,continuous,60,0,attack_random_continuous,2048,B5_locked_attack_alert,0.26
secondary,test,continuous,60,0,attack_random_continuous,2048,B5_locked_benign_trigger,0.26666666666666666
secondary,test,continuous,60,0,attack_random_continuous,2048,B5_locked_FNR,0.74
secondary,test,continuous,60,0,attack_random_continuous,2048,B5_locked_J,-0.006666666666666654
secondary,test,continuous,60,0,attack_random_continuous,65536,entropy_AP,0.49905189422221474
secondary,test,continuous,60,0,attack_random_continuous,65536,unique_ratio_AP,0.495016985413834
secondary,test,continuous,60,0,attack_random_continuous,65536,B2_attack_alert,1.0
secondary,test,continuous,60,0,attack_random_continuous,65536,B2_benign_trigger,1.0
secondary,test,continuous,60,0,attack_random_continuous,65536,B2_FNR,0.0
secondary,test,continuous,60,0,attack_random_continuous,65536,B2_J,0.0
secondary,test,continuous,60,0,attack_random_continuous,65536,B5_initial_attack_alert,1.0
secondary,test,continuous,60,0,attack_random_continuous,65536,B5_initial_benign_trigger,1.0
secondary,test,continuous,60,0,attack_random_continuous,65536,B5_initial_FNR,0.0
secondary,test,continuous,60,0,attack_random_continuous,65536,B5_initial_J,0.0
secondary,test,continuous,60,0,attack_random_continuous,65536,B5_locked_attack_alert,0.32666666666666666
secondary,test,continuous,60,0,attack_random_continuous,65536,B5_locked_benign_trigger,0.32666666666666666
secondary,test,continuous,60,0,attack_random_continuous,65536,B5_locked_FNR,0.6733333333333333
secondary,test,continuous,60,0,attack_random_continuous,65536,B5_locked_J,0.0
primary,test,continuous,60,0,attack_sweep_continuous,2048,entropy_AP,0.5350942775748732
primary,test,continuous,60,0,attack_sweep_continuous,2048,unique_ratio_AP,0.6890526776767558
primary,test,continuous,60,0,attack_sweep_continuous,2048,B2_attack_alert,1.0
primary,test,continuous,60,0,attack_sweep_continuous,2048,B2_benign_trigger,1.0
primary,test,continuous,60,0,attack_sweep_continuous,2048,B2_FNR,0.0
primary,test,continuous,60,0,attack_sweep_continuous,2048,B2_J,0.0
primary,test,continuous,60,0,attack_sweep_continuous,2048,B5_initial_attack_alert,1.0
primary,test,continuous,60,0,attack_sweep_continuous,2048,B5_initial_benign_trigger,1.0
primary,test,continuous,60,0,attack_sweep_continuous,2048,B5_initial_FNR,0.0
primary,test,continuous,60,0,attack_sweep_continuous,2048,B5_initial_J,0.0
primary,test,continuous,60,0,attack_sweep_continuous,2048,B5_locked_attack_alert,0.32
primary,test,continuous,60,0,attack_sweep_continuous,2048,B5_locked_benign_trigger,0.26666666666666666
primary,test,continuous,60,0,attack_sweep_continuous,2048,B5_locked_FNR,0.6799999999999999
primary,test,continuous,60,0,attack_sweep_continuous,2048,B5_locked_J,0.053333333333333344
primary,test,continuous,60,0,attack_sweep_continuous,65536,entropy_AP,0.49802696724653334
primary,test,continuous,60,0,attack_sweep_continuous,65536,unique_ratio_AP,0.4933562337530823
primary,test,continuous,60,0,attack_sweep_continuous,65536,B2_attack_alert,1.0
primary,test,continuous,60,0,attack_sweep_continuous,65536,B2_benign_trigger,1.0
primary,test,continuous,60,0,attack_sweep_continuous,65536,B2_FNR,0.0
primary,test,continuous,60,0,attack_sweep_continuous,65536,B2_J,0.0
primary,test,continuous,60,0,attack_sweep_continuous,65536,B5_initial_attack_alert,1.0
primary,test,continuous,60,0,attack_sweep_continuous,65536,B5_initial_benign_trigger,1.0
primary,test,continuous,60,0,attack_sweep_continuous,65536,B5_initial_FNR,0.0
primary,test,continuous,60,0,attack_sweep_continuous,65536,B5_initial_J,0.0
primary,test,continuous,60,0,attack_sweep_continuous,65536,B5_locked_attack_alert,0.32
primary,test,continuous,60,0,attack_sweep_continuous,65536,B5_locked_benign_trigger,0.32666666666666666
primary,test,continuous,60,0,attack_sweep_continuous,65536,B5_locked_FNR,0.6799999999999999
primary,test,continuous,60,0,attack_sweep_continuous,65536,B5_locked_J,-0.006666666666666654
secondary,test,continuous,60,3,attack_dup_sweep_continuous,2048,entropy_AP,0.3094059210035653
secondary,test,continuous,60,3,attack_dup_sweep_continuous,2048,unique_ratio_AP,0.3112357863058378
secondary,test,continuous,60,3,attack_dup_sweep_continuous,2048,B2_attack_alert,1.0
secondary,test,continuous,60,3,attack_dup_sweep_continuous,2048,B2_benign_trigger,1.0
secondary,test,continuous,60,3,attack_dup_sweep_continuous,2048,B2_FNR,0.0
secondary,test,continuous,60,3,attack_dup_sweep_continuous,2048,B2_J,0.0
secondary,test,continuous,60,3,attack_dup_sweep_continuous,2048,B5_initial_attack_alert,0.0
secondary,test,continuous,60,3,attack_dup_sweep_continuous,2048,B5_initial_benign_trigger,1.0
secondary,test,continuous,60,3,attack_dup_sweep_continuous,2048,B5_initial_FNR,1.0
secondary,test,continuous,60,3,attack_dup_sweep_continuous,2048,B5_initial_J,-1.0
secondary,test,continuous,60,3,attack_dup_sweep_continuous,2048,B5_locked_attack_alert,0.0
secondary,test,continuous,60,3,attack_dup_sweep_continuous,2048,B5_locked_benign_trigger,0.19333333333333333
secondary,test,continuous,60,3,attack_dup_sweep_continuous,2048,B5_locked_FNR,1.0
secondary,test,continuous,60,3,attack_dup_sweep_continuous,2048,B5_locked_J,-0.19333333333333333
secondary,test,continuous,60,3,attack_dup_sweep_continuous,65536,entropy_AP,0.30956644712999737
secondary,test,continuous,60,3,attack_dup_sweep_continuous,65536,unique_ratio_AP,0.310752564578865
secondary,test,continuous,60,3,attack_dup_sweep_continuous,65536,B2_attack_alert,1.0
secondary,test,continuous,60,3,attack_dup_sweep_continuous,65536,B2_benign_trigger,1.0
secondary,test,continuous,60,3,attack_dup_sweep_continuous,65536,B2_FNR,0.0
secondary,test,continuous,60,3,attack_dup_sweep_continuous,65536,B2_J,0.0
secondary,test,continuous,60,3,attack_dup_sweep_continuous,65536,B5_initial_attack_alert,0.0
secondary,test,continuous,60,3,attack_dup_sweep_continuous,65536,B5_initial_benign_trigger,1.0
secondary,test,continuous,60,3,attack_dup_sweep_continuous,65536,B5_initial_FNR,1.0
secondary,test,continuous,60,3,attack_dup_sweep_continuous,65536,B5_initial_J,-1.0
secondary,test,continuous,60,3,attack_dup_sweep_continuous,65536,B5_locked_attack_alert,0.0
secondary,test,continuous,60,3,attack_dup_sweep_continuous,65536,B5_locked_benign_trigger,0.24666666666666667
secondary,test,continuous,60,3,attack_dup_sweep_continuous,65536,B5_locked_FNR,1.0
secondary,test,continuous,60,3,attack_dup_sweep_continuous,65536,B5_locked_J,-0.24666666666666667
secondary,test,continuous,60,3,attack_fixed_continuous,2048,entropy_AP,0.30959255135359304
secondary,test,continuous,60,3,attack_fixed_continuous,2048,unique_ratio_AP,0.30991974909575826
secondary,test,continuous,60,3,attack_fixed_continuous,2048,B2_attack_alert,1.0
secondary,test,continuous,60,3,attack_fixed_continuous,2048,B2_benign_trigger,1.0
secondary,test,continuous,60,3,attack_fixed_continuous,2048,B2_FNR,0.0
secondary,test,continuous,60,3,attack_fixed_continuous,2048,B2_J,0.0
secondary,test,continuous,60,3,attack_fixed_continuous,2048,B5_initial_attack_alert,0.0
secondary,test,continuous,60,3,attack_fixed_continuous,2048,B5_initial_benign_trigger,1.0
secondary,test,continuous,60,3,attack_fixed_continuous,2048,B5_initial_FNR,1.0
secondary,test,continuous,60,3,attack_fixed_continuous,2048,B5_initial_J,-1.0
secondary,test,continuous,60,3,attack_fixed_continuous,2048,B5_locked_attack_alert,0.0
secondary,test,continuous,60,3,attack_fixed_continuous,2048,B5_locked_benign_trigger,0.19333333333333333
secondary,test,continuous,60,3,attack_fixed_continuous,2048,B5_locked_FNR,1.0
secondary,test,continuous,60,3,attack_fixed_continuous,2048,B5_locked_J,-0.19333333333333333
secondary,test,continuous,60,3,attack_fixed_continuous,65536,entropy_AP,0.30974399439628864
secondary,test,continuous,60,3,attack_fixed_continuous,65536,unique_ratio_AP,0.3099832128671296
secondary,test,continuous,60,3,attack_fixed_continuous,65536,B2_attack_alert,1.0
secondary,test,continuous,60,3,attack_fixed_continuous,65536,B2_benign_trigger,1.0
secondary,test,continuous,60,3,attack_fixed_continuous,65536,B2_FNR,0.0
secondary,test,continuous,60,3,attack_fixed_continuous,65536,B2_J,0.0
secondary,test,continuous,60,3,attack_fixed_continuous,65536,B5_initial_attack_alert,0.0
secondary,test,continuous,60,3,attack_fixed_continuous,65536,B5_initial_benign_trigger,1.0
secondary,test,continuous,60,3,attack_fixed_continuous,65536,B5_initial_FNR,1.0
secondary,test,continuous,60,3,attack_fixed_continuous,65536,B5_initial_J,-1.0
secondary,test,continuous,60,3,attack_fixed_continuous,65536,B5_locked_attack_alert,0.0
secondary,test,continuous,60,3,attack_fixed_continuous,65536,B5_locked_benign_trigger,0.24666666666666667
secondary,test,continuous,60,3,attack_fixed_continuous,65536,B5_locked_FNR,1.0
secondary,test,continuous,60,3,attack_fixed_continuous,65536,B5_locked_J,-0.24666666666666667
secondary,test,continuous,60,3,attack_random_continuous,2048,entropy_AP,0.5234393037648889
secondary,test,continuous,60,3,attack_random_continuous,2048,unique_ratio_AP,0.5549584196581672
secondary,test,continuous,60,3,attack_random_continuous,2048,B2_attack_alert,1.0
secondary,test,continuous,60,3,attack_random_continuous,2048,B2_benign_trigger,1.0
secondary,test,continuous,60,3,attack_random_continuous,2048,B2_FNR,0.0
secondary,test,continuous,60,3,attack_random_continuous,2048,B2_J,0.0
secondary,test,continuous,60,3,attack_random_continuous,2048,B5_initial_attack_alert,1.0
secondary,test,continuous,60,3,attack_random_continuous,2048,B5_initial_benign_trigger,1.0
secondary,test,continuous,60,3,attack_random_continuous,2048,B5_initial_FNR,0.0
secondary,test,continuous,60,3,attack_random_continuous,2048,B5_initial_J,0.0
secondary,test,continuous,60,3,attack_random_continuous,2048,B5_locked_attack_alert,0.22666666666666666
secondary,test,continuous,60,3,attack_random_continuous,2048,B5_locked_benign_trigger,0.19333333333333333
secondary,test,continuous,60,3,attack_random_continuous,2048,B5_locked_FNR,0.7733333333333333
secondary,test,continuous,60,3,attack_random_continuous,2048,B5_locked_J,0.033333333333333326
secondary,test,continuous,60,3,attack_random_continuous,65536,entropy_AP,0.5015363227815443
secondary,test,continuous,60,3,attack_random_continuous,65536,unique_ratio_AP,0.5050505050505051
secondary,test,continuous,60,3,attack_random_continuous,65536,B2_attack_alert,1.0
secondary,test,continuous,60,3,attack_random_continuous,65536,B2_benign_trigger,1.0
secondary,test,continuous,60,3,attack_random_continuous,65536,B2_FNR,0.0
secondary,test,continuous,60,3,attack_random_continuous,65536,B2_J,0.0
secondary,test,continuous,60,3,attack_random_continuous,65536,B5_initial_attack_alert,1.0
secondary,test,continuous,60,3,attack_random_continuous,65536,B5_initial_benign_trigger,1.0
secondary,test,continuous,60,3,attack_random_continuous,65536,B5_initial_FNR,0.0
secondary,test,continuous,60,3,attack_random_continuous,65536,B5_initial_J,0.0
secondary,test,continuous,60,3,attack_random_continuous,65536,B5_locked_attack_alert,0.26
secondary,test,continuous,60,3,attack_random_continuous,65536,B5_locked_benign_trigger,0.24666666666666667
secondary,test,continuous,60,3,attack_random_continuous,65536,B5_locked_FNR,0.74
secondary,test,continuous,60,3,attack_random_continuous,65536,B5_locked_J,0.013333333333333336
primary,test,continuous,60,3,attack_sweep_continuous,2048,entropy_AP,0.5408520099290626
primary,test,continuous,60,3,attack_sweep_continuous,2048,unique_ratio_AP,0.6643796306577765
primary,test,continuous,60,3,attack_sweep_continuous,2048,B2_attack_alert,1.0
primary,test,continuous,60,3,attack_sweep_continuous,2048,B2_benign_trigger,1.0
primary,test,continuous,60,3,attack_sweep_continuous,2048,B2_FNR,0.0
primary,test,continuous,60,3,attack_sweep_continuous,2048,B2_J,0.0
primary,test,continuous,60,3,attack_sweep_continuous,2048,B5_initial_attack_alert,1.0
primary,test,continuous,60,3,attack_sweep_continuous,2048,B5_initial_benign_trigger,1.0
primary,test,continuous,60,3,attack_sweep_continuous,2048,B5_initial_FNR,0.0
primary,test,continuous,60,3,attack_sweep_continuous,2048,B5_initial_J,0.0
primary,test,continuous,60,3,attack_sweep_continuous,2048,B5_locked_attack_alert,0.23333333333333334
primary,test,continuous,60,3,attack_sweep_continuous,2048,B5_locked_benign_trigger,0.19333333333333333
primary,test,continuous,60,3,attack_sweep_continuous,2048,B5_locked_FNR,0.7666666666666666
primary,test,continuous,60,3,attack_sweep_continuous,2048,B5_locked_J,0.04000000000000001
primary,test,continuous,60,3,attack_sweep_continuous,65536,entropy_AP,0.5015363227815443
primary,test,continuous,60,3,attack_sweep_continuous,65536,unique_ratio_AP,0.5050505050505051
primary,test,continuous,60,3,attack_sweep_continuous,65536,B2_attack_alert,1.0
primary,test,continuous,60,3,attack_sweep_continuous,65536,B2_benign_trigger,1.0
primary,test,continuous,60,3,attack_sweep_continuous,65536,B2_FNR,0.0
primary,test,continuous,60,3,attack_sweep_continuous,65536,B2_J,0.0
primary,test,continuous,60,3,attack_sweep_continuous,65536,B5_initial_attack_alert,1.0
primary,test,continuous,60,3,attack_sweep_continuous,65536,B5_initial_benign_trigger,1.0
primary,test,continuous,60,3,attack_sweep_continuous,65536,B5_initial_FNR,0.0
primary,test,continuous,60,3,attack_sweep_continuous,65536,B5_initial_J,0.0
primary,test,continuous,60,3,attack_sweep_continuous,65536,B5_locked_attack_alert,0.26
primary,test,continuous,60,3,attack_sweep_continuous,65536,B5_locked_benign_trigger,0.24666666666666667
primary,test,continuous,60,3,attack_sweep_continuous,65536,B5_locked_FNR,0.74
primary,test,continuous,60,3,attack_sweep_continuous,65536,B5_locked_J,0.013333333333333336
secondary,test,continuous,60,15,attack_dup_sweep_continuous,2048,entropy_AP,0.30950152928319885
secondary,test,continuous,60,15,attack_dup_sweep_continuous,2048,unique_ratio_AP,0.3109203903717963
secondary,test,continuous,60,15,attack_dup_sweep_continuous,2048,B2_attack_alert,1.0
secondary,test,continuous,60,15,attack_dup_sweep_continuous,2048,B2_benign_trigger,1.0
secondary,test,continuous,60,15,attack_dup_sweep_continuous,2048,B2_FNR,0.0
secondary,test,continuous,60,15,attack_dup_sweep_continuous,2048,B2_J,0.0
secondary,test,continuous,60,15,attack_dup_sweep_continuous,2048,B5_initial_attack_alert,0.0
secondary,test,continuous,60,15,attack_dup_sweep_continuous,2048,B5_initial_benign_trigger,1.0
secondary,test,continuous,60,15,attack_dup_sweep_continuous,2048,B5_initial_FNR,1.0
secondary,test,continuous,60,15,attack_dup_sweep_continuous,2048,B5_initial_J,-1.0
secondary,test,continuous,60,15,attack_dup_sweep_continuous,2048,B5_locked_attack_alert,0.0
secondary,test,continuous,60,15,attack_dup_sweep_continuous,2048,B5_locked_benign_trigger,0.4266666666666667
secondary,test,continuous,60,15,attack_dup_sweep_continuous,2048,B5_locked_FNR,1.0
secondary,test,continuous,60,15,attack_dup_sweep_continuous,2048,B5_locked_J,-0.4266666666666667
secondary,test,continuous,60,15,attack_dup_sweep_continuous,65536,entropy_AP,0.3096716157365977
secondary,test,continuous,60,15,attack_dup_sweep_continuous,65536,unique_ratio_AP,0.310872355221113
secondary,test,continuous,60,15,attack_dup_sweep_continuous,65536,B2_attack_alert,1.0
secondary,test,continuous,60,15,attack_dup_sweep_continuous,65536,B2_benign_trigger,1.0
secondary,test,continuous,60,15,attack_dup_sweep_continuous,65536,B2_FNR,0.0
secondary,test,continuous,60,15,attack_dup_sweep_continuous,65536,B2_J,0.0
secondary,test,continuous,60,15,attack_dup_sweep_continuous,65536,B5_initial_attack_alert,0.0
secondary,test,continuous,60,15,attack_dup_sweep_continuous,65536,B5_initial_benign_trigger,1.0
secondary,test,continuous,60,15,attack_dup_sweep_continuous,65536,B5_initial_FNR,1.0
secondary,test,continuous,60,15,attack_dup_sweep_continuous,65536,B5_initial_J,-1.0
secondary,test,continuous,60,15,attack_dup_sweep_continuous,65536,B5_locked_attack_alert,0.0
secondary,test,continuous,60,15,attack_dup_sweep_continuous,65536,B5_locked_benign_trigger,0.47333333333333333
secondary,test,continuous,60,15,attack_dup_sweep_continuous,65536,B5_locked_FNR,1.0
secondary,test,continuous,60,15,attack_dup_sweep_continuous,65536,B5_locked_J,-0.47333333333333333
secondary,test,continuous,60,15,attack_fixed_continuous,2048,entropy_AP,0.30938035035628203
secondary,test,continuous,60,15,attack_fixed_continuous,2048,unique_ratio_AP,0.30951310024593
secondary,test,continuous,60,15,attack_fixed_continuous,2048,B2_attack_alert,1.0
secondary,test,continuous,60,15,attack_fixed_continuous,2048,B2_benign_trigger,1.0
secondary,test,continuous,60,15,attack_fixed_continuous,2048,B2_FNR,0.0
secondary,test,continuous,60,15,attack_fixed_continuous,2048,B2_J,0.0
secondary,test,continuous,60,15,attack_fixed_continuous,2048,B5_initial_attack_alert,0.0
secondary,test,continuous,60,15,attack_fixed_continuous,2048,B5_initial_benign_trigger,1.0
secondary,test,continuous,60,15,attack_fixed_continuous,2048,B5_initial_FNR,1.0
secondary,test,continuous,60,15,attack_fixed_continuous,2048,B5_initial_J,-1.0
secondary,test,continuous,60,15,attack_fixed_continuous,2048,B5_locked_attack_alert,0.0
secondary,test,continuous,60,15,attack_fixed_continuous,2048,B5_locked_benign_trigger,0.4266666666666667
secondary,test,continuous,60,15,attack_fixed_continuous,2048,B5_locked_FNR,1.0
secondary,test,continuous,60,15,attack_fixed_continuous,2048,B5_locked_J,-0.4266666666666667
secondary,test,continuous,60,15,attack_fixed_continuous,65536,entropy_AP,0.30938035035628203
secondary,test,continuous,60,15,attack_fixed_continuous,65536,unique_ratio_AP,0.30951310024592993
secondary,test,continuous,60,15,attack_fixed_continuous,65536,B2_attack_alert,1.0
secondary,test,continuous,60,15,attack_fixed_continuous,65536,B2_benign_trigger,1.0
secondary,test,continuous,60,15,attack_fixed_continuous,65536,B2_FNR,0.0
secondary,test,continuous,60,15,attack_fixed_continuous,65536,B2_J,0.0
secondary,test,continuous,60,15,attack_fixed_continuous,65536,B5_initial_attack_alert,0.0
secondary,test,continuous,60,15,attack_fixed_continuous,65536,B5_initial_benign_trigger,1.0
secondary,test,continuous,60,15,attack_fixed_continuous,65536,B5_initial_FNR,1.0
secondary,test,continuous,60,15,attack_fixed_continuous,65536,B5_initial_J,-1.0
secondary,test,continuous,60,15,attack_fixed_continuous,65536,B5_locked_attack_alert,0.0
secondary,test,continuous,60,15,attack_fixed_continuous,65536,B5_locked_benign_trigger,0.47333333333333333
secondary,test,continuous,60,15,attack_fixed_continuous,65536,B5_locked_FNR,1.0
secondary,test,continuous,60,15,attack_fixed_continuous,65536,B5_locked_J,-0.47333333333333333
secondary,test,continuous,60,15,attack_random_continuous,2048,entropy_AP,0.5010636014815764
secondary,test,continuous,60,15,attack_random_continuous,2048,unique_ratio_AP,0.47221244653218303
secondary,test,continuous,60,15,attack_random_continuous,2048,B2_attack_alert,1.0
secondary,test,continuous,60,15,attack_random_continuous,2048,B2_benign_trigger,1.0
secondary,test,continuous,60,15,attack_random_continuous,2048,B2_FNR,0.0
secondary,test,continuous,60,15,attack_random_continuous,2048,B2_J,0.0
secondary,test,continuous,60,15,attack_random_continuous,2048,B5_initial_attack_alert,1.0
secondary,test,continuous,60,15,attack_random_continuous,2048,B5_initial_benign_trigger,1.0
secondary,test,continuous,60,15,attack_random_continuous,2048,B5_initial_FNR,0.0
secondary,test,continuous,60,15,attack_random_continuous,2048,B5_initial_J,0.0
secondary,test,continuous,60,15,attack_random_continuous,2048,B5_locked_attack_alert,0.4
secondary,test,continuous,60,15,attack_random_continuous,2048,B5_locked_benign_trigger,0.4266666666666667
secondary,test,continuous,60,15,attack_random_continuous,2048,B5_locked_FNR,0.6
secondary,test,continuous,60,15,attack_random_continuous,2048,B5_locked_J,-0.026666666666666672
secondary,test,continuous,60,15,attack_random_continuous,65536,entropy_AP,0.49911962970288404
secondary,test,continuous,60,15,attack_random_continuous,65536,unique_ratio_AP,0.495016985413834
secondary,test,continuous,60,15,attack_random_continuous,65536,B2_attack_alert,1.0
secondary,test,continuous,60,15,attack_random_continuous,65536,B2_benign_trigger,1.0
secondary,test,continuous,60,15,attack_random_continuous,65536,B2_FNR,0.0
secondary,test,continuous,60,15,attack_random_continuous,65536,B2_J,0.0
secondary,test,continuous,60,15,attack_random_continuous,65536,B5_initial_attack_alert,1.0
secondary,test,continuous,60,15,attack_random_continuous,65536,B5_initial_benign_trigger,1.0
secondary,test,continuous,60,15,attack_random_continuous,65536,B5_initial_FNR,0.0
secondary,test,continuous,60,15,attack_random_continuous,65536,B5_initial_J,0.0
secondary,test,continuous,60,15,attack_random_continuous,65536,B5_locked_attack_alert,0.4666666666666667
secondary,test,continuous,60,15,attack_random_continuous,65536,B5_locked_benign_trigger,0.47333333333333333
secondary,test,continuous,60,15,attack_random_continuous,65536,B5_locked_FNR,0.5333333333333333
secondary,test,continuous,60,15,attack_random_continuous,65536,B5_locked_J,-0.006666666666666654
primary,test,continuous,60,15,attack_sweep_continuous,2048,entropy_AP,0.5421100497666668
primary,test,continuous,60,15,attack_sweep_continuous,2048,unique_ratio_AP,0.6525351127811292
primary,test,continuous,60,15,attack_sweep_continuous,2048,B2_attack_alert,1.0
primary,test,continuous,60,15,attack_sweep_continuous,2048,B2_benign_trigger,1.0
primary,test,continuous,60,15,attack_sweep_continuous,2048,B2_FNR,0.0
primary,test,continuous,60,15,attack_sweep_continuous,2048,B2_J,0.0
primary,test,continuous,60,15,attack_sweep_continuous,2048,B5_initial_attack_alert,1.0
primary,test,continuous,60,15,attack_sweep_continuous,2048,B5_initial_benign_trigger,1.0
primary,test,continuous,60,15,attack_sweep_continuous,2048,B5_initial_FNR,0.0
primary,test,continuous,60,15,attack_sweep_continuous,2048,B5_initial_J,0.0
primary,test,continuous,60,15,attack_sweep_continuous,2048,B5_locked_attack_alert,0.46
primary,test,continuous,60,15,attack_sweep_continuous,2048,B5_locked_benign_trigger,0.4266666666666667
primary,test,continuous,60,15,attack_sweep_continuous,2048,B5_locked_FNR,0.54
primary,test,continuous,60,15,attack_sweep_continuous,2048,B5_locked_J,0.033333333333333326
primary,test,continuous,60,15,attack_sweep_continuous,65536,entropy_AP,0.4991777996153294
primary,test,continuous,60,15,attack_sweep_continuous,65536,unique_ratio_AP,0.4933562337530823
primary,test,continuous,60,15,attack_sweep_continuous,65536,B2_attack_alert,1.0
primary,test,continuous,60,15,attack_sweep_continuous,65536,B2_benign_trigger,1.0
primary,test,continuous,60,15,attack_sweep_continuous,65536,B2_FNR,0.0
primary,test,continuous,60,15,attack_sweep_continuous,65536,B2_J,0.0
primary,test,continuous,60,15,attack_sweep_continuous,65536,B5_initial_attack_alert,1.0
primary,test,continuous,60,15,attack_sweep_continuous,65536,B5_initial_benign_trigger,1.0
primary,test,continuous,60,15,attack_sweep_continuous,65536,B5_initial_FNR,0.0
primary,test,continuous,60,15,attack_sweep_continuous,65536,B5_initial_J,0.0
primary,test,continuous,60,15,attack_sweep_continuous,65536,B5_locked_attack_alert,0.47333333333333333
primary,test,continuous,60,15,attack_sweep_continuous,65536,B5_locked_benign_trigger,0.47333333333333333
primary,test,continuous,60,15,attack_sweep_continuous,65536,B5_locked_FNR,0.5266666666666666
primary,test,continuous,60,15,attack_sweep_continuous,65536,B5_locked_J,0.0
secondary,test,continuous,60,17,attack_dup_sweep_continuous,2048,entropy_AP,0.3096664354047638
secondary,test,continuous,60,17,attack_dup_sweep_continuous,2048,unique_ratio_AP,0.3111189138919556
secondary,test,continuous,60,17,attack_dup_sweep_continuous,2048,B2_attack_alert,1.0
secondary,test,continuous,60,17,attack_dup_sweep_continuous,2048,B2_benign_trigger,1.0
secondary,test,continuous,60,17,attack_dup_sweep_continuous,2048,B2_FNR,0.0
secondary,test,continuous,60,17,attack_dup_sweep_continuous,2048,B2_J,0.0
secondary,test,continuous,60,17,attack_dup_sweep_continuous,2048,B5_initial_attack_alert,0.0
secondary,test,continuous,60,17,attack_dup_sweep_continuous,2048,B5_initial_benign_trigger,1.0
secondary,test,continuous,60,17,attack_dup_sweep_continuous,2048,B5_initial_FNR,1.0
secondary,test,continuous,60,17,attack_dup_sweep_continuous,2048,B5_initial_J,-1.0
secondary,test,continuous,60,17,attack_dup_sweep_continuous,2048,B5_locked_attack_alert,0.0
secondary,test,continuous,60,17,attack_dup_sweep_continuous,2048,B5_locked_benign_trigger,0.2866666666666667
secondary,test,continuous,60,17,attack_dup_sweep_continuous,2048,B5_locked_FNR,1.0
secondary,test,continuous,60,17,attack_dup_sweep_continuous,2048,B5_locked_J,-0.2866666666666667
secondary,test,continuous,60,17,attack_dup_sweep_continuous,65536,entropy_AP,0.30975980458593155
secondary,test,continuous,60,17,attack_dup_sweep_continuous,65536,unique_ratio_AP,0.31107965667616894
secondary,test,continuous,60,17,attack_dup_sweep_continuous,65536,B2_attack_alert,1.0
secondary,test,continuous,60,17,attack_dup_sweep_continuous,65536,B2_benign_trigger,1.0
secondary,test,continuous,60,17,attack_dup_sweep_continuous,65536,B2_FNR,0.0
secondary,test,continuous,60,17,attack_dup_sweep_continuous,65536,B2_J,0.0
secondary,test,continuous,60,17,attack_dup_sweep_continuous,65536,B5_initial_attack_alert,0.0
secondary,test,continuous,60,17,attack_dup_sweep_continuous,65536,B5_initial_benign_trigger,1.0
secondary,test,continuous,60,17,attack_dup_sweep_continuous,65536,B5_initial_FNR,1.0
secondary,test,continuous,60,17,attack_dup_sweep_continuous,65536,B5_initial_J,-1.0
secondary,test,continuous,60,17,attack_dup_sweep_continuous,65536,B5_locked_attack_alert,0.0
secondary,test,continuous,60,17,attack_dup_sweep_continuous,65536,B5_locked_benign_trigger,0.35333333333333333
secondary,test,continuous,60,17,attack_dup_sweep_continuous,65536,B5_locked_FNR,1.0
secondary,test,continuous,60,17,attack_dup_sweep_continuous,65536,B5_locked_J,-0.35333333333333333
secondary,test,continuous,60,17,attack_fixed_continuous,2048,entropy_AP,0.309612080490845
secondary,test,continuous,60,17,attack_fixed_continuous,2048,unique_ratio_AP,0.3103178884244987
secondary,test,continuous,60,17,attack_fixed_continuous,2048,B2_attack_alert,1.0
secondary,test,continuous,60,17,attack_fixed_continuous,2048,B2_benign_trigger,1.0
secondary,test,continuous,60,17,attack_fixed_continuous,2048,B2_FNR,0.0
secondary,test,continuous,60,17,attack_fixed_continuous,2048,B2_J,0.0
secondary,test,continuous,60,17,attack_fixed_continuous,2048,B5_initial_attack_alert,0.0
secondary,test,continuous,60,17,attack_fixed_continuous,2048,B5_initial_benign_trigger,1.0
secondary,test,continuous,60,17,attack_fixed_continuous,2048,B5_initial_FNR,1.0
secondary,test,continuous,60,17,attack_fixed_continuous,2048,B5_initial_J,-1.0
secondary,test,continuous,60,17,attack_fixed_continuous,2048,B5_locked_attack_alert,0.0
secondary,test,continuous,60,17,attack_fixed_continuous,2048,B5_locked_benign_trigger,0.2866666666666667
secondary,test,continuous,60,17,attack_fixed_continuous,2048,B5_locked_FNR,1.0
secondary,test,continuous,60,17,attack_fixed_continuous,2048,B5_locked_J,-0.2866666666666667
secondary,test,continuous,60,17,attack_fixed_continuous,65536,entropy_AP,0.3097651917948765
secondary,test,continuous,60,17,attack_fixed_continuous,65536,unique_ratio_AP,0.31043529785354324
secondary,test,continuous,60,17,attack_fixed_continuous,65536,B2_attack_alert,1.0
secondary,test,continuous,60,17,attack_fixed_continuous,65536,B2_benign_trigger,1.0
secondary,test,continuous,60,17,attack_fixed_continuous,65536,B2_FNR,0.0
secondary,test,continuous,60,17,attack_fixed_continuous,65536,B2_J,0.0
secondary,test,continuous,60,17,attack_fixed_continuous,65536,B5_initial_attack_alert,0.0
secondary,test,continuous,60,17,attack_fixed_continuous,65536,B5_initial_benign_trigger,1.0
secondary,test,continuous,60,17,attack_fixed_continuous,65536,B5_initial_FNR,1.0
secondary,test,continuous,60,17,attack_fixed_continuous,65536,B5_initial_J,-1.0
secondary,test,continuous,60,17,attack_fixed_continuous,65536,B5_locked_attack_alert,0.0
secondary,test,continuous,60,17,attack_fixed_continuous,65536,B5_locked_benign_trigger,0.35333333333333333
secondary,test,continuous,60,17,attack_fixed_continuous,65536,B5_locked_FNR,1.0
secondary,test,continuous,60,17,attack_fixed_continuous,65536,B5_locked_J,-0.35333333333333333
secondary,test,continuous,60,17,attack_random_continuous,2048,entropy_AP,0.5236478620115685
secondary,test,continuous,60,17,attack_random_continuous,2048,unique_ratio_AP,0.6733686360670657
secondary,test,continuous,60,17,attack_random_continuous,2048,B2_attack_alert,1.0
secondary,test,continuous,60,17,attack_random_continuous,2048,B2_benign_trigger,1.0
secondary,test,continuous,60,17,attack_random_continuous,2048,B2_FNR,0.0
secondary,test,continuous,60,17,attack_random_continuous,2048,B2_J,0.0
secondary,test,continuous,60,17,attack_random_continuous,2048,B5_initial_attack_alert,1.0
secondary,test,continuous,60,17,attack_random_continuous,2048,B5_initial_benign_trigger,1.0
secondary,test,continuous,60,17,attack_random_continuous,2048,B5_initial_FNR,0.0
secondary,test,continuous,60,17,attack_random_continuous,2048,B5_initial_J,0.0
secondary,test,continuous,60,17,attack_random_continuous,2048,B5_locked_attack_alert,0.31333333333333335
secondary,test,continuous,60,17,attack_random_continuous,2048,B5_locked_benign_trigger,0.2866666666666667
secondary,test,continuous,60,17,attack_random_continuous,2048,B5_locked_FNR,0.6866666666666666
secondary,test,continuous,60,17,attack_random_continuous,2048,B5_locked_J,0.026666666666666672
secondary,test,continuous,60,17,attack_random_continuous,65536,entropy_AP,0.5
secondary,test,continuous,60,17,attack_random_continuous,65536,unique_ratio_AP,0.5
secondary,test,continuous,60,17,attack_random_continuous,65536,B2_attack_alert,1.0
secondary,test,continuous,60,17,attack_random_continuous,65536,B2_benign_trigger,1.0
secondary,test,continuous,60,17,attack_random_continuous,65536,B2_FNR,0.0
secondary,test,continuous,60,17,attack_random_continuous,65536,B2_J,0.0
secondary,test,continuous,60,17,attack_random_continuous,65536,B5_initial_attack_alert,1.0
secondary,test,continuous,60,17,attack_random_continuous,65536,B5_initial_benign_trigger,1.0
secondary,test,continuous,60,17,attack_random_continuous,65536,B5_initial_FNR,0.0
secondary,test,continuous,60,17,attack_random_continuous,65536,B5_initial_J,0.0
secondary,test,continuous,60,17,attack_random_continuous,65536,B5_locked_attack_alert,0.35333333333333333
secondary,test,continuous,60,17,attack_random_continuous,65536,B5_locked_benign_trigger,0.35333333333333333
secondary,test,continuous,60,17,attack_random_continuous,65536,B5_locked_FNR,0.6466666666666667
secondary,test,continuous,60,17,attack_random_continuous,65536,B5_locked_J,0.0
primary,test,continuous,60,17,attack_sweep_continuous,2048,entropy_AP,0.5515108726612495
primary,test,continuous,60,17,attack_sweep_continuous,2048,unique_ratio_AP,0.768660018316538
primary,test,continuous,60,17,attack_sweep_continuous,2048,B2_attack_alert,1.0
primary,test,continuous,60,17,attack_sweep_continuous,2048,B2_benign_trigger,1.0
primary,test,continuous,60,17,attack_sweep_continuous,2048,B2_FNR,0.0
primary,test,continuous,60,17,attack_sweep_continuous,2048,B2_J,0.0
primary,test,continuous,60,17,attack_sweep_continuous,2048,B5_initial_attack_alert,1.0
primary,test,continuous,60,17,attack_sweep_continuous,2048,B5_initial_benign_trigger,1.0
primary,test,continuous,60,17,attack_sweep_continuous,2048,B5_initial_FNR,0.0
primary,test,continuous,60,17,attack_sweep_continuous,2048,B5_initial_J,0.0
primary,test,continuous,60,17,attack_sweep_continuous,2048,B5_locked_attack_alert,0.32
primary,test,continuous,60,17,attack_sweep_continuous,2048,B5_locked_benign_trigger,0.2866666666666667
primary,test,continuous,60,17,attack_sweep_continuous,2048,B5_locked_FNR,0.6799999999999999
primary,test,continuous,60,17,attack_sweep_continuous,2048,B5_locked_J,0.033333333333333326
primary,test,continuous,60,17,attack_sweep_continuous,65536,entropy_AP,0.5
primary,test,continuous,60,17,attack_sweep_continuous,65536,unique_ratio_AP,0.5
primary,test,continuous,60,17,attack_sweep_continuous,65536,B2_attack_alert,1.0
primary,test,continuous,60,17,attack_sweep_continuous,65536,B2_benign_trigger,1.0
primary,test,continuous,60,17,attack_sweep_continuous,65536,B2_FNR,0.0
primary,test,continuous,60,17,attack_sweep_continuous,65536,B2_J,0.0
primary,test,continuous,60,17,attack_sweep_continuous,65536,B5_initial_attack_alert,1.0
primary,test,continuous,60,17,attack_sweep_continuous,65536,B5_initial_benign_trigger,1.0
primary,test,continuous,60,17,attack_sweep_continuous,65536,B5_initial_FNR,0.0
primary,test,continuous,60,17,attack_sweep_continuous,65536,B5_initial_J,0.0
primary,test,continuous,60,17,attack_sweep_continuous,65536,B5_locked_attack_alert,0.35333333333333333
primary,test,continuous,60,17,attack_sweep_continuous,65536,B5_locked_benign_trigger,0.35333333333333333
primary,test,continuous,60,17,attack_sweep_continuous,65536,B5_locked_FNR,0.6466666666666667
primary,test,continuous,60,17,attack_sweep_continuous,65536,B5_locked_J,0.0
secondary,test,continuous,120,4,attack_dup_sweep_continuous,2048,entropy_AP,0.30873981431833614
secondary,test,continuous,120,4,attack_dup_sweep_continuous,2048,unique_ratio_AP,0.3099012513074999
secondary,test,continuous,120,4,attack_dup_sweep_continuous,2048,B2_attack_alert,1.0
secondary,test,continuous,120,4,attack_dup_sweep_continuous,2048,B2_benign_trigger,1.0
secondary,test,continuous,120,4,attack_dup_sweep_continuous,2048,B2_FNR,0.0
secondary,test,continuous,120,4,attack_dup_sweep_continuous,2048,B2_J,0.0
secondary,test,continuous,120,4,attack_dup_sweep_continuous,2048,B5_initial_attack_alert,0.0
secondary,test,continuous,120,4,attack_dup_sweep_continuous,2048,B5_initial_benign_trigger,1.0
secondary,test,continuous,120,4,attack_dup_sweep_continuous,2048,B5_initial_FNR,1.0
secondary,test,continuous,120,4,attack_dup_sweep_continuous,2048,B5_initial_J,-1.0
secondary,test,continuous,120,4,attack_dup_sweep_continuous,2048,B5_locked_attack_alert,0.0
secondary,test,continuous,120,4,attack_dup_sweep_continuous,2048,B5_locked_benign_trigger,1.0
secondary,test,continuous,120,4,attack_dup_sweep_continuous,2048,B5_locked_FNR,1.0
secondary,test,continuous,120,4,attack_dup_sweep_continuous,2048,B5_locked_J,-1.0
secondary,test,continuous,120,4,attack_dup_sweep_continuous,65536,entropy_AP,0.30914839440472586
secondary,test,continuous,120,4,attack_dup_sweep_continuous,65536,unique_ratio_AP,0.31005013164155626
secondary,test,continuous,120,4,attack_dup_sweep_continuous,65536,B2_attack_alert,1.0
secondary,test,continuous,120,4,attack_dup_sweep_continuous,65536,B2_benign_trigger,1.0
secondary,test,continuous,120,4,attack_dup_sweep_continuous,65536,B2_FNR,0.0
secondary,test,continuous,120,4,attack_dup_sweep_continuous,65536,B2_J,0.0
secondary,test,continuous,120,4,attack_dup_sweep_continuous,65536,B5_initial_attack_alert,0.0
secondary,test,continuous,120,4,attack_dup_sweep_continuous,65536,B5_initial_benign_trigger,1.0
secondary,test,continuous,120,4,attack_dup_sweep_continuous,65536,B5_initial_FNR,1.0
secondary,test,continuous,120,4,attack_dup_sweep_continuous,65536,B5_initial_J,-1.0
secondary,test,continuous,120,4,attack_dup_sweep_continuous,65536,B5_locked_attack_alert,0.0
secondary,test,continuous,120,4,attack_dup_sweep_continuous,65536,B5_locked_benign_trigger,1.0
secondary,test,continuous,120,4,attack_dup_sweep_continuous,65536,B5_locked_FNR,1.0
secondary,test,continuous,120,4,attack_dup_sweep_continuous,65536,B5_locked_J,-1.0
secondary,test,continuous,120,4,attack_fixed_continuous,2048,entropy_AP,0.30914166706429713
secondary,test,continuous,120,4,attack_fixed_continuous,2048,unique_ratio_AP,0.30943969062648985
secondary,test,continuous,120,4,attack_fixed_continuous,2048,B2_attack_alert,1.0
secondary,test,continuous,120,4,attack_fixed_continuous,2048,B2_benign_trigger,1.0
secondary,test,continuous,120,4,attack_fixed_continuous,2048,B2_FNR,0.0
secondary,test,continuous,120,4,attack_fixed_continuous,2048,B2_J,0.0
secondary,test,continuous,120,4,attack_fixed_continuous,2048,B5_initial_attack_alert,0.0
secondary,test,continuous,120,4,attack_fixed_continuous,2048,B5_initial_benign_trigger,1.0
secondary,test,continuous,120,4,attack_fixed_continuous,2048,B5_initial_FNR,1.0
secondary,test,continuous,120,4,attack_fixed_continuous,2048,B5_initial_J,-1.0
secondary,test,continuous,120,4,attack_fixed_continuous,2048,B5_locked_attack_alert,0.0
secondary,test,continuous,120,4,attack_fixed_continuous,2048,B5_locked_benign_trigger,1.0
secondary,test,continuous,120,4,attack_fixed_continuous,2048,B5_locked_FNR,1.0
secondary,test,continuous,120,4,attack_fixed_continuous,2048,B5_locked_J,-1.0
secondary,test,continuous,120,4,attack_fixed_continuous,65536,entropy_AP,0.30927681468426604
secondary,test,continuous,120,4,attack_fixed_continuous,65536,unique_ratio_AP,0.309395515221053
secondary,test,continuous,120,4,attack_fixed_continuous,65536,B2_attack_alert,1.0
secondary,test,continuous,120,4,attack_fixed_continuous,65536,B2_benign_trigger,1.0
secondary,test,continuous,120,4,attack_fixed_continuous,65536,B2_FNR,0.0
secondary,test,continuous,120,4,attack_fixed_continuous,65536,B2_J,0.0
secondary,test,continuous,120,4,attack_fixed_continuous,65536,B5_initial_attack_alert,0.0
secondary,test,continuous,120,4,attack_fixed_continuous,65536,B5_initial_benign_trigger,1.0
secondary,test,continuous,120,4,attack_fixed_continuous,65536,B5_initial_FNR,1.0
secondary,test,continuous,120,4,attack_fixed_continuous,65536,B5_initial_J,-1.0
secondary,test,continuous,120,4,attack_fixed_continuous,65536,B5_locked_attack_alert,0.0
secondary,test,continuous,120,4,attack_fixed_continuous,65536,B5_locked_benign_trigger,1.0
secondary,test,continuous,120,4,attack_fixed_continuous,65536,B5_locked_FNR,1.0
secondary,test,continuous,120,4,attack_fixed_continuous,65536,B5_locked_J,-1.0
secondary,test,continuous,120,4,attack_random_continuous,2048,entropy_AP,0.4893472433771646
secondary,test,continuous,120,4,attack_random_continuous,2048,unique_ratio_AP,0.4594480404418293
secondary,test,continuous,120,4,attack_random_continuous,2048,B2_attack_alert,1.0
secondary,test,continuous,120,4,attack_random_continuous,2048,B2_benign_trigger,1.0
secondary,test,continuous,120,4,attack_random_continuous,2048,B2_FNR,0.0
secondary,test,continuous,120,4,attack_random_continuous,2048,B2_J,0.0
secondary,test,continuous,120,4,attack_random_continuous,2048,B5_initial_attack_alert,1.0
secondary,test,continuous,120,4,attack_random_continuous,2048,B5_initial_benign_trigger,1.0
secondary,test,continuous,120,4,attack_random_continuous,2048,B5_initial_FNR,0.0
secondary,test,continuous,120,4,attack_random_continuous,2048,B5_initial_J,0.0
secondary,test,continuous,120,4,attack_random_continuous,2048,B5_locked_attack_alert,1.0
secondary,test,continuous,120,4,attack_random_continuous,2048,B5_locked_benign_trigger,1.0
secondary,test,continuous,120,4,attack_random_continuous,2048,B5_locked_FNR,0.0
secondary,test,continuous,120,4,attack_random_continuous,2048,B5_locked_J,0.0
secondary,test,continuous,120,4,attack_random_continuous,65536,entropy_AP,0.4964323897167016
secondary,test,continuous,120,4,attack_random_continuous,65536,unique_ratio_AP,0.49193741816117725
secondary,test,continuous,120,4,attack_random_continuous,65536,B2_attack_alert,1.0
secondary,test,continuous,120,4,attack_random_continuous,65536,B2_benign_trigger,1.0
secondary,test,continuous,120,4,attack_random_continuous,65536,B2_FNR,0.0
secondary,test,continuous,120,4,attack_random_continuous,65536,B2_J,0.0
secondary,test,continuous,120,4,attack_random_continuous,65536,B5_initial_attack_alert,1.0
secondary,test,continuous,120,4,attack_random_continuous,65536,B5_initial_benign_trigger,1.0
secondary,test,continuous,120,4,attack_random_continuous,65536,B5_initial_FNR,0.0
secondary,test,continuous,120,4,attack_random_continuous,65536,B5_initial_J,0.0
secondary,test,continuous,120,4,attack_random_continuous,65536,B5_locked_attack_alert,1.0
secondary,test,continuous,120,4,attack_random_continuous,65536,B5_locked_benign_trigger,1.0
secondary,test,continuous,120,4,attack_random_continuous,65536,B5_locked_FNR,0.0
secondary,test,continuous,120,4,attack_random_continuous,65536,B5_locked_J,0.0
primary,test,continuous,120,4,attack_sweep_continuous,2048,entropy_AP,0.5858433369543481
primary,test,continuous,120,4,attack_sweep_continuous,2048,unique_ratio_AP,0.7808183896554213
primary,test,continuous,120,4,attack_sweep_continuous,2048,B2_attack_alert,1.0
primary,test,continuous,120,4,attack_sweep_continuous,2048,B2_benign_trigger,1.0
primary,test,continuous,120,4,attack_sweep_continuous,2048,B2_FNR,0.0
primary,test,continuous,120,4,attack_sweep_continuous,2048,B2_J,0.0
primary,test,continuous,120,4,attack_sweep_continuous,2048,B5_initial_attack_alert,1.0
primary,test,continuous,120,4,attack_sweep_continuous,2048,B5_initial_benign_trigger,1.0
primary,test,continuous,120,4,attack_sweep_continuous,2048,B5_initial_FNR,0.0
primary,test,continuous,120,4,attack_sweep_continuous,2048,B5_initial_J,0.0
primary,test,continuous,120,4,attack_sweep_continuous,2048,B5_locked_attack_alert,1.0
primary,test,continuous,120,4,attack_sweep_continuous,2048,B5_locked_benign_trigger,1.0
primary,test,continuous,120,4,attack_sweep_continuous,2048,B5_locked_FNR,0.0
primary,test,continuous,120,4,attack_sweep_continuous,2048,B5_locked_J,0.0
primary,test,continuous,120,4,attack_sweep_continuous,65536,entropy_AP,0.49945599421703546
primary,test,continuous,120,4,attack_sweep_continuous,65536,unique_ratio_AP,0.49840639787182933
primary,test,continuous,120,4,attack_sweep_continuous,65536,B2_attack_alert,1.0
primary,test,continuous,120,4,attack_sweep_continuous,65536,B2_benign_trigger,1.0
primary,test,continuous,120,4,attack_sweep_continuous,65536,B2_FNR,0.0
primary,test,continuous,120,4,attack_sweep_continuous,65536,B2_J,0.0
primary,test,continuous,120,4,attack_sweep_continuous,65536,B5_initial_attack_alert,1.0
primary,test,continuous,120,4,attack_sweep_continuous,65536,B5_initial_benign_trigger,1.0
primary,test,continuous,120,4,attack_sweep_continuous,65536,B5_initial_FNR,0.0
primary,test,continuous,120,4,attack_sweep_continuous,65536,B5_initial_J,0.0
primary,test,continuous,120,4,attack_sweep_continuous,65536,B5_locked_attack_alert,1.0
primary,test,continuous,120,4,attack_sweep_continuous,65536,B5_locked_benign_trigger,1.0
primary,test,continuous,120,4,attack_sweep_continuous,65536,B5_locked_FNR,0.0
primary,test,continuous,120,4,attack_sweep_continuous,65536,B5_locked_J,0.0
secondary,test,continuous,120,7,attack_dup_sweep_continuous,2048,entropy_AP,0.3090801243544165
secondary,test,continuous,120,7,attack_dup_sweep_continuous,2048,unique_ratio_AP,0.3103067701026108
secondary,test,continuous,120,7,attack_dup_sweep_continuous,2048,B2_attack_alert,1.0
secondary,test,continuous,120,7,attack_dup_sweep_continuous,2048,B2_benign_trigger,1.0
secondary,test,continuous,120,7,attack_dup_sweep_continuous,2048,B2_FNR,0.0
secondary,test,continuous,120,7,attack_dup_sweep_continuous,2048,B2_J,0.0
secondary,test,continuous,120,7,attack_dup_sweep_continuous,2048,B5_initial_attack_alert,0.0
secondary,test,continuous,120,7,attack_dup_sweep_continuous,2048,B5_initial_benign_trigger,1.0
secondary,test,continuous,120,7,attack_dup_sweep_continuous,2048,B5_initial_FNR,1.0
secondary,test,continuous,120,7,attack_dup_sweep_continuous,2048,B5_initial_J,-1.0
secondary,test,continuous,120,7,attack_dup_sweep_continuous,2048,B5_locked_attack_alert,0.0
secondary,test,continuous,120,7,attack_dup_sweep_continuous,2048,B5_locked_benign_trigger,1.0
secondary,test,continuous,120,7,attack_dup_sweep_continuous,2048,B5_locked_FNR,1.0
secondary,test,continuous,120,7,attack_dup_sweep_continuous,2048,B5_locked_J,-1.0
secondary,test,continuous,120,7,attack_dup_sweep_continuous,65536,entropy_AP,0.309520480161969
secondary,test,continuous,120,7,attack_dup_sweep_continuous,65536,unique_ratio_AP,0.3106061643539382
secondary,test,continuous,120,7,attack_dup_sweep_continuous,65536,B2_attack_alert,1.0
secondary,test,continuous,120,7,attack_dup_sweep_continuous,65536,B2_benign_trigger,1.0
secondary,test,continuous,120,7,attack_dup_sweep_continuous,65536,B2_FNR,0.0
secondary,test,continuous,120,7,attack_dup_sweep_continuous,65536,B2_J,0.0
secondary,test,continuous,120,7,attack_dup_sweep_continuous,65536,B5_initial_attack_alert,0.0
secondary,test,continuous,120,7,attack_dup_sweep_continuous,65536,B5_initial_benign_trigger,1.0
secondary,test,continuous,120,7,attack_dup_sweep_continuous,65536,B5_initial_FNR,1.0
secondary,test,continuous,120,7,attack_dup_sweep_continuous,65536,B5_initial_J,-1.0
secondary,test,continuous,120,7,attack_dup_sweep_continuous,65536,B5_locked_attack_alert,0.0
secondary,test,continuous,120,7,attack_dup_sweep_continuous,65536,B5_locked_benign_trigger,1.0
secondary,test,continuous,120,7,attack_dup_sweep_continuous,65536,B5_locked_FNR,1.0
secondary,test,continuous,120,7,attack_dup_sweep_continuous,65536,B5_locked_J,-1.0
secondary,test,continuous,120,7,attack_fixed_continuous,2048,entropy_AP,0.30915016142831875
secondary,test,continuous,120,7,attack_fixed_continuous,2048,unique_ratio_AP,0.3093073703685332
secondary,test,continuous,120,7,attack_fixed_continuous,2048,B2_attack_alert,1.0
secondary,test,continuous,120,7,attack_fixed_continuous,2048,B2_benign_trigger,1.0
secondary,test,continuous,120,7,attack_fixed_continuous,2048,B2_FNR,0.0
secondary,test,continuous,120,7,attack_fixed_continuous,2048,B2_J,0.0
secondary,test,continuous,120,7,attack_fixed_continuous,2048,B5_initial_attack_alert,0.0
secondary,test,continuous,120,7,attack_fixed_continuous,2048,B5_initial_benign_trigger,1.0
secondary,test,continuous,120,7,attack_fixed_continuous,2048,B5_initial_FNR,1.0
secondary,test,continuous,120,7,attack_fixed_continuous,2048,B5_initial_J,-1.0
secondary,test,continuous,120,7,attack_fixed_continuous,2048,B5_locked_attack_alert,0.0
secondary,test,continuous,120,7,attack_fixed_continuous,2048,B5_locked_benign_trigger,1.0
secondary,test,continuous,120,7,attack_fixed_continuous,2048,B5_locked_FNR,1.0
secondary,test,continuous,120,7,attack_fixed_continuous,2048,B5_locked_J,-1.0
secondary,test,continuous,120,7,attack_fixed_continuous,65536,entropy_AP,0.30915016142831875
secondary,test,continuous,120,7,attack_fixed_continuous,65536,unique_ratio_AP,0.30926348008024174
secondary,test,continuous,120,7,attack_fixed_continuous,65536,B2_attack_alert,1.0
secondary,test,continuous,120,7,attack_fixed_continuous,65536,B2_benign_trigger,1.0
secondary,test,continuous,120,7,attack_fixed_continuous,65536,B2_FNR,0.0
secondary,test,continuous,120,7,attack_fixed_continuous,65536,B2_J,0.0
secondary,test,continuous,120,7,attack_fixed_continuous,65536,B5_initial_attack_alert,0.0
secondary,test,continuous,120,7,attack_fixed_continuous,65536,B5_initial_benign_trigger,1.0
secondary,test,continuous,120,7,attack_fixed_continuous,65536,B5_initial_FNR,1.0
secondary,test,continuous,120,7,attack_fixed_continuous,65536,B5_initial_J,-1.0
secondary,test,continuous,120,7,attack_fixed_continuous,65536,B5_locked_attack_alert,0.0
secondary,test,continuous,120,7,attack_fixed_continuous,65536,B5_locked_benign_trigger,1.0
secondary,test,continuous,120,7,attack_fixed_continuous,65536,B5_locked_FNR,1.0
secondary,test,continuous,120,7,attack_fixed_continuous,65536,B5_locked_J,-1.0
secondary,test,continuous,120,7,attack_random_continuous,2048,entropy_AP,0.5167484670823919
secondary,test,continuous,120,7,attack_random_continuous,2048,unique_ratio_AP,0.5799326446494866
secondary,test,continuous,120,7,attack_random_continuous,2048,B2_attack_alert,1.0
secondary,test,continuous,120,7,attack_random_continuous,2048,B2_benign_trigger,1.0
secondary,test,continuous,120,7,attack_random_continuous,2048,B2_FNR,0.0
secondary,test,continuous,120,7,attack_random_continuous,2048,B2_J,0.0
secondary,test,continuous,120,7,attack_random_continuous,2048,B5_initial_attack_alert,1.0
secondary,test,continuous,120,7,attack_random_continuous,2048,B5_initial_benign_trigger,1.0
secondary,test,continuous,120,7,attack_random_continuous,2048,B5_initial_FNR,0.0
secondary,test,continuous,120,7,attack_random_continuous,2048,B5_initial_J,0.0
secondary,test,continuous,120,7,attack_random_continuous,2048,B5_locked_attack_alert,1.0
secondary,test,continuous,120,7,attack_random_continuous,2048,B5_locked_benign_trigger,1.0
secondary,test,continuous,120,7,attack_random_continuous,2048,B5_locked_FNR,0.0
secondary,test,continuous,120,7,attack_random_continuous,2048,B5_locked_J,0.0
secondary,test,continuous,120,7,attack_random_continuous,65536,entropy_AP,0.49850760007766093
secondary,test,continuous,120,7,attack_random_continuous,65536,unique_ratio_AP,0.48049827001560935
secondary,test,continuous,120,7,attack_random_continuous,65536,B2_attack_alert,1.0
secondary,test,continuous,120,7,attack_random_continuous,65536,B2_benign_trigger,1.0
secondary,test,continuous,120,7,attack_random_continuous,65536,B2_FNR,0.0
secondary,test,continuous,120,7,attack_random_continuous,65536,B2_J,0.0
secondary,test,continuous,120,7,attack_random_continuous,65536,B5_initial_attack_alert,1.0
secondary,test,continuous,120,7,attack_random_continuous,65536,B5_initial_benign_trigger,1.0
secondary,test,continuous,120,7,attack_random_continuous,65536,B5_initial_FNR,0.0
secondary,test,continuous,120,7,attack_random_continuous,65536,B5_initial_J,0.0
secondary,test,continuous,120,7,attack_random_continuous,65536,B5_locked_attack_alert,1.0
secondary,test,continuous,120,7,attack_random_continuous,65536,B5_locked_benign_trigger,1.0
secondary,test,continuous,120,7,attack_random_continuous,65536,B5_locked_FNR,0.0
secondary,test,continuous,120,7,attack_random_continuous,65536,B5_locked_J,0.0
primary,test,continuous,120,7,attack_sweep_continuous,2048,entropy_AP,0.6326468410870734
primary,test,continuous,120,7,attack_sweep_continuous,2048,unique_ratio_AP,0.9293184682040183
primary,test,continuous,120,7,attack_sweep_continuous,2048,B2_attack_alert,1.0
primary,test,continuous,120,7,attack_sweep_continuous,2048,B2_benign_trigger,1.0
primary,test,continuous,120,7,attack_sweep_continuous,2048,B2_FNR,0.0
primary,test,continuous,120,7,attack_sweep_continuous,2048,B2_J,0.0
primary,test,continuous,120,7,attack_sweep_continuous,2048,B5_initial_attack_alert,1.0
primary,test,continuous,120,7,attack_sweep_continuous,2048,B5_initial_benign_trigger,1.0
primary,test,continuous,120,7,attack_sweep_continuous,2048,B5_initial_FNR,0.0
primary,test,continuous,120,7,attack_sweep_continuous,2048,B5_initial_J,0.0
primary,test,continuous,120,7,attack_sweep_continuous,2048,B5_locked_attack_alert,1.0
primary,test,continuous,120,7,attack_sweep_continuous,2048,B5_locked_benign_trigger,1.0
primary,test,continuous,120,7,attack_sweep_continuous,2048,B5_locked_FNR,0.0
primary,test,continuous,120,7,attack_sweep_continuous,2048,B5_locked_J,0.0
primary,test,continuous,120,7,attack_sweep_continuous,65536,entropy_AP,0.5041058606467977
primary,test,continuous,120,7,attack_sweep_continuous,65536,unique_ratio_AP,0.5190311418685121
primary,test,continuous,120,7,attack_sweep_continuous,65536,B2_attack_alert,1.0
primary,test,continuous,120,7,attack_sweep_continuous,65536,B2_benign_trigger,1.0
primary,test,continuous,120,7,attack_sweep_continuous,65536,B2_FNR,0.0
primary,test,continuous,120,7,attack_sweep_continuous,65536,B2_J,0.0
primary,test,continuous,120,7,attack_sweep_continuous,65536,B5_initial_attack_alert,1.0
primary,test,continuous,120,7,attack_sweep_continuous,65536,B5_initial_benign_trigger,1.0
primary,test,continuous,120,7,attack_sweep_continuous,65536,B5_initial_FNR,0.0
primary,test,continuous,120,7,attack_sweep_continuous,65536,B5_initial_J,0.0
primary,test,continuous,120,7,attack_sweep_continuous,65536,B5_locked_attack_alert,1.0
primary,test,continuous,120,7,attack_sweep_continuous,65536,B5_locked_benign_trigger,1.0
primary,test,continuous,120,7,attack_sweep_continuous,65536,B5_locked_FNR,0.0
primary,test,continuous,120,7,attack_sweep_continuous,65536,B5_locked_J,0.0
secondary,test,continuous,120,10,attack_dup_sweep_continuous,2048,entropy_AP,0.30894509237707507
secondary,test,continuous,120,10,attack_dup_sweep_continuous,2048,unique_ratio_AP,0.3099016069679249
secondary,test,continuous,120,10,attack_dup_sweep_continuous,2048,B2_attack_alert,1.0
secondary,test,continuous,120,10,attack_dup_sweep_continuous,2048,B2_benign_trigger,1.0
secondary,test,continuous,120,10,attack_dup_sweep_continuous,2048,B2_FNR,0.0
secondary,test,continuous,120,10,attack_dup_sweep_continuous,2048,B2_J,0.0
secondary,test,continuous,120,10,attack_dup_sweep_continuous,2048,B5_initial_attack_alert,0.0
secondary,test,continuous,120,10,attack_dup_sweep_continuous,2048,B5_initial_benign_trigger,1.0
secondary,test,continuous,120,10,attack_dup_sweep_continuous,2048,B5_initial_FNR,1.0
secondary,test,continuous,120,10,attack_dup_sweep_continuous,2048,B5_initial_J,-1.0
secondary,test,continuous,120,10,attack_dup_sweep_continuous,2048,B5_locked_attack_alert,0.0
secondary,test,continuous,120,10,attack_dup_sweep_continuous,2048,B5_locked_benign_trigger,1.0
secondary,test,continuous,120,10,attack_dup_sweep_continuous,2048,B5_locked_FNR,1.0
secondary,test,continuous,120,10,attack_dup_sweep_continuous,2048,B5_locked_J,-1.0
secondary,test,continuous,120,10,attack_dup_sweep_continuous,65536,entropy_AP,0.3092129027320948
secondary,test,continuous,120,10,attack_dup_sweep_continuous,65536,unique_ratio_AP,0.3098639991566035
secondary,test,continuous,120,10,attack_dup_sweep_continuous,65536,B2_attack_alert,1.0
secondary,test,continuous,120,10,attack_dup_sweep_continuous,65536,B2_benign_trigger,1.0
secondary,test,continuous,120,10,attack_dup_sweep_continuous,65536,B2_FNR,0.0
secondary,test,continuous,120,10,attack_dup_sweep_continuous,65536,B2_J,0.0
secondary,test,continuous,120,10,attack_dup_sweep_continuous,65536,B5_initial_attack_alert,0.0
secondary,test,continuous,120,10,attack_dup_sweep_continuous,65536,B5_initial_benign_trigger,1.0
secondary,test,continuous,120,10,attack_dup_sweep_continuous,65536,B5_initial_FNR,1.0
secondary,test,continuous,120,10,attack_dup_sweep_continuous,65536,B5_initial_J,-1.0
secondary,test,continuous,120,10,attack_dup_sweep_continuous,65536,B5_locked_attack_alert,0.0
secondary,test,continuous,120,10,attack_dup_sweep_continuous,65536,B5_locked_benign_trigger,1.0
secondary,test,continuous,120,10,attack_dup_sweep_continuous,65536,B5_locked_FNR,1.0
secondary,test,continuous,120,10,attack_dup_sweep_continuous,65536,B5_locked_J,-1.0
secondary,test,continuous,120,10,attack_fixed_continuous,2048,entropy_AP,0.30891778551974514
secondary,test,continuous,120,10,attack_fixed_continuous,2048,unique_ratio_AP,0.3092071515410331
secondary,test,continuous,120,10,attack_fixed_continuous,2048,B2_attack_alert,1.0
secondary,test,continuous,120,10,attack_fixed_continuous,2048,B2_benign_trigger,1.0
secondary,test,continuous,120,10,attack_fixed_continuous,2048,B2_FNR,0.0
secondary,test,continuous,120,10,attack_fixed_continuous,2048,B2_J,0.0
secondary,test,continuous,120,10,attack_fixed_continuous,2048,B5_initial_attack_alert,0.0
secondary,test,continuous,120,10,attack_fixed_continuous,2048,B5_initial_benign_trigger,1.0
secondary,test,continuous,120,10,attack_fixed_continuous,2048,B5_initial_FNR,1.0
secondary,test,continuous,120,10,attack_fixed_continuous,2048,B5_initial_J,-1.0
secondary,test,continuous,120,10,attack_fixed_continuous,2048,B5_locked_attack_alert,0.0
secondary,test,continuous,120,10,attack_fixed_continuous,2048,B5_locked_benign_trigger,1.0
secondary,test,continuous,120,10,attack_fixed_continuous,2048,B5_locked_FNR,1.0
secondary,test,continuous,120,10,attack_fixed_continuous,2048,B5_locked_J,-1.0
secondary,test,continuous,120,10,attack_fixed_continuous,65536,entropy_AP,0.3090855524184904
secondary,test,continuous,120,10,attack_fixed_continuous,65536,unique_ratio_AP,0.30918397876259923
secondary,test,continuous,120,10,attack_fixed_continuous,65536,B2_attack_alert,1.0
secondary,test,continuous,120,10,attack_fixed_continuous,65536,B2_benign_trigger,1.0
secondary,test,continuous,120,10,attack_fixed_continuous,65536,B2_FNR,0.0
secondary,test,continuous,120,10,attack_fixed_continuous,65536,B2_J,0.0
secondary,test,continuous,120,10,attack_fixed_continuous,65536,B5_initial_attack_alert,0.0
secondary,test,continuous,120,10,attack_fixed_continuous,65536,B5_initial_benign_trigger,1.0
secondary,test,continuous,120,10,attack_fixed_continuous,65536,B5_initial_FNR,1.0
secondary,test,continuous,120,10,attack_fixed_continuous,65536,B5_initial_J,-1.0
secondary,test,continuous,120,10,attack_fixed_continuous,65536,B5_locked_attack_alert,0.0
secondary,test,continuous,120,10,attack_fixed_continuous,65536,B5_locked_benign_trigger,1.0
secondary,test,continuous,120,10,attack_fixed_continuous,65536,B5_locked_FNR,1.0
secondary,test,continuous,120,10,attack_fixed_continuous,65536,B5_locked_J,-1.0
secondary,test,continuous,120,10,attack_random_continuous,2048,entropy_AP,0.5544870090889101
secondary,test,continuous,120,10,attack_random_continuous,2048,unique_ratio_AP,0.5233988560609455
secondary,test,continuous,120,10,attack_random_continuous,2048,B2_attack_alert,1.0
secondary,test,continuous,120,10,attack_random_continuous,2048,B2_benign_trigger,1.0
secondary,test,continuous,120,10,attack_random_continuous,2048,B2_FNR,0.0
secondary,test,continuous,120,10,attack_random_continuous,2048,B2_J,0.0
secondary,test,continuous,120,10,attack_random_continuous,2048,B5_initial_attack_alert,1.0
secondary,test,continuous,120,10,attack_random_continuous,2048,B5_initial_benign_trigger,1.0
secondary,test,continuous,120,10,attack_random_continuous,2048,B5_initial_FNR,0.0
secondary,test,continuous,120,10,attack_random_continuous,2048,B5_initial_J,0.0
secondary,test,continuous,120,10,attack_random_continuous,2048,B5_locked_attack_alert,1.0
secondary,test,continuous,120,10,attack_random_continuous,2048,B5_locked_benign_trigger,1.0
secondary,test,continuous,120,10,attack_random_continuous,2048,B5_locked_FNR,0.0
secondary,test,continuous,120,10,attack_random_continuous,2048,B5_locked_J,0.0
secondary,test,continuous,120,10,attack_random_continuous,65536,entropy_AP,0.5013248589809297
secondary,test,continuous,120,10,attack_random_continuous,65536,unique_ratio_AP,0.5251088925049687
secondary,test,continuous,120,10,attack_random_continuous,65536,B2_attack_alert,1.0
secondary,test,continuous,120,10,attack_random_continuous,65536,B2_benign_trigger,1.0
secondary,test,continuous,120,10,attack_random_continuous,65536,B2_FNR,0.0
secondary,test,continuous,120,10,attack_random_continuous,65536,B2_J,0.0
secondary,test,continuous,120,10,attack_random_continuous,65536,B5_initial_attack_alert,1.0
secondary,test,continuous,120,10,attack_random_continuous,65536,B5_initial_benign_trigger,1.0
secondary,test,continuous,120,10,attack_random_continuous,65536,B5_initial_FNR,0.0
secondary,test,continuous,120,10,attack_random_continuous,65536,B5_initial_J,0.0
secondary,test,continuous,120,10,attack_random_continuous,65536,B5_locked_attack_alert,1.0
secondary,test,continuous,120,10,attack_random_continuous,65536,B5_locked_benign_trigger,1.0
secondary,test,continuous,120,10,attack_random_continuous,65536,B5_locked_FNR,0.0
secondary,test,continuous,120,10,attack_random_continuous,65536,B5_locked_J,0.0
primary,test,continuous,120,10,attack_sweep_continuous,2048,entropy_AP,0.683043292620222
primary,test,continuous,120,10,attack_sweep_continuous,2048,unique_ratio_AP,0.8869570276334511
primary,test,continuous,120,10,attack_sweep_continuous,2048,B2_attack_alert,1.0
primary,test,continuous,120,10,attack_sweep_continuous,2048,B2_benign_trigger,1.0
primary,test,continuous,120,10,attack_sweep_continuous,2048,B2_FNR,0.0
primary,test,continuous,120,10,attack_sweep_continuous,2048,B2_J,0.0
primary,test,continuous,120,10,attack_sweep_continuous,2048,B5_initial_attack_alert,1.0
primary,test,continuous,120,10,attack_sweep_continuous,2048,B5_initial_benign_trigger,1.0
primary,test,continuous,120,10,attack_sweep_continuous,2048,B5_initial_FNR,0.0
primary,test,continuous,120,10,attack_sweep_continuous,2048,B5_initial_J,0.0
primary,test,continuous,120,10,attack_sweep_continuous,2048,B5_locked_attack_alert,1.0
primary,test,continuous,120,10,attack_sweep_continuous,2048,B5_locked_benign_trigger,1.0
primary,test,continuous,120,10,attack_sweep_continuous,2048,B5_locked_FNR,0.0
primary,test,continuous,120,10,attack_sweep_continuous,2048,B5_locked_J,0.0
primary,test,continuous,120,10,attack_sweep_continuous,65536,entropy_AP,0.5071425836643927
primary,test,continuous,120,10,attack_sweep_continuous,65536,unique_ratio_AP,0.536536619427729
primary,test,continuous,120,10,attack_sweep_continuous,65536,B2_attack_alert,1.0
primary,test,continuous,120,10,attack_sweep_continuous,65536,B2_benign_trigger,1.0
primary,test,continuous,120,10,attack_sweep_continuous,65536,B2_FNR,0.0
primary,test,continuous,120,10,attack_sweep_continuous,65536,B2_J,0.0
primary,test,continuous,120,10,attack_sweep_continuous,65536,B5_initial_attack_alert,1.0
primary,test,continuous,120,10,attack_sweep_continuous,65536,B5_initial_benign_trigger,1.0
primary,test,continuous,120,10,attack_sweep_continuous,65536,B5_initial_FNR,0.0
primary,test,continuous,120,10,attack_sweep_continuous,65536,B5_initial_J,0.0
primary,test,continuous,120,10,attack_sweep_continuous,65536,B5_locked_attack_alert,1.0
primary,test,continuous,120,10,attack_sweep_continuous,65536,B5_locked_benign_trigger,1.0
primary,test,continuous,120,10,attack_sweep_continuous,65536,B5_locked_FNR,0.0
primary,test,continuous,120,10,attack_sweep_continuous,65536,B5_locked_J,0.0
secondary,test,continuous,120,12,attack_dup_sweep_continuous,2048,entropy_AP,0.30871563288120396
secondary,test,continuous,120,12,attack_dup_sweep_continuous,2048,unique_ratio_AP,0.3092960568382983
secondary,test,continuous,120,12,attack_dup_sweep_continuous,2048,B2_attack_alert,1.0
secondary,test,continuous,120,12,attack_dup_sweep_continuous,2048,B2_benign_trigger,1.0
secondary,test,continuous,120,12,attack_dup_sweep_continuous,2048,B2_FNR,0.0
secondary,test,continuous,120,12,attack_dup_sweep_continuous,2048,B2_J,0.0
secondary,test,continuous,120,12,attack_dup_sweep_continuous,2048,B5_initial_attack_alert,0.0
secondary,test,continuous,120,12,attack_dup_sweep_continuous,2048,B5_initial_benign_trigger,1.0
secondary,test,continuous,120,12,attack_dup_sweep_continuous,2048,B5_initial_FNR,1.0
secondary,test,continuous,120,12,attack_dup_sweep_continuous,2048,B5_initial_J,-1.0
secondary,test,continuous,120,12,attack_dup_sweep_continuous,2048,B5_locked_attack_alert,0.0
secondary,test,continuous,120,12,attack_dup_sweep_continuous,2048,B5_locked_benign_trigger,1.0
secondary,test,continuous,120,12,attack_dup_sweep_continuous,2048,B5_locked_FNR,1.0
secondary,test,continuous,120,12,attack_dup_sweep_continuous,2048,B5_locked_J,-1.0
secondary,test,continuous,120,12,attack_dup_sweep_continuous,65536,entropy_AP,0.309041444060904
secondary,test,continuous,120,12,attack_dup_sweep_continuous,65536,unique_ratio_AP,0.3099323230779766
secondary,test,continuous,120,12,attack_dup_sweep_continuous,65536,B2_attack_alert,1.0
secondary,test,continuous,120,12,attack_dup_sweep_continuous,65536,B2_benign_trigger,1.0
secondary,test,continuous,120,12,attack_dup_sweep_continuous,65536,B2_FNR,0.0
secondary,test,continuous,120,12,attack_dup_sweep_continuous,65536,B2_J,0.0
secondary,test,continuous,120,12,attack_dup_sweep_continuous,65536,B5_initial_attack_alert,0.0
secondary,test,continuous,120,12,attack_dup_sweep_continuous,65536,B5_initial_benign_trigger,1.0
secondary,test,continuous,120,12,attack_dup_sweep_continuous,65536,B5_initial_FNR,1.0
secondary,test,continuous,120,12,attack_dup_sweep_continuous,65536,B5_initial_J,-1.0
secondary,test,continuous,120,12,attack_dup_sweep_continuous,65536,B5_locked_attack_alert,0.0
secondary,test,continuous,120,12,attack_dup_sweep_continuous,65536,B5_locked_benign_trigger,1.0
secondary,test,continuous,120,12,attack_dup_sweep_continuous,65536,B5_locked_FNR,1.0
secondary,test,continuous,120,12,attack_dup_sweep_continuous,65536,B5_locked_J,-1.0
secondary,test,continuous,120,12,attack_fixed_continuous,2048,entropy_AP,0.30893438390143907
secondary,test,continuous,120,12,attack_fixed_continuous,2048,unique_ratio_AP,0.30926943073026875
secondary,test,continuous,120,12,attack_fixed_continuous,2048,B2_attack_alert,1.0
secondary,test,continuous,120,12,attack_fixed_continuous,2048,B2_benign_trigger,1.0
secondary,test,continuous,120,12,attack_fixed_continuous,2048,B2_FNR,0.0
secondary,test,continuous,120,12,attack_fixed_continuous,2048,B2_J,0.0
secondary,test,continuous,120,12,attack_fixed_continuous,2048,B5_initial_attack_alert,0.0
secondary,test,continuous,120,12,attack_fixed_continuous,2048,B5_initial_benign_trigger,1.0
secondary,test,continuous,120,12,attack_fixed_continuous,2048,B5_initial_FNR,1.0
secondary,test,continuous,120,12,attack_fixed_continuous,2048,B5_initial_J,-1.0
secondary,test,continuous,120,12,attack_fixed_continuous,2048,B5_locked_attack_alert,0.0
secondary,test,continuous,120,12,attack_fixed_continuous,2048,B5_locked_benign_trigger,1.0
secondary,test,continuous,120,12,attack_fixed_continuous,2048,B5_locked_FNR,1.0
secondary,test,continuous,120,12,attack_fixed_continuous,2048,B5_locked_J,-1.0
secondary,test,continuous,120,12,attack_fixed_continuous,65536,entropy_AP,0.30904118460927554
secondary,test,continuous,120,12,attack_fixed_continuous,65536,unique_ratio_AP,0.3092928193453499
secondary,test,continuous,120,12,attack_fixed_continuous,65536,B2_attack_alert,1.0
secondary,test,continuous,120,12,attack_fixed_continuous,65536,B2_benign_trigger,1.0
secondary,test,continuous,120,12,attack_fixed_continuous,65536,B2_FNR,0.0
secondary,test,continuous,120,12,attack_fixed_continuous,65536,B2_J,0.0
secondary,test,continuous,120,12,attack_fixed_continuous,65536,B5_initial_attack_alert,0.0
secondary,test,continuous,120,12,attack_fixed_continuous,65536,B5_initial_benign_trigger,1.0
secondary,test,continuous,120,12,attack_fixed_continuous,65536,B5_initial_FNR,1.0
secondary,test,continuous,120,12,attack_fixed_continuous,65536,B5_initial_J,-1.0
secondary,test,continuous,120,12,attack_fixed_continuous,65536,B5_locked_attack_alert,0.0
secondary,test,continuous,120,12,attack_fixed_continuous,65536,B5_locked_benign_trigger,1.0
secondary,test,continuous,120,12,attack_fixed_continuous,65536,B5_locked_FNR,1.0
secondary,test,continuous,120,12,attack_fixed_continuous,65536,B5_locked_J,-1.0
secondary,test,continuous,120,12,attack_random_continuous,2048,entropy_AP,0.5248839463101334
secondary,test,continuous,120,12,attack_random_continuous,2048,unique_ratio_AP,0.5653891689647197
secondary,test,continuous,120,12,attack_random_continuous,2048,B2_attack_alert,1.0
secondary,test,continuous,120,12,attack_random_continuous,2048,B2_benign_trigger,1.0
secondary,test,continuous,120,12,attack_random_continuous,2048,B2_FNR,0.0
secondary,test,continuous,120,12,attack_random_continuous,2048,B2_J,0.0
secondary,test,continuous,120,12,attack_random_continuous,2048,B5_initial_attack_alert,1.0
secondary,test,continuous,120,12,attack_random_continuous,2048,B5_initial_benign_trigger,1.0
secondary,test,continuous,120,12,attack_random_continuous,2048,B5_initial_FNR,0.0
secondary,test,continuous,120,12,attack_random_continuous,2048,B5_initial_J,0.0
secondary,test,continuous,120,12,attack_random_continuous,2048,B5_locked_attack_alert,1.0
secondary,test,continuous,120,12,attack_random_continuous,2048,B5_locked_benign_trigger,1.0
secondary,test,continuous,120,12,attack_random_continuous,2048,B5_locked_FNR,0.0
secondary,test,continuous,120,12,attack_random_continuous,2048,B5_locked_J,0.0
secondary,test,continuous,120,12,attack_random_continuous,65536,entropy_AP,0.5133893394415185
secondary,test,continuous,120,12,attack_random_continuous,65536,unique_ratio_AP,0.5338795345825105
secondary,test,continuous,120,12,attack_random_continuous,65536,B2_attack_alert,1.0
secondary,test,continuous,120,12,attack_random_continuous,65536,B2_benign_trigger,1.0
secondary,test,continuous,120,12,attack_random_continuous,65536,B2_FNR,0.0
secondary,test,continuous,120,12,attack_random_continuous,65536,B2_J,0.0
secondary,test,continuous,120,12,attack_random_continuous,65536,B5_initial_attack_alert,1.0
secondary,test,continuous,120,12,attack_random_continuous,65536,B5_initial_benign_trigger,1.0
secondary,test,continuous,120,12,attack_random_continuous,65536,B5_initial_FNR,0.0
secondary,test,continuous,120,12,attack_random_continuous,65536,B5_initial_J,0.0
secondary,test,continuous,120,12,attack_random_continuous,65536,B5_locked_attack_alert,1.0
secondary,test,continuous,120,12,attack_random_continuous,65536,B5_locked_benign_trigger,1.0
secondary,test,continuous,120,12,attack_random_continuous,65536,B5_locked_FNR,0.0
secondary,test,continuous,120,12,attack_random_continuous,65536,B5_locked_J,0.0
primary,test,continuous,120,12,attack_sweep_continuous,2048,entropy_AP,0.6281474439723512
primary,test,continuous,120,12,attack_sweep_continuous,2048,unique_ratio_AP,0.9378002106096761
primary,test,continuous,120,12,attack_sweep_continuous,2048,B2_attack_alert,1.0
primary,test,continuous,120,12,attack_sweep_continuous,2048,B2_benign_trigger,1.0
primary,test,continuous,120,12,attack_sweep_continuous,2048,B2_FNR,0.0
primary,test,continuous,120,12,attack_sweep_continuous,2048,B2_J,0.0
primary,test,continuous,120,12,attack_sweep_continuous,2048,B5_initial_attack_alert,1.0
primary,test,continuous,120,12,attack_sweep_continuous,2048,B5_initial_benign_trigger,1.0
primary,test,continuous,120,12,attack_sweep_continuous,2048,B5_initial_FNR,0.0
primary,test,continuous,120,12,attack_sweep_continuous,2048,B5_initial_J,0.0
primary,test,continuous,120,12,attack_sweep_continuous,2048,B5_locked_attack_alert,1.0
primary,test,continuous,120,12,attack_sweep_continuous,2048,B5_locked_benign_trigger,1.0
primary,test,continuous,120,12,attack_sweep_continuous,2048,B5_locked_FNR,0.0
primary,test,continuous,120,12,attack_sweep_continuous,2048,B5_locked_J,0.0
primary,test,continuous,120,12,attack_sweep_continuous,65536,entropy_AP,0.5155206394213939
primary,test,continuous,120,12,attack_sweep_continuous,65536,unique_ratio_AP,0.5535055350553506
primary,test,continuous,120,12,attack_sweep_continuous,65536,B2_attack_alert,1.0
primary,test,continuous,120,12,attack_sweep_continuous,65536,B2_benign_trigger,1.0
primary,test,continuous,120,12,attack_sweep_continuous,65536,B2_FNR,0.0
primary,test,continuous,120,12,attack_sweep_continuous,65536,B2_J,0.0
primary,test,continuous,120,12,attack_sweep_continuous,65536,B5_initial_attack_alert,1.0
primary,test,continuous,120,12,attack_sweep_continuous,65536,B5_initial_benign_trigger,1.0
primary,test,continuous,120,12,attack_sweep_continuous,65536,B5_initial_FNR,0.0
primary,test,continuous,120,12,attack_sweep_continuous,65536,B5_initial_J,0.0
primary,test,continuous,120,12,attack_sweep_continuous,65536,B5_locked_attack_alert,1.0
primary,test,continuous,120,12,attack_sweep_continuous,65536,B5_locked_benign_trigger,1.0
primary,test,continuous,120,12,attack_sweep_continuous,65536,B5_locked_FNR,0.0
primary,test,continuous,120,12,attack_sweep_continuous,65536,B5_locked_J,0.0
secondary,test,continuous,200,1,attack_dup_sweep_continuous,2048,entropy_AP,0.30871748219117745
secondary,test,continuous,200,1,attack_dup_sweep_continuous,2048,unique_ratio_AP,0.3096254531083537
secondary,test,continuous,200,1,attack_dup_sweep_continuous,2048,B2_attack_alert,1.0
secondary,test,continuous,200,1,attack_dup_sweep_continuous,2048,B2_benign_trigger,1.0
secondary,test,continuous,200,1,attack_dup_sweep_continuous,2048,B2_FNR,0.0
secondary,test,continuous,200,1,attack_dup_sweep_continuous,2048,B2_J,0.0
secondary,test,continuous,200,1,attack_dup_sweep_continuous,2048,B5_initial_attack_alert,0.0
secondary,test,continuous,200,1,attack_dup_sweep_continuous,2048,B5_initial_benign_trigger,1.0
secondary,test,continuous,200,1,attack_dup_sweep_continuous,2048,B5_initial_FNR,1.0
secondary,test,continuous,200,1,attack_dup_sweep_continuous,2048,B5_initial_J,-1.0
secondary,test,continuous,200,1,attack_dup_sweep_continuous,2048,B5_locked_attack_alert,0.0
secondary,test,continuous,200,1,attack_dup_sweep_continuous,2048,B5_locked_benign_trigger,1.0
secondary,test,continuous,200,1,attack_dup_sweep_continuous,2048,B5_locked_FNR,1.0
secondary,test,continuous,200,1,attack_dup_sweep_continuous,2048,B5_locked_J,-1.0
secondary,test,continuous,200,1,attack_dup_sweep_continuous,65536,entropy_AP,0.3091965996185474
secondary,test,continuous,200,1,attack_dup_sweep_continuous,65536,unique_ratio_AP,0.30964278459006545
secondary,test,continuous,200,1,attack_dup_sweep_continuous,65536,B2_attack_alert,1.0
secondary,test,continuous,200,1,attack_dup_sweep_continuous,65536,B2_benign_trigger,1.0
secondary,test,continuous,200,1,attack_dup_sweep_continuous,65536,B2_FNR,0.0
secondary,test,continuous,200,1,attack_dup_sweep_continuous,65536,B2_J,0.0
secondary,test,continuous,200,1,attack_dup_sweep_continuous,65536,B5_initial_attack_alert,0.0
secondary,test,continuous,200,1,attack_dup_sweep_continuous,65536,B5_initial_benign_trigger,1.0
secondary,test,continuous,200,1,attack_dup_sweep_continuous,65536,B5_initial_FNR,1.0
secondary,test,continuous,200,1,attack_dup_sweep_continuous,65536,B5_initial_J,-1.0
secondary,test,continuous,200,1,attack_dup_sweep_continuous,65536,B5_locked_attack_alert,0.0
secondary,test,continuous,200,1,attack_dup_sweep_continuous,65536,B5_locked_benign_trigger,1.0
secondary,test,continuous,200,1,attack_dup_sweep_continuous,65536,B5_locked_FNR,1.0
secondary,test,continuous,200,1,attack_dup_sweep_continuous,65536,B5_locked_J,-1.0
secondary,test,continuous,200,1,attack_fixed_continuous,2048,entropy_AP,0.30895874410757596
secondary,test,continuous,200,1,attack_fixed_continuous,2048,unique_ratio_AP,0.3090251093315446
secondary,test,continuous,200,1,attack_fixed_continuous,2048,B2_attack_alert,1.0
secondary,test,continuous,200,1,attack_fixed_continuous,2048,B2_benign_trigger,1.0
secondary,test,continuous,200,1,attack_fixed_continuous,2048,B2_FNR,0.0
secondary,test,continuous,200,1,attack_fixed_continuous,2048,B2_J,0.0
secondary,test,continuous,200,1,attack_fixed_continuous,2048,B5_initial_attack_alert,0.0
secondary,test,continuous,200,1,attack_fixed_continuous,2048,B5_initial_benign_trigger,1.0
secondary,test,continuous,200,1,attack_fixed_continuous,2048,B5_initial_FNR,1.0
secondary,test,continuous,200,1,attack_fixed_continuous,2048,B5_initial_J,-1.0
secondary,test,continuous,200,1,attack_fixed_continuous,2048,B5_locked_attack_alert,0.0
secondary,test,continuous,200,1,attack_fixed_continuous,2048,B5_locked_benign_trigger,1.0
secondary,test,continuous,200,1,attack_fixed_continuous,2048,B5_locked_FNR,1.0
secondary,test,continuous,200,1,attack_fixed_continuous,2048,B5_locked_J,-1.0
secondary,test,continuous,200,1,attack_fixed_continuous,65536,entropy_AP,0.3089795021926355
secondary,test,continuous,200,1,attack_fixed_continuous,65536,unique_ratio_AP,0.30904324824126217
secondary,test,continuous,200,1,attack_fixed_continuous,65536,B2_attack_alert,1.0
secondary,test,continuous,200,1,attack_fixed_continuous,65536,B2_benign_trigger,1.0
secondary,test,continuous,200,1,attack_fixed_continuous,65536,B2_FNR,0.0
secondary,test,continuous,200,1,attack_fixed_continuous,65536,B2_J,0.0
secondary,test,continuous,200,1,attack_fixed_continuous,65536,B5_initial_attack_alert,0.0
secondary,test,continuous,200,1,attack_fixed_continuous,65536,B5_initial_benign_trigger,1.0
secondary,test,continuous,200,1,attack_fixed_continuous,65536,B5_initial_FNR,1.0
secondary,test,continuous,200,1,attack_fixed_continuous,65536,B5_initial_J,-1.0
secondary,test,continuous,200,1,attack_fixed_continuous,65536,B5_locked_attack_alert,0.0
secondary,test,continuous,200,1,attack_fixed_continuous,65536,B5_locked_benign_trigger,1.0
secondary,test,continuous,200,1,attack_fixed_continuous,65536,B5_locked_FNR,1.0
secondary,test,continuous,200,1,attack_fixed_continuous,65536,B5_locked_J,-1.0
secondary,test,continuous,200,1,attack_random_continuous,2048,entropy_AP,0.48392164405774407
secondary,test,continuous,200,1,attack_random_continuous,2048,unique_ratio_AP,0.4454878122661696
secondary,test,continuous,200,1,attack_random_continuous,2048,B2_attack_alert,1.0
secondary,test,continuous,200,1,attack_random_continuous,2048,B2_benign_trigger,1.0
secondary,test,continuous,200,1,attack_random_continuous,2048,B2_FNR,0.0
secondary,test,continuous,200,1,attack_random_continuous,2048,B2_J,0.0
secondary,test,continuous,200,1,attack_random_continuous,2048,B5_initial_attack_alert,1.0
secondary,test,continuous,200,1,attack_random_continuous,2048,B5_initial_benign_trigger,1.0
secondary,test,continuous,200,1,attack_random_continuous,2048,B5_initial_FNR,0.0
secondary,test,continuous,200,1,attack_random_continuous,2048,B5_initial_J,0.0
secondary,test,continuous,200,1,attack_random_continuous,2048,B5_locked_attack_alert,0.9933333333333333
secondary,test,continuous,200,1,attack_random_continuous,2048,B5_locked_benign_trigger,1.0
secondary,test,continuous,200,1,attack_random_continuous,2048,B5_locked_FNR,0.00666666666666671
secondary,test,continuous,200,1,attack_random_continuous,2048,B5_locked_J,-0.00666666666666671
secondary,test,continuous,200,1,attack_random_continuous,65536,entropy_AP,0.5056352187986347
secondary,test,continuous,200,1,attack_random_continuous,65536,unique_ratio_AP,0.4575656364899174
secondary,test,continuous,200,1,attack_random_continuous,65536,B2_attack_alert,1.0
secondary,test,continuous,200,1,attack_random_continuous,65536,B2_benign_trigger,1.0
secondary,test,continuous,200,1,attack_random_continuous,65536,B2_FNR,0.0
secondary,test,continuous,200,1,attack_random_continuous,65536,B2_J,0.0
secondary,test,continuous,200,1,attack_random_continuous,65536,B5_initial_attack_alert,1.0
secondary,test,continuous,200,1,attack_random_continuous,65536,B5_initial_benign_trigger,1.0
secondary,test,continuous,200,1,attack_random_continuous,65536,B5_initial_FNR,0.0
secondary,test,continuous,200,1,attack_random_continuous,65536,B5_initial_J,0.0
secondary,test,continuous,200,1,attack_random_continuous,65536,B5_locked_attack_alert,1.0
secondary,test,continuous,200,1,attack_random_continuous,65536,B5_locked_benign_trigger,1.0
secondary,test,continuous,200,1,attack_random_continuous,65536,B5_locked_FNR,0.0
secondary,test,continuous,200,1,attack_random_continuous,65536,B5_locked_J,0.0
primary,test,continuous,200,1,attack_sweep_continuous,2048,entropy_AP,0.7274750010080948
primary,test,continuous,200,1,attack_sweep_continuous,2048,unique_ratio_AP,0.988736019736389
primary,test,continuous,200,1,attack_sweep_continuous,2048,B2_attack_alert,1.0
primary,test,continuous,200,1,attack_sweep_continuous,2048,B2_benign_trigger,1.0
primary,test,continuous,200,1,attack_sweep_continuous,2048,B2_FNR,0.0
primary,test,continuous,200,1,attack_sweep_continuous,2048,B2_J,0.0
primary,test,continuous,200,1,attack_sweep_continuous,2048,B5_initial_attack_alert,1.0
primary,test,continuous,200,1,attack_sweep_continuous,2048,B5_initial_benign_trigger,1.0
primary,test,continuous,200,1,attack_sweep_continuous,2048,B5_initial_FNR,0.0
primary,test,continuous,200,1,attack_sweep_continuous,2048,B5_initial_J,0.0
primary,test,continuous,200,1,attack_sweep_continuous,2048,B5_locked_attack_alert,1.0
primary,test,continuous,200,1,attack_sweep_continuous,2048,B5_locked_benign_trigger,1.0
primary,test,continuous,200,1,attack_sweep_continuous,2048,B5_locked_FNR,0.0
primary,test,continuous,200,1,attack_sweep_continuous,2048,B5_locked_J,0.0
primary,test,continuous,200,1,attack_sweep_continuous,65536,entropy_AP,0.5275187366527885
primary,test,continuous,200,1,attack_sweep_continuous,65536,unique_ratio_AP,0.5513634223957138
primary,test,continuous,200,1,attack_sweep_continuous,65536,B2_attack_alert,1.0
primary,test,continuous,200,1,attack_sweep_continuous,65536,B2_benign_trigger,1.0
primary,test,continuous,200,1,attack_sweep_continuous,65536,B2_FNR,0.0
primary,test,continuous,200,1,attack_sweep_continuous,65536,B2_J,0.0
primary,test,continuous,200,1,attack_sweep_continuous,65536,B5_initial_attack_alert,1.0
primary,test,continuous,200,1,attack_sweep_continuous,65536,B5_initial_benign_trigger,1.0
primary,test,continuous,200,1,attack_sweep_continuous,65536,B5_initial_FNR,0.0
primary,test,continuous,200,1,attack_sweep_continuous,65536,B5_initial_J,0.0
primary,test,continuous,200,1,attack_sweep_continuous,65536,B5_locked_attack_alert,1.0
primary,test,continuous,200,1,attack_sweep_continuous,65536,B5_locked_benign_trigger,1.0
primary,test,continuous,200,1,attack_sweep_continuous,65536,B5_locked_FNR,0.0
primary,test,continuous,200,1,attack_sweep_continuous,65536,B5_locked_J,0.0
secondary,test,continuous,200,3,attack_dup_sweep_continuous,2048,entropy_AP,0.3087241362560466
secondary,test,continuous,200,3,attack_dup_sweep_continuous,2048,unique_ratio_AP,0.3096307346026955
secondary,test,continuous,200,3,attack_dup_sweep_continuous,2048,B2_attack_alert,1.0
secondary,test,continuous,200,3,attack_dup_sweep_continuous,2048,B2_benign_trigger,1.0
secondary,test,continuous,200,3,attack_dup_sweep_continuous,2048,B2_FNR,0.0
secondary,test,continuous,200,3,attack_dup_sweep_continuous,2048,B2_J,0.0
secondary,test,continuous,200,3,attack_dup_sweep_continuous,2048,B5_initial_attack_alert,0.0
secondary,test,continuous,200,3,attack_dup_sweep_continuous,2048,B5_initial_benign_trigger,1.0
secondary,test,continuous,200,3,attack_dup_sweep_continuous,2048,B5_initial_FNR,1.0
secondary,test,continuous,200,3,attack_dup_sweep_continuous,2048,B5_initial_J,-1.0
secondary,test,continuous,200,3,attack_dup_sweep_continuous,2048,B5_locked_attack_alert,0.0
secondary,test,continuous,200,3,attack_dup_sweep_continuous,2048,B5_locked_benign_trigger,1.0
secondary,test,continuous,200,3,attack_dup_sweep_continuous,2048,B5_locked_FNR,1.0
secondary,test,continuous,200,3,attack_dup_sweep_continuous,2048,B5_locked_J,-1.0
secondary,test,continuous,200,3,attack_dup_sweep_continuous,65536,entropy_AP,0.3089206394019599
secondary,test,continuous,200,3,attack_dup_sweep_continuous,65536,unique_ratio_AP,0.3098854553446666
secondary,test,continuous,200,3,attack_dup_sweep_continuous,65536,B2_attack_alert,1.0
secondary,test,continuous,200,3,attack_dup_sweep_continuous,65536,B2_benign_trigger,1.0
secondary,test,continuous,200,3,attack_dup_sweep_continuous,65536,B2_FNR,0.0
secondary,test,continuous,200,3,attack_dup_sweep_continuous,65536,B2_J,0.0
secondary,test,continuous,200,3,attack_dup_sweep_continuous,65536,B5_initial_attack_alert,0.0
secondary,test,continuous,200,3,attack_dup_sweep_continuous,65536,B5_initial_benign_trigger,1.0
secondary,test,continuous,200,3,attack_dup_sweep_continuous,65536,B5_initial_FNR,1.0
secondary,test,continuous,200,3,attack_dup_sweep_continuous,65536,B5_initial_J,-1.0
secondary,test,continuous,200,3,attack_dup_sweep_continuous,65536,B5_locked_attack_alert,0.0
secondary,test,continuous,200,3,attack_dup_sweep_continuous,65536,B5_locked_benign_trigger,1.0
secondary,test,continuous,200,3,attack_dup_sweep_continuous,65536,B5_locked_FNR,1.0
secondary,test,continuous,200,3,attack_dup_sweep_continuous,65536,B5_locked_J,-1.0
secondary,test,continuous,200,3,attack_fixed_continuous,2048,entropy_AP,0.3088171008482788
secondary,test,continuous,200,3,attack_fixed_continuous,2048,unique_ratio_AP,0.30894855973863466
secondary,test,continuous,200,3,attack_fixed_continuous,2048,B2_attack_alert,1.0
secondary,test,continuous,200,3,attack_fixed_continuous,2048,B2_benign_trigger,1.0
secondary,test,continuous,200,3,attack_fixed_continuous,2048,B2_FNR,0.0
secondary,test,continuous,200,3,attack_fixed_continuous,2048,B2_J,0.0
secondary,test,continuous,200,3,attack_fixed_continuous,2048,B5_initial_attack_alert,0.0
secondary,test,continuous,200,3,attack_fixed_continuous,2048,B5_initial_benign_trigger,1.0
secondary,test,continuous,200,3,attack_fixed_continuous,2048,B5_initial_FNR,1.0
secondary,test,continuous,200,3,attack_fixed_continuous,2048,B5_initial_J,-1.0
secondary,test,continuous,200,3,attack_fixed_continuous,2048,B5_locked_attack_alert,0.0
secondary,test,continuous,200,3,attack_fixed_continuous,2048,B5_locked_benign_trigger,1.0
secondary,test,continuous,200,3,attack_fixed_continuous,2048,B5_locked_FNR,1.0
secondary,test,continuous,200,3,attack_fixed_continuous,2048,B5_locked_J,-1.0
secondary,test,continuous,200,3,attack_fixed_continuous,65536,entropy_AP,0.30891267635549174
secondary,test,continuous,200,3,attack_fixed_continuous,65536,unique_ratio_AP,0.3089758639261531
secondary,test,continuous,200,3,attack_fixed_continuous,65536,B2_attack_alert,1.0
secondary,test,continuous,200,3,attack_fixed_continuous,65536,B2_benign_trigger,1.0
secondary,test,continuous,200,3,attack_fixed_continuous,65536,B2_FNR,0.0
secondary,test,continuous,200,3,attack_fixed_continuous,65536,B2_J,0.0
secondary,test,continuous,200,3,attack_fixed_continuous,65536,B5_initial_attack_alert,0.0
secondary,test,continuous,200,3,attack_fixed_continuous,65536,B5_initial_benign_trigger,1.0
secondary,test,continuous,200,3,attack_fixed_continuous,65536,B5_initial_FNR,1.0
secondary,test,continuous,200,3,attack_fixed_continuous,65536,B5_initial_J,-1.0
secondary,test,continuous,200,3,attack_fixed_continuous,65536,B5_locked_attack_alert,0.0
secondary,test,continuous,200,3,attack_fixed_continuous,65536,B5_locked_benign_trigger,1.0
secondary,test,continuous,200,3,attack_fixed_continuous,65536,B5_locked_FNR,1.0
secondary,test,continuous,200,3,attack_fixed_continuous,65536,B5_locked_J,-1.0
secondary,test,continuous,200,3,attack_random_continuous,2048,entropy_AP,0.5100898451650697
secondary,test,continuous,200,3,attack_random_continuous,2048,unique_ratio_AP,0.48823031076141166
secondary,test,continuous,200,3,attack_random_continuous,2048,B2_attack_alert,1.0
secondary,test,continuous,200,3,attack_random_continuous,2048,B2_benign_trigger,1.0
secondary,test,continuous,200,3,attack_random_continuous,2048,B2_FNR,0.0
secondary,test,continuous,200,3,attack_random_continuous,2048,B2_J,0.0
secondary,test,continuous,200,3,attack_random_continuous,2048,B5_initial_attack_alert,1.0
secondary,test,continuous,200,3,attack_random_continuous,2048,B5_initial_benign_trigger,1.0
secondary,test,continuous,200,3,attack_random_continuous,2048,B5_initial_FNR,0.0
secondary,test,continuous,200,3,attack_random_continuous,2048,B5_initial_J,0.0
secondary,test,continuous,200,3,attack_random_continuous,2048,B5_locked_attack_alert,1.0
secondary,test,continuous,200,3,attack_random_continuous,2048,B5_locked_benign_trigger,1.0
secondary,test,continuous,200,3,attack_random_continuous,2048,B5_locked_FNR,0.0
secondary,test,continuous,200,3,attack_random_continuous,2048,B5_locked_J,0.0
secondary,test,continuous,200,3,attack_random_continuous,65536,entropy_AP,0.49398525619795963
secondary,test,continuous,200,3,attack_random_continuous,65536,unique_ratio_AP,0.4308703548066034
secondary,test,continuous,200,3,attack_random_continuous,65536,B2_attack_alert,1.0
secondary,test,continuous,200,3,attack_random_continuous,65536,B2_benign_trigger,1.0
secondary,test,continuous,200,3,attack_random_continuous,65536,B2_FNR,0.0
secondary,test,continuous,200,3,attack_random_continuous,65536,B2_J,0.0
secondary,test,continuous,200,3,attack_random_continuous,65536,B5_initial_attack_alert,1.0
secondary,test,continuous,200,3,attack_random_continuous,65536,B5_initial_benign_trigger,1.0
secondary,test,continuous,200,3,attack_random_continuous,65536,B5_initial_FNR,0.0
secondary,test,continuous,200,3,attack_random_continuous,65536,B5_initial_J,0.0
secondary,test,continuous,200,3,attack_random_continuous,65536,B5_locked_attack_alert,1.0
secondary,test,continuous,200,3,attack_random_continuous,65536,B5_locked_benign_trigger,1.0
secondary,test,continuous,200,3,attack_random_continuous,65536,B5_locked_FNR,0.0
secondary,test,continuous,200,3,attack_random_continuous,65536,B5_locked_J,0.0
primary,test,continuous,200,3,attack_sweep_continuous,2048,entropy_AP,0.7120265430661866
primary,test,continuous,200,3,attack_sweep_continuous,2048,unique_ratio_AP,0.9971736600688412
primary,test,continuous,200,3,attack_sweep_continuous,2048,B2_attack_alert,1.0
primary,test,continuous,200,3,attack_sweep_continuous,2048,B2_benign_trigger,1.0
primary,test,continuous,200,3,attack_sweep_continuous,2048,B2_FNR,0.0
primary,test,continuous,200,3,attack_sweep_continuous,2048,B2_J,0.0
primary,test,continuous,200,3,attack_sweep_continuous,2048,B5_initial_attack_alert,1.0
primary,test,continuous,200,3,attack_sweep_continuous,2048,B5_initial_benign_trigger,1.0
primary,test,continuous,200,3,attack_sweep_continuous,2048,B5_initial_FNR,0.0
primary,test,continuous,200,3,attack_sweep_continuous,2048,B5_initial_J,0.0
primary,test,continuous,200,3,attack_sweep_continuous,2048,B5_locked_attack_alert,1.0
primary,test,continuous,200,3,attack_sweep_continuous,2048,B5_locked_benign_trigger,1.0
primary,test,continuous,200,3,attack_sweep_continuous,2048,B5_locked_FNR,0.0
primary,test,continuous,200,3,attack_sweep_continuous,2048,B5_locked_J,0.0
primary,test,continuous,200,3,attack_sweep_continuous,65536,entropy_AP,0.5075486050396756
primary,test,continuous,200,3,attack_sweep_continuous,65536,unique_ratio_AP,0.5364864253201702
primary,test,continuous,200,3,attack_sweep_continuous,65536,B2_attack_alert,1.0
primary,test,continuous,200,3,attack_sweep_continuous,65536,B2_benign_trigger,1.0
primary,test,continuous,200,3,attack_sweep_continuous,65536,B2_FNR,0.0
primary,test,continuous,200,3,attack_sweep_continuous,65536,B2_J,0.0
primary,test,continuous,200,3,attack_sweep_continuous,65536,B5_initial_attack_alert,1.0
primary,test,continuous,200,3,attack_sweep_continuous,65536,B5_initial_benign_trigger,1.0
primary,test,continuous,200,3,attack_sweep_continuous,65536,B5_initial_FNR,0.0
primary,test,continuous,200,3,attack_sweep_continuous,65536,B5_initial_J,0.0
primary,test,continuous,200,3,attack_sweep_continuous,65536,B5_locked_attack_alert,1.0
primary,test,continuous,200,3,attack_sweep_continuous,65536,B5_locked_benign_trigger,1.0
primary,test,continuous,200,3,attack_sweep_continuous,65536,B5_locked_FNR,0.0
primary,test,continuous,200,3,attack_sweep_continuous,65536,B5_locked_J,0.0
secondary,test,continuous,200,15,attack_dup_sweep_continuous,2048,entropy_AP,0.3085682103604437
secondary,test,continuous,200,15,attack_dup_sweep_continuous,2048,unique_ratio_AP,0.30930921805896566
secondary,test,continuous,200,15,attack_dup_sweep_continuous,2048,B2_attack_alert,1.0
secondary,test,continuous,200,15,attack_dup_sweep_continuous,2048,B2_benign_trigger,1.0
secondary,test,continuous,200,15,attack_dup_sweep_continuous,2048,B2_FNR,0.0
secondary,test,continuous,200,15,attack_dup_sweep_continuous,2048,B2_J,0.0
secondary,test,continuous,200,15,attack_dup_sweep_continuous,2048,B5_initial_attack_alert,0.0
secondary,test,continuous,200,15,attack_dup_sweep_continuous,2048,B5_initial_benign_trigger,1.0
secondary,test,continuous,200,15,attack_dup_sweep_continuous,2048,B5_initial_FNR,1.0
secondary,test,continuous,200,15,attack_dup_sweep_continuous,2048,B5_initial_J,-1.0
secondary,test,continuous,200,15,attack_dup_sweep_continuous,2048,B5_locked_attack_alert,0.0
secondary,test,continuous,200,15,attack_dup_sweep_continuous,2048,B5_locked_benign_trigger,1.0
secondary,test,continuous,200,15,attack_dup_sweep_continuous,2048,B5_locked_FNR,1.0
secondary,test,continuous,200,15,attack_dup_sweep_continuous,2048,B5_locked_J,-1.0
secondary,test,continuous,200,15,attack_dup_sweep_continuous,65536,entropy_AP,0.3088171428987565
secondary,test,continuous,200,15,attack_dup_sweep_continuous,65536,unique_ratio_AP,0.30929218448465257
secondary,test,continuous,200,15,attack_dup_sweep_continuous,65536,B2_attack_alert,1.0
secondary,test,continuous,200,15,attack_dup_sweep_continuous,65536,B2_benign_trigger,1.0
secondary,test,continuous,200,15,attack_dup_sweep_continuous,65536,B2_FNR,0.0
secondary,test,continuous,200,15,attack_dup_sweep_continuous,65536,B2_J,0.0
secondary,test,continuous,200,15,attack_dup_sweep_continuous,65536,B5_initial_attack_alert,0.0
secondary,test,continuous,200,15,attack_dup_sweep_continuous,65536,B5_initial_benign_trigger,1.0
secondary,test,continuous,200,15,attack_dup_sweep_continuous,65536,B5_initial_FNR,1.0
secondary,test,continuous,200,15,attack_dup_sweep_continuous,65536,B5_initial_J,-1.0
secondary,test,continuous,200,15,attack_dup_sweep_continuous,65536,B5_locked_attack_alert,0.0
secondary,test,continuous,200,15,attack_dup_sweep_continuous,65536,B5_locked_benign_trigger,1.0
secondary,test,continuous,200,15,attack_dup_sweep_continuous,65536,B5_locked_FNR,1.0
secondary,test,continuous,200,15,attack_dup_sweep_continuous,65536,B5_locked_J,-1.0
secondary,test,continuous,200,15,attack_fixed_continuous,2048,entropy_AP,0.3087740911432209
secondary,test,continuous,200,15,attack_fixed_continuous,2048,unique_ratio_AP,0.3090110893226329
secondary,test,continuous,200,15,attack_fixed_continuous,2048,B2_attack_alert,1.0
secondary,test,continuous,200,15,attack_fixed_continuous,2048,B2_benign_trigger,1.0
secondary,test,continuous,200,15,attack_fixed_continuous,2048,B2_FNR,0.0
secondary,test,continuous,200,15,attack_fixed_continuous,2048,B2_J,0.0
secondary,test,continuous,200,15,attack_fixed_continuous,2048,B5_initial_attack_alert,0.0
secondary,test,continuous,200,15,attack_fixed_continuous,2048,B5_initial_benign_trigger,1.0
secondary,test,continuous,200,15,attack_fixed_continuous,2048,B5_initial_FNR,1.0
secondary,test,continuous,200,15,attack_fixed_continuous,2048,B5_initial_J,-1.0
secondary,test,continuous,200,15,attack_fixed_continuous,2048,B5_locked_attack_alert,0.0
secondary,test,continuous,200,15,attack_fixed_continuous,2048,B5_locked_benign_trigger,1.0
secondary,test,continuous,200,15,attack_fixed_continuous,2048,B5_locked_FNR,1.0
secondary,test,continuous,200,15,attack_fixed_continuous,2048,B5_locked_J,-1.0
secondary,test,continuous,200,15,attack_fixed_continuous,65536,entropy_AP,0.3088278241061603
secondary,test,continuous,200,15,attack_fixed_continuous,65536,unique_ratio_AP,0.3089228800857883
secondary,test,continuous,200,15,attack_fixed_continuous,65536,B2_attack_alert,1.0
secondary,test,continuous,200,15,attack_fixed_continuous,65536,B2_benign_trigger,1.0
secondary,test,continuous,200,15,attack_fixed_continuous,65536,B2_FNR,0.0
secondary,test,continuous,200,15,attack_fixed_continuous,65536,B2_J,0.0
secondary,test,continuous,200,15,attack_fixed_continuous,65536,B5_initial_attack_alert,0.0
secondary,test,continuous,200,15,attack_fixed_continuous,65536,B5_initial_benign_trigger,1.0
secondary,test,continuous,200,15,attack_fixed_continuous,65536,B5_initial_FNR,1.0
secondary,test,continuous,200,15,attack_fixed_continuous,65536,B5_initial_J,-1.0
secondary,test,continuous,200,15,attack_fixed_continuous,65536,B5_locked_attack_alert,0.0
secondary,test,continuous,200,15,attack_fixed_continuous,65536,B5_locked_benign_trigger,1.0
secondary,test,continuous,200,15,attack_fixed_continuous,65536,B5_locked_FNR,1.0
secondary,test,continuous,200,15,attack_fixed_continuous,65536,B5_locked_J,-1.0
secondary,test,continuous,200,15,attack_random_continuous,2048,entropy_AP,0.5246963611439166
secondary,test,continuous,200,15,attack_random_continuous,2048,unique_ratio_AP,0.49908924424354023
secondary,test,continuous,200,15,attack_random_continuous,2048,B2_attack_alert,1.0
secondary,test,continuous,200,15,attack_random_continuous,2048,B2_benign_trigger,1.0
secondary,test,continuous,200,15,attack_random_continuous,2048,B2_FNR,0.0
secondary,test,continuous,200,15,attack_random_continuous,2048,B2_J,0.0
secondary,test,continuous,200,15,attack_random_continuous,2048,B5_initial_attack_alert,1.0
secondary,test,continuous,200,15,attack_random_continuous,2048,B5_initial_benign_trigger,1.0
secondary,test,continuous,200,15,attack_random_continuous,2048,B5_initial_FNR,0.0
secondary,test,continuous,200,15,attack_random_continuous,2048,B5_initial_J,0.0
secondary,test,continuous,200,15,attack_random_continuous,2048,B5_locked_attack_alert,1.0
secondary,test,continuous,200,15,attack_random_continuous,2048,B5_locked_benign_trigger,1.0
secondary,test,continuous,200,15,attack_random_continuous,2048,B5_locked_FNR,0.0
secondary,test,continuous,200,15,attack_random_continuous,2048,B5_locked_J,0.0
secondary,test,continuous,200,15,attack_random_continuous,65536,entropy_AP,0.49865710189943924
secondary,test,continuous,200,15,attack_random_continuous,65536,unique_ratio_AP,0.4402626573544792
secondary,test,continuous,200,15,attack_random_continuous,65536,B2_attack_alert,1.0
secondary,test,continuous,200,15,attack_random_continuous,65536,B2_benign_trigger,1.0
secondary,test,continuous,200,15,attack_random_continuous,65536,B2_FNR,0.0
secondary,test,continuous,200,15,attack_random_continuous,65536,B2_J,0.0
secondary,test,continuous,200,15,attack_random_continuous,65536,B5_initial_attack_alert,1.0
secondary,test,continuous,200,15,attack_random_continuous,65536,B5_initial_benign_trigger,1.0
secondary,test,continuous,200,15,attack_random_continuous,65536,B5_initial_FNR,0.0
secondary,test,continuous,200,15,attack_random_continuous,65536,B5_initial_J,0.0
secondary,test,continuous,200,15,attack_random_continuous,65536,B5_locked_attack_alert,1.0
secondary,test,continuous,200,15,attack_random_continuous,65536,B5_locked_benign_trigger,1.0
secondary,test,continuous,200,15,attack_random_continuous,65536,B5_locked_FNR,0.0
secondary,test,continuous,200,15,attack_random_continuous,65536,B5_locked_J,0.0
primary,test,continuous,200,15,attack_sweep_continuous,2048,entropy_AP,0.7582828893755598
primary,test,continuous,200,15,attack_sweep_continuous,2048,unique_ratio_AP,0.9898334075079747
primary,test,continuous,200,15,attack_sweep_continuous,2048,B2_attack_alert,1.0
primary,test,continuous,200,15,attack_sweep_continuous,2048,B2_benign_trigger,1.0
primary,test,continuous,200,15,attack_sweep_continuous,2048,B2_FNR,0.0
primary,test,continuous,200,15,attack_sweep_continuous,2048,B2_J,0.0
primary,test,continuous,200,15,attack_sweep_continuous,2048,B5_initial_attack_alert,1.0
primary,test,continuous,200,15,attack_sweep_continuous,2048,B5_initial_benign_trigger,1.0
primary,test,continuous,200,15,attack_sweep_continuous,2048,B5_initial_FNR,0.0
primary,test,continuous,200,15,attack_sweep_continuous,2048,B5_initial_J,0.0
primary,test,continuous,200,15,attack_sweep_continuous,2048,B5_locked_attack_alert,1.0
primary,test,continuous,200,15,attack_sweep_continuous,2048,B5_locked_benign_trigger,1.0
primary,test,continuous,200,15,attack_sweep_continuous,2048,B5_locked_FNR,0.0
primary,test,continuous,200,15,attack_sweep_continuous,2048,B5_locked_J,0.0
primary,test,continuous,200,15,attack_sweep_continuous,65536,entropy_AP,0.5038816080385297
primary,test,continuous,200,15,attack_sweep_continuous,65536,unique_ratio_AP,0.49791766673649446
primary,test,continuous,200,15,attack_sweep_continuous,65536,B2_attack_alert,1.0
primary,test,continuous,200,15,attack_sweep_continuous,65536,B2_benign_trigger,1.0
primary,test,continuous,200,15,attack_sweep_continuous,65536,B2_FNR,0.0
primary,test,continuous,200,15,attack_sweep_continuous,65536,B2_J,0.0
primary,test,continuous,200,15,attack_sweep_continuous,65536,B5_initial_attack_alert,1.0
primary,test,continuous,200,15,attack_sweep_continuous,65536,B5_initial_benign_trigger,1.0
primary,test,continuous,200,15,attack_sweep_continuous,65536,B5_initial_FNR,0.0
primary,test,continuous,200,15,attack_sweep_continuous,65536,B5_initial_J,0.0
primary,test,continuous,200,15,attack_sweep_continuous,65536,B5_locked_attack_alert,1.0
primary,test,continuous,200,15,attack_sweep_continuous,65536,B5_locked_benign_trigger,1.0
primary,test,continuous,200,15,attack_sweep_continuous,65536,B5_locked_FNR,0.0
primary,test,continuous,200,15,attack_sweep_continuous,65536,B5_locked_J,0.0
secondary,test,continuous,200,18,attack_dup_sweep_continuous,2048,entropy_AP,0.3085597568522167
secondary,test,continuous,200,18,attack_dup_sweep_continuous,2048,unique_ratio_AP,0.30924582846183823
secondary,test,continuous,200,18,attack_dup_sweep_continuous,2048,B2_attack_alert,1.0
secondary,test,continuous,200,18,attack_dup_sweep_continuous,2048,B2_benign_trigger,1.0
secondary,test,continuous,200,18,attack_dup_sweep_continuous,2048,B2_FNR,0.0
secondary,test,continuous,200,18,attack_dup_sweep_continuous,2048,B2_J,0.0
secondary,test,continuous,200,18,attack_dup_sweep_continuous,2048,B5_initial_attack_alert,0.0
secondary,test,continuous,200,18,attack_dup_sweep_continuous,2048,B5_initial_benign_trigger,1.0
secondary,test,continuous,200,18,attack_dup_sweep_continuous,2048,B5_initial_FNR,1.0
secondary,test,continuous,200,18,attack_dup_sweep_continuous,2048,B5_initial_J,-1.0
secondary,test,continuous,200,18,attack_dup_sweep_continuous,2048,B5_locked_attack_alert,0.0
secondary,test,continuous,200,18,attack_dup_sweep_continuous,2048,B5_locked_benign_trigger,1.0
secondary,test,continuous,200,18,attack_dup_sweep_continuous,2048,B5_locked_FNR,1.0
secondary,test,continuous,200,18,attack_dup_sweep_continuous,2048,B5_locked_J,-1.0
secondary,test,continuous,200,18,attack_dup_sweep_continuous,65536,entropy_AP,0.3086991588563272
secondary,test,continuous,200,18,attack_dup_sweep_continuous,65536,unique_ratio_AP,0.3090478747414434
secondary,test,continuous,200,18,attack_dup_sweep_continuous,65536,B2_attack_alert,1.0
secondary,test,continuous,200,18,attack_dup_sweep_continuous,65536,B2_benign_trigger,1.0
secondary,test,continuous,200,18,attack_dup_sweep_continuous,65536,B2_FNR,0.0
secondary,test,continuous,200,18,attack_dup_sweep_continuous,65536,B2_J,0.0
secondary,test,continuous,200,18,attack_dup_sweep_continuous,65536,B5_initial_attack_alert,0.0
secondary,test,continuous,200,18,attack_dup_sweep_continuous,65536,B5_initial_benign_trigger,1.0
secondary,test,continuous,200,18,attack_dup_sweep_continuous,65536,B5_initial_FNR,1.0
secondary,test,continuous,200,18,attack_dup_sweep_continuous,65536,B5_initial_J,-1.0
secondary,test,continuous,200,18,attack_dup_sweep_continuous,65536,B5_locked_attack_alert,0.0
secondary,test,continuous,200,18,attack_dup_sweep_continuous,65536,B5_locked_benign_trigger,1.0
secondary,test,continuous,200,18,attack_dup_sweep_continuous,65536,B5_locked_FNR,1.0
secondary,test,continuous,200,18,attack_dup_sweep_continuous,65536,B5_locked_J,-1.0
secondary,test,continuous,200,18,attack_fixed_continuous,2048,entropy_AP,0.3087107473589606
secondary,test,continuous,200,18,attack_fixed_continuous,2048,unique_ratio_AP,0.30887557634241447
secondary,test,continuous,200,18,attack_fixed_continuous,2048,B2_attack_alert,1.0
secondary,test,continuous,200,18,attack_fixed_continuous,2048,B2_benign_trigger,1.0
secondary,test,continuous,200,18,attack_fixed_continuous,2048,B2_FNR,0.0
secondary,test,continuous,200,18,attack_fixed_continuous,2048,B2_J,0.0
secondary,test,continuous,200,18,attack_fixed_continuous,2048,B5_initial_attack_alert,0.0
secondary,test,continuous,200,18,attack_fixed_continuous,2048,B5_initial_benign_trigger,1.0
secondary,test,continuous,200,18,attack_fixed_continuous,2048,B5_initial_FNR,1.0
secondary,test,continuous,200,18,attack_fixed_continuous,2048,B5_initial_J,-1.0
secondary,test,continuous,200,18,attack_fixed_continuous,2048,B5_locked_attack_alert,0.0
secondary,test,continuous,200,18,attack_fixed_continuous,2048,B5_locked_benign_trigger,1.0
secondary,test,continuous,200,18,attack_fixed_continuous,2048,B5_locked_FNR,1.0
secondary,test,continuous,200,18,attack_fixed_continuous,2048,B5_locked_J,-1.0
secondary,test,continuous,200,18,attack_fixed_continuous,65536,entropy_AP,0.30880527620195536
secondary,test,continuous,200,18,attack_fixed_continuous,65536,unique_ratio_AP,0.30890170752091717
secondary,test,continuous,200,18,attack_fixed_continuous,65536,B2_attack_alert,1.0
secondary,test,continuous,200,18,attack_fixed_continuous,65536,B2_benign_trigger,1.0
secondary,test,continuous,200,18,attack_fixed_continuous,65536,B2_FNR,0.0
secondary,test,continuous,200,18,attack_fixed_continuous,65536,B2_J,0.0
secondary,test,continuous,200,18,attack_fixed_continuous,65536,B5_initial_attack_alert,0.0
secondary,test,continuous,200,18,attack_fixed_continuous,65536,B5_initial_benign_trigger,1.0
secondary,test,continuous,200,18,attack_fixed_continuous,65536,B5_initial_FNR,1.0
secondary,test,continuous,200,18,attack_fixed_continuous,65536,B5_initial_J,-1.0
secondary,test,continuous,200,18,attack_fixed_continuous,65536,B5_locked_attack_alert,0.0
secondary,test,continuous,200,18,attack_fixed_continuous,65536,B5_locked_benign_trigger,1.0
secondary,test,continuous,200,18,attack_fixed_continuous,65536,B5_locked_FNR,1.0
secondary,test,continuous,200,18,attack_fixed_continuous,65536,B5_locked_J,-1.0
secondary,test,continuous,200,18,attack_random_continuous,2048,entropy_AP,0.5022001718818897
secondary,test,continuous,200,18,attack_random_continuous,2048,unique_ratio_AP,0.4135132020359278
secondary,test,continuous,200,18,attack_random_continuous,2048,B2_attack_alert,1.0
secondary,test,continuous,200,18,attack_random_continuous,2048,B2_benign_trigger,1.0
secondary,test,continuous,200,18,attack_random_continuous,2048,B2_FNR,0.0
secondary,test,continuous,200,18,attack_random_continuous,2048,B2_J,0.0
secondary,test,continuous,200,18,attack_random_continuous,2048,B5_initial_attack_alert,1.0
secondary,test,continuous,200,18,attack_random_continuous,2048,B5_initial_benign_trigger,1.0
secondary,test,continuous,200,18,attack_random_continuous,2048,B5_initial_FNR,0.0
secondary,test,continuous,200,18,attack_random_continuous,2048,B5_initial_J,0.0
secondary,test,continuous,200,18,attack_random_continuous,2048,B5_locked_attack_alert,1.0
secondary,test,continuous,200,18,attack_random_continuous,2048,B5_locked_benign_trigger,1.0
secondary,test,continuous,200,18,attack_random_continuous,2048,B5_locked_FNR,0.0
secondary,test,continuous,200,18,attack_random_continuous,2048,B5_locked_J,0.0
secondary,test,continuous,200,18,attack_random_continuous,65536,entropy_AP,0.5099302445528879
secondary,test,continuous,200,18,attack_random_continuous,65536,unique_ratio_AP,0.4914911243774497
secondary,test,continuous,200,18,attack_random_continuous,65536,B2_attack_alert,1.0
secondary,test,continuous,200,18,attack_random_continuous,65536,B2_benign_trigger,1.0
secondary,test,continuous,200,18,attack_random_continuous,65536,B2_FNR,0.0
secondary,test,continuous,200,18,attack_random_continuous,65536,B2_J,0.0
secondary,test,continuous,200,18,attack_random_continuous,65536,B5_initial_attack_alert,1.0
secondary,test,continuous,200,18,attack_random_continuous,65536,B5_initial_benign_trigger,1.0
secondary,test,continuous,200,18,attack_random_continuous,65536,B5_initial_FNR,0.0
secondary,test,continuous,200,18,attack_random_continuous,65536,B5_initial_J,0.0
secondary,test,continuous,200,18,attack_random_continuous,65536,B5_locked_attack_alert,1.0
secondary,test,continuous,200,18,attack_random_continuous,65536,B5_locked_benign_trigger,1.0
secondary,test,continuous,200,18,attack_random_continuous,65536,B5_locked_FNR,0.0
secondary,test,continuous,200,18,attack_random_continuous,65536,B5_locked_J,0.0
primary,test,continuous,200,18,attack_sweep_continuous,2048,entropy_AP,0.7221640255768602
primary,test,continuous,200,18,attack_sweep_continuous,2048,unique_ratio_AP,0.988471598812236
primary,test,continuous,200,18,attack_sweep_continuous,2048,B2_attack_alert,1.0
primary,test,continuous,200,18,attack_sweep_continuous,2048,B2_benign_trigger,1.0
primary,test,continuous,200,18,attack_sweep_continuous,2048,B2_FNR,0.0
primary,test,continuous,200,18,attack_sweep_continuous,2048,B2_J,0.0
primary,test,continuous,200,18,attack_sweep_continuous,2048,B5_initial_attack_alert,1.0
primary,test,continuous,200,18,attack_sweep_continuous,2048,B5_initial_benign_trigger,1.0
primary,test,continuous,200,18,attack_sweep_continuous,2048,B5_initial_FNR,0.0
primary,test,continuous,200,18,attack_sweep_continuous,2048,B5_initial_J,0.0
primary,test,continuous,200,18,attack_sweep_continuous,2048,B5_locked_attack_alert,1.0
primary,test,continuous,200,18,attack_sweep_continuous,2048,B5_locked_benign_trigger,1.0
primary,test,continuous,200,18,attack_sweep_continuous,2048,B5_locked_FNR,0.0
primary,test,continuous,200,18,attack_sweep_continuous,2048,B5_locked_J,0.0
primary,test,continuous,200,18,attack_sweep_continuous,65536,entropy_AP,0.5145655350350916
primary,test,continuous,200,18,attack_sweep_continuous,65536,unique_ratio_AP,0.5660377358490566
primary,test,continuous,200,18,attack_sweep_continuous,65536,B2_attack_alert,1.0
primary,test,continuous,200,18,attack_sweep_continuous,65536,B2_benign_trigger,1.0
primary,test,continuous,200,18,attack_sweep_continuous,65536,B2_FNR,0.0
primary,test,continuous,200,18,attack_sweep_continuous,65536,B2_J,0.0
primary,test,continuous,200,18,attack_sweep_continuous,65536,B5_initial_attack_alert,1.0
primary,test,continuous,200,18,attack_sweep_continuous,65536,B5_initial_benign_trigger,1.0
primary,test,continuous,200,18,attack_sweep_continuous,65536,B5_initial_FNR,0.0
primary,test,continuous,200,18,attack_sweep_continuous,65536,B5_initial_J,0.0
primary,test,continuous,200,18,attack_sweep_continuous,65536,B5_locked_attack_alert,1.0
primary,test,continuous,200,18,attack_sweep_continuous,65536,B5_locked_benign_trigger,1.0
primary,test,continuous,200,18,attack_sweep_continuous,65536,B5_locked_FNR,0.0
primary,test,continuous,200,18,attack_sweep_continuous,65536,B5_locked_J,0.0
primary,validation,bursty,24,0,attack_sweep_bursty,2048,entropy_AP,0.5087089348932914
primary,validation,bursty,24,0,attack_sweep_bursty,2048,unique_ratio_AP,0.5226480836236934
primary,validation,bursty,24,0,attack_sweep_bursty,2048,B2_attack_alert,0.4666666666666667
primary,validation,bursty,24,0,attack_sweep_bursty,2048,B2_benign_trigger,0.4666666666666667
primary,validation,bursty,24,0,attack_sweep_bursty,2048,B2_FNR,0.5333333333333333
primary,validation,bursty,24,0,attack_sweep_bursty,2048,B2_J,0.0
primary,validation,bursty,24,0,attack_sweep_bursty,2048,B5_initial_attack_alert,0.4666666666666667
primary,validation,bursty,24,0,attack_sweep_bursty,2048,B5_initial_benign_trigger,0.4666666666666667
primary,validation,bursty,24,0,attack_sweep_bursty,2048,B5_initial_FNR,0.5333333333333333
primary,validation,bursty,24,0,attack_sweep_bursty,2048,B5_initial_J,0.0
primary,validation,bursty,24,0,attack_sweep_bursty,2048,B5_locked_attack_alert,0.0
primary,validation,bursty,24,0,attack_sweep_bursty,2048,B5_locked_benign_trigger,0.0
primary,validation,bursty,24,0,attack_sweep_bursty,2048,B5_locked_FNR,1.0
primary,validation,bursty,24,0,attack_sweep_bursty,2048,B5_locked_J,0.0
primary,validation,bursty,24,0,attack_sweep_bursty,65536,entropy_AP,0.5
primary,validation,bursty,24,0,attack_sweep_bursty,65536,unique_ratio_AP,0.5
primary,validation,bursty,24,0,attack_sweep_bursty,65536,B2_attack_alert,0.4666666666666667
primary,validation,bursty,24,0,attack_sweep_bursty,65536,B2_benign_trigger,0.4666666666666667
primary,validation,bursty,24,0,attack_sweep_bursty,65536,B2_FNR,0.5333333333333333
primary,validation,bursty,24,0,attack_sweep_bursty,65536,B2_J,0.0
primary,validation,bursty,24,0,attack_sweep_bursty,65536,B5_initial_attack_alert,0.4666666666666667
primary,validation,bursty,24,0,attack_sweep_bursty,65536,B5_initial_benign_trigger,0.4666666666666667
primary,validation,bursty,24,0,attack_sweep_bursty,65536,B5_initial_FNR,0.5333333333333333
primary,validation,bursty,24,0,attack_sweep_bursty,65536,B5_initial_J,0.0
primary,validation,bursty,24,0,attack_sweep_bursty,65536,B5_locked_attack_alert,0.0
primary,validation,bursty,24,0,attack_sweep_bursty,65536,B5_locked_benign_trigger,0.0
primary,validation,bursty,24,0,attack_sweep_bursty,65536,B5_locked_FNR,1.0
primary,validation,bursty,24,0,attack_sweep_bursty,65536,B5_locked_J,0.0
primary,validation,bursty,24,9,attack_sweep_bursty,2048,entropy_AP,0.5032127760327444
primary,validation,bursty,24,9,attack_sweep_bursty,2048,unique_ratio_AP,0.5145633986756393
primary,validation,bursty,24,9,attack_sweep_bursty,2048,B2_attack_alert,0.5266666666666666
primary,validation,bursty,24,9,attack_sweep_bursty,2048,B2_benign_trigger,0.5266666666666666
primary,validation,bursty,24,9,attack_sweep_bursty,2048,B2_FNR,0.4733333333333334
primary,validation,bursty,24,9,attack_sweep_bursty,2048,B2_J,0.0
primary,validation,bursty,24,9,attack_sweep_bursty,2048,B5_initial_attack_alert,0.5266666666666666
primary,validation,bursty,24,9,attack_sweep_bursty,2048,B5_initial_benign_trigger,0.5266666666666666
primary,validation,bursty,24,9,attack_sweep_bursty,2048,B5_initial_FNR,0.4733333333333334
primary,validation,bursty,24,9,attack_sweep_bursty,2048,B5_initial_J,0.0
primary,validation,bursty,24,9,attack_sweep_bursty,2048,B5_locked_attack_alert,0.0
primary,validation,bursty,24,9,attack_sweep_bursty,2048,B5_locked_benign_trigger,0.0
primary,validation,bursty,24,9,attack_sweep_bursty,2048,B5_locked_FNR,1.0
primary,validation,bursty,24,9,attack_sweep_bursty,2048,B5_locked_J,0.0
primary,validation,bursty,24,9,attack_sweep_bursty,65536,entropy_AP,0.49999999999999994
primary,validation,bursty,24,9,attack_sweep_bursty,65536,unique_ratio_AP,0.5
primary,validation,bursty,24,9,attack_sweep_bursty,65536,B2_attack_alert,0.5266666666666666
primary,validation,bursty,24,9,attack_sweep_bursty,65536,B2_benign_trigger,0.5266666666666666
primary,validation,bursty,24,9,attack_sweep_bursty,65536,B2_FNR,0.4733333333333334
primary,validation,bursty,24,9,attack_sweep_bursty,65536,B2_J,0.0
primary,validation,bursty,24,9,attack_sweep_bursty,65536,B5_initial_attack_alert,0.5266666666666666
primary,validation,bursty,24,9,attack_sweep_bursty,65536,B5_initial_benign_trigger,0.5266666666666666
primary,validation,bursty,24,9,attack_sweep_bursty,65536,B5_initial_FNR,0.4733333333333334
primary,validation,bursty,24,9,attack_sweep_bursty,65536,B5_initial_J,0.0
primary,validation,bursty,24,9,attack_sweep_bursty,65536,B5_locked_attack_alert,0.0
primary,validation,bursty,24,9,attack_sweep_bursty,65536,B5_locked_benign_trigger,0.0
primary,validation,bursty,24,9,attack_sweep_bursty,65536,B5_locked_FNR,1.0
primary,validation,bursty,24,9,attack_sweep_bursty,65536,B5_locked_J,0.0
primary,validation,bursty,60,0,attack_sweep_bursty,2048,entropy_AP,0.534328088599324
primary,validation,bursty,60,0,attack_sweep_bursty,2048,unique_ratio_AP,0.6394354694619415
primary,validation,bursty,60,0,attack_sweep_bursty,2048,B2_attack_alert,1.0
primary,validation,bursty,60,0,attack_sweep_bursty,2048,B2_benign_trigger,1.0
primary,validation,bursty,60,0,attack_sweep_bursty,2048,B2_FNR,0.0
primary,validation,bursty,60,0,attack_sweep_bursty,2048,B2_J,0.0
primary,validation,bursty,60,0,attack_sweep_bursty,2048,B5_initial_attack_alert,1.0
primary,validation,bursty,60,0,attack_sweep_bursty,2048,B5_initial_benign_trigger,1.0
primary,validation,bursty,60,0,attack_sweep_bursty,2048,B5_initial_FNR,0.0
primary,validation,bursty,60,0,attack_sweep_bursty,2048,B5_initial_J,0.0
primary,validation,bursty,60,0,attack_sweep_bursty,2048,B5_locked_attack_alert,0.4266666666666667
primary,validation,bursty,60,0,attack_sweep_bursty,2048,B5_locked_benign_trigger,0.3933333333333333
primary,validation,bursty,60,0,attack_sweep_bursty,2048,B5_locked_FNR,0.5733333333333333
primary,validation,bursty,60,0,attack_sweep_bursty,2048,B5_locked_J,0.03333333333333338
primary,validation,bursty,60,0,attack_sweep_bursty,65536,entropy_AP,0.5
primary,validation,bursty,60,0,attack_sweep_bursty,65536,unique_ratio_AP,0.5
primary,validation,bursty,60,0,attack_sweep_bursty,65536,B2_attack_alert,1.0
primary,validation,bursty,60,0,attack_sweep_bursty,65536,B2_benign_trigger,1.0
primary,validation,bursty,60,0,attack_sweep_bursty,65536,B2_FNR,0.0
primary,validation,bursty,60,0,attack_sweep_bursty,65536,B2_J,0.0
primary,validation,bursty,60,0,attack_sweep_bursty,65536,B5_initial_attack_alert,1.0
primary,validation,bursty,60,0,attack_sweep_bursty,65536,B5_initial_benign_trigger,1.0
primary,validation,bursty,60,0,attack_sweep_bursty,65536,B5_initial_FNR,0.0
primary,validation,bursty,60,0,attack_sweep_bursty,65536,B5_initial_J,0.0
primary,validation,bursty,60,0,attack_sweep_bursty,65536,B5_locked_attack_alert,0.43333333333333335
primary,validation,bursty,60,0,attack_sweep_bursty,65536,B5_locked_benign_trigger,0.43333333333333335
primary,validation,bursty,60,0,attack_sweep_bursty,65536,B5_locked_FNR,0.5666666666666667
primary,validation,bursty,60,0,attack_sweep_bursty,65536,B5_locked_J,0.0
primary,validation,bursty,60,6,attack_sweep_bursty,2048,entropy_AP,0.5148005791118543
primary,validation,bursty,60,6,attack_sweep_bursty,2048,unique_ratio_AP,0.5678524888345158
primary,validation,bursty,60,6,attack_sweep_bursty,2048,B2_attack_alert,1.0
primary,validation,bursty,60,6,attack_sweep_bursty,2048,B2_benign_trigger,1.0
primary,validation,bursty,60,6,attack_sweep_bursty,2048,B2_FNR,0.0
primary,validation,bursty,60,6,attack_sweep_bursty,2048,B2_J,0.0
primary,validation,bursty,60,6,attack_sweep_bursty,2048,B5_initial_attack_alert,1.0
primary,validation,bursty,60,6,attack_sweep_bursty,2048,B5_initial_benign_trigger,1.0
primary,validation,bursty,60,6,attack_sweep_bursty,2048,B5_initial_FNR,0.0
primary,validation,bursty,60,6,attack_sweep_bursty,2048,B5_initial_J,0.0
primary,validation,bursty,60,6,attack_sweep_bursty,2048,B5_locked_attack_alert,0.41333333333333333
primary,validation,bursty,60,6,attack_sweep_bursty,2048,B5_locked_benign_trigger,0.3933333333333333
primary,validation,bursty,60,6,attack_sweep_bursty,2048,B5_locked_FNR,0.5866666666666667
primary,validation,bursty,60,6,attack_sweep_bursty,2048,B5_locked_J,0.020000000000000018
primary,validation,bursty,60,6,attack_sweep_bursty,65536,entropy_AP,0.5
primary,validation,bursty,60,6,attack_sweep_bursty,65536,unique_ratio_AP,0.5
primary,validation,bursty,60,6,attack_sweep_bursty,65536,B2_attack_alert,1.0
primary,validation,bursty,60,6,attack_sweep_bursty,65536,B2_benign_trigger,1.0
primary,validation,bursty,60,6,attack_sweep_bursty,65536,B2_FNR,0.0
primary,validation,bursty,60,6,attack_sweep_bursty,65536,B2_J,0.0
primary,validation,bursty,60,6,attack_sweep_bursty,65536,B5_initial_attack_alert,1.0
primary,validation,bursty,60,6,attack_sweep_bursty,65536,B5_initial_benign_trigger,1.0
primary,validation,bursty,60,6,attack_sweep_bursty,65536,B5_initial_FNR,0.0
primary,validation,bursty,60,6,attack_sweep_bursty,65536,B5_initial_J,0.0
primary,validation,bursty,60,6,attack_sweep_bursty,65536,B5_locked_attack_alert,0.41333333333333333
primary,validation,bursty,60,6,attack_sweep_bursty,65536,B5_locked_benign_trigger,0.41333333333333333
primary,validation,bursty,60,6,attack_sweep_bursty,65536,B5_locked_FNR,0.5866666666666667
primary,validation,bursty,60,6,attack_sweep_bursty,65536,B5_locked_J,0.0
primary,validation,bursty,120,1,attack_sweep_bursty,2048,entropy_AP,0.590423222309447
primary,validation,bursty,120,1,attack_sweep_bursty,2048,unique_ratio_AP,0.8555661823745764
primary,validation,bursty,120,1,attack_sweep_bursty,2048,B2_attack_alert,1.0
primary,validation,bursty,120,1,attack_sweep_bursty,2048,B2_benign_trigger,1.0
primary,validation,bursty,120,1,attack_sweep_bursty,2048,B2_FNR,0.0
primary,validation,bursty,120,1,attack_sweep_bursty,2048,B2_J,0.0
primary,validation,bursty,120,1,attack_sweep_bursty,2048,B5_initial_attack_alert,1.0
primary,validation,bursty,120,1,attack_sweep_bursty,2048,B5_initial_benign_trigger,1.0
primary,validation,bursty,120,1,attack_sweep_bursty,2048,B5_initial_FNR,0.0
primary,validation,bursty,120,1,attack_sweep_bursty,2048,B5_initial_J,0.0
primary,validation,bursty,120,1,attack_sweep_bursty,2048,B5_locked_attack_alert,0.96
primary,validation,bursty,120,1,attack_sweep_bursty,2048,B5_locked_benign_trigger,0.9666666666666667
primary,validation,bursty,120,1,attack_sweep_bursty,2048,B5_locked_FNR,0.040000000000000036
primary,validation,bursty,120,1,attack_sweep_bursty,2048,B5_locked_J,-0.00666666666666671
primary,validation,bursty,120,1,attack_sweep_bursty,65536,entropy_AP,0.5003152339585165
primary,validation,bursty,120,1,attack_sweep_bursty,65536,unique_ratio_AP,0.49996488645145354
primary,validation,bursty,120,1,attack_sweep_bursty,65536,B2_attack_alert,1.0
primary,validation,bursty,120,1,attack_sweep_bursty,65536,B2_benign_trigger,1.0
primary,validation,bursty,120,1,attack_sweep_bursty,65536,B2_FNR,0.0
primary,validation,bursty,120,1,attack_sweep_bursty,65536,B2_J,0.0
primary,validation,bursty,120,1,attack_sweep_bursty,65536,B5_initial_attack_alert,1.0
primary,validation,bursty,120,1,attack_sweep_bursty,65536,B5_initial_benign_trigger,1.0
primary,validation,bursty,120,1,attack_sweep_bursty,65536,B5_initial_FNR,0.0
primary,validation,bursty,120,1,attack_sweep_bursty,65536,B5_initial_J,0.0
primary,validation,bursty,120,1,attack_sweep_bursty,65536,B5_locked_attack_alert,0.9733333333333334
primary,validation,bursty,120,1,attack_sweep_bursty,65536,B5_locked_benign_trigger,0.9733333333333334
primary,validation,bursty,120,1,attack_sweep_bursty,65536,B5_locked_FNR,0.026666666666666616
primary,validation,bursty,120,1,attack_sweep_bursty,65536,B5_locked_J,0.0
primary,validation,bursty,120,3,attack_sweep_bursty,2048,entropy_AP,0.5722856921998483
primary,validation,bursty,120,3,attack_sweep_bursty,2048,unique_ratio_AP,0.863910917890216
primary,validation,bursty,120,3,attack_sweep_bursty,2048,B2_attack_alert,1.0
primary,validation,bursty,120,3,attack_sweep_bursty,2048,B2_benign_trigger,1.0
primary,validation,bursty,120,3,attack_sweep_bursty,2048,B2_FNR,0.0
primary,validation,bursty,120,3,attack_sweep_bursty,2048,B2_J,0.0
primary,validation,bursty,120,3,attack_sweep_bursty,2048,B5_initial_attack_alert,1.0
primary,validation,bursty,120,3,attack_sweep_bursty,2048,B5_initial_benign_trigger,1.0
primary,validation,bursty,120,3,attack_sweep_bursty,2048,B5_initial_FNR,0.0
primary,validation,bursty,120,3,attack_sweep_bursty,2048,B5_initial_J,0.0
primary,validation,bursty,120,3,attack_sweep_bursty,2048,B5_locked_attack_alert,0.9866666666666667
primary,validation,bursty,120,3,attack_sweep_bursty,2048,B5_locked_benign_trigger,0.9866666666666667
primary,validation,bursty,120,3,attack_sweep_bursty,2048,B5_locked_FNR,0.013333333333333308
primary,validation,bursty,120,3,attack_sweep_bursty,2048,B5_locked_J,0.0
primary,validation,bursty,120,3,attack_sweep_bursty,65536,entropy_AP,0.507513899182302
primary,validation,bursty,120,3,attack_sweep_bursty,65536,unique_ratio_AP,0.5319148936170213
primary,validation,bursty,120,3,attack_sweep_bursty,65536,B2_attack_alert,1.0
primary,validation,bursty,120,3,attack_sweep_bursty,65536,B2_benign_trigger,1.0
primary,validation,bursty,120,3,attack_sweep_bursty,65536,B2_FNR,0.0
primary,validation,bursty,120,3,attack_sweep_bursty,65536,B2_J,0.0
primary,validation,bursty,120,3,attack_sweep_bursty,65536,B5_initial_attack_alert,1.0
primary,validation,bursty,120,3,attack_sweep_bursty,65536,B5_initial_benign_trigger,1.0
primary,validation,bursty,120,3,attack_sweep_bursty,65536,B5_initial_FNR,0.0
primary,validation,bursty,120,3,attack_sweep_bursty,65536,B5_initial_J,0.0
primary,validation,bursty,120,3,attack_sweep_bursty,65536,B5_locked_attack_alert,0.9933333333333333
primary,validation,bursty,120,3,attack_sweep_bursty,65536,B5_locked_benign_trigger,0.9933333333333333
primary,validation,bursty,120,3,attack_sweep_bursty,65536,B5_locked_FNR,0.00666666666666671
primary,validation,bursty,120,3,attack_sweep_bursty,65536,B5_locked_J,0.0
primary,validation,bursty,200,2,attack_sweep_bursty,2048,entropy_AP,0.6105722383061258
primary,validation,bursty,200,2,attack_sweep_bursty,2048,unique_ratio_AP,0.9658326192195126
primary,validation,bursty,200,2,attack_sweep_bursty,2048,B2_attack_alert,1.0
primary,validation,bursty,200,2,attack_sweep_bursty,2048,B2_benign_trigger,1.0
primary,validation,bursty,200,2,attack_sweep_bursty,2048,B2_FNR,0.0
primary,validation,bursty,200,2,attack_sweep_bursty,2048,B2_J,0.0
primary,validation,bursty,200,2,attack_sweep_bursty,2048,B5_initial_attack_alert,1.0
primary,validation,bursty,200,2,attack_sweep_bursty,2048,B5_initial_benign_trigger,1.0
primary,validation,bursty,200,2,attack_sweep_bursty,2048,B5_initial_FNR,0.0
primary,validation,bursty,200,2,attack_sweep_bursty,2048,B5_initial_J,0.0
primary,validation,bursty,200,2,attack_sweep_bursty,2048,B5_locked_attack_alert,1.0
primary,validation,bursty,200,2,attack_sweep_bursty,2048,B5_locked_benign_trigger,1.0
primary,validation,bursty,200,2,attack_sweep_bursty,2048,B5_locked_FNR,0.0
primary,validation,bursty,200,2,attack_sweep_bursty,2048,B5_locked_J,0.0
primary,validation,bursty,200,2,attack_sweep_bursty,65536,entropy_AP,0.5059939510115921
primary,validation,bursty,200,2,attack_sweep_bursty,65536,unique_ratio_AP,0.5615136032835426
primary,validation,bursty,200,2,attack_sweep_bursty,65536,B2_attack_alert,1.0
primary,validation,bursty,200,2,attack_sweep_bursty,65536,B2_benign_trigger,1.0
primary,validation,bursty,200,2,attack_sweep_bursty,65536,B2_FNR,0.0
primary,validation,bursty,200,2,attack_sweep_bursty,65536,B2_J,0.0
primary,validation,bursty,200,2,attack_sweep_bursty,65536,B5_initial_attack_alert,1.0
primary,validation,bursty,200,2,attack_sweep_bursty,65536,B5_initial_benign_trigger,1.0
primary,validation,bursty,200,2,attack_sweep_bursty,65536,B5_initial_FNR,0.0
primary,validation,bursty,200,2,attack_sweep_bursty,65536,B5_initial_J,0.0
primary,validation,bursty,200,2,attack_sweep_bursty,65536,B5_locked_attack_alert,1.0
primary,validation,bursty,200,2,attack_sweep_bursty,65536,B5_locked_benign_trigger,1.0
primary,validation,bursty,200,2,attack_sweep_bursty,65536,B5_locked_FNR,0.0
primary,validation,bursty,200,2,attack_sweep_bursty,65536,B5_locked_J,0.0
primary,validation,bursty,200,6,attack_sweep_bursty,2048,entropy_AP,0.6189780821973737
primary,validation,bursty,200,6,attack_sweep_bursty,2048,unique_ratio_AP,0.9671109703844464
primary,validation,bursty,200,6,attack_sweep_bursty,2048,B2_attack_alert,1.0
primary,validation,bursty,200,6,attack_sweep_bursty,2048,B2_benign_trigger,1.0
primary,validation,bursty,200,6,attack_sweep_bursty,2048,B2_FNR,0.0
primary,validation,bursty,200,6,attack_sweep_bursty,2048,B2_J,0.0
primary,validation,bursty,200,6,attack_sweep_bursty,2048,B5_initial_attack_alert,1.0
primary,validation,bursty,200,6,attack_sweep_bursty,2048,B5_initial_benign_trigger,1.0
primary,validation,bursty,200,6,attack_sweep_bursty,2048,B5_initial_FNR,0.0
primary,validation,bursty,200,6,attack_sweep_bursty,2048,B5_initial_J,0.0
primary,validation,bursty,200,6,attack_sweep_bursty,2048,B5_locked_attack_alert,1.0
primary,validation,bursty,200,6,attack_sweep_bursty,2048,B5_locked_benign_trigger,1.0
primary,validation,bursty,200,6,attack_sweep_bursty,2048,B5_locked_FNR,0.0
primary,validation,bursty,200,6,attack_sweep_bursty,2048,B5_locked_J,0.0
primary,validation,bursty,200,6,attack_sweep_bursty,65536,entropy_AP,0.5093407251276014
primary,validation,bursty,200,6,attack_sweep_bursty,65536,unique_ratio_AP,0.578127799726637
primary,validation,bursty,200,6,attack_sweep_bursty,65536,B2_attack_alert,1.0
primary,validation,bursty,200,6,attack_sweep_bursty,65536,B2_benign_trigger,1.0
primary,validation,bursty,200,6,attack_sweep_bursty,65536,B2_FNR,0.0
primary,validation,bursty,200,6,attack_sweep_bursty,65536,B2_J,0.0
primary,validation,bursty,200,6,attack_sweep_bursty,65536,B5_initial_attack_alert,1.0
primary,validation,bursty,200,6,attack_sweep_bursty,65536,B5_initial_benign_trigger,1.0
primary,validation,bursty,200,6,attack_sweep_bursty,65536,B5_initial_FNR,0.0
primary,validation,bursty,200,6,attack_sweep_bursty,65536,B5_initial_J,0.0
primary,validation,bursty,200,6,attack_sweep_bursty,65536,B5_locked_attack_alert,1.0
primary,validation,bursty,200,6,attack_sweep_bursty,65536,B5_locked_benign_trigger,1.0
primary,validation,bursty,200,6,attack_sweep_bursty,65536,B5_locked_FNR,0.0
primary,validation,bursty,200,6,attack_sweep_bursty,65536,B5_locked_J,0.0
secondary,validation,continuous,24,4,attack_dup_sweep_continuous,2048,entropy_AP,0.31398363079032404
secondary,validation,continuous,24,4,attack_dup_sweep_continuous,2048,unique_ratio_AP,0.31578021379095583
secondary,validation,continuous,24,4,attack_dup_sweep_continuous,2048,B2_attack_alert,0.5533333333333333
secondary,validation,continuous,24,4,attack_dup_sweep_continuous,2048,B2_benign_trigger,0.5533333333333333
secondary,validation,continuous,24,4,attack_dup_sweep_continuous,2048,B2_FNR,0.44666666666666666
secondary,validation,continuous,24,4,attack_dup_sweep_continuous,2048,B2_J,0.0
secondary,validation,continuous,24,4,attack_dup_sweep_continuous,2048,B5_initial_attack_alert,0.0
secondary,validation,continuous,24,4,attack_dup_sweep_continuous,2048,B5_initial_benign_trigger,0.5533333333333333
secondary,validation,continuous,24,4,attack_dup_sweep_continuous,2048,B5_initial_FNR,1.0
secondary,validation,continuous,24,4,attack_dup_sweep_continuous,2048,B5_initial_J,-0.5533333333333333
secondary,validation,continuous,24,4,attack_dup_sweep_continuous,2048,B5_locked_attack_alert,0.0
secondary,validation,continuous,24,4,attack_dup_sweep_continuous,2048,B5_locked_benign_trigger,0.0
secondary,validation,continuous,24,4,attack_dup_sweep_continuous,2048,B5_locked_FNR,1.0
secondary,validation,continuous,24,4,attack_dup_sweep_continuous,2048,B5_locked_J,0.0
secondary,validation,continuous,24,4,attack_dup_sweep_continuous,65536,entropy_AP,0.31353743568695713
secondary,validation,continuous,24,4,attack_dup_sweep_continuous,65536,unique_ratio_AP,0.31578021379095583
secondary,validation,continuous,24,4,attack_dup_sweep_continuous,65536,B2_attack_alert,0.5533333333333333
secondary,validation,continuous,24,4,attack_dup_sweep_continuous,65536,B2_benign_trigger,0.5533333333333333
secondary,validation,continuous,24,4,attack_dup_sweep_continuous,65536,B2_FNR,0.44666666666666666
secondary,validation,continuous,24,4,attack_dup_sweep_continuous,65536,B2_J,0.0
secondary,validation,continuous,24,4,attack_dup_sweep_continuous,65536,B5_initial_attack_alert,0.0
secondary,validation,continuous,24,4,attack_dup_sweep_continuous,65536,B5_initial_benign_trigger,0.5533333333333333
secondary,validation,continuous,24,4,attack_dup_sweep_continuous,65536,B5_initial_FNR,1.0
secondary,validation,continuous,24,4,attack_dup_sweep_continuous,65536,B5_initial_J,-0.5533333333333333
secondary,validation,continuous,24,4,attack_dup_sweep_continuous,65536,B5_locked_attack_alert,0.0
secondary,validation,continuous,24,4,attack_dup_sweep_continuous,65536,B5_locked_benign_trigger,0.0
secondary,validation,continuous,24,4,attack_dup_sweep_continuous,65536,B5_locked_FNR,1.0
secondary,validation,continuous,24,4,attack_dup_sweep_continuous,65536,B5_locked_J,0.0
secondary,validation,continuous,24,4,attack_fixed_continuous,2048,entropy_AP,0.31178127926614774
secondary,validation,continuous,24,4,attack_fixed_continuous,2048,unique_ratio_AP,0.3120634867050872
secondary,validation,continuous,24,4,attack_fixed_continuous,2048,B2_attack_alert,0.5533333333333333
secondary,validation,continuous,24,4,attack_fixed_continuous,2048,B2_benign_trigger,0.5533333333333333
secondary,validation,continuous,24,4,attack_fixed_continuous,2048,B2_FNR,0.44666666666666666
secondary,validation,continuous,24,4,attack_fixed_continuous,2048,B2_J,0.0
secondary,validation,continuous,24,4,attack_fixed_continuous,2048,B5_initial_attack_alert,0.0
secondary,validation,continuous,24,4,attack_fixed_continuous,2048,B5_initial_benign_trigger,0.5533333333333333
secondary,validation,continuous,24,4,attack_fixed_continuous,2048,B5_initial_FNR,1.0
secondary,validation,continuous,24,4,attack_fixed_continuous,2048,B5_initial_J,-0.5533333333333333
secondary,validation,continuous,24,4,attack_fixed_continuous,2048,B5_locked_attack_alert,0.0
secondary,validation,continuous,24,4,attack_fixed_continuous,2048,B5_locked_benign_trigger,0.0
secondary,validation,continuous,24,4,attack_fixed_continuous,2048,B5_locked_FNR,1.0
secondary,validation,continuous,24,4,attack_fixed_continuous,2048,B5_locked_J,0.0
secondary,validation,continuous,24,4,attack_fixed_continuous,65536,entropy_AP,0.31178127926614774
secondary,validation,continuous,24,4,attack_fixed_continuous,65536,unique_ratio_AP,0.3120634867050872
secondary,validation,continuous,24,4,attack_fixed_continuous,65536,B2_attack_alert,0.5533333333333333
secondary,validation,continuous,24,4,attack_fixed_continuous,65536,B2_benign_trigger,0.5533333333333333
secondary,validation,continuous,24,4,attack_fixed_continuous,65536,B2_FNR,0.44666666666666666
secondary,validation,continuous,24,4,attack_fixed_continuous,65536,B2_J,0.0
secondary,validation,continuous,24,4,attack_fixed_continuous,65536,B5_initial_attack_alert,0.0
secondary,validation,continuous,24,4,attack_fixed_continuous,65536,B5_initial_benign_trigger,0.5533333333333333
secondary,validation,continuous,24,4,attack_fixed_continuous,65536,B5_initial_FNR,1.0
secondary,validation,continuous,24,4,attack_fixed_continuous,65536,B5_initial_J,-0.5533333333333333
secondary,validation,continuous,24,4,attack_fixed_continuous,65536,B5_locked_attack_alert,0.0
secondary,validation,continuous,24,4,attack_fixed_continuous,65536,B5_locked_benign_trigger,0.0
secondary,validation,continuous,24,4,attack_fixed_continuous,65536,B5_locked_FNR,1.0
secondary,validation,continuous,24,4,attack_fixed_continuous,65536,B5_locked_J,0.0
secondary,validation,continuous,24,4,attack_random_continuous,2048,entropy_AP,0.5108006685829061
secondary,validation,continuous,24,4,attack_random_continuous,2048,unique_ratio_AP,0.5071891372744148
secondary,validation,continuous,24,4,attack_random_continuous,2048,B2_attack_alert,0.5533333333333333
secondary,validation,continuous,24,4,attack_random_continuous,2048,B2_benign_trigger,0.5533333333333333
secondary,validation,continuous,24,4,attack_random_continuous,2048,B2_FNR,0.44666666666666666
secondary,validation,continuous,24,4,attack_random_continuous,2048,B2_J,0.0
secondary,validation,continuous,24,4,attack_random_continuous,2048,B5_initial_attack_alert,0.5533333333333333
secondary,validation,continuous,24,4,attack_random_continuous,2048,B5_initial_benign_trigger,0.5533333333333333
secondary,validation,continuous,24,4,attack_random_continuous,2048,B5_initial_FNR,0.44666666666666666
secondary,validation,continuous,24,4,attack_random_continuous,2048,B5_initial_J,0.0
secondary,validation,continuous,24,4,attack_random_continuous,2048,B5_locked_attack_alert,0.0
secondary,validation,continuous,24,4,attack_random_continuous,2048,B5_locked_benign_trigger,0.0
secondary,validation,continuous,24,4,attack_random_continuous,2048,B5_locked_FNR,1.0
secondary,validation,continuous,24,4,attack_random_continuous,2048,B5_locked_J,0.0
secondary,validation,continuous,24,4,attack_random_continuous,65536,entropy_AP,0.5
secondary,validation,continuous,24,4,attack_random_continuous,65536,unique_ratio_AP,0.5
secondary,validation,continuous,24,4,attack_random_continuous,65536,B2_attack_alert,0.5533333333333333
secondary,validation,continuous,24,4,attack_random_continuous,65536,B2_benign_trigger,0.5533333333333333
secondary,validation,continuous,24,4,attack_random_continuous,65536,B2_FNR,0.44666666666666666
secondary,validation,continuous,24,4,attack_random_continuous,65536,B2_J,0.0
secondary,validation,continuous,24,4,attack_random_continuous,65536,B5_initial_attack_alert,0.5533333333333333
secondary,validation,continuous,24,4,attack_random_continuous,65536,B5_initial_benign_trigger,0.5533333333333333
secondary,validation,continuous,24,4,attack_random_continuous,65536,B5_initial_FNR,0.44666666666666666
secondary,validation,continuous,24,4,attack_random_continuous,65536,B5_initial_J,0.0
secondary,validation,continuous,24,4,attack_random_continuous,65536,B5_locked_attack_alert,0.0
secondary,validation,continuous,24,4,attack_random_continuous,65536,B5_locked_benign_trigger,0.0
secondary,validation,continuous,24,4,attack_random_continuous,65536,B5_locked_FNR,1.0
secondary,validation,continuous,24,4,attack_random_continuous,65536,B5_locked_J,0.0
primary,validation,continuous,24,4,attack_sweep_continuous,2048,entropy_AP,0.5179334486297439
primary,validation,continuous,24,4,attack_sweep_continuous,2048,unique_ratio_AP,0.5319148936170213
primary,validation,continuous,24,4,attack_sweep_continuous,2048,B2_attack_alert,0.5533333333333333
primary,validation,continuous,24,4,attack_sweep_continuous,2048,B2_benign_trigger,0.5533333333333333
primary,validation,continuous,24,4,attack_sweep_continuous,2048,B2_FNR,0.44666666666666666
primary,validation,continuous,24,4,attack_sweep_continuous,2048,B2_J,0.0
primary,validation,continuous,24,4,attack_sweep_continuous,2048,B5_initial_attack_alert,0.5533333333333333
primary,validation,continuous,24,4,attack_sweep_continuous,2048,B5_initial_benign_trigger,0.5533333333333333
primary,validation,continuous,24,4,attack_sweep_continuous,2048,B5_initial_FNR,0.44666666666666666
primary,validation,continuous,24,4,attack_sweep_continuous,2048,B5_initial_J,0.0
primary,validation,continuous,24,4,attack_sweep_continuous,2048,B5_locked_attack_alert,0.0
primary,validation,continuous,24,4,attack_sweep_continuous,2048,B5_locked_benign_trigger,0.0
primary,validation,continuous,24,4,attack_sweep_continuous,2048,B5_locked_FNR,1.0
primary,validation,continuous,24,4,attack_sweep_continuous,2048,B5_locked_J,0.0
primary,validation,continuous,24,4,attack_sweep_continuous,65536,entropy_AP,0.5
primary,validation,continuous,24,4,attack_sweep_continuous,65536,unique_ratio_AP,0.5
primary,validation,continuous,24,4,attack_sweep_continuous,65536,B2_attack_alert,0.5533333333333333
primary,validation,continuous,24,4,attack_sweep_continuous,65536,B2_benign_trigger,0.5533333333333333
primary,validation,continuous,24,4,attack_sweep_continuous,65536,B2_FNR,0.44666666666666666
primary,validation,continuous,24,4,attack_sweep_continuous,65536,B2_J,0.0
primary,validation,continuous,24,4,attack_sweep_continuous,65536,B5_initial_attack_alert,0.5533333333333333
primary,validation,continuous,24,4,attack_sweep_continuous,65536,B5_initial_benign_trigger,0.5533333333333333
primary,validation,continuous,24,4,attack_sweep_continuous,65536,B5_initial_FNR,0.44666666666666666
primary,validation,continuous,24,4,attack_sweep_continuous,65536,B5_initial_J,0.0
primary,validation,continuous,24,4,attack_sweep_continuous,65536,B5_locked_attack_alert,0.0
primary,validation,continuous,24,4,attack_sweep_continuous,65536,B5_locked_benign_trigger,0.0
primary,validation,continuous,24,4,attack_sweep_continuous,65536,B5_locked_FNR,1.0
primary,validation,continuous,24,4,attack_sweep_continuous,65536,B5_locked_J,0.0
secondary,validation,continuous,24,7,attack_dup_sweep_continuous,2048,entropy_AP,0.31408218891885975
secondary,validation,continuous,24,7,attack_dup_sweep_continuous,2048,unique_ratio_AP,0.3160475866671976
secondary,validation,continuous,24,7,attack_dup_sweep_continuous,2048,B2_attack_alert,0.38
secondary,validation,continuous,24,7,attack_dup_sweep_continuous,2048,B2_benign_trigger,0.38
secondary,validation,continuous,24,7,attack_dup_sweep_continuous,2048,B2_FNR,0.62
secondary,validation,continuous,24,7,attack_dup_sweep_continuous,2048,B2_J,0.0
secondary,validation,continuous,24,7,attack_dup_sweep_continuous,2048,B5_initial_attack_alert,0.0
secondary,validation,continuous,24,7,attack_dup_sweep_continuous,2048,B5_initial_benign_trigger,0.38
secondary,validation,continuous,24,7,attack_dup_sweep_continuous,2048,B5_initial_FNR,1.0
secondary,validation,continuous,24,7,attack_dup_sweep_continuous,2048,B5_initial_J,-0.38
secondary,validation,continuous,24,7,attack_dup_sweep_continuous,2048,B5_locked_attack_alert,0.0
secondary,validation,continuous,24,7,attack_dup_sweep_continuous,2048,B5_locked_benign_trigger,0.0
secondary,validation,continuous,24,7,attack_dup_sweep_continuous,2048,B5_locked_FNR,1.0
secondary,validation,continuous,24,7,attack_dup_sweep_continuous,2048,B5_locked_J,0.0
secondary,validation,continuous,24,7,attack_dup_sweep_continuous,65536,entropy_AP,0.31407037059266374
secondary,validation,continuous,24,7,attack_dup_sweep_continuous,65536,unique_ratio_AP,0.3160475866671976
secondary,validation,continuous,24,7,attack_dup_sweep_continuous,65536,B2_attack_alert,0.38
secondary,validation,continuous,24,7,attack_dup_sweep_continuous,65536,B2_benign_trigger,0.38
secondary,validation,continuous,24,7,attack_dup_sweep_continuous,65536,B2_FNR,0.62
secondary,validation,continuous,24,7,attack_dup_sweep_continuous,65536,B2_J,0.0
secondary,validation,continuous,24,7,attack_dup_sweep_continuous,65536,B5_initial_attack_alert,0.0
secondary,validation,continuous,24,7,attack_dup_sweep_continuous,65536,B5_initial_benign_trigger,0.38
secondary,validation,continuous,24,7,attack_dup_sweep_continuous,65536,B5_initial_FNR,1.0
secondary,validation,continuous,24,7,attack_dup_sweep_continuous,65536,B5_initial_J,-0.38
secondary,validation,continuous,24,7,attack_dup_sweep_continuous,65536,B5_locked_attack_alert,0.0
secondary,validation,continuous,24,7,attack_dup_sweep_continuous,65536,B5_locked_benign_trigger,0.0
secondary,validation,continuous,24,7,attack_dup_sweep_continuous,65536,B5_locked_FNR,1.0
secondary,validation,continuous,24,7,attack_dup_sweep_continuous,65536,B5_locked_J,0.0
secondary,validation,continuous,24,7,attack_fixed_continuous,2048,entropy_AP,0.3127995375330069
secondary,validation,continuous,24,7,attack_fixed_continuous,2048,unique_ratio_AP,0.31415700823999093
secondary,validation,continuous,24,7,attack_fixed_continuous,2048,B2_attack_alert,0.38
secondary,validation,continuous,24,7,attack_fixed_continuous,2048,B2_benign_trigger,0.38
secondary,validation,continuous,24,7,attack_fixed_continuous,2048,B2_FNR,0.62
secondary,validation,continuous,24,7,attack_fixed_continuous,2048,B2_J,0.0
secondary,validation,continuous,24,7,attack_fixed_continuous,2048,B5_initial_attack_alert,0.0
secondary,validation,continuous,24,7,attack_fixed_continuous,2048,B5_initial_benign_trigger,0.38
secondary,validation,continuous,24,7,attack_fixed_continuous,2048,B5_initial_FNR,1.0
secondary,validation,continuous,24,7,attack_fixed_continuous,2048,B5_initial_J,-0.38
secondary,validation,continuous,24,7,attack_fixed_continuous,2048,B5_locked_attack_alert,0.0
secondary,validation,continuous,24,7,attack_fixed_continuous,2048,B5_locked_benign_trigger,0.0
secondary,validation,continuous,24,7,attack_fixed_continuous,2048,B5_locked_FNR,1.0
secondary,validation,continuous,24,7,attack_fixed_continuous,2048,B5_locked_J,0.0
secondary,validation,continuous,24,7,attack_fixed_continuous,65536,entropy_AP,0.3127995375330069
secondary,validation,continuous,24,7,attack_fixed_continuous,65536,unique_ratio_AP,0.31415700823999093
secondary,validation,continuous,24,7,attack_fixed_continuous,65536,B2_attack_alert,0.38
secondary,validation,continuous,24,7,attack_fixed_continuous,65536,B2_benign_trigger,0.38
secondary,validation,continuous,24,7,attack_fixed_continuous,65536,B2_FNR,0.62
secondary,validation,continuous,24,7,attack_fixed_continuous,65536,B2_J,0.0
secondary,validation,continuous,24,7,attack_fixed_continuous,65536,B5_initial_attack_alert,0.0
secondary,validation,continuous,24,7,attack_fixed_continuous,65536,B5_initial_benign_trigger,0.38
secondary,validation,continuous,24,7,attack_fixed_continuous,65536,B5_initial_FNR,1.0
secondary,validation,continuous,24,7,attack_fixed_continuous,65536,B5_initial_J,-0.38
secondary,validation,continuous,24,7,attack_fixed_continuous,65536,B5_locked_attack_alert,0.0
secondary,validation,continuous,24,7,attack_fixed_continuous,65536,B5_locked_benign_trigger,0.0
secondary,validation,continuous,24,7,attack_fixed_continuous,65536,B5_locked_FNR,1.0
secondary,validation,continuous,24,7,attack_fixed_continuous,65536,B5_locked_J,0.0
secondary,validation,continuous,24,7,attack_random_continuous,2048,entropy_AP,0.49336925333650455
secondary,validation,continuous,24,7,attack_random_continuous,2048,unique_ratio_AP,0.4854969480115457
secondary,validation,continuous,24,7,attack_random_continuous,2048,B2_attack_alert,0.38
secondary,validation,continuous,24,7,attack_random_continuous,2048,B2_benign_trigger,0.38
secondary,validation,continuous,24,7,attack_random_continuous,2048,B2_FNR,0.62
secondary,validation,continuous,24,7,attack_random_continuous,2048,B2_J,0.0
secondary,validation,continuous,24,7,attack_random_continuous,2048,B5_initial_attack_alert,0.38
secondary,validation,continuous,24,7,attack_random_continuous,2048,B5_initial_benign_trigger,0.38
secondary,validation,continuous,24,7,attack_random_continuous,2048,B5_initial_FNR,0.62
secondary,validation,continuous,24,7,attack_random_continuous,2048,B5_initial_J,0.0
secondary,validation,continuous,24,7,attack_random_continuous,2048,B5_locked_attack_alert,0.0
secondary,validation,continuous,24,7,attack_random_continuous,2048,B5_locked_benign_trigger,0.0
secondary,validation,continuous,24,7,attack_random_continuous,2048,B5_locked_FNR,1.0
secondary,validation,continuous,24,7,attack_random_continuous,2048,B5_locked_J,0.0
secondary,validation,continuous,24,7,attack_random_continuous,65536,entropy_AP,0.5
secondary,validation,continuous,24,7,attack_random_continuous,65536,unique_ratio_AP,0.5
secondary,validation,continuous,24,7,attack_random_continuous,65536,B2_attack_alert,0.38
secondary,validation,continuous,24,7,attack_random_continuous,65536,B2_benign_trigger,0.38
secondary,validation,continuous,24,7,attack_random_continuous,65536,B2_FNR,0.62
secondary,validation,continuous,24,7,attack_random_continuous,65536,B2_J,0.0
secondary,validation,continuous,24,7,attack_random_continuous,65536,B5_initial_attack_alert,0.38
secondary,validation,continuous,24,7,attack_random_continuous,65536,B5_initial_benign_trigger,0.38
secondary,validation,continuous,24,7,attack_random_continuous,65536,B5_initial_FNR,0.62
secondary,validation,continuous,24,7,attack_random_continuous,65536,B5_initial_J,0.0
secondary,validation,continuous,24,7,attack_random_continuous,65536,B5_locked_attack_alert,0.0
secondary,validation,continuous,24,7,attack_random_continuous,65536,B5_locked_benign_trigger,0.0
secondary,validation,continuous,24,7,attack_random_continuous,65536,B5_locked_FNR,1.0
secondary,validation,continuous,24,7,attack_random_continuous,65536,B5_locked_J,0.0
primary,validation,continuous,24,7,attack_sweep_continuous,2048,entropy_AP,0.5114470829522649
primary,validation,continuous,24,7,attack_sweep_continuous,2048,unique_ratio_AP,0.5263157894736842
primary,validation,continuous,24,7,attack_sweep_continuous,2048,B2_attack_alert,0.38
primary,validation,continuous,24,7,attack_sweep_continuous,2048,B2_benign_trigger,0.38
primary,validation,continuous,24,7,attack_sweep_continuous,2048,B2_FNR,0.62
primary,validation,continuous,24,7,attack_sweep_continuous,2048,B2_J,0.0
primary,validation,continuous,24,7,attack_sweep_continuous,2048,B5_initial_attack_alert,0.38
primary,validation,continuous,24,7,attack_sweep_continuous,2048,B5_initial_benign_trigger,0.38
primary,validation,continuous,24,7,attack_sweep_continuous,2048,B5_initial_FNR,0.62
primary,validation,continuous,24,7,attack_sweep_continuous,2048,B5_initial_J,0.0
primary,validation,continuous,24,7,attack_sweep_continuous,2048,B5_locked_attack_alert,0.0
primary,validation,continuous,24,7,attack_sweep_continuous,2048,B5_locked_benign_trigger,0.0
primary,validation,continuous,24,7,attack_sweep_continuous,2048,B5_locked_FNR,1.0
primary,validation,continuous,24,7,attack_sweep_continuous,2048,B5_locked_J,0.0
primary,validation,continuous,24,7,attack_sweep_continuous,65536,entropy_AP,0.5
primary,validation,continuous,24,7,attack_sweep_continuous,65536,unique_ratio_AP,0.5
primary,validation,continuous,24,7,attack_sweep_continuous,65536,B2_attack_alert,0.38
primary,validation,continuous,24,7,attack_sweep_continuous,65536,B2_benign_trigger,0.38
primary,validation,continuous,24,7,attack_sweep_continuous,65536,B2_FNR,0.62
primary,validation,continuous,24,7,attack_sweep_continuous,65536,B2_J,0.0
primary,validation,continuous,24,7,attack_sweep_continuous,65536,B5_initial_attack_alert,0.38
primary,validation,continuous,24,7,attack_sweep_continuous,65536,B5_initial_benign_trigger,0.38
primary,validation,continuous,24,7,attack_sweep_continuous,65536,B5_initial_FNR,0.62
primary,validation,continuous,24,7,attack_sweep_continuous,65536,B5_initial_J,0.0
primary,validation,continuous,24,7,attack_sweep_continuous,65536,B5_locked_attack_alert,0.0
primary,validation,continuous,24,7,attack_sweep_continuous,65536,B5_locked_benign_trigger,0.0
primary,validation,continuous,24,7,attack_sweep_continuous,65536,B5_locked_FNR,1.0
primary,validation,continuous,24,7,attack_sweep_continuous,65536,B5_locked_J,0.0
secondary,validation,continuous,60,0,attack_dup_sweep_continuous,2048,entropy_AP,0.30979711250680353
secondary,validation,continuous,60,0,attack_dup_sweep_continuous,2048,unique_ratio_AP,0.3116290641900321
secondary,validation,continuous,60,0,attack_dup_sweep_continuous,2048,B2_attack_alert,1.0
secondary,validation,continuous,60,0,attack_dup_sweep_continuous,2048,B2_benign_trigger,1.0
secondary,validation,continuous,60,0,attack_dup_sweep_continuous,2048,B2_FNR,0.0
secondary,validation,continuous,60,0,attack_dup_sweep_continuous,2048,B2_J,0.0
secondary,validation,continuous,60,0,attack_dup_sweep_continuous,2048,B5_initial_attack_alert,0.0
secondary,validation,continuous,60,0,attack_dup_sweep_continuous,2048,B5_initial_benign_trigger,1.0
secondary,validation,continuous,60,0,attack_dup_sweep_continuous,2048,B5_initial_FNR,1.0
secondary,validation,continuous,60,0,attack_dup_sweep_continuous,2048,B5_initial_J,-1.0
secondary,validation,continuous,60,0,attack_dup_sweep_continuous,2048,B5_locked_attack_alert,0.0
secondary,validation,continuous,60,0,attack_dup_sweep_continuous,2048,B5_locked_benign_trigger,0.12666666666666668
secondary,validation,continuous,60,0,attack_dup_sweep_continuous,2048,B5_locked_FNR,1.0
secondary,validation,continuous,60,0,attack_dup_sweep_continuous,2048,B5_locked_J,-0.12666666666666668
secondary,validation,continuous,60,0,attack_dup_sweep_continuous,65536,entropy_AP,0.3103082843874743
secondary,validation,continuous,60,0,attack_dup_sweep_continuous,65536,unique_ratio_AP,0.31191908217330794
secondary,validation,continuous,60,0,attack_dup_sweep_continuous,65536,B2_attack_alert,1.0
secondary,validation,continuous,60,0,attack_dup_sweep_continuous,65536,B2_benign_trigger,1.0
secondary,validation,continuous,60,0,attack_dup_sweep_continuous,65536,B2_FNR,0.0
secondary,validation,continuous,60,0,attack_dup_sweep_continuous,65536,B2_J,0.0
secondary,validation,continuous,60,0,attack_dup_sweep_continuous,65536,B5_initial_attack_alert,0.0
secondary,validation,continuous,60,0,attack_dup_sweep_continuous,65536,B5_initial_benign_trigger,1.0
secondary,validation,continuous,60,0,attack_dup_sweep_continuous,65536,B5_initial_FNR,1.0
secondary,validation,continuous,60,0,attack_dup_sweep_continuous,65536,B5_initial_J,-1.0
secondary,validation,continuous,60,0,attack_dup_sweep_continuous,65536,B5_locked_attack_alert,0.0
secondary,validation,continuous,60,0,attack_dup_sweep_continuous,65536,B5_locked_benign_trigger,0.22
secondary,validation,continuous,60,0,attack_dup_sweep_continuous,65536,B5_locked_FNR,1.0
secondary,validation,continuous,60,0,attack_dup_sweep_continuous,65536,B5_locked_J,-0.22
secondary,validation,continuous,60,0,attack_fixed_continuous,2048,entropy_AP,0.3094812252501294
secondary,validation,continuous,60,0,attack_fixed_continuous,2048,unique_ratio_AP,0.3095912284671478
secondary,validation,continuous,60,0,attack_fixed_continuous,2048,B2_attack_alert,1.0
secondary,validation,continuous,60,0,attack_fixed_continuous,2048,B2_benign_trigger,1.0
secondary,validation,continuous,60,0,attack_fixed_continuous,2048,B2_FNR,0.0
secondary,validation,continuous,60,0,attack_fixed_continuous,2048,B2_J,0.0
secondary,validation,continuous,60,0,attack_fixed_continuous,2048,B5_initial_attack_alert,0.0
secondary,validation,continuous,60,0,attack_fixed_continuous,2048,B5_initial_benign_trigger,1.0
secondary,validation,continuous,60,0,attack_fixed_continuous,2048,B5_initial_FNR,1.0
secondary,validation,continuous,60,0,attack_fixed_continuous,2048,B5_initial_J,-1.0
secondary,validation,continuous,60,0,attack_fixed_continuous,2048,B5_locked_attack_alert,0.0
secondary,validation,continuous,60,0,attack_fixed_continuous,2048,B5_locked_benign_trigger,0.12666666666666668
secondary,validation,continuous,60,0,attack_fixed_continuous,2048,B5_locked_FNR,1.0
secondary,validation,continuous,60,0,attack_fixed_continuous,2048,B5_locked_J,-0.12666666666666668
secondary,validation,continuous,60,0,attack_fixed_continuous,65536,entropy_AP,0.3094812252501294
secondary,validation,continuous,60,0,attack_fixed_continuous,65536,unique_ratio_AP,0.3095912284671478
secondary,validation,continuous,60,0,attack_fixed_continuous,65536,B2_attack_alert,1.0
secondary,validation,continuous,60,0,attack_fixed_continuous,65536,B2_benign_trigger,1.0
secondary,validation,continuous,60,0,attack_fixed_continuous,65536,B2_FNR,0.0
secondary,validation,continuous,60,0,attack_fixed_continuous,65536,B2_J,0.0
secondary,validation,continuous,60,0,attack_fixed_continuous,65536,B5_initial_attack_alert,0.0
secondary,validation,continuous,60,0,attack_fixed_continuous,65536,B5_initial_benign_trigger,1.0
secondary,validation,continuous,60,0,attack_fixed_continuous,65536,B5_initial_FNR,1.0
secondary,validation,continuous,60,0,attack_fixed_continuous,65536,B5_initial_J,-1.0
secondary,validation,continuous,60,0,attack_fixed_continuous,65536,B5_locked_attack_alert,0.0
secondary,validation,continuous,60,0,attack_fixed_continuous,65536,B5_locked_benign_trigger,0.22
secondary,validation,continuous,60,0,attack_fixed_continuous,65536,B5_locked_FNR,1.0
secondary,validation,continuous,60,0,attack_fixed_continuous,65536,B5_locked_J,-0.22
secondary,validation,continuous,60,0,attack_random_continuous,2048,entropy_AP,0.5048991810374401
secondary,validation,continuous,60,0,attack_random_continuous,2048,unique_ratio_AP,0.4640711415615929
secondary,validation,continuous,60,0,attack_random_continuous,2048,B2_attack_alert,1.0
secondary,validation,continuous,60,0,attack_random_continuous,2048,B2_benign_trigger,1.0
secondary,validation,continuous,60,0,attack_random_continuous,2048,B2_FNR,0.0
secondary,validation,continuous,60,0,attack_random_continuous,2048,B2_J,0.0
secondary,validation,continuous,60,0,attack_random_continuous,2048,B5_initial_attack_alert,1.0
secondary,validation,continuous,60,0,attack_random_continuous,2048,B5_initial_benign_trigger,1.0
secondary,validation,continuous,60,0,attack_random_continuous,2048,B5_initial_FNR,0.0
secondary,validation,continuous,60,0,attack_random_continuous,2048,B5_initial_J,0.0
secondary,validation,continuous,60,0,attack_random_continuous,2048,B5_locked_attack_alert,0.10666666666666667
secondary,validation,continuous,60,0,attack_random_continuous,2048,B5_locked_benign_trigger,0.12666666666666668
secondary,validation,continuous,60,0,attack_random_continuous,2048,B5_locked_FNR,0.8933333333333333
secondary,validation,continuous,60,0,attack_random_continuous,2048,B5_locked_J,-0.020000000000000004
secondary,validation,continuous,60,0,attack_random_continuous,65536,entropy_AP,0.4969305426020339
secondary,validation,continuous,60,0,attack_random_continuous,65536,unique_ratio_AP,0.4916736376908715
secondary,validation,continuous,60,0,attack_random_continuous,65536,B2_attack_alert,1.0
secondary,validation,continuous,60,0,attack_random_continuous,65536,B2_benign_trigger,1.0
secondary,validation,continuous,60,0,attack_random_continuous,65536,B2_FNR,0.0
secondary,validation,continuous,60,0,attack_random_continuous,65536,B2_J,0.0
secondary,validation,continuous,60,0,attack_random_continuous,65536,B5_initial_attack_alert,1.0
secondary,validation,continuous,60,0,attack_random_continuous,65536,B5_initial_benign_trigger,1.0
secondary,validation,continuous,60,0,attack_random_continuous,65536,B5_initial_FNR,0.0
secondary,validation,continuous,60,0,attack_random_continuous,65536,B5_initial_J,0.0
secondary,validation,continuous,60,0,attack_random_continuous,65536,B5_locked_attack_alert,0.22
secondary,validation,continuous,60,0,attack_random_continuous,65536,B5_locked_benign_trigger,0.22
secondary,validation,continuous,60,0,attack_random_continuous,65536,B5_locked_FNR,0.78
secondary,validation,continuous,60,0,attack_random_continuous,65536,B5_locked_J,0.0
primary,validation,continuous,60,0,attack_sweep_continuous,2048,entropy_AP,0.5614074425005385
primary,validation,continuous,60,0,attack_sweep_continuous,2048,unique_ratio_AP,0.6036827989463338
primary,validation,continuous,60,0,attack_sweep_continuous,2048,B2_attack_alert,1.0
primary,validation,continuous,60,0,attack_sweep_continuous,2048,B2_benign_trigger,1.0
primary,validation,continuous,60,0,attack_sweep_continuous,2048,B2_FNR,0.0
primary,validation,continuous,60,0,attack_sweep_continuous,2048,B2_J,0.0
primary,validation,continuous,60,0,attack_sweep_continuous,2048,B5_initial_attack_alert,1.0
primary,validation,continuous,60,0,attack_sweep_continuous,2048,B5_initial_benign_trigger,1.0
primary,validation,continuous,60,0,attack_sweep_continuous,2048,B5_initial_FNR,0.0
primary,validation,continuous,60,0,attack_sweep_continuous,2048,B5_initial_J,0.0
primary,validation,continuous,60,0,attack_sweep_continuous,2048,B5_locked_attack_alert,0.22666666666666666
primary,validation,continuous,60,0,attack_sweep_continuous,2048,B5_locked_benign_trigger,0.12666666666666668
primary,validation,continuous,60,0,attack_sweep_continuous,2048,B5_locked_FNR,0.7733333333333333
primary,validation,continuous,60,0,attack_sweep_continuous,2048,B5_locked_J,0.09999999999999998
primary,validation,continuous,60,0,attack_sweep_continuous,65536,entropy_AP,0.5014559306077584
primary,validation,continuous,60,0,attack_sweep_continuous,65536,unique_ratio_AP,0.5033557046979866
primary,validation,continuous,60,0,attack_sweep_continuous,65536,B2_attack_alert,1.0
primary,validation,continuous,60,0,attack_sweep_continuous,65536,B2_benign_trigger,1.0
primary,validation,continuous,60,0,attack_sweep_continuous,65536,B2_FNR,0.0
primary,validation,continuous,60,0,attack_sweep_continuous,65536,B2_J,0.0
primary,validation,continuous,60,0,attack_sweep_continuous,65536,B5_initial_attack_alert,1.0
primary,validation,continuous,60,0,attack_sweep_continuous,65536,B5_initial_benign_trigger,1.0
primary,validation,continuous,60,0,attack_sweep_continuous,65536,B5_initial_FNR,0.0
primary,validation,continuous,60,0,attack_sweep_continuous,65536,B5_initial_J,0.0
primary,validation,continuous,60,0,attack_sweep_continuous,65536,B5_locked_attack_alert,0.22666666666666666
primary,validation,continuous,60,0,attack_sweep_continuous,65536,B5_locked_benign_trigger,0.22
primary,validation,continuous,60,0,attack_sweep_continuous,65536,B5_locked_FNR,0.7733333333333333
primary,validation,continuous,60,0,attack_sweep_continuous,65536,B5_locked_J,0.006666666666666654
secondary,validation,continuous,60,5,attack_dup_sweep_continuous,2048,entropy_AP,0.3094604792314031
secondary,validation,continuous,60,5,attack_dup_sweep_continuous,2048,unique_ratio_AP,0.3114735707789619
secondary,validation,continuous,60,5,attack_dup_sweep_continuous,2048,B2_attack_alert,1.0
secondary,validation,continuous,60,5,attack_dup_sweep_continuous,2048,B2_benign_trigger,1.0
secondary,validation,continuous,60,5,attack_dup_sweep_continuous,2048,B2_FNR,0.0
secondary,validation,continuous,60,5,attack_dup_sweep_continuous,2048,B2_J,0.0
secondary,validation,continuous,60,5,attack_dup_sweep_continuous,2048,B5_initial_attack_alert,0.0
secondary,validation,continuous,60,5,attack_dup_sweep_continuous,2048,B5_initial_benign_trigger,1.0
secondary,validation,continuous,60,5,attack_dup_sweep_continuous,2048,B5_initial_FNR,1.0
secondary,validation,continuous,60,5,attack_dup_sweep_continuous,2048,B5_initial_J,-1.0
secondary,validation,continuous,60,5,attack_dup_sweep_continuous,2048,B5_locked_attack_alert,0.0
secondary,validation,continuous,60,5,attack_dup_sweep_continuous,2048,B5_locked_benign_trigger,0.22666666666666666
secondary,validation,continuous,60,5,attack_dup_sweep_continuous,2048,B5_locked_FNR,1.0
secondary,validation,continuous,60,5,attack_dup_sweep_continuous,2048,B5_locked_J,-0.22666666666666666
secondary,validation,continuous,60,5,attack_dup_sweep_continuous,65536,entropy_AP,0.30952011242801647
secondary,validation,continuous,60,5,attack_dup_sweep_continuous,65536,unique_ratio_AP,0.3116138880152262
secondary,validation,continuous,60,5,attack_dup_sweep_continuous,65536,B2_attack_alert,1.0
secondary,validation,continuous,60,5,attack_dup_sweep_continuous,65536,B2_benign_trigger,1.0
secondary,validation,continuous,60,5,attack_dup_sweep_continuous,65536,B2_FNR,0.0
secondary,validation,continuous,60,5,attack_dup_sweep_continuous,65536,B2_J,0.0
secondary,validation,continuous,60,5,attack_dup_sweep_continuous,65536,B5_initial_attack_alert,0.0
secondary,validation,continuous,60,5,attack_dup_sweep_continuous,65536,B5_initial_benign_trigger,1.0
secondary,validation,continuous,60,5,attack_dup_sweep_continuous,65536,B5_initial_FNR,1.0
secondary,validation,continuous,60,5,attack_dup_sweep_continuous,65536,B5_initial_J,-1.0
secondary,validation,continuous,60,5,attack_dup_sweep_continuous,65536,B5_locked_attack_alert,0.0
secondary,validation,continuous,60,5,attack_dup_sweep_continuous,65536,B5_locked_benign_trigger,0.2733333333333333
secondary,validation,continuous,60,5,attack_dup_sweep_continuous,65536,B5_locked_FNR,1.0
secondary,validation,continuous,60,5,attack_dup_sweep_continuous,65536,B5_locked_J,-0.2733333333333333
secondary,validation,continuous,60,5,attack_fixed_continuous,2048,entropy_AP,0.3096298666568219
secondary,validation,continuous,60,5,attack_fixed_continuous,2048,unique_ratio_AP,0.3100397509790156
secondary,validation,continuous,60,5,attack_fixed_continuous,2048,B2_attack_alert,1.0
secondary,validation,continuous,60,5,attack_fixed_continuous,2048,B2_benign_trigger,1.0
secondary,validation,continuous,60,5,attack_fixed_continuous,2048,B2_FNR,0.0
secondary,validation,continuous,60,5,attack_fixed_continuous,2048,B2_J,0.0
secondary,validation,continuous,60,5,attack_fixed_continuous,2048,B5_initial_attack_alert,0.0
secondary,validation,continuous,60,5,attack_fixed_continuous,2048,B5_initial_benign_trigger,1.0
secondary,validation,continuous,60,5,attack_fixed_continuous,2048,B5_initial_FNR,1.0
secondary,validation,continuous,60,5,attack_fixed_continuous,2048,B5_initial_J,-1.0
secondary,validation,continuous,60,5,attack_fixed_continuous,2048,B5_locked_attack_alert,0.0
secondary,validation,continuous,60,5,attack_fixed_continuous,2048,B5_locked_benign_trigger,0.22666666666666666
secondary,validation,continuous,60,5,attack_fixed_continuous,2048,B5_locked_FNR,1.0
secondary,validation,continuous,60,5,attack_fixed_continuous,2048,B5_locked_J,-0.22666666666666666
secondary,validation,continuous,60,5,attack_fixed_continuous,65536,entropy_AP,0.3096298666568219
secondary,validation,continuous,60,5,attack_fixed_continuous,65536,unique_ratio_AP,0.3100397509790156
secondary,validation,continuous,60,5,attack_fixed_continuous,65536,B2_attack_alert,1.0
secondary,validation,continuous,60,5,attack_fixed_continuous,65536,B2_benign_trigger,1.0
secondary,validation,continuous,60,5,attack_fixed_continuous,65536,B2_FNR,0.0
secondary,validation,continuous,60,5,attack_fixed_continuous,65536,B2_J,0.0
secondary,validation,continuous,60,5,attack_fixed_continuous,65536,B5_initial_attack_alert,0.0
secondary,validation,continuous,60,5,attack_fixed_continuous,65536,B5_initial_benign_trigger,1.0
secondary,validation,continuous,60,5,attack_fixed_continuous,65536,B5_initial_FNR,1.0
secondary,validation,continuous,60,5,attack_fixed_continuous,65536,B5_initial_J,-1.0
secondary,validation,continuous,60,5,attack_fixed_continuous,65536,B5_locked_attack_alert,0.0
secondary,validation,continuous,60,5,attack_fixed_continuous,65536,B5_locked_benign_trigger,0.2733333333333333
secondary,validation,continuous,60,5,attack_fixed_continuous,65536,B5_locked_FNR,1.0
secondary,validation,continuous,60,5,attack_fixed_continuous,65536,B5_locked_J,-0.2733333333333333
secondary,validation,continuous,60,5,attack_random_continuous,2048,entropy_AP,0.49926395638482735
secondary,validation,continuous,60,5,attack_random_continuous,2048,unique_ratio_AP,0.4713643238692067
secondary,validation,continuous,60,5,attack_random_continuous,2048,B2_attack_alert,1.0
secondary,validation,continuous,60,5,attack_random_continuous,2048,B2_benign_trigger,1.0
secondary,validation,continuous,60,5,attack_random_continuous,2048,B2_FNR,0.0
secondary,validation,continuous,60,5,attack_random_continuous,2048,B2_J,0.0
secondary,validation,continuous,60,5,attack_random_continuous,2048,B5_initial_attack_alert,1.0
secondary,validation,continuous,60,5,attack_random_continuous,2048,B5_initial_benign_trigger,1.0
secondary,validation,continuous,60,5,attack_random_continuous,2048,B5_initial_FNR,0.0
secondary,validation,continuous,60,5,attack_random_continuous,2048,B5_initial_J,0.0
secondary,validation,continuous,60,5,attack_random_continuous,2048,B5_locked_attack_alert,0.20666666666666667
secondary,validation,continuous,60,5,attack_random_continuous,2048,B5_locked_benign_trigger,0.22666666666666666
secondary,validation,continuous,60,5,attack_random_continuous,2048,B5_locked_FNR,0.7933333333333333
secondary,validation,continuous,60,5,attack_random_continuous,2048,B5_locked_J,-0.01999999999999999
secondary,validation,continuous,60,5,attack_random_continuous,65536,entropy_AP,0.4996296296296296
secondary,validation,continuous,60,5,attack_random_continuous,65536,unique_ratio_AP,0.49833890746934223
secondary,validation,continuous,60,5,attack_random_continuous,65536,B2_attack_alert,1.0
secondary,validation,continuous,60,5,attack_random_continuous,65536,B2_benign_trigger,1.0
secondary,validation,continuous,60,5,attack_random_continuous,65536,B2_FNR,0.0
secondary,validation,continuous,60,5,attack_random_continuous,65536,B2_J,0.0
secondary,validation,continuous,60,5,attack_random_continuous,65536,B5_initial_attack_alert,1.0
secondary,validation,continuous,60,5,attack_random_continuous,65536,B5_initial_benign_trigger,1.0
secondary,validation,continuous,60,5,attack_random_continuous,65536,B5_initial_FNR,0.0
secondary,validation,continuous,60,5,attack_random_continuous,65536,B5_initial_J,0.0
secondary,validation,continuous,60,5,attack_random_continuous,65536,B5_locked_attack_alert,0.2733333333333333
secondary,validation,continuous,60,5,attack_random_continuous,65536,B5_locked_benign_trigger,0.2733333333333333
secondary,validation,continuous,60,5,attack_random_continuous,65536,B5_locked_FNR,0.7266666666666667
secondary,validation,continuous,60,5,attack_random_continuous,65536,B5_locked_J,0.0
primary,validation,continuous,60,5,attack_sweep_continuous,2048,entropy_AP,0.536091523869275
primary,validation,continuous,60,5,attack_sweep_continuous,2048,unique_ratio_AP,0.6364850613885571
primary,validation,continuous,60,5,attack_sweep_continuous,2048,B2_attack_alert,1.0
primary,validation,continuous,60,5,attack_sweep_continuous,2048,B2_benign_trigger,1.0
primary,validation,continuous,60,5,attack_sweep_continuous,2048,B2_FNR,0.0
primary,validation,continuous,60,5,attack_sweep_continuous,2048,B2_J,0.0
primary,validation,continuous,60,5,attack_sweep_continuous,2048,B5_initial_attack_alert,1.0
primary,validation,continuous,60,5,attack_sweep_continuous,2048,B5_initial_benign_trigger,1.0
primary,validation,continuous,60,5,attack_sweep_continuous,2048,B5_initial_FNR,0.0
primary,validation,continuous,60,5,attack_sweep_continuous,2048,B5_initial_J,0.0
primary,validation,continuous,60,5,attack_sweep_continuous,2048,B5_locked_attack_alert,0.26666666666666666
primary,validation,continuous,60,5,attack_sweep_continuous,2048,B5_locked_benign_trigger,0.22666666666666666
primary,validation,continuous,60,5,attack_sweep_continuous,2048,B5_locked_FNR,0.7333333333333334
primary,validation,continuous,60,5,attack_sweep_continuous,2048,B5_locked_J,0.04000000000000001
primary,validation,continuous,60,5,attack_sweep_continuous,65536,entropy_AP,0.5
primary,validation,continuous,60,5,attack_sweep_continuous,65536,unique_ratio_AP,0.5
primary,validation,continuous,60,5,attack_sweep_continuous,65536,B2_attack_alert,1.0
primary,validation,continuous,60,5,attack_sweep_continuous,65536,B2_benign_trigger,1.0
primary,validation,continuous,60,5,attack_sweep_continuous,65536,B2_FNR,0.0
primary,validation,continuous,60,5,attack_sweep_continuous,65536,B2_J,0.0
primary,validation,continuous,60,5,attack_sweep_continuous,65536,B5_initial_attack_alert,1.0
primary,validation,continuous,60,5,attack_sweep_continuous,65536,B5_initial_benign_trigger,1.0
primary,validation,continuous,60,5,attack_sweep_continuous,65536,B5_initial_FNR,0.0
primary,validation,continuous,60,5,attack_sweep_continuous,65536,B5_initial_J,0.0
primary,validation,continuous,60,5,attack_sweep_continuous,65536,B5_locked_attack_alert,0.2733333333333333
primary,validation,continuous,60,5,attack_sweep_continuous,65536,B5_locked_benign_trigger,0.2733333333333333
primary,validation,continuous,60,5,attack_sweep_continuous,65536,B5_locked_FNR,0.7266666666666667
primary,validation,continuous,60,5,attack_sweep_continuous,65536,B5_locked_J,0.0
secondary,validation,continuous,120,4,attack_dup_sweep_continuous,2048,entropy_AP,0.30890985606369176
secondary,validation,continuous,120,4,attack_dup_sweep_continuous,2048,unique_ratio_AP,0.30969903778889596
secondary,validation,continuous,120,4,attack_dup_sweep_continuous,2048,B2_attack_alert,1.0
secondary,validation,continuous,120,4,attack_dup_sweep_continuous,2048,B2_benign_trigger,1.0
secondary,validation,continuous,120,4,attack_dup_sweep_continuous,2048,B2_FNR,0.0
secondary,validation,continuous,120,4,attack_dup_sweep_continuous,2048,B2_J,0.0
secondary,validation,continuous,120,4,attack_dup_sweep_continuous,2048,B5_initial_attack_alert,0.0
secondary,validation,continuous,120,4,attack_dup_sweep_continuous,2048,B5_initial_benign_trigger,1.0
secondary,validation,continuous,120,4,attack_dup_sweep_continuous,2048,B5_initial_FNR,1.0
secondary,validation,continuous,120,4,attack_dup_sweep_continuous,2048,B5_initial_J,-1.0
secondary,validation,continuous,120,4,attack_dup_sweep_continuous,2048,B5_locked_attack_alert,0.0
secondary,validation,continuous,120,4,attack_dup_sweep_continuous,2048,B5_locked_benign_trigger,1.0
secondary,validation,continuous,120,4,attack_dup_sweep_continuous,2048,B5_locked_FNR,1.0
secondary,validation,continuous,120,4,attack_dup_sweep_continuous,2048,B5_locked_J,-1.0
secondary,validation,continuous,120,4,attack_dup_sweep_continuous,65536,entropy_AP,0.3091610544812389
secondary,validation,continuous,120,4,attack_dup_sweep_continuous,65536,unique_ratio_AP,0.3097699295958024
secondary,validation,continuous,120,4,attack_dup_sweep_continuous,65536,B2_attack_alert,1.0
secondary,validation,continuous,120,4,attack_dup_sweep_continuous,65536,B2_benign_trigger,1.0
secondary,validation,continuous,120,4,attack_dup_sweep_continuous,65536,B2_FNR,0.0
secondary,validation,continuous,120,4,attack_dup_sweep_continuous,65536,B2_J,0.0
secondary,validation,continuous,120,4,attack_dup_sweep_continuous,65536,B5_initial_attack_alert,0.0
secondary,validation,continuous,120,4,attack_dup_sweep_continuous,65536,B5_initial_benign_trigger,1.0
secondary,validation,continuous,120,4,attack_dup_sweep_continuous,65536,B5_initial_FNR,1.0
secondary,validation,continuous,120,4,attack_dup_sweep_continuous,65536,B5_initial_J,-1.0
secondary,validation,continuous,120,4,attack_dup_sweep_continuous,65536,B5_locked_attack_alert,0.0
secondary,validation,continuous,120,4,attack_dup_sweep_continuous,65536,B5_locked_benign_trigger,1.0
secondary,validation,continuous,120,4,attack_dup_sweep_continuous,65536,B5_locked_FNR,1.0
secondary,validation,continuous,120,4,attack_dup_sweep_continuous,65536,B5_locked_J,-1.0
secondary,validation,continuous,120,4,attack_fixed_continuous,2048,entropy_AP,0.30898317839358863
secondary,validation,continuous,120,4,attack_fixed_continuous,2048,unique_ratio_AP,0.30933992721973563
secondary,validation,continuous,120,4,attack_fixed_continuous,2048,B2_attack_alert,1.0
secondary,validation,continuous,120,4,attack_fixed_continuous,2048,B2_benign_trigger,1.0
secondary,validation,continuous,120,4,attack_fixed_continuous,2048,B2_FNR,0.0
secondary,validation,continuous,120,4,attack_fixed_continuous,2048,B2_J,0.0
secondary,validation,continuous,120,4,attack_fixed_continuous,2048,B5_initial_attack_alert,0.0
secondary,validation,continuous,120,4,attack_fixed_continuous,2048,B5_initial_benign_trigger,1.0
secondary,validation,continuous,120,4,attack_fixed_continuous,2048,B5_initial_FNR,1.0
secondary,validation,continuous,120,4,attack_fixed_continuous,2048,B5_initial_J,-1.0
secondary,validation,continuous,120,4,attack_fixed_continuous,2048,B5_locked_attack_alert,0.0
secondary,validation,continuous,120,4,attack_fixed_continuous,2048,B5_locked_benign_trigger,1.0
secondary,validation,continuous,120,4,attack_fixed_continuous,2048,B5_locked_FNR,1.0
secondary,validation,continuous,120,4,attack_fixed_continuous,2048,B5_locked_J,-1.0
secondary,validation,continuous,120,4,attack_fixed_continuous,65536,entropy_AP,0.3089943370930105
secondary,validation,continuous,120,4,attack_fixed_continuous,65536,unique_ratio_AP,0.30935123285669475
secondary,validation,continuous,120,4,attack_fixed_continuous,65536,B2_attack_alert,1.0
secondary,validation,continuous,120,4,attack_fixed_continuous,65536,B2_benign_trigger,1.0
secondary,validation,continuous,120,4,attack_fixed_continuous,65536,B2_FNR,0.0
secondary,validation,continuous,120,4,attack_fixed_continuous,65536,B2_J,0.0
secondary,validation,continuous,120,4,attack_fixed_continuous,65536,B5_initial_attack_alert,0.0
secondary,validation,continuous,120,4,attack_fixed_continuous,65536,B5_initial_benign_trigger,1.0
secondary,validation,continuous,120,4,attack_fixed_continuous,65536,B5_initial_FNR,1.0
secondary,validation,continuous,120,4,attack_fixed_continuous,65536,B5_initial_J,-1.0
secondary,validation,continuous,120,4,attack_fixed_continuous,65536,B5_locked_attack_alert,0.0
secondary,validation,continuous,120,4,attack_fixed_continuous,65536,B5_locked_benign_trigger,1.0
secondary,validation,continuous,120,4,attack_fixed_continuous,65536,B5_locked_FNR,1.0
secondary,validation,continuous,120,4,attack_fixed_continuous,65536,B5_locked_J,-1.0
secondary,validation,continuous,120,4,attack_random_continuous,2048,entropy_AP,0.48669497617228213
secondary,validation,continuous,120,4,attack_random_continuous,2048,unique_ratio_AP,0.4254846860176528
secondary,validation,continuous,120,4,attack_random_continuous,2048,B2_attack_alert,1.0
secondary,validation,continuous,120,4,attack_random_continuous,2048,B2_benign_trigger,1.0
secondary,validation,continuous,120,4,attack_random_continuous,2048,B2_FNR,0.0
secondary,validation,continuous,120,4,attack_random_continuous,2048,B2_J,0.0
secondary,validation,continuous,120,4,attack_random_continuous,2048,B5_initial_attack_alert,1.0
secondary,validation,continuous,120,4,attack_random_continuous,2048,B5_initial_benign_trigger,1.0
secondary,validation,continuous,120,4,attack_random_continuous,2048,B5_initial_FNR,0.0
secondary,validation,continuous,120,4,attack_random_continuous,2048,B5_initial_J,0.0
secondary,validation,continuous,120,4,attack_random_continuous,2048,B5_locked_attack_alert,1.0
secondary,validation,continuous,120,4,attack_random_continuous,2048,B5_locked_benign_trigger,1.0
secondary,validation,continuous,120,4,attack_random_continuous,2048,B5_locked_FNR,0.0
secondary,validation,continuous,120,4,attack_random_continuous,2048,B5_locked_J,0.0
secondary,validation,continuous,120,4,attack_random_continuous,65536,entropy_AP,0.49894855236099633
secondary,validation,continuous,120,4,attack_random_continuous,65536,unique_ratio_AP,0.5113409354590356
secondary,validation,continuous,120,4,attack_random_continuous,65536,B2_attack_alert,1.0
secondary,validation,continuous,120,4,attack_random_continuous,65536,B2_benign_trigger,1.0
secondary,validation,continuous,120,4,attack_random_continuous,65536,B2_FNR,0.0
secondary,validation,continuous,120,4,attack_random_continuous,65536,B2_J,0.0
secondary,validation,continuous,120,4,attack_random_continuous,65536,B5_initial_attack_alert,1.0
secondary,validation,continuous,120,4,attack_random_continuous,65536,B5_initial_benign_trigger,1.0
secondary,validation,continuous,120,4,attack_random_continuous,65536,B5_initial_FNR,0.0
secondary,validation,continuous,120,4,attack_random_continuous,65536,B5_initial_J,0.0
secondary,validation,continuous,120,4,attack_random_continuous,65536,B5_locked_attack_alert,1.0
secondary,validation,continuous,120,4,attack_random_continuous,65536,B5_locked_benign_trigger,1.0
secondary,validation,continuous,120,4,attack_random_continuous,65536,B5_locked_FNR,0.0
secondary,validation,continuous,120,4,attack_random_continuous,65536,B5_locked_J,0.0
primary,validation,continuous,120,4,attack_sweep_continuous,2048,entropy_AP,0.6199384852686479
primary,validation,continuous,120,4,attack_sweep_continuous,2048,unique_ratio_AP,0.8421946573628301
primary,validation,continuous,120,4,attack_sweep_continuous,2048,B2_attack_alert,1.0
primary,validation,continuous,120,4,attack_sweep_continuous,2048,B2_benign_trigger,1.0
primary,validation,continuous,120,4,attack_sweep_continuous,2048,B2_FNR,0.0
primary,validation,continuous,120,4,attack_sweep_continuous,2048,B2_J,0.0
primary,validation,continuous,120,4,attack_sweep_continuous,2048,B5_initial_attack_alert,1.0
primary,validation,continuous,120,4,attack_sweep_continuous,2048,B5_initial_benign_trigger,1.0
primary,validation,continuous,120,4,attack_sweep_continuous,2048,B5_initial_FNR,0.0
primary,validation,continuous,120,4,attack_sweep_continuous,2048,B5_initial_J,0.0
primary,validation,continuous,120,4,attack_sweep_continuous,2048,B5_locked_attack_alert,1.0
primary,validation,continuous,120,4,attack_sweep_continuous,2048,B5_locked_benign_trigger,1.0
primary,validation,continuous,120,4,attack_sweep_continuous,2048,B5_locked_FNR,0.0
primary,validation,continuous,120,4,attack_sweep_continuous,2048,B5_locked_J,0.0
primary,validation,continuous,120,4,attack_sweep_continuous,65536,entropy_AP,0.5077384833141302
primary,validation,continuous,120,4,attack_sweep_continuous,65536,unique_ratio_AP,0.5357142857142857
primary,validation,continuous,120,4,attack_sweep_continuous,65536,B2_attack_alert,1.0
primary,validation,continuous,120,4,attack_sweep_continuous,65536,B2_benign_trigger,1.0
primary,validation,continuous,120,4,attack_sweep_continuous,65536,B2_FNR,0.0
primary,validation,continuous,120,4,attack_sweep_continuous,65536,B2_J,0.0
primary,validation,continuous,120,4,attack_sweep_continuous,65536,B5_initial_attack_alert,1.0
primary,validation,continuous,120,4,attack_sweep_continuous,65536,B5_initial_benign_trigger,1.0
primary,validation,continuous,120,4,attack_sweep_continuous,65536,B5_initial_FNR,0.0
primary,validation,continuous,120,4,attack_sweep_continuous,65536,B5_initial_J,0.0
primary,validation,continuous,120,4,attack_sweep_continuous,65536,B5_locked_attack_alert,1.0
primary,validation,continuous,120,4,attack_sweep_continuous,65536,B5_locked_benign_trigger,1.0
primary,validation,continuous,120,4,attack_sweep_continuous,65536,B5_locked_FNR,0.0
primary,validation,continuous,120,4,attack_sweep_continuous,65536,B5_locked_J,0.0
secondary,validation,continuous,120,5,attack_dup_sweep_continuous,2048,entropy_AP,0.30904509909563416
secondary,validation,continuous,120,5,attack_dup_sweep_continuous,2048,unique_ratio_AP,0.31023474573037785
secondary,validation,continuous,120,5,attack_dup_sweep_continuous,2048,B2_attack_alert,1.0
secondary,validation,continuous,120,5,attack_dup_sweep_continuous,2048,B2_benign_trigger,1.0
secondary,validation,continuous,120,5,attack_dup_sweep_continuous,2048,B2_FNR,0.0
secondary,validation,continuous,120,5,attack_dup_sweep_continuous,2048,B2_J,0.0
secondary,validation,continuous,120,5,attack_dup_sweep_continuous,2048,B5_initial_attack_alert,0.0
secondary,validation,continuous,120,5,attack_dup_sweep_continuous,2048,B5_initial_benign_trigger,1.0
secondary,validation,continuous,120,5,attack_dup_sweep_continuous,2048,B5_initial_FNR,1.0
secondary,validation,continuous,120,5,attack_dup_sweep_continuous,2048,B5_initial_J,-1.0
secondary,validation,continuous,120,5,attack_dup_sweep_continuous,2048,B5_locked_attack_alert,0.0
secondary,validation,continuous,120,5,attack_dup_sweep_continuous,2048,B5_locked_benign_trigger,1.0
secondary,validation,continuous,120,5,attack_dup_sweep_continuous,2048,B5_locked_FNR,1.0
secondary,validation,continuous,120,5,attack_dup_sweep_continuous,2048,B5_locked_J,-1.0
secondary,validation,continuous,120,5,attack_dup_sweep_continuous,65536,entropy_AP,0.3091190477745958
secondary,validation,continuous,120,5,attack_dup_sweep_continuous,65536,unique_ratio_AP,0.310024685865785
secondary,validation,continuous,120,5,attack_dup_sweep_continuous,65536,B2_attack_alert,1.0
secondary,validation,continuous,120,5,attack_dup_sweep_continuous,65536,B2_benign_trigger,1.0
secondary,validation,continuous,120,5,attack_dup_sweep_continuous,65536,B2_FNR,0.0
secondary,validation,continuous,120,5,attack_dup_sweep_continuous,65536,B2_J,0.0
secondary,validation,continuous,120,5,attack_dup_sweep_continuous,65536,B5_initial_attack_alert,0.0
secondary,validation,continuous,120,5,attack_dup_sweep_continuous,65536,B5_initial_benign_trigger,1.0
secondary,validation,continuous,120,5,attack_dup_sweep_continuous,65536,B5_initial_FNR,1.0
secondary,validation,continuous,120,5,attack_dup_sweep_continuous,65536,B5_initial_J,-1.0
secondary,validation,continuous,120,5,attack_dup_sweep_continuous,65536,B5_locked_attack_alert,0.0
secondary,validation,continuous,120,5,attack_dup_sweep_continuous,65536,B5_locked_benign_trigger,1.0
secondary,validation,continuous,120,5,attack_dup_sweep_continuous,65536,B5_locked_FNR,1.0
secondary,validation,continuous,120,5,attack_dup_sweep_continuous,65536,B5_locked_J,-1.0
secondary,validation,continuous,120,5,attack_fixed_continuous,2048,entropy_AP,0.3091672201631746
secondary,validation,continuous,120,5,attack_fixed_continuous,2048,unique_ratio_AP,0.3092558728679508
secondary,validation,continuous,120,5,attack_fixed_continuous,2048,B2_attack_alert,1.0
secondary,validation,continuous,120,5,attack_fixed_continuous,2048,B2_benign_trigger,1.0
secondary,validation,continuous,120,5,attack_fixed_continuous,2048,B2_FNR,0.0
secondary,validation,continuous,120,5,attack_fixed_continuous,2048,B2_J,0.0
secondary,validation,continuous,120,5,attack_fixed_continuous,2048,B5_initial_attack_alert,0.0
secondary,validation,continuous,120,5,attack_fixed_continuous,2048,B5_initial_benign_trigger,1.0
secondary,validation,continuous,120,5,attack_fixed_continuous,2048,B5_initial_FNR,1.0
secondary,validation,continuous,120,5,attack_fixed_continuous,2048,B5_initial_J,-1.0
secondary,validation,continuous,120,5,attack_fixed_continuous,2048,B5_locked_attack_alert,0.0
secondary,validation,continuous,120,5,attack_fixed_continuous,2048,B5_locked_benign_trigger,1.0
secondary,validation,continuous,120,5,attack_fixed_continuous,2048,B5_locked_FNR,1.0
secondary,validation,continuous,120,5,attack_fixed_continuous,2048,B5_locked_J,-1.0
secondary,validation,continuous,120,5,attack_fixed_continuous,65536,entropy_AP,0.30918999270279307
secondary,validation,continuous,120,5,attack_fixed_continuous,65536,unique_ratio_AP,0.3092532633926507
secondary,validation,continuous,120,5,attack_fixed_continuous,65536,B2_attack_alert,1.0
secondary,validation,continuous,120,5,attack_fixed_continuous,65536,B2_benign_trigger,1.0
secondary,validation,continuous,120,5,attack_fixed_continuous,65536,B2_FNR,0.0
secondary,validation,continuous,120,5,attack_fixed_continuous,65536,B2_J,0.0
secondary,validation,continuous,120,5,attack_fixed_continuous,65536,B5_initial_attack_alert,0.0
secondary,validation,continuous,120,5,attack_fixed_continuous,65536,B5_initial_benign_trigger,1.0
secondary,validation,continuous,120,5,attack_fixed_continuous,65536,B5_initial_FNR,1.0
secondary,validation,continuous,120,5,attack_fixed_continuous,65536,B5_initial_J,-1.0
secondary,validation,continuous,120,5,attack_fixed_continuous,65536,B5_locked_attack_alert,0.0
secondary,validation,continuous,120,5,attack_fixed_continuous,65536,B5_locked_benign_trigger,1.0
secondary,validation,continuous,120,5,attack_fixed_continuous,65536,B5_locked_FNR,1.0
secondary,validation,continuous,120,5,attack_fixed_continuous,65536,B5_locked_J,-1.0
secondary,validation,continuous,120,5,attack_random_continuous,2048,entropy_AP,0.49208562340871176
secondary,validation,continuous,120,5,attack_random_continuous,2048,unique_ratio_AP,0.485190907218249
secondary,validation,continuous,120,5,attack_random_continuous,2048,B2_attack_alert,1.0
secondary,validation,continuous,120,5,attack_random_continuous,2048,B2_benign_trigger,1.0
secondary,validation,continuous,120,5,attack_random_continuous,2048,B2_FNR,0.0
secondary,validation,continuous,120,5,attack_random_continuous,2048,B2_J,0.0
secondary,validation,continuous,120,5,attack_random_continuous,2048,B5_initial_attack_alert,1.0
secondary,validation,continuous,120,5,attack_random_continuous,2048,B5_initial_benign_trigger,1.0
secondary,validation,continuous,120,5,attack_random_continuous,2048,B5_initial_FNR,0.0
secondary,validation,continuous,120,5,attack_random_continuous,2048,B5_initial_J,0.0
secondary,validation,continuous,120,5,attack_random_continuous,2048,B5_locked_attack_alert,1.0
secondary,validation,continuous,120,5,attack_random_continuous,2048,B5_locked_benign_trigger,1.0
secondary,validation,continuous,120,5,attack_random_continuous,2048,B5_locked_FNR,0.0
secondary,validation,continuous,120,5,attack_random_continuous,2048,B5_locked_J,0.0
secondary,validation,continuous,120,5,attack_random_continuous,65536,entropy_AP,0.49363565364240614
secondary,validation,continuous,120,5,attack_random_continuous,65536,unique_ratio_AP,0.4668638694929733
secondary,validation,continuous,120,5,attack_random_continuous,65536,B2_attack_alert,1.0
secondary,validation,continuous,120,5,attack_random_continuous,65536,B2_benign_trigger,1.0
secondary,validation,continuous,120,5,attack_random_continuous,65536,B2_FNR,0.0
secondary,validation,continuous,120,5,attack_random_continuous,65536,B2_J,0.0
secondary,validation,continuous,120,5,attack_random_continuous,65536,B5_initial_attack_alert,1.0
secondary,validation,continuous,120,5,attack_random_continuous,65536,B5_initial_benign_trigger,1.0
secondary,validation,continuous,120,5,attack_random_continuous,65536,B5_initial_FNR,0.0
secondary,validation,continuous,120,5,attack_random_continuous,65536,B5_initial_J,0.0
secondary,validation,continuous,120,5,attack_random_continuous,65536,B5_locked_attack_alert,1.0
secondary,validation,continuous,120,5,attack_random_continuous,65536,B5_locked_benign_trigger,1.0
secondary,validation,continuous,120,5,attack_random_continuous,65536,B5_locked_FNR,0.0
secondary,validation,continuous,120,5,attack_random_continuous,65536,B5_locked_J,0.0
primary,validation,continuous,120,5,attack_sweep_continuous,2048,entropy_AP,0.6078702782681819
primary,validation,continuous,120,5,attack_sweep_continuous,2048,unique_ratio_AP,0.8372263095272333
primary,validation,continuous,120,5,attack_sweep_continuous,2048,B2_attack_alert,1.0
primary,validation,continuous,120,5,attack_sweep_continuous,2048,B2_benign_trigger,1.0
primary,validation,continuous,120,5,attack_sweep_continuous,2048,B2_FNR,0.0
primary,validation,continuous,120,5,attack_sweep_continuous,2048,B2_J,0.0
primary,validation,continuous,120,5,attack_sweep_continuous,2048,B5_initial_attack_alert,1.0
primary,validation,continuous,120,5,attack_sweep_continuous,2048,B5_initial_benign_trigger,1.0
primary,validation,continuous,120,5,attack_sweep_continuous,2048,B5_initial_FNR,0.0
primary,validation,continuous,120,5,attack_sweep_continuous,2048,B5_initial_J,0.0
primary,validation,continuous,120,5,attack_sweep_continuous,2048,B5_locked_attack_alert,1.0
primary,validation,continuous,120,5,attack_sweep_continuous,2048,B5_locked_benign_trigger,1.0
primary,validation,continuous,120,5,attack_sweep_continuous,2048,B5_locked_FNR,0.0
primary,validation,continuous,120,5,attack_sweep_continuous,2048,B5_locked_J,0.0
primary,validation,continuous,120,5,attack_sweep_continuous,65536,entropy_AP,0.49746069146222605
primary,validation,continuous,120,5,attack_sweep_continuous,65536,unique_ratio_AP,0.4834084570338737
primary,validation,continuous,120,5,attack_sweep_continuous,65536,B2_attack_alert,1.0
primary,validation,continuous,120,5,attack_sweep_continuous,65536,B2_benign_trigger,1.0
primary,validation,continuous,120,5,attack_sweep_continuous,65536,B2_FNR,0.0
primary,validation,continuous,120,5,attack_sweep_continuous,65536,B2_J,0.0
primary,validation,continuous,120,5,attack_sweep_continuous,65536,B5_initial_attack_alert,1.0
primary,validation,continuous,120,5,attack_sweep_continuous,65536,B5_initial_benign_trigger,1.0
primary,validation,continuous,120,5,attack_sweep_continuous,65536,B5_initial_FNR,0.0
primary,validation,continuous,120,5,attack_sweep_continuous,65536,B5_initial_J,0.0
primary,validation,continuous,120,5,attack_sweep_continuous,65536,B5_locked_attack_alert,1.0
primary,validation,continuous,120,5,attack_sweep_continuous,65536,B5_locked_benign_trigger,1.0
primary,validation,continuous,120,5,attack_sweep_continuous,65536,B5_locked_FNR,0.0
primary,validation,continuous,120,5,attack_sweep_continuous,65536,B5_locked_J,0.0
secondary,validation,continuous,200,5,attack_dup_sweep_continuous,2048,entropy_AP,0.30864644667981733
secondary,validation,continuous,200,5,attack_dup_sweep_continuous,2048,unique_ratio_AP,0.3095210057653571
secondary,validation,continuous,200,5,attack_dup_sweep_continuous,2048,B2_attack_alert,1.0
secondary,validation,continuous,200,5,attack_dup_sweep_continuous,2048,B2_benign_trigger,1.0
secondary,validation,continuous,200,5,attack_dup_sweep_continuous,2048,B2_FNR,0.0
secondary,validation,continuous,200,5,attack_dup_sweep_continuous,2048,B2_J,0.0
secondary,validation,continuous,200,5,attack_dup_sweep_continuous,2048,B5_initial_attack_alert,0.0
secondary,validation,continuous,200,5,attack_dup_sweep_continuous,2048,B5_initial_benign_trigger,1.0
secondary,validation,continuous,200,5,attack_dup_sweep_continuous,2048,B5_initial_FNR,1.0
secondary,validation,continuous,200,5,attack_dup_sweep_continuous,2048,B5_initial_J,-1.0
secondary,validation,continuous,200,5,attack_dup_sweep_continuous,2048,B5_locked_attack_alert,0.0
secondary,validation,continuous,200,5,attack_dup_sweep_continuous,2048,B5_locked_benign_trigger,1.0
secondary,validation,continuous,200,5,attack_dup_sweep_continuous,2048,B5_locked_FNR,1.0
secondary,validation,continuous,200,5,attack_dup_sweep_continuous,2048,B5_locked_J,-1.0
secondary,validation,continuous,200,5,attack_dup_sweep_continuous,65536,entropy_AP,0.3088386408157007
secondary,validation,continuous,200,5,attack_dup_sweep_continuous,65536,unique_ratio_AP,0.3093451465040642
secondary,validation,continuous,200,5,attack_dup_sweep_continuous,65536,B2_attack_alert,1.0
secondary,validation,continuous,200,5,attack_dup_sweep_continuous,65536,B2_benign_trigger,1.0
secondary,validation,continuous,200,5,attack_dup_sweep_continuous,65536,B2_FNR,0.0
secondary,validation,continuous,200,5,attack_dup_sweep_continuous,65536,B2_J,0.0
secondary,validation,continuous,200,5,attack_dup_sweep_continuous,65536,B5_initial_attack_alert,0.0
secondary,validation,continuous,200,5,attack_dup_sweep_continuous,65536,B5_initial_benign_trigger,1.0
secondary,validation,continuous,200,5,attack_dup_sweep_continuous,65536,B5_initial_FNR,1.0
secondary,validation,continuous,200,5,attack_dup_sweep_continuous,65536,B5_initial_J,-1.0
secondary,validation,continuous,200,5,attack_dup_sweep_continuous,65536,B5_locked_attack_alert,0.0
secondary,validation,continuous,200,5,attack_dup_sweep_continuous,65536,B5_locked_benign_trigger,1.0
secondary,validation,continuous,200,5,attack_dup_sweep_continuous,65536,B5_locked_FNR,1.0
secondary,validation,continuous,200,5,attack_dup_sweep_continuous,65536,B5_locked_J,-1.0
secondary,validation,continuous,200,5,attack_fixed_continuous,2048,entropy_AP,0.3088524664295779
secondary,validation,continuous,200,5,attack_fixed_continuous,2048,unique_ratio_AP,0.30901990273288515
secondary,validation,continuous,200,5,attack_fixed_continuous,2048,B2_attack_alert,1.0
secondary,validation,continuous,200,5,attack_fixed_continuous,2048,B2_benign_trigger,1.0
secondary,validation,continuous,200,5,attack_fixed_continuous,2048,B2_FNR,0.0
secondary,validation,continuous,200,5,attack_fixed_continuous,2048,B2_J,0.0
secondary,validation,continuous,200,5,attack_fixed_continuous,2048,B5_initial_attack_alert,0.0
secondary,validation,continuous,200,5,attack_fixed_continuous,2048,B5_initial_benign_trigger,1.0
secondary,validation,continuous,200,5,attack_fixed_continuous,2048,B5_initial_FNR,1.0
secondary,validation,continuous,200,5,attack_fixed_continuous,2048,B5_initial_J,-1.0
secondary,validation,continuous,200,5,attack_fixed_continuous,2048,B5_locked_attack_alert,0.0
secondary,validation,continuous,200,5,attack_fixed_continuous,2048,B5_locked_benign_trigger,1.0
secondary,validation,continuous,200,5,attack_fixed_continuous,2048,B5_locked_FNR,1.0
secondary,validation,continuous,200,5,attack_fixed_continuous,2048,B5_locked_J,-1.0
secondary,validation,continuous,200,5,attack_fixed_continuous,65536,entropy_AP,0.30903172002872786
secondary,validation,continuous,200,5,attack_fixed_continuous,65536,unique_ratio_AP,0.30909677621756565
secondary,validation,continuous,200,5,attack_fixed_continuous,65536,B2_attack_alert,1.0
secondary,validation,continuous,200,5,attack_fixed_continuous,65536,B2_benign_trigger,1.0
secondary,validation,continuous,200,5,attack_fixed_continuous,65536,B2_FNR,0.0
secondary,validation,continuous,200,5,attack_fixed_continuous,65536,B2_J,0.0
secondary,validation,continuous,200,5,attack_fixed_continuous,65536,B5_initial_attack_alert,0.0
secondary,validation,continuous,200,5,attack_fixed_continuous,65536,B5_initial_benign_trigger,1.0
secondary,validation,continuous,200,5,attack_fixed_continuous,65536,B5_initial_FNR,1.0
secondary,validation,continuous,200,5,attack_fixed_continuous,65536,B5_initial_J,-1.0
secondary,validation,continuous,200,5,attack_fixed_continuous,65536,B5_locked_attack_alert,0.0
secondary,validation,continuous,200,5,attack_fixed_continuous,65536,B5_locked_benign_trigger,1.0
secondary,validation,continuous,200,5,attack_fixed_continuous,65536,B5_locked_FNR,1.0
secondary,validation,continuous,200,5,attack_fixed_continuous,65536,B5_locked_J,-1.0
secondary,validation,continuous,200,5,attack_random_continuous,2048,entropy_AP,0.5256281629121347
secondary,validation,continuous,200,5,attack_random_continuous,2048,unique_ratio_AP,0.5819610844477379
secondary,validation,continuous,200,5,attack_random_continuous,2048,B2_attack_alert,1.0
secondary,validation,continuous,200,5,attack_random_continuous,2048,B2_benign_trigger,1.0
secondary,validation,continuous,200,5,attack_random_continuous,2048,B2_FNR,0.0
secondary,validation,continuous,200,5,attack_random_continuous,2048,B2_J,0.0
secondary,validation,continuous,200,5,attack_random_continuous,2048,B5_initial_attack_alert,1.0
secondary,validation,continuous,200,5,attack_random_continuous,2048,B5_initial_benign_trigger,1.0
secondary,validation,continuous,200,5,attack_random_continuous,2048,B5_initial_FNR,0.0
secondary,validation,continuous,200,5,attack_random_continuous,2048,B5_initial_J,0.0
secondary,validation,continuous,200,5,attack_random_continuous,2048,B5_locked_attack_alert,1.0
secondary,validation,continuous,200,5,attack_random_continuous,2048,B5_locked_benign_trigger,1.0
secondary,validation,continuous,200,5,attack_random_continuous,2048,B5_locked_FNR,0.0
secondary,validation,continuous,200,5,attack_random_continuous,2048,B5_locked_J,0.0
secondary,validation,continuous,200,5,attack_random_continuous,65536,entropy_AP,0.5010829203883204
secondary,validation,continuous,200,5,attack_random_continuous,65536,unique_ratio_AP,0.502651807075772
secondary,validation,continuous,200,5,attack_random_continuous,65536,B2_attack_alert,1.0
secondary,validation,continuous,200,5,attack_random_continuous,65536,B2_benign_trigger,1.0
secondary,validation,continuous,200,5,attack_random_continuous,65536,B2_FNR,0.0
secondary,validation,continuous,200,5,attack_random_continuous,65536,B2_J,0.0
secondary,validation,continuous,200,5,attack_random_continuous,65536,B5_initial_attack_alert,1.0
secondary,validation,continuous,200,5,attack_random_continuous,65536,B5_initial_benign_trigger,1.0
secondary,validation,continuous,200,5,attack_random_continuous,65536,B5_initial_FNR,0.0
secondary,validation,continuous,200,5,attack_random_continuous,65536,B5_initial_J,0.0
secondary,validation,continuous,200,5,attack_random_continuous,65536,B5_locked_attack_alert,1.0
secondary,validation,continuous,200,5,attack_random_continuous,65536,B5_locked_benign_trigger,1.0
secondary,validation,continuous,200,5,attack_random_continuous,65536,B5_locked_FNR,0.0
secondary,validation,continuous,200,5,attack_random_continuous,65536,B5_locked_J,0.0
primary,validation,continuous,200,5,attack_sweep_continuous,2048,entropy_AP,0.7115217575232526
primary,validation,continuous,200,5,attack_sweep_continuous,2048,unique_ratio_AP,0.9904624060225913
primary,validation,continuous,200,5,attack_sweep_continuous,2048,B2_attack_alert,1.0
primary,validation,continuous,200,5,attack_sweep_continuous,2048,B2_benign_trigger,1.0
primary,validation,continuous,200,5,attack_sweep_continuous,2048,B2_FNR,0.0
primary,validation,continuous,200,5,attack_sweep_continuous,2048,B2_J,0.0
primary,validation,continuous,200,5,attack_sweep_continuous,2048,B5_initial_attack_alert,1.0
primary,validation,continuous,200,5,attack_sweep_continuous,2048,B5_initial_benign_trigger,1.0
primary,validation,continuous,200,5,attack_sweep_continuous,2048,B5_initial_FNR,0.0
primary,validation,continuous,200,5,attack_sweep_continuous,2048,B5_initial_J,0.0
primary,validation,continuous,200,5,attack_sweep_continuous,2048,B5_locked_attack_alert,1.0
primary,validation,continuous,200,5,attack_sweep_continuous,2048,B5_locked_benign_trigger,1.0
primary,validation,continuous,200,5,attack_sweep_continuous,2048,B5_locked_FNR,0.0
primary,validation,continuous,200,5,attack_sweep_continuous,2048,B5_locked_J,0.0
primary,validation,continuous,200,5,attack_sweep_continuous,65536,entropy_AP,0.5053764075863425
primary,validation,continuous,200,5,attack_sweep_continuous,65536,unique_ratio_AP,0.5506839719896249
primary,validation,continuous,200,5,attack_sweep_continuous,65536,B2_attack_alert,1.0
primary,validation,continuous,200,5,attack_sweep_continuous,65536,B2_benign_trigger,1.0
primary,validation,continuous,200,5,attack_sweep_continuous,65536,B2_FNR,0.0
primary,validation,continuous,200,5,attack_sweep_continuous,65536,B2_J,0.0
primary,validation,continuous,200,5,attack_sweep_continuous,65536,B5_initial_attack_alert,1.0
primary,validation,continuous,200,5,attack_sweep_continuous,65536,B5_initial_benign_trigger,1.0
primary,validation,continuous,200,5,attack_sweep_continuous,65536,B5_initial_FNR,0.0
primary,validation,continuous,200,5,attack_sweep_continuous,65536,B5_initial_J,0.0
primary,validation,continuous,200,5,attack_sweep_continuous,65536,B5_locked_attack_alert,1.0
primary,validation,continuous,200,5,attack_sweep_continuous,65536,B5_locked_benign_trigger,1.0
primary,validation,continuous,200,5,attack_sweep_continuous,65536,B5_locked_FNR,0.0
primary,validation,continuous,200,5,attack_sweep_continuous,65536,B5_locked_J,0.0
secondary,validation,continuous,200,7,attack_dup_sweep_continuous,2048,entropy_AP,0.3085580622615791
secondary,validation,continuous,200,7,attack_dup_sweep_continuous,2048,unique_ratio_AP,0.30939467054723346
secondary,validation,continuous,200,7,attack_dup_sweep_continuous,2048,B2_attack_alert,1.0
secondary,validation,continuous,200,7,attack_dup_sweep_continuous,2048,B2_benign_trigger,1.0
secondary,validation,continuous,200,7,attack_dup_sweep_continuous,2048,B2_FNR,0.0
secondary,validation,continuous,200,7,attack_dup_sweep_continuous,2048,B2_J,0.0
secondary,validation,continuous,200,7,attack_dup_sweep_continuous,2048,B5_initial_attack_alert,0.0
secondary,validation,continuous,200,7,attack_dup_sweep_continuous,2048,B5_initial_benign_trigger,1.0
secondary,validation,continuous,200,7,attack_dup_sweep_continuous,2048,B5_initial_FNR,1.0
secondary,validation,continuous,200,7,attack_dup_sweep_continuous,2048,B5_initial_J,-1.0
secondary,validation,continuous,200,7,attack_dup_sweep_continuous,2048,B5_locked_attack_alert,0.0
secondary,validation,continuous,200,7,attack_dup_sweep_continuous,2048,B5_locked_benign_trigger,1.0
secondary,validation,continuous,200,7,attack_dup_sweep_continuous,2048,B5_locked_FNR,1.0
secondary,validation,continuous,200,7,attack_dup_sweep_continuous,2048,B5_locked_J,-1.0
secondary,validation,continuous,200,7,attack_dup_sweep_continuous,65536,entropy_AP,0.30877789513112097
secondary,validation,continuous,200,7,attack_dup_sweep_continuous,65536,unique_ratio_AP,0.30966902102571187
secondary,validation,continuous,200,7,attack_dup_sweep_continuous,65536,B2_attack_alert,1.0
secondary,validation,continuous,200,7,attack_dup_sweep_continuous,65536,B2_benign_trigger,1.0
secondary,validation,continuous,200,7,attack_dup_sweep_continuous,65536,B2_FNR,0.0
secondary,validation,continuous,200,7,attack_dup_sweep_continuous,65536,B2_J,0.0
secondary,validation,continuous,200,7,attack_dup_sweep_continuous,65536,B5_initial_attack_alert,0.0
secondary,validation,continuous,200,7,attack_dup_sweep_continuous,65536,B5_initial_benign_trigger,1.0
secondary,validation,continuous,200,7,attack_dup_sweep_continuous,65536,B5_initial_FNR,1.0
secondary,validation,continuous,200,7,attack_dup_sweep_continuous,65536,B5_initial_J,-1.0
secondary,validation,continuous,200,7,attack_dup_sweep_continuous,65536,B5_locked_attack_alert,0.0
secondary,validation,continuous,200,7,attack_dup_sweep_continuous,65536,B5_locked_benign_trigger,1.0
secondary,validation,continuous,200,7,attack_dup_sweep_continuous,65536,B5_locked_FNR,1.0
secondary,validation,continuous,200,7,attack_dup_sweep_continuous,65536,B5_locked_J,-1.0
secondary,validation,continuous,200,7,attack_fixed_continuous,2048,entropy_AP,0.30867628750005077
secondary,validation,continuous,200,7,attack_fixed_continuous,2048,unique_ratio_AP,0.30881708486309023
secondary,validation,continuous,200,7,attack_fixed_continuous,2048,B2_attack_alert,1.0
secondary,validation,continuous,200,7,attack_fixed_continuous,2048,B2_benign_trigger,1.0
secondary,validation,continuous,200,7,attack_fixed_continuous,2048,B2_FNR,0.0
secondary,validation,continuous,200,7,attack_fixed_continuous,2048,B2_J,0.0
secondary,validation,continuous,200,7,attack_fixed_continuous,2048,B5_initial_attack_alert,0.0
secondary,validation,continuous,200,7,attack_fixed_continuous,2048,B5_initial_benign_trigger,1.0
secondary,validation,continuous,200,7,attack_fixed_continuous,2048,B5_initial_FNR,1.0
secondary,validation,continuous,200,7,attack_fixed_continuous,2048,B5_initial_J,-1.0
secondary,validation,continuous,200,7,attack_fixed_continuous,2048,B5_locked_attack_alert,0.0
secondary,validation,continuous,200,7,attack_fixed_continuous,2048,B5_locked_benign_trigger,1.0
secondary,validation,continuous,200,7,attack_fixed_continuous,2048,B5_locked_FNR,1.0
secondary,validation,continuous,200,7,attack_fixed_continuous,2048,B5_locked_J,-1.0
secondary,validation,continuous,200,7,attack_fixed_continuous,65536,entropy_AP,0.3087721353230545
secondary,validation,continuous,200,7,attack_fixed_continuous,65536,unique_ratio_AP,0.3089370956551242
secondary,validation,continuous,200,7,attack_fixed_continuous,65536,B2_attack_alert,1.0
secondary,validation,continuous,200,7,attack_fixed_continuous,65536,B2_benign_trigger,1.0
secondary,validation,continuous,200,7,attack_fixed_continuous,65536,B2_FNR,0.0
secondary,validation,continuous,200,7,attack_fixed_continuous,65536,B2_J,0.0
secondary,validation,continuous,200,7,attack_fixed_continuous,65536,B5_initial_attack_alert,0.0
secondary,validation,continuous,200,7,attack_fixed_continuous,65536,B5_initial_benign_trigger,1.0
secondary,validation,continuous,200,7,attack_fixed_continuous,65536,B5_initial_FNR,1.0
secondary,validation,continuous,200,7,attack_fixed_continuous,65536,B5_initial_J,-1.0
secondary,validation,continuous,200,7,attack_fixed_continuous,65536,B5_locked_attack_alert,0.0
secondary,validation,continuous,200,7,attack_fixed_continuous,65536,B5_locked_benign_trigger,1.0
secondary,validation,continuous,200,7,attack_fixed_continuous,65536,B5_locked_FNR,1.0
secondary,validation,continuous,200,7,attack_fixed_continuous,65536,B5_locked_J,-1.0
secondary,validation,continuous,200,7,attack_random_continuous,2048,entropy_AP,0.4978240302735264
secondary,validation,continuous,200,7,attack_random_continuous,2048,unique_ratio_AP,0.49568580695271264
secondary,validation,continuous,200,7,attack_random_continuous,2048,B2_attack_alert,1.0
secondary,validation,continuous,200,7,attack_random_continuous,2048,B2_benign_trigger,1.0
secondary,validation,continuous,200,7,attack_random_continuous,2048,B2_FNR,0.0
secondary,validation,continuous,200,7,attack_random_continuous,2048,B2_J,0.0
secondary,validation,continuous,200,7,attack_random_continuous,2048,B5_initial_attack_alert,1.0
secondary,validation,continuous,200,7,attack_random_continuous,2048,B5_initial_benign_trigger,1.0
secondary,validation,continuous,200,7,attack_random_continuous,2048,B5_initial_FNR,0.0
secondary,validation,continuous,200,7,attack_random_continuous,2048,B5_initial_J,0.0
secondary,validation,continuous,200,7,attack_random_continuous,2048,B5_locked_attack_alert,1.0
secondary,validation,continuous,200,7,attack_random_continuous,2048,B5_locked_benign_trigger,1.0
secondary,validation,continuous,200,7,attack_random_continuous,2048,B5_locked_FNR,0.0
secondary,validation,continuous,200,7,attack_random_continuous,2048,B5_locked_J,0.0
secondary,validation,continuous,200,7,attack_random_continuous,65536,entropy_AP,0.5016590110382642
secondary,validation,continuous,200,7,attack_random_continuous,65536,unique_ratio_AP,0.5009980486915151
secondary,validation,continuous,200,7,attack_random_continuous,65536,B2_attack_alert,1.0
secondary,validation,continuous,200,7,attack_random_continuous,65536,B2_benign_trigger,1.0
secondary,validation,continuous,200,7,attack_random_continuous,65536,B2_FNR,0.0
secondary,validation,continuous,200,7,attack_random_continuous,65536,B2_J,0.0
secondary,validation,continuous,200,7,attack_random_continuous,65536,B5_initial_attack_alert,1.0
secondary,validation,continuous,200,7,attack_random_continuous,65536,B5_initial_benign_trigger,1.0
secondary,validation,continuous,200,7,attack_random_continuous,65536,B5_initial_FNR,0.0
secondary,validation,continuous,200,7,attack_random_continuous,65536,B5_initial_J,0.0
secondary,validation,continuous,200,7,attack_random_continuous,65536,B5_locked_attack_alert,1.0
secondary,validation,continuous,200,7,attack_random_continuous,65536,B5_locked_benign_trigger,1.0
secondary,validation,continuous,200,7,attack_random_continuous,65536,B5_locked_FNR,0.0
secondary,validation,continuous,200,7,attack_random_continuous,65536,B5_locked_J,0.0
primary,validation,continuous,200,7,attack_sweep_continuous,2048,entropy_AP,0.6760710526122502
primary,validation,continuous,200,7,attack_sweep_continuous,2048,unique_ratio_AP,0.9773567827205093
primary,validation,continuous,200,7,attack_sweep_continuous,2048,B2_attack_alert,1.0
primary,validation,continuous,200,7,attack_sweep_continuous,2048,B2_benign_trigger,1.0
primary,validation,continuous,200,7,attack_sweep_continuous,2048,B2_FNR,0.0
primary,validation,continuous,200,7,attack_sweep_continuous,2048,B2_J,0.0
primary,validation,continuous,200,7,attack_sweep_continuous,2048,B5_initial_attack_alert,1.0
primary,validation,continuous,200,7,attack_sweep_continuous,2048,B5_initial_benign_trigger,1.0
primary,validation,continuous,200,7,attack_sweep_continuous,2048,B5_initial_FNR,0.0
primary,validation,continuous,200,7,attack_sweep_continuous,2048,B5_initial_J,0.0
primary,validation,continuous,200,7,attack_sweep_continuous,2048,B5_locked_attack_alert,1.0
primary,validation,continuous,200,7,attack_sweep_continuous,2048,B5_locked_benign_trigger,1.0
primary,validation,continuous,200,7,attack_sweep_continuous,2048,B5_locked_FNR,0.0
primary,validation,continuous,200,7,attack_sweep_continuous,2048,B5_locked_J,0.0
primary,validation,continuous,200,7,attack_sweep_continuous,65536,entropy_AP,0.5113959079207951
primary,validation,continuous,200,7,attack_sweep_continuous,65536,unique_ratio_AP,0.5769230769230769
primary,validation,continuous,200,7,attack_sweep_continuous,65536,B2_attack_alert,1.0
primary,validation,continuous,200,7,attack_sweep_continuous,65536,B2_benign_trigger,1.0
primary,validation,continuous,200,7,attack_sweep_continuous,65536,B2_FNR,0.0
primary,validation,continuous,200,7,attack_sweep_continuous,65536,B2_J,0.0
primary,validation,continuous,200,7,attack_sweep_continuous,65536,B5_initial_attack_alert,1.0
primary,validation,continuous,200,7,attack_sweep_continuous,65536,B5_initial_benign_trigger,1.0
primary,validation,continuous,200,7,attack_sweep_continuous,65536,B5_initial_FNR,0.0
primary,validation,continuous,200,7,attack_sweep_continuous,65536,B5_initial_J,0.0
primary,validation,continuous,200,7,attack_sweep_continuous,65536,B5_locked_attack_alert,1.0
primary,validation,continuous,200,7,attack_sweep_continuous,65536,B5_locked_benign_trigger,1.0
primary,validation,continuous,200,7,attack_sweep_continuous,65536,B5_locked_FNR,0.0
primary,validation,continuous,200,7,attack_sweep_continuous,65536,B5_locked_J,0.0
