split,profile,condition,role,level,pair_id,schedule_seed,query_seed,payload_seed,arrival_schedule_sha256,query_schedule_sha256,decisions,fragments_total,benign_fragments_total,attack_fragments_total,measurement_start_seconds,measurement_end_seconds,samples_mean,samples_p95,entropy_mean,unique_ratio_mean,blocks_legacy,blocks_combined,blocks_volume,blocks_entropy,blocks_unique,rate_legacy,rate_combined,rate_volume,rate_entropy,rate_unique,raw_file,raw_sha256
calibration,bursty,benign_bursty,benign,24,0,4639347248214153384,10955617663979575976,10328589402834722599,1026425e51fe9720297b78bdf07c1e9b91cf81797d56563b625e789283d66a94,a85a33fdc68e3029a82e004afc4d7ff6a4641303545ab70c979f7f439329cda7,30,179,179,0,6.154271892487829,13.404271892487829,20.266666666666666,29.0,4.228670862812758,0.9923995621237001,30,11,11,20,30,1.0,0.36666666666666664,0.36666666666666664,0.6666666666666666,1.0,raw_runs/calibration/benign_bursty/level_24/pair_00.jsonl.gz,81cec8614fd4bbb163dfaf7962c15b738352ca4ee7b6921666c75310f9b791e7
calibration,bursty,benign_bursty,benign,24,1,5144653013124106122,2087096722690212531,12041893660834023887,90a730d5afa7bf4eaac3fc1bbc7f7d476f551a2babd9a1af62436845352f1fba,2186f90aeb6e49e706cb49ed5b639bff48109f1e2b2a85a9dacafc3d3bbfe6d3,30,164,164,0,6.089194468599376,13.339194468599377,24.0,41.64999999999999,4.478342774371029,0.9938986802894849,30,13,13,25,30,1.0,0.43333333333333335,0.43333333333333335,0.8333333333333334,1.0,raw_runs/calibration/benign_bursty/level_24/pair_01.jsonl.gz,7b2bca1da49cad9739ff79e9c81287ff52ffab317774c2ef2ffd755d91917cfb
calibration,bursty,benign_bursty,benign,24,2,17128380560582995228,17068362342282950830,5150769653838757423,34331f66db0cffa63fb509b0b19d18dff3d5b35ea5b4de3f4fda7a94a1685bc6,291c59a8fba48fc8206da4a92f4aa49f678ff690b0cc2bd4fbfae62efe803146,30,132,132,0,6.123644765415644,13.373644765415644,21.766666666666666,31.099999999999994,4.331653199054661,0.9958169934640523,30,15,15,20,30,1.0,0.5,0.5,0.6666666666666666,1.0,raw_runs/calibration/benign_bursty/level_24/pair_02.jsonl.gz,1f6661b0a736b03cb34fbb657fdab6c670cb7b41964fb156a2e9c96c7982fbb0
calibration,bursty,benign_bursty,benign,24,3,9134571109027334264,3383211158514900336,2180020405072772108,b95dc892263caefa9e6d80b3c9639698acc1ef409a295932e17658966275cfbf,b5ffbe4221dfdb2d2cb103880f9ec440a42c34825cbd936df6eddb96a5ac84b3,30,134,134,0,6.131721869441461,13.38172186944146,22.866666666666667,36.0,4.42183077243007,1.0,30,12,12,24,30,1.0,0.4,0.4,0.8,1.0,raw_runs/calibration/benign_bursty/level_24/pair_03.jsonl.gz,9abce7402b353540c191bbfc7f03272537bf6ed01412847c1f1ba035c70c0ea1
calibration,bursty,benign_bursty,benign,24,4,881858630062861589,15596871933087481293,9394310618662435560,05dc46c5f13d742ba503350be6fafcb747faea046f265dd0c82c64a7cd9f593b,f275bcdd18362561260bbbc29aeba3b09667046174049a8fa5ab456e3cd0fa7c,30,171,171,0,6.195249192307558,13.445249192307557,26.966666666666665,37.0,4.703504106303323,1.0,30,19,19,30,30,1.0,0.6333333333333333,0.6333333333333333,1.0,1.0,raw_runs/calibration/benign_bursty/level_24/pair_04.jsonl.gz,8867b66457d738146ef15b7cf9fdfdba83ecdb9f17243a18f7fe00590b745ac1
calibration,bursty,benign_bursty,benign,24,5,8813645735851680996,7876064372487069723,5766916010013949353,49d8d04dda93a9f8f6717d0125c849220c8c2bf2546c0e15d25bf80352deecaf,dfb8a2f553743b994f5a92c3d1649f38736d7fbc8461607432d8626ecb48ffdb,30,161,161,0,6.245146290606113,13.495146290606112,24.6,41.099999999999994,4.522721735404986,0.9952540803509581,30,16,16,26,30,1.0,0.5333333333333333,0.5333333333333333,0.8666666666666667,1.0,raw_runs/calibration/benign_bursty/level_24/pair_05.jsonl.gz,062cceb0c121ed4b4ac5f2d2257deed962b190d36f1cfab716a8e6aa62afcd75
calibration,bursty,benign_bursty,benign,24,6,16450988029564330801,3148178103103781391,12886935041450253287,e385871b4dda31c664837a289431885a9a7fa7dff7a9139ddf6e0fb79ea0ada8,9a79391ca6f1b16a2eba174ebef3638c7eee276d9b532a7bb023476253cc8136,30,140,140,0,6.0886973581614745,13.338697358161475,23.0,34.0,4.461140352695456,1.0,30,15,15,25,30,1.0,0.5,0.5,0.8333333333333334,1.0,raw_runs/calibration/benign_bursty/level_24/pair_06.jsonl.gz,3257a81d03fd322f1277100002312776f09cdf8a3bdce5d5df7b665a883559e6
calibration,bursty,benign_bursty,benign,24,7,10436558862221912636,10779866620663370561,18038027353040387722,5e1ce00a790501829db5ff0c643a2b2dd3185aa87ceda9970e5a172303b025f2,37ce50518baf1b531d7e2cf2426f55748a2e7e776d991286b46c827bcbd410b4,30,163,163,0,6.218726207878652,13.468726207878653,24.866666666666667,33.55,4.568065774499392,1.0,30,18,18,26,30,1.0,0.6,0.6,0.8666666666666667,1.0,raw_runs/calibration/benign_bursty/level_24/pair_07.jsonl.gz,680dcf5761676ad8a4aced7868096315a47595090a9bfd11a371afe6956b6888
calibration,bursty,benign_bursty,benign,24,8,14491253036515472692,17687843615610548673,5703945832311465690,eb8edee90d67ac93ef87743687fbac72d4b80acfc1b3c857a4da02860fad2a81,6864e133739ed4863629655f0e143ec2be6c3766c8e5e42352039bd6c6baa2af,30,148,148,0,6.166207106504732,13.416207106504732,22.866666666666667,36.0,4.3122142240306705,0.9795469260588692,30,18,18,22,30,1.0,0.6,0.6,0.7333333333333333,1.0,raw_runs/calibration/benign_bursty/level_24/pair_08.jsonl.gz,44e649be66a136d8a125462addb045430f7b0a41fb67f7d08b2de5e65afa61b4
calibration,bursty,benign_bursty,benign,24,9,5305121391958987885,18021529853778432119,6614257685305091143,29b4454c3f145a18374f0018dd4cc0f1978e27a44f5689bc705bd7539763b9f4,bbdaf3e52c85472faaabd1f7faf09bf8ca47c1ff55c7f92af3ebb2447ae83181,30,166,166,0,6.117895189030931,13.367895189030932,23.6,36.55,4.411318583810829,0.9729237769678944,30,15,15,23,30,1.0,0.5,0.5,0.7666666666666667,1.0,raw_runs/calibration/benign_bursty/level_24/pair_09.jsonl.gz,a8f1cd5ec096c0ecc1d8c6dd2c56f46695b199d546bcb9e8719ab3427a9cf665
calibration,bursty,benign_bursty,benign,60,0,7535764254784489874,14887011713379673532,2602227253724334827,069e9656593fe62b708ce15594e414f7948041d95861d0016ea2f39a4f261ec4,fe7c675c07d1fddc7bded25aaca34d4e0525894b1b1303efb7b7fed715439993,30,439,439,0,6.240286966221824,13.490286966221824,61.93333333333333,94.94999999999997,5.871326678652645,0.9966203692161582,30,30,30,30,30,1.0,1.0,1.0,1.0,1.0,raw_runs/calibration/benign_bursty/level_60/pair_00.jsonl.gz,812e83d1068316b9eeefb655f198adc5b73cb60e504f9bcf1f4a5e0a508c6554
calibration,bursty,benign_bursty,benign,60,1,1706549331713346407,3171094352845093217,7010532829369177798,bd39501a255f913b627a0de6d67158cc036f3d1e90a03716aa4cfbb83268eea2,136f4d2df23aa19a6b8b176f0118c1c980ec745953e231c6fa85ebc5e17654e0,30,385,385,0,6.11573750584573,13.365737505845729,55.46666666666667,87.64999999999999,5.658748316777991,0.9745436776894572,30,30,30,30,30,1.0,1.0,1.0,1.0,1.0,raw_runs/calibration/benign_bursty/level_60/pair_01.jsonl.gz,e38270410560867626162a109c9912d7be046ebbd35d89aeb4bd596155524926
calibration,bursty,benign_bursty,benign,60,2,2326140318554644062,7512008502173857762,6494324689754188029,147773b9e1d19c5f860c19342dec55cb2780a586f78d1d3721a12b03e665d591,dbe8014e47f3787e188cebeb10eb24ead138158ac11894794d3cdfe0d3b0fcc1,30,422,422,0,6.236762249017241,13.486762249017241,55.166666666666664,74.55,5.693429711381127,0.9842560979288354,30,30,30,30,30,1.0,1.0,1.0,1.0,1.0,raw_runs/calibration/benign_bursty/level_60/pair_02.jsonl.gz,ca2c2159d47875c121934a4cb2f769b20005a227a6f80b2aa62009c3ef0a9f0f
calibration,bursty,benign_bursty,benign,60,3,14680328403015510371,2248628749486901378,17890813458572576362,21f65332207701622d5b6f5715f32bb28f9ef57745c5fcbb19d594dbef548ad7,4f1dccc386a5d0799ac2ea685716f7725a227cf4db1f8eef6670863057403470,30,389,389,0,6.21724112963443,13.46724112963443,58.56666666666667,84.0,5.776876037961046,0.9864058712028306,30,30,30,30,30,1.0,1.0,1.0,1.0,1.0,raw_runs/calibration/benign_bursty/level_60/pair_03.jsonl.gz,1626c9a456797155f46e13bee191aef54dc25e01498cc51590c015e9071dd987
calibration,bursty,benign_bursty,benign,60,4,14151046593390010019,11209203794009926152,12379628670623062490,101c85d7c6227892a544d73c1061887076eb32796767b7c7fe8045ae0234a28a,9cb1a7cf841bf25a4a07a911867a00eb43d0897fd0bf966fc8195f631f8ae9ea,30,357,357,0,6.122495085156401,13.372495085156402,56.333333333333336,80.55,5.724044887690022,0.986568108195515,30,30,30,30,30,1.0,1.0,1.0,1.0,1.0,raw_runs/calibration/benign_bursty/level_60/pair_04.jsonl.gz,62a2600c799cc3a7e9378a003df79a951f959b4a73ce22aefc56f5efa233943b
calibration,bursty,benign_bursty,benign,60,5,5736120164779405681,3194201755490833985,7310711613832847781,503b5d1a36787dd7f8c67a61c9d7aba5ad0dda4c2c5bbde2c58b3a858148780e,d2f505b3ce244be17e3ee268da99384e81d2fb5b2d26fa4569eaad741ac1c2d7,30,404,404,0,6.0926729465613665,13.342672946561366,54.333333333333336,80.0,5.662959663563068,0.9839534879403564,30,30,30,30,30,1.0,1.0,1.0,1.0,1.0,raw_runs/calibration/benign_bursty/level_60/pair_05.jsonl.gz,f457639fd873fd0683b9a67b70b16e8986367a0d944dd41d6c2d070635ab5e46
calibration,bursty,benign_bursty,benign,60,6,7575105235210998895,16638563698675333250,12099497734899173917,1d0c86f5ac2424332a3b6d7bf8e5e696f6767c110be1efa1c066a82615b79f56,a0946f82a816f84db1675e206c9307b3985e7d0873a71fd1ded9db43270f15bb,30,374,374,0,6.175257633208113,13.425257633208112,62.666666666666664,84.0,5.893208934767189,0.9861341126394756,30,30,30,30,30,1.0,1.0,1.0,1.0,1.0,raw_runs/calibration/benign_bursty/level_60/pair_06.jsonl.gz,1ce3ba90027a214215e45d892e718cbe32d1114eb82d0fc6068c6e34f0011741
calibration,bursty,benign_bursty,benign,60,7,6637924036122564093,10157635117886852221,11038292206737271862,52ed45b63af6951c62c69ed65cf2c8caaf02a1d0bdb15dd6e5e73aa150c93fe0,b718911aefdbf24d4590761a3424b9b77104e863614afbbcd44ed32088c475ff,30,420,420,0,6.027981622927506,13.277981622927506,54.43333333333333,79.1,5.667097753144517,0.9851954312778732,30,30,30,30,30,1.0,1.0,1.0,1.0,1.0,raw_runs/calibration/benign_bursty/level_60/pair_07.jsonl.gz,fd40ac82baabc30492ce3d2294aa6d26a3e8527ce3aa6bdfd15bc4d8c2e7e889
calibration,bursty,benign_bursty,benign,60,8,15540176733095735041,6110061519852723130,9697420305545389646,b5af44a56b5909260634450f5beeb0143d1a127041ab377c7b678d962bea1098,aef59e2fb1e34ee8d4a5326317c057e5b2520177e15f689996110fa8cbdfdbf9,30,393,393,0,6.039930448862844,13.289930448862844,60.03333333333333,94.64999999999999,5.797914632329542,0.9908755136623137,30,29,29,30,30,1.0,0.9666666666666667,0.9666666666666667,1.0,1.0,raw_runs/calibration/benign_bursty/level_60/pair_08.jsonl.gz,f13e3a688aec04d99055bb9002651c548b70d1cc4a142678aa1905f88592bb13
calibration,bursty,benign_bursty,benign,60,9,8525633833741690363,7220218538478724129,16330190558349328110,7dbbc40f2fb10ddd8a4ffefdb38dd7979d8a682c76f7d7799e8ebf02273a64ca,2917a38ef3c61cda24765f5c615588bd5df479b1831ffa1b39bf1391b88e22cb,30,432,432,0,6.063366673335704,13.313366673335704,64.16666666666667,99.0,5.904652865458582,0.9890990399484658,30,30,30,30,30,1.0,1.0,1.0,1.0,1.0,raw_runs/calibration/benign_bursty/level_60/pair_09.jsonl.gz,3b1ed3e77b6d3d7a98669ed6b40d8321af74526c3f12d932313d160fea9cd20e
calibration,bursty,benign_bursty,benign,120,0,9094730634991049090,7731947063946811146,8263475454355799928,1ef1ee3607f7f15b5415cbe59d3c533a149e9d572ce0c712e67e2022a470cf8d,42f751fedf130f2aaafa5e4d63216382d24eaaad4f3f6d3508ceee2280a6bf51,30,831,831,0,6.147882133639972,13.397882133639971,115.0,166.1,6.731162147899526,0.9764505366025819,30,30,30,30,30,1.0,1.0,1.0,1.0,1.0,raw_runs/calibration/benign_bursty/level_120/pair_00.jsonl.gz,0735b7a1b855f874fa1a49b26708f83ac9588cbe24813a1ae07c0f9436606821
calibration,bursty,benign_bursty,benign,120,1,15914461639275373002,2898681526823918243,9975966364797462648,9c7aa3530f0cca974e2796a0ee2ad00e8224789614a42f2d8de8ac4491abeb63,1ad642ec98c36eb81a2372071858e6a857be6330d7f4a9449840c69561b4002b,30,721,721,0,6.143309317372777,13.393309317372777,123.0,172.1,6.809814077599773,0.9721849065878673,30,30,30,30,30,1.0,1.0,1.0,1.0,1.0,raw_runs/calibration/benign_bursty/level_120/pair_01.jsonl.gz,329e09e1ccd6158017d7e500799fb55d2a740dd8c0105d79661ba27d26eef381
calibration,bursty,benign_bursty,benign,120,2,12917209146805106535,4290902028158555246,15698340832995626372,f39e4b0dc01725f4c7d49475e0a42d9a9d5b703a29d79dee95ea67299623749d,bb85ddde5f279ad6cdb0b5779f7664515d6531b7ef0d589557fa563be0799587,30,786,786,0,6.062613345779381,13.312613345779381,123.96666666666667,173.55,6.830638087938298,0.9676103115590567,30,30,30,30,30,1.0,1.0,1.0,1.0,1.0,raw_runs/calibration/benign_bursty/level_120/pair_02.jsonl.gz,7a34dbe528850b93fcba43bc400c07dd660db6d8af808dbc928af59e090774fa
calibration,bursty,benign_bursty,benign,120,3,16877136812781217421,1743841590115959880,1660905765677296732,0fbdc3ff9bf307a7005b9d4d404c2b992ce6b0b20499b224a4fa517356d5739b,49779e93065b7f67d880c3a17de935aa13d7f3f7b12b3543f9e81461cedc99a9,30,789,789,0,6.04842364466357,13.29842364466357,124.4,181.55,6.835181280466428,0.9720279497791479,30,30,30,30,30,1.0,1.0,1.0,1.0,1.0,raw_runs/calibration/benign_bursty/level_120/pair_03.jsonl.gz,268233f7ed536f833be8d89077c3c1cb78526ade747f8784f0d48e2db370efb9
calibration,bursty,benign_bursty,benign,120,4,16889806125067538823,10407009759034297970,14755256129381189788,ab12cd98fc95eabf70b416f26e4aab8145a9afd1ac6bb9bd2394f0059f30f3cd,9f14a816fee7d5c184819a7afe6911d3a84802da1042516d04ed014de4f17f79,30,812,812,0,6.155026615170997,13.405026615170996,115.6,170.04999999999995,6.713813361504608,0.9660287142818383,30,30,30,30,30,1.0,1.0,1.0,1.0,1.0,raw_runs/calibration/benign_bursty/level_120/pair_04.jsonl.gz,7621bff2485fc18ac67b4e9092c34ae94e8b906e14e760ac9214ba7e6ffb368f
calibration,bursty,benign_bursty,benign,120,5,1057321770108647701,14201164761692938346,18149155678698769283,ade3d4860cdc4fa5a8541e42e759f4e43543c117b02df7266082e486e0b9abdf,e73325f87ba2c2032bb563bad08b90affcd0eb926c46dcfde67034270966950f,30,758,758,0,6.091688015040798,13.341688015040798,129.6,185.2,6.8937570407063244,0.9753279928036441,30,30,30,30,30,1.0,1.0,1.0,1.0,1.0,raw_runs/calibration/benign_bursty/level_120/pair_05.jsonl.gz,121879723c662b8704483f17505f7fc5c3fd4012b9881046d86b5232d80209ca
calibration,bursty,benign_bursty,benign,120,6,3122616394761805408,14352200112316549683,8501803386825253583,63fa77d0af76a77a9e51c27ef3896e7afcf25377385a2387ae044e8e7670de40,8b157db4ac5dff972f55f2b08739e629ed3dfd53e8eb704c3ff6f69530df7a46,30,869,869,0,6.202735470027214,13.452735470027214,122.7,176.55,6.786626560894802,0.9627443708713986,30,30,30,30,30,1.0,1.0,1.0,1.0,1.0,raw_runs/calibration/benign_bursty/level_120/pair_06.jsonl.gz,81fca779f2c314751d71dd6d37057faa1fb90ba7c6ac0da3d5c7874f4faebbd2
calibration,bursty,benign_bursty,benign,120,7,8554661712065054858,14717709855775747857,13646057635979842475,92ab59e619d48c83cea88c770b7bb2c5d65a2450771bd44107635ea8e72f95d5,9e7656d2329797e298056795e8f7e46d3726d55ab8b91599cc94be8923aefdc0,30,748,748,0,6.177697794815228,13.427697794815227,115.13333333333334,171.1,6.68162634154351,0.9513846630735832,30,30,30,30,30,1.0,1.0,1.0,1.0,1.0,raw_runs/calibration/benign_bursty/level_120/pair_07.jsonl.gz,dab30d2fdb4e92ca5e1f03641b6adc366e4570891edde61b4772683d8e43f7a0
calibration,bursty,benign_bursty,benign,120,8,16870464274881402400,1950564853341907980,2835240278699891410,1af87af37d2650641a2f0cffbdb8daf857d5c266dd2430f3cab9b8c7171c70d4,30da7042592a4ed4897197facde3688200dc615f44e356dc8ee630408f881ba0,30,858,858,0,6.117693809455416,13.367693809455416,122.16666666666667,183.64999999999998,6.78496149685442,0.9617288696201961,30,30,30,30,30,1.0,1.0,1.0,1.0,1.0,raw_runs/calibration/benign_bursty/level_120/pair_08.jsonl.gz,add683df03da5c643de38d9a6369b31ed582abf0aafd92a6ea5eb430fd21bbd2
calibration,bursty,benign_bursty,benign,120,9,11225702634583821308,16532337783184678241,6350787491894144617,8641e334cf2e29917775e502d2683aa53b35c659d9a7f65d8ede6938d8005702,d1d5ee6ca3a948561e23927f10a26ac6e4048a73ce2cb3186b24c042a72cb2aa,30,846,846,0,6.168217183673487,13.418217183673487,123.7,173.95,6.843667053532452,0.9774677395943285,30,30,30,30,30,1.0,1.0,1.0,1.0,1.0,raw_runs/calibration/benign_bursty/level_120/pair_09.jsonl.gz,ecad2baacc6a7e5c206dc5d9d2d76e8939a97ce98581d5ac3fc9395b33a74ab1
calibration,bursty,benign_bursty,benign,200,0,14642148752032785582,7402025104951184599,17347881150132568762,ec72c975b8945209a2feb7958048efedf11c9d19c5e3c903e1410254e8d1c6e4,2d764eaa9ac30b2c71c6aaaccff200bf33cc53f1a58103644ff6155497329f70,30,1336,1336,0,6.2352347500690755,13.485234750069075,193.83333333333334,258.55,7.463272435065024,0.9589021807858711,30,30,30,30,30,1.0,1.0,1.0,1.0,1.0,raw_runs/calibration/benign_bursty/level_200/pair_00.jsonl.gz,007eec59fee1156a427e1b41d2dd4f3f330f8aaece2476b212da3553fef39358
calibration,bursty,benign_bursty,benign,200,1,6583253704384485558,17873357037308705727,1490485179396484131,d2d9b10cf08151e7e34066ffe63e5f117e6f77f0837bdc4f064f3e30c7671eb7,35537303ca3811451d939f308b8f32dce30d5e6b44012782c6c5cd02257ee773,30,1333,1333,0,6.178977170458247,13.428977170458246,205.6,277.84999999999997,7.535865662867898,0.9576802534613597,30,30,30,30,30,1.0,1.0,1.0,1.0,1.0,raw_runs/calibration/benign_bursty/level_200/pair_01.jsonl.gz,4c8b792460647c52699a3c95feb5713e74209199dce2d42bd4a7a9a7c865e3c2
calibration,bursty,benign_bursty,benign,200,2,13460932717458733837,3042682407150864359,6006403065273457278,6e580415d0535a799d235940e5bc6d754201194b6b93ed445ca67876ac4f07c8,b3f9fa6ac34f4c9b8748a2cf0791eed714302c683850146c69245232302a5bb0,30,1437,1437,0,6.202172910677312,13.452172910677312,203.86666666666667,293.29999999999995,7.521262455602169,0.956213635034502,30,30,30,30,30,1.0,1.0,1.0,1.0,1.0,raw_runs/calibration/benign_bursty/level_200/pair_02.jsonl.gz,11059d09b5eedd58cb4b7747ab8965d9a8c5bb6ec57ed90edbf979ca713bac69
calibration,bursty,benign_bursty,benign,200,3,9570378081210666891,11401857593803639954,11053876387694794345,448c26c94cd25315d38c15ebf8ccf06a734c700f61bee351439513587e25db12,98df9414b807e905a3392a6e43bc4a7079077ea545d089fe865e0f2a3e9b1b0a,30,1293,1293,0,6.159072512414016,13.409072512414017,205.2,277.24999999999994,7.521979658684346,0.9542601134499006,30,30,30,30,30,1.0,1.0,1.0,1.0,1.0,raw_runs/calibration/benign_bursty/level_200/pair_03.jsonl.gz,e1cf57804f07b59f0199b510458087c06047470181d36007bd3972836c596b6d
calibration,bursty,benign_bursty,benign,200,4,13085897464229949975,1047424868033865888,5095245327114929968,1fb1c9b9079cbd104462260a43fc481a94f2c7eab97fcdcfc04a62aa3a80cdab,a5b36973902db4a51b3c72615c04e04e05c866ccb36dc2b145b9af2656fd5453,30,1309,1309,0,6.196609080672674,13.446609080672674,197.03333333333333,288.9,7.476751876979806,0.9619931321157513,30,30,30,30,30,1.0,1.0,1.0,1.0,1.0,raw_runs/calibration/benign_bursty/level_200/pair_04.jsonl.gz,19b8a42c4e4169303eea8b9ada3aa8095ee31fc3385ebdf290faaf96a336af18
calibration,bursty,benign_bursty,benign,200,5,5041337691770345748,7495431414313827446,13716082839119151746,9ad1bef7b1f30de771385b24153e75c6accfcafec73aa7c290c06742bbbecdbb,96073c68bdb9e1f4f863eb2d7c8ad473b72ec5026eaa76365429f6e21d10399d,30,1324,1324,0,6.190705720931055,13.440705720931055,208.7,284.1,7.532606493777828,0.9390603914319675,30,30,30,30,30,1.0,1.0,1.0,1.0,1.0,raw_runs/calibration/benign_bursty/level_200/pair_05.jsonl.gz,1e33e0460bd5fa1cd06131a78eeac4897786498447890a805330b714126b13f2
calibration,bursty,benign_bursty,benign,200,6,14936018274771237347,16418368104697234739,10003734408023992240,49bf0a71dad882bce0bb61a2688faec2e75f55e716ca5f8d3b6b953d1b58a85a,1c190781a362359aa840214fc8a01c733ad8692f05812fa6e07ab1b647e29938,30,1248,1248,0,6.216728720460314,13.466728720460313,199.2,295.95,7.460108098313685,0.9446472921318642,30,30,30,30,30,1.0,1.0,1.0,1.0,1.0,raw_runs/calibration/benign_bursty/level_200/pair_06.jsonl.gz,47b0927119d8b92b6cdb69ec849cd88ca657a19eaaa5b4070793e80321fd8693
calibration,bursty,benign_bursty,benign,200,7,915961973140900674,16164984643938357476,10902143838978445768,51f3b2edd3ce6bdcb0781ca18e18ea5bad7c4f1e3b88af78a9980d0a8e379970,a3edda21080350dcc7744fad061e732a0e1d9b795959c7ed15b5c305eb071542,30,1349,1349,0,6.096013490471646,13.346013490471645,194.96666666666667,290.9,7.456513453061267,0.9617858666126694,30,30,30,30,30,1.0,1.0,1.0,1.0,1.0,raw_runs/calibration/benign_bursty/level_200/pair_07.jsonl.gz,bc1c04d178f44edbbc4c78c0fb097a0d76da0860ac2e20b2371d5e0809817942
calibration,bursty,benign_bursty,benign,200,8,11840118907126105473,12258675552247700409,9528029876072093986,a42aa9483f669c7c17771f91e35e21244016c5f407d6e98eff62596d95b37f10,2fd4f7ee999992f708e59126d3d7d64392259e37429c4284ec0adbb26abe25cd,30,1451,1451,0,6.113935746593916,13.363935746593917,209.0,287.65,7.56356728808039,0.9584007868909358,30,30,30,30,30,1.0,1.0,1.0,1.0,1.0,raw_runs/calibration/benign_bursty/level_200/pair_08.jsonl.gz,f9bfeb5b78128ab64164cbadde2ef7fd9c6d4480e62a35ba94d313a84509bbf7
calibration,bursty,benign_bursty,benign,200,9,10951519743782940705,3630892124890015163,13651538599588445557,24c541375ec1548394f1650b18c908e3425ed86fa9c591e108f8b127af06c30a,b0faf580bad6351415f9e34761bf1a6dd6c438729b85ac90e1212bc5778f098f,30,1225,1225,0,6.031979503274211,13.281979503274211,201.43333333333334,267.55,7.502631083715812,0.95321454789034,30,30,30,30,30,1.0,1.0,1.0,1.0,1.0,raw_runs/calibration/benign_bursty/level_200/pair_09.jsonl.gz,8adf1e744134583747351c27fab9f430c0442dbdaa9e4fa934f7f21620f94354
calibration,continuous,benign_continuous,benign,24,0,3062416766063745393,10900754909880988366,10486579146626960813,0b6d5e0a7fbb71186b4917ee393e7c2078e9b7a6e6fcd01bbb4ef094f083de17,0b2d13dd436932744fdd0083693d728d66323a46dd174a68f2cfc0bbb1f5de25,30,146,146,0,6.155056284328076,13.405056284328076,22.3,29.549999999999997,4.448098598160565,1.0,30,10,10,29,30,1.0,0.3333333333333333,0.3333333333333333,0.9666666666666667,1.0,raw_runs/calibration/benign_continuous/level_24/pair_00.jsonl.gz,09a55a4c9f3ec6b4f8a86ee9634c11ccd80216a7346a269b787999d7493bff09
calibration,continuous,benign_continuous,benign,24,1,14009983127411561875,11644043806815083802,16593253787422957178,3592d0e8c9221d626824b21c096e0ba11dfcdac740040791794c608f227e2fae,6a757ef064022f220b9c11cb74fb92c362c110f450795db517dd366ff66c6ff6,30,152,152,0,6.064751865216744,13.314751865216744,21.066666666666666,25.0,4.382639694243844,1.0,30,6,6,29,30,1.0,0.2,0.2,0.9666666666666667,1.0,raw_runs/calibration/benign_continuous/level_24/pair_01.jsonl.gz,6efb85fbca97ca415ef566c4977052509a0b88323b010ab5a2c7764bda045568
calibration,continuous,benign_continuous,benign,24,2,370540471381056664,12872671095906737218,14059409858932584796,cae13b488b09de32de2f7c66631d505b2e889765c9cb7aff8124b2cde87a50b1,39e634497c569f6b91abaf5dcf23570f7cc37cfcd8a3a8da9fb722735d61a4a9,30,153,153,0,6.156206838155196,13.406206838155196,21.0,26.549999999999997,4.368472573490232,0.9987179487179486,30,7,7,27,30,1.0,0.23333333333333334,0.23333333333333334,0.9,1.0,raw_runs/calibration/benign_continuous/level_24/pair_02.jsonl.gz,7a67dc0b4a0c183de36af3a2be686bb9559926ba52b62a721a421e753523e4db
calibration,continuous,benign_continuous,benign,24,3,11632077548237768980,8720491566476406809,6935835428905948019,1d983417d7300233f79ff450117ca3e09fc563b6406bae7181bf63ea884dd056,d08962f05438558571016d166694daaeb7b3036e96bc8ec9ea977b9dfa9ffc6a,30,159,159,0,6.130985238340577,13.380985238340578,24.666666666666668,29.549999999999997,4.578719656728107,0.9842572359526381,30,19,19,30,30,1.0,0.6333333333333333,0.6333333333333333,1.0,1.0,raw_runs/calibration/benign_continuous/level_24/pair_03.jsonl.gz,17812e339df9e7fa47db05e5d3897432041706b9f3c673a74daf0d3cbc4df89d
calibration,continuous,benign_continuous,benign,24,4,12715315431891721183,4690943531546050303,12385526427371159187,9e18e6eaecab24a797e5b8af7701ed73b686ae1c2daee1705b16f6d75ad41c13,2e42367c397166632aced45c5726a0817f13d96c5410183f000c048e1382eff1,30,159,159,0,6.070950303826979,13.32095030382698,23.233333333333334,30.549999999999997,4.486949790374257,0.9973333333333334,30,17,17,25,30,1.0,0.5666666666666667,0.5666666666666667,0.8333333333333334,1.0,raw_runs/calibration/benign_continuous/level_24/pair_04.jsonl.gz,58846666e00527016e14211c65d0f5d9c541b4494f5a522800fa24bf373a3793
calibration,continuous,benign_continuous,benign,24,5,13514201889892420303,304012146478401910,7183816768118175292,02c07eb217670c287ae67c65c8aa033876038fa07d68b079b090e70f956906f5,97d1267d8974e9277e9a041a808865f07abd038d30cba60d7c23a62f751cc1f2,30,161,161,0,6.058462126509247,13.308462126509248,23.466666666666665,31.549999999999997,4.502336778564969,0.9946908602150538,30,16,16,27,30,1.0,0.5333333333333333,0.5333333333333333,0.9,1.0,raw_runs/calibration/benign_continuous/level_24/pair_05.jsonl.gz,55c2fa180e2e4014b73f6561f761b7e296d8ebccfc8b9a49af14389a3a235691
calibration,continuous,benign_continuous,benign,24,6,554032864733521799,6633471824585565028,1270836544048559637,9baa29a29f3d2363169148027373788c7b6e563f29f3c52ded6e060663f8cc3f,a4048c451765d280be2fb22b39c66b6cab7529535e375069e36d1c7179bedbf8,30,167,167,0,6.041135172326559,13.291135172326559,22.866666666666667,27.0,4.500232235305576,0.9982456140350877,30,13,13,30,30,1.0,0.43333333333333335,0.43333333333333335,1.0,1.0,raw_runs/calibration/benign_continuous/level_24/pair_06.jsonl.gz,150bb67f1d18a3612d1e5f4622eb6ba19dfbcdb19816d72e8db952dacc2733a0
calibration,continuous,benign_continuous,benign,24,7,7791342357546203955,1953716053491461771,16242284577980290483,29c08d9f4f5e1ef6b358636b34dea280bd205150cc664e2860c4c857faae7db6,ee7c3a3d67c531a13c7488e8f14e83c03fb44629ba5665eb44679a527509e4f9,30,169,169,0,6.042993966219402,13.292993966219402,26.533333333333335,33.0,4.698066294027954,0.992292904626238,30,22,22,30,30,1.0,0.7333333333333333,0.7333333333333333,1.0,1.0,raw_runs/calibration/benign_continuous/level_24/pair_07.jsonl.gz,ec0d3c88705f5204367fdc7f98763f0f3cfb45bd501181ff42606bf951ad154f
calibration,continuous,benign_continuous,benign,24,8,14748634966923814441,10040545972419372047,1539681592732471858,04fc226ce6a4eb255c8d190fc7e1d56f1d55cf1da369ec993eaa1dd216fe730a,c89e784d447118b5c0ffb1aeeb0e830307d09d2c12ddee25e2d178c925603c2e,30,168,168,0,6.211683492636976,13.461683492636976,24.366666666666667,29.099999999999994,4.594038417535951,1.0,30,18,18,30,30,1.0,0.6,0.6,1.0,1.0,raw_runs/calibration/benign_continuous/level_24/pair_08.jsonl.gz,a738d3255d9769f0af51a45911f85eda7cf65e34985963080a42e305107100dd
calibration,continuous,benign_continuous,benign,24,9,15861006166076593261,7416120794932277444,12109812151012644706,781dd2fefc91f732463620eaef76b5206efec40be2942f335b1964e0e9fd0685,435470fbff90a0aa8707b47aa77a56326cf0d3e5a9e1e7977f74250fead8e256,30,156,156,0,6.241712809761024,13.491712809761024,22.733333333333334,27.64999999999999,4.470131281418722,0.9905746738641473,30,11,11,29,30,1.0,0.36666666666666664,0.36666666666666664,0.9666666666666667,1.0,raw_runs/calibration/benign_continuous/level_24/pair_09.jsonl.gz,46bcb4ecd9c96a76aecd44b447ffddb8e10301ae9cf449bc57cb4b1d21c8c674
calibration,continuous,benign_continuous,benign,60,0,6539245801232288236,6845343308779278518,17035468100654249602,fb69111b4d8167b3df9d71b8ee9652a00642ecd2e453eb7a0739d3474c6a6ae7,7d6f8d35c154ff1eda7cfbd83c42a099cf29cdbed7a1b58d4bf71caf15238148,30,418,418,0,6.103297789761711,13.353297789761712,62.46666666666667,71.55,5.915082806706895,0.9806146222402699,30,30,30,30,30,1.0,1.0,1.0,1.0,1.0,raw_runs/calibration/benign_continuous/level_60/pair_00.jsonl.gz,517202f808509e074a0a60912ff9343e2176acd5028a7791095fa934d45790e4
calibration,continuous,benign_continuous,benign,60,1,7659718519786274022,11130891191110094429,17166766427254890312,c2aca6dcef6bcb29c8776483a9ec50a3053782f54f42ce824d734bfa984f5866,4059b8ba69289709cf82717086985fc562a378d774511f43baa12048863e95aa,30,416,416,0,6.001319295321554,13.251319295321554,60.1,69.55,5.876027631584067,0.9878883002048066,30,30,30,30,30,1.0,1.0,1.0,1.0,1.0,raw_runs/calibration/benign_continuous/level_60/pair_01.jsonl.gz,e1fb84aaec67ab6781c5a4193315f725bd2e3485f4af304d0631b39d09f87c11
calibration,continuous,benign_continuous,benign,60,2,17342713568294791210,13568067301481151078,14156519287295604905,2ef3adcdfe1271669e259021edcad0f9aac4743689efc3885978d863040d7bcc,ff58048559ed6b2f41d4100da19b91ec88d4a3a86b032ce60c763a9048333684,30,423,423,0,6.146127363403749,13.39612736340375,64.63333333333334,71.55,5.9901604396803885,0.9899672961520651,30,30,30,30,30,1.0,1.0,1.0,1.0,1.0,raw_runs/calibration/benign_continuous/level_60/pair_02.jsonl.gz,3d784b3ff6c64d878f5e7e141044dd0bef7873e056486e3a0e78bc53a6162520
calibration,continuous,benign_continuous,benign,60,3,4997799084428716862,5283607758275975730,5273460442709758806,2c7363b818cd425d67ea0953267a5782396e50fa8558b90c540b5f6b54952e0b,6db1eafcd09b40b964c44e701c1c23d2291e64b9693c5d47b5857b811a57d0c6,30,387,387,0,6.069198981599065,13.319198981599065,58.733333333333334,65.0,5.805583690016436,0.9670212705898936,30,30,30,30,30,1.0,1.0,1.0,1.0,1.0,raw_runs/calibration/benign_continuous/level_60/pair_03.jsonl.gz,ac95109ec4cc68be8b892aa047e906699796c881bf8929ff8d94db40b0cd321e
calibration,continuous,benign_continuous,benign,60,4,17024037684433055054,4500716609975232402,17057591466644668220,98708e11d667b77345aab02513cd9082bb75d0bb014a99b9462f0767382e4d1c,bf5ab5c38224c0c4f75a1acccf256865cdf41c0fb5f1cd9d301cbfd15a96d239,30,392,392,0,6.003424389981407,13.253424389981408,62.233333333333334,70.0,5.923286286969751,0.9844388368606688,30,30,30,30,30,1.0,1.0,1.0,1.0,1.0,raw_runs/calibration/benign_continuous/level_60/pair_04.jsonl.gz,3de9b326094d49fc6173c0ccc6c6ff73803b68ab3d1b32efb04acd1f84e224dc
calibration,continuous,benign_continuous,benign,60,5,11148800632205363255,1011119023853982718,15811941321675447240,c305769d96864779fff7bf88d62dfc00670b2e10262e42106bea87f277903596,5766f7dec69b817c8c70fa5ecfe61aa5becf03b0eb03e644938368815e03cf6b,30,431,431,0,6.185107791691095,13.435107791691095,63.766666666666666,80.55,5.943142814761144,0.9840080428214822,30,30,30,30,30,1.0,1.0,1.0,1.0,1.0,raw_runs/calibration/benign_continuous/level_60/pair_05.jsonl.gz,48f6c171933c3e7e7aebba0da64969939ed7072ad5440aa75a37eb2b3938569a
calibration,continuous,benign_continuous,benign,60,6,3755803347952968623,6634006565778051053,17294093716558318121,3380ca8e471dde295a984203b8ae1f013f14e043183165d3414691b8f481016c,ec867b3f3b4d5d66c277ba477b9280c1c58191b8b4da1e1f6f3248a646089564,30,408,408,0,6.1904676431904635,13.440467643190463,61.13333333333333,75.0,5.898820339694512,0.9932409484921123,30,30,30,30,30,1.0,1.0,1.0,1.0,1.0,raw_runs/calibration/benign_continuous/level_60/pair_06.jsonl.gz,7272e8c5263f0628e64283e9ace6d2efbbf30468a5a5293c5272842ed69ed9e4
calibration,continuous,benign_continuous,benign,60,7,17187118752175728023,10705134199025698565,14228905021053309145,a2e2232f9264763cf7a281c264aee319a5fc4c8c6ff2d96e078ef4d1264c69af,dc6f625cfa67569a2337402979dfc50f582b8a9ec599510f09a5b0a9cf713a7a,30,434,434,0,6.247867401915199,13.4978674019152,63.3,80.1,5.936444196322512,0.9899231208569809,30,30,30,30,30,1.0,1.0,1.0,1.0,1.0,raw_runs/calibration/benign_continuous/level_60/pair_07.jsonl.gz,98efd93c49387f108f90cc533876cf016b63bf0662b7ac84968080acb8f2f374
calibration,continuous,benign_continuous,benign,60,8,369555019032492314,8614883554881445882,15703538296095697689,f9bcfaa8589fe3fc50f01322d9d69ca296ab876c3c7a62979bc3dc5466220fe4,b6396c7233b8696839226a3825afc597518b2d6842876bb507f9df72d9bb30b5,30,417,417,0,6.058181137180849,13.30818113718085,65.6,73.0,6.003319610515654,0.9868167355969409,30,30,30,30,30,1.0,1.0,1.0,1.0,1.0,raw_runs/calibration/benign_continuous/level_60/pair_08.jsonl.gz,0cfe2efcb66595b094cfbe3c7b2c067a199a121d98e5c7fed40232572ad6d24b
calibration,continuous,benign_continuous,benign,60,9,18109927238007761739,12480533510226475858,1429457499406708322,2f939e71d65bc7bf810573836c54884adfe1961ad130873ddeb1699f82c3c6b7,9abec5838a8ab8c98d134d2833f4c02641e177af00026c0709f82b74b02cbefe,30,409,409,0,6.047548050706355,13.297548050706354,61.93333333333333,75.0,5.919596137906017,0.9880706002702637,30,30,30,30,30,1.0,1.0,1.0,1.0,1.0,raw_runs/calibration/benign_continuous/level_60/pair_09.jsonl.gz,4fe67f3be711899b418e11e766cddb6d925b05857070236a55fb64824c08b930
calibration,continuous,benign_continuous,benign,120,0,17090399579311017229,18350586084877894881,3732047557600521804,6d38084b52bf5e32a0daa104635a2a3c63414bb6db1e4cecfbc92efc5f63d56e,7b7d6bf51a4dceef08249192ee4f7aaf50c72af8e55b2e25efbeed47e9e22bbf,30,830,830,0,6.209557565250205,13.459557565250204,124.8,142.0,6.899580022884307,0.9723348770954127,30,30,30,30,30,1.0,1.0,1.0,1.0,1.0,raw_runs/calibration/benign_continuous/level_120/pair_00.jsonl.gz,d1296256fb9e8df982995f81ab39b33edce0e9897f0f446945db7174c37c0671
calibration,continuous,benign_continuous,benign,120,1,6367249661184248666,9845618051480767506,2239536400771853169,33b5e3565a84d267ebf79908dd144929d8c5c54e7301f5e08eca00fd37c5b508,0d0f48ddb6a59b5ae92f10976b3fc35645129070756044ce8d53d2a1284f2d90,30,848,848,0,6.176237735947499,13.426237735947499,121.23333333333333,145.64999999999998,6.866430977858316,0.9756929451588123,30,30,30,30,30,1.0,1.0,1.0,1.0,1.0,raw_runs/calibration/benign_continuous/level_120/pair_01.jsonl.gz,6d9c8ae1e5742533446505abe16c8780dd453b893e6b82839e8fa99ef41e9578
calibration,continuous,benign_continuous,benign,120,2,5908236760732678797,12923363839531897825,10012524499640632581,dfe0e1df8287ab0b675a03605753201df63ceb99b7ec4b3113b8c8ed7a6f2f80,8d91ba46c6308f78767379556528ac69b3685b084285fed622ffab8db0bc0d27,30,798,798,0,6.027555837673027,13.277555837673027,126.5,148.55,6.9270239277727175,0.9759343133703359,30,30,30,30,30,1.0,1.0,1.0,1.0,1.0,raw_runs/calibration/benign_continuous/level_120/pair_02.jsonl.gz,a43d1983daacb5f0d9d03f1b34647633fde9a0796fe68ea0afac8918a8b4277c
calibration,continuous,benign_continuous,benign,120,3,13886258615906150346,16226915662444670584,8170327568851185661,8635cf177d572a67e9031e4b058ec4c52ca209b957e5a8210fef3e646ec97eeb,d4e02a197dd625715736d1da6dab9871576d4987840109e37e5cc64353944fc5,30,828,828,0,6.210656972682052,13.460656972682052,123.66666666666667,137.55,6.880277594458277,0.967976720628911,30,30,30,30,30,1.0,1.0,1.0,1.0,1.0,raw_runs/calibration/benign_continuous/level_120/pair_03.jsonl.gz,bdd7f690fa342a11200603af6ae06e88e29553057d3079af92274225b050e584
calibration,continuous,benign_continuous,benign,120,4,5744809306675081321,12165312698500931904,2257706525077471135,6b2cad9281c75444ddb20eae77dfa3dc4c3841a62c38d3398bea1912b5750e41,a063dc1c52308c8fd1a39a7f89fddbaa94e027fb1a2f3e9974f9700c67e53e77,30,788,788,0,6.054483678331974,13.304483678331973,119.33333333333333,126.0,6.837695388343372,0.9702856599939881,30,30,30,30,30,1.0,1.0,1.0,1.0,1.0,raw_runs/calibration/benign_continuous/level_120/pair_04.jsonl.gz,705fc194d5f46f99841d2f0319ba1da1d1021d0b5746ef9ad0d0627bf794e5bb
calibration,continuous,benign_continuous,benign,120,5,1998786994327163180,4967260913427679008,12462688845596659630,4a88d4edafb0555a400a06b749d067e3673e4625d351caa840efc496b2789995,e11cd42e7523a0db173055e4fb1523a48941b288611c79b59a8b9d05bd759dac,30,800,800,0,6.238189683895333,13.488189683895332,116.86666666666666,128.55,6.82064619652173,0.9778291067997189,30,30,30,30,30,1.0,1.0,1.0,1.0,1.0,raw_runs/calibration/benign_continuous/level_120/pair_05.jsonl.gz,be2cecd70186a377b78c40670201847e521e0082b19eabe9562d6057327f6f00
calibration,continuous,benign_continuous,benign,120,6,8879500961772332143,11709536987439334399,1573773182475191856,2defb080f271c31a7878ad1c3dacdcc490c6a27c1cf4aea6bf88115337cfd8e5,d7f298f3889554c24c12748b2fca96e08b8a7b2256aae8d82f9d4f2ead4921cd,30,805,805,0,6.2155865832769965,13.465586583276997,115.03333333333333,129.0,6.795266027242273,0.9770601029412561,30,30,30,30,30,1.0,1.0,1.0,1.0,1.0,raw_runs/calibration/benign_continuous/level_120/pair_06.jsonl.gz,3473e24d6eb392159305bd29fcc25551ca9e70fbeb080ddeb5fe4b0b1d09d514
calibration,continuous,benign_continuous,benign,120,7,11334165671130909007,12725233872609014575,4478095119509815008,853aa66df53c70f0d20ee9647de502945685fb05fba95b4596e0753e92fb4ba2,db374d4a07d1b7897637a65d8cc5f16183df3c03e25b3230b96b98f76e4cda3c,30,777,777,0,6.047089558066557,13.297089558066556,117.0,134.64999999999998,6.8044371117956635,0.9696272630054067,30,30,30,30,30,1.0,1.0,1.0,1.0,1.0,raw_runs/calibration/benign_continuous/level_120/pair_07.jsonl.gz,0be68ab96c2b46f012c73869277689fbea844413d800b8f0ea8fcbbd74abf1b3
calibration,continuous,benign_continuous,benign,120,8,14509491694551593491,15938347798261486573,3793492834894535160,823b1885a52553979be93f35dd9cd91f7d8eafefe916034fe32e6b13b6a31bb4,2659e5441b53e72114226c42ae624ca4a2d4cd1d256c456c1d3cf3f946bba85a,30,823,823,0,6.174672349405176,13.424672349405176,126.83333333333333,138.0,6.937432449570694,0.9774838561776014,30,30,30,30,30,1.0,1.0,1.0,1.0,1.0,raw_runs/calibration/benign_continuous/level_120/pair_08.jsonl.gz,c45592f41c5dbcbce4c78421d621dee34b6654c6e7b9a5d1a2d67b92e433fef8
calibration,continuous,benign_continuous,benign,120,9,14446178256120878379,4223028627154381017,3748105083548406747,3fa09f5835ad5e16545de7ccec9caf4c987c72443464ef14df90f5d27cee1810,9f144806e9fdd6f15dd08c83b885819150c17c5f6c954638a3c657b277ebdf48,30,828,828,0,6.227678757195253,13.477678757195253,125.83333333333333,140.1,6.914275079984496,0.9716272928251928,30,30,30,30,30,1.0,1.0,1.0,1.0,1.0,raw_runs/calibration/benign_continuous/level_120/pair_09.jsonl.gz,64b03c48bdd24af349fd4f51d492a2f6362469444d6b919f3200cb04d8edc1dd
calibration,continuous,benign_continuous,benign,200,0,16376156460919372572,11942091752497136640,10493487719754999018,f9822d4cb460010fd5bb2aa5300910740911da013724a17c581203fcbff6afd4,9983f368e34e79f073feb77615ec0b90d5d683e83d3c9eb3394d3d8dceb68ece,30,1296,1296,0,6.08570938825856,13.335709388258561,197.36666666666667,218.55,7.5340809110476545,0.9571847883455354,30,30,30,30,30,1.0,1.0,1.0,1.0,1.0,raw_runs/calibration/benign_continuous/level_200/pair_00.jsonl.gz,257647a50d963c428f73fdeaa498a7959f3a4389dfb1422e38aa92c3e7b200ca
calibration,continuous,benign_continuous,benign,200,1,14752392198663346645,1831491047150995600,3302935418956293441,17bf8657cd7ea7c3f5300c3d47f603de6398ead9f1a0b43f80e1ec7986eea60c,4b20cdd32759e325179865acc2a41e62a519b2bb30ef9196a9b938a9c1d435ba,30,1361,1361,0,6.248262276909008,13.498262276909008,202.93333333333334,231.1,7.554972904838426,0.9477810266267311,30,30,30,30,30,1.0,1.0,1.0,1.0,1.0,raw_runs/calibration/benign_continuous/level_200/pair_01.jsonl.gz,37eab1bceed59d06e44e67f276bfe42a2961ceaf484bebb4d6bc332389bdfe95
calibration,continuous,benign_continuous,benign,200,2,7154378793985259876,14584283804254708352,9346334253199532775,628ceeaff03696a19c79ee9b7a76bff3efb2690ae4c1633d179970d93b9b7712,ef78d952308edc65e0e6db89b548a5a3f1a23d014960c74f3e9e5691e942203f,30,1330,1330,0,6.070972862050419,13.320972862050418,200.46666666666667,213.55,7.553601510090573,0.9545215460644718,30,30,30,30,30,1.0,1.0,1.0,1.0,1.0,raw_runs/calibration/benign_continuous/level_200/pair_02.jsonl.gz,7ca281c1512b32413343a8219e2d597638c51269a69fa9d289e6c8a28e5a0ae6
calibration,continuous,benign_continuous,benign,200,3,17675618794504208924,9608851468074299536,13779136187353132700,b4a55a71b46d8d9d7dc407b1a49d8d0efe35c8e55e95fcf2cd4a9455d0417c08,008dc47a3dc6e0fbaae1f7392beeb3a6ed0c1cd1dc9a122612d419d732fd5936,30,1328,1328,0,6.248147142962842,13.498147142962843,198.46666666666667,206.55,7.528941140234439,0.9490010053642687,30,30,30,30,30,1.0,1.0,1.0,1.0,1.0,raw_runs/calibration/benign_continuous/level_200/pair_03.jsonl.gz,d3b785ac8e9263d12898bcdfc83ac99fd244da3f13a971e01a3923b45c1ddc9b
calibration,continuous,benign_continuous,benign,200,4,4383695215097279143,12026042897401070416,15145130058121470335,3ce5e8e80b45dfff6decdbe301f0b5fca459ef87366217d81b1638e9daf5c35d,911e03959cdecd10105e6ee021cd930300eeac6f4b10d22e9fbcccc698fc1f26,30,1354,1354,0,6.079448992389,13.329448992389,204.96666666666667,228.75,7.591589461102549,0.9582810408382645,30,30,30,30,30,1.0,1.0,1.0,1.0,1.0,raw_runs/calibration/benign_continuous/level_200/pair_04.jsonl.gz,39bdb4f8b4344465858e0611feb20b1d7b8190db2daeff4a7464fb9d6a8c36e5
calibration,continuous,benign_continuous,benign,200,5,17343961961532975319,6503143908828040290,1180905252706492274,cf766abb0237ed0edb2cf2e7e2b0386f30d9b6438bf22aabea0b852f275531fa,23d2c93b6ff745e05e00cccfc5f150f9eb1d5d4016d2d1a48dcf591f9c3cb00a,30,1358,1358,0,6.120078271817421,13.370078271817421,203.16666666666666,222.29999999999998,7.566832205775068,0.9514418214616149,30,30,30,30,30,1.0,1.0,1.0,1.0,1.0,raw_runs/calibration/benign_continuous/level_200/pair_05.jsonl.gz,cb107c99f7fa2e3cfb1267eeb8908ff999900951b4c6f698950c580434e09236
calibration,continuous,benign_continuous,benign,200,6,11596850783183413747,13005176504767342693,5728270262885249154,c36bbbf9778f80379a6958c57386991d2302aa4e0e4c1140d1ed58bab80f2200,3c6a7b80acb5997abf0516fb06f0fe16eedac330b5885f7d7031b5066002f901,30,1337,1337,0,6.045122842342925,13.295122842342925,199.8,216.1,7.533650675054546,0.9464294195544842,30,30,30,30,30,1.0,1.0,1.0,1.0,1.0,raw_runs/calibration/benign_continuous/level_200/pair_06.jsonl.gz,3125d6ff8a968a61d2ccb34839729db0f7debc837a0c630aa25aab76cf02daf9
calibration,continuous,benign_continuous,benign,200,7,2352920626975976697,15027597348420233505,10194833938237646156,a7411140fcf3fcc9cb4ab547a7a1a87ff86f56c2c3ff934a107b1cd56209e5b6,ae34bec9e5aeca0053426b6aa5f965ff38c086a37589113d879851e905fe5e3f,30,1298,1298,0,6.237062938607573,13.487062938607572,195.53333333333333,211.0,7.5277274823454965,0.9601036949381644,30,30,30,30,30,1.0,1.0,1.0,1.0,1.0,raw_runs/calibration/benign_continuous/level_200/pair_07.jsonl.gz,e66c28219a729640270ee590b1d3f9aed4c6eb563f931abed420e079069deeeb
calibration,continuous,benign_continuous,benign,200,8,5365262418345413893,7312478308976975907,13613973049941238397,6da1293257c6439b96b2383eaed2def18eb374f01af510fd8d9ee555ac83475f,21e3a0ca91223e7a5c2956c39dc9dc06dca586baa4fa0cab7d6279954879d203,30,1338,1338,0,6.00387033611689,13.25387033611689,205.43333333333334,225.1,7.590742978435459,0.9553647500050597,30,30,30,30,30,1.0,1.0,1.0,1.0,1.0,raw_runs/calibration/benign_continuous/level_200/pair_08.jsonl.gz,c8aede7c557e158acf9c7920e7f5b801e47e66a15d4751713c687a10d3808497
calibration,continuous,benign_continuous,benign,200,9,8484589432872349975,10780932360975390168,12679583026814604802,2c4ba7ae57ec4492a28a35cab2f581cb79e63f7aa9dd1e359b18fe6547862d2c,f760c45508c3599139ccbc54d89b94225cbd31051cb6fae2dabe39574fdeaa89,30,1360,1360,0,6.080396092400471,13.33039609240047,211.83333333333334,232.64999999999998,7.591077615192669,0.9346318006450585,30,30,30,30,30,1.0,1.0,1.0,1.0,1.0,raw_runs/calibration/benign_continuous/level_200/pair_09.jsonl.gz,71e4bcfbcc030ef50e12b514076cb79dcfecf078982710229734982659af58c6
validation,bursty,attack_sweep_bursty,attack,24,0,9803342861910836838,9194423354801383329,11174604948887288213,bc16cae87f31992f84f8e5a419cbfd5883980ce3c56ad575086bd705e435e4dd,d86546863c471a02d0e839b8f42e0697d50889a6cd6bcf37eced97df04cfaf1d,30,155,15,140,6.089511126110291,13.339511126110292,24.4,34.0,4.541691745722522,1.0,30,16,16,26,30,1.0,0.5333333333333333,0.5333333333333333,0.8666666666666667,1.0,raw_runs/validation/attack_sweep_bursty/level_24/pair_00.jsonl.gz,fa742638614d79527b3e0776c74817ecb1a2d40da87ab85e450dbd6c23907e51
validation,bursty,attack_sweep_bursty,attack,24,1,13366381052389997248,10185895188360222365,16707992074967692519,58b87473de5641c2fb11d492cfb9379644d7db0b6f14a7e05d1a93e6894e884b,7d319c8282645107028ef63f24b6ff1fb2b727d19cc81dcc8b2826c5ae5f0754,30,184,27,157,6.034033563522444,13.284033563522444,30.666666666666668,43.55,4.855799007039985,1.0,30,22,22,28,30,1.0,0.7333333333333333,0.7333333333333333,0.9333333333333333,1.0,raw_runs/validation/attack_sweep_bursty/level_24/pair_01.jsonl.gz,66accfa84a32b368509dbdacc8765f9101c009841825e23a0cf8abae72d7a1e1
validation,bursty,attack_sweep_bursty,attack,24,2,6768612883101862582,12600552924141039545,8030849123354618907,453f704251b3c47f242cd8a8d2ffe3a51985e5fd50bf89425e22ef35a29fa5cf,6afd4db0562cb1db923481f01d6bfc2d5ed5c997270d5f307852905a005cbbdc,30,166,22,144,6.014309072718314,13.264309072718314,29.166666666666668,54.64999999999999,4.764910339566636,1.0,30,18,18,28,30,1.0,0.6,0.6,0.9333333333333333,1.0,raw_runs/validation/attack_sweep_bursty/level_24/pair_02.jsonl.gz,e588b3d82ed6060607d9c228bc48dc4581a6b0484357e00edc91a91699520a63
validation,bursty,attack_sweep_bursty,attack,24,3,6260049324425438133,15770079494666898106,14297734349876043225,d2bb2ef85fcf925a57dae58d922527d852d803264cccb5588974f49709d4549a,b7b0420e0c5dbe9b0527fa77a3562f696e7d63a70ea64bb5fad4b8b0146aac81,30,170,23,147,6.232303610084183,13.482303610084184,25.2,49.0,4.519351449172066,1.0,30,13,13,26,30,1.0,0.43333333333333335,0.43333333333333335,0.8666666666666667,1.0,raw_runs/validation/attack_sweep_bursty/level_24/pair_03.jsonl.gz,ade0f20a9b823e7c0daffdc77a9dbbaaac4445d5c36419fad0196570bc2210ec
validation,bursty,attack_sweep_bursty,attack,24,4,4780794959553378184,15145348075810485740,10524978790980799651,c32544bb2245d0f947a34f2e017155d7ddf8735b180ee3e38afb5b37670a7ac6,f5308bbc5ecd519161ce19ca0d5798ea101738d1d9eb181c07ab0a8ca052f4ce,30,137,6,131,6.028205823519358,13.278205823519357,23.633333333333333,32.0,4.498253281947253,1.0,30,15,15,26,30,1.0,0.5,0.5,0.8666666666666667,1.0,raw_runs/validation/attack_sweep_bursty/level_24/pair_04.jsonl.gz,185b762783e5dc5f16c840e060e7069c38d7cc6a370788581aad73570299cbc2
validation,bursty,attack_sweep_bursty,attack,24,5,6444626758749891196,2894688630153085745,13872560348622555579,eb46eb6c559e16dbfcdeab43d6010198be3c290792cd864530370d4ebff32779,93a37d1f6a46959da27304b3f178acc118845a3928af7ea25a037541bfd30308,30,157,16,141,6.028756126479578,13.278756126479578,23.8,33.55,4.527089758227668,1.0,30,13,13,28,30,1.0,0.43333333333333335,0.43333333333333335,0.9333333333333333,1.0,raw_runs/validation/attack_sweep_bursty/level_24/pair_05.jsonl.gz,b969455e5528f431a6d6d5939e240096f51d8c6f8b1ae75cb1037f4dc0379222
validation,bursty,attack_sweep_bursty,attack,24,6,15017807385840931387,4595591865311612426,9014437413371422623,bd0ddfdbbf006929537e37387e800ce853f177245830ea10a82e81581f41986f,2a141c3a3a33f93bd7256949abaa7f786d47b96750861527b03a993ba320f14d,30,133,10,123,6.164458593360093,13.414458593360093,21.366666666666667,36.55,4.310785038187046,1.0,30,11,11,23,30,1.0,0.36666666666666664,0.36666666666666664,0.7666666666666667,1.0,raw_runs/validation/attack_sweep_bursty/level_24/pair_06.jsonl.gz,a512c610214c00ce30e9aaecc8b248fab08488eb096da453ce9f063fc81c4b89
validation,bursty,attack_sweep_bursty,attack,24,7,8552149562959649114,11413960738575079932,2653326470820517248,581ad7484376ed22ff2212cb0d3159773937bc7b66cc01b31ff9170e12319107,134f9047cafcd930e0a9fec595ddc682e01e97281e38b4e78653514b1c3a492c,30,162,21,141,6.124603133229721,13.374603133229721,21.5,29.0,4.359120849215445,0.9930520947762328,30,12,12,24,30,1.0,0.4,0.4,0.8,1.0,raw_runs/validation/attack_sweep_bursty/level_24/pair_07.jsonl.gz,cabd70e329619ff1a2c0c8dfb6e13aa287e21b2a33ba9a6567636d5d094e97bf
validation,bursty,attack_sweep_bursty,attack,24,8,15970768725518078580,2873805063108315331,5706085462294637742,43330849e6a826981731e32bd5884114950294014ff1673f3286b1b4fdd3f921,97e2bea98dfa1ed15cd82377533e1f3a61aa3dfe7098391ff398a283cf92a69a,30,155,16,139,6.031359696299488,13.28135969629949,25.2,42.099999999999994,4.5390554385558195,1.0,30,17,17,23,30,1.0,0.5666666666666667,0.5666666666666667,0.7666666666666667,1.0,raw_runs/validation/attack_sweep_bursty/level_24/pair_08.jsonl.gz,88adc427718f33bb3367b0e152c9152af0512665ea39faad289ead2419370df0
validation,bursty,attack_sweep_bursty,attack,24,9,373968930109898497,14952452443238034336,11407530775262445460,b454974ca4c0851b130b25154d6d3974db729a97eab926d29ba69307072732d2,7ca335536b5437138b117089c4eb9746ee08aaf8668baa1580f07e62eb2c1fa4,30,205,19,186,6.12868666517109,13.37868666517109,27.433333333333334,41.55,4.67991980180487,0.9954449739899699,30,18,18,27,30,1.0,0.6,0.6,0.9,1.0,raw_runs/validation/attack_sweep_bursty/level_24/pair_09.jsonl.gz,bfda6e61d37df4e010bbb14e22950c075f5e265382df7dfda42a51e0472b613a
validation,bursty,attack_sweep_bursty,attack,60,0,12487070739786096694,5538274702870925366,18022512499535289873,acf579d8f915fe050ae65ff1b0c4a898efbdb54bfbdd1c355d41197218fb20bb,94938c52fa46cbf0423e2105ad647e30294e81ec1168494288537b7783c1a6e6,30,402,56,346,6.142820643979903,13.392820643979903,54.2,81.0,5.682501855559262,1.0,30,30,30,30,30,1.0,1.0,1.0,1.0,1.0,raw_runs/validation/attack_sweep_bursty/level_60/pair_00.jsonl.gz,368da5eaa6f7699fa745c4fcb4044810402249bfd5728c4acaf4367338f8093d
validation,bursty,attack_sweep_bursty,attack,60,1,1233774076934693432,368104975574429790,13513120390720747088,22e8d764f09809d18bbfcab23f692f12506e1a674469571479b1679ec72b933e,8fa4d23a21cf0d9f34309f51795814a86b1d50145f4f70590905fbae4773d809,30,439,46,393,6.107349205727546,13.357349205727546,59.63333333333333,85.55,5.819952011795498,0.994603862872426,30,30,30,30,30,1.0,1.0,1.0,1.0,1.0,raw_runs/validation/attack_sweep_bursty/level_60/pair_01.jsonl.gz,518a3c0c945aacb5edd331b2f51502c5b254e283e332f7e19e7e143d3bcf1684
validation,bursty,attack_sweep_bursty,attack,60,2,8829653206436101812,750267707335277350,15914020211501674595,fcafee2c74d31cfd35f50ef4f231ece1b3e10ca8829f217c4088c56b91765092,7847825f7e0ca96a55880e9548efa2d8178438b185ce8b640d7555581cea2913,30,401,46,355,6.159013665368146,13.409013665368146,51.43333333333333,85.19999999999999,5.579699105184385,0.9931388036086349,30,29,29,30,30,1.0,0.9666666666666667,0.9666666666666667,1.0,1.0,raw_runs/validation/attack_sweep_bursty/level_60/pair_02.jsonl.gz,e0d0a73638922fd97a8e3411a6b196731649553b04974abbc35e187be1aa5f64
validation,bursty,attack_sweep_bursty,attack,60,3,13971988729943770202,15836958982476396800,17993278670325771125,24f55e401bf06f00278e34e026fcdb683e5db722e46eb62aa3435dd100424db8,564e393f52d806f9c610f4c44ff10c47f01cb0d30564904bd0f7307f9febeba8,30,392,43,349,6.000850590789077,13.250850590789078,51.8,76.0,5.63208292886104,1.0,30,30,30,30,30,1.0,1.0,1.0,1.0,1.0,raw_runs/validation/attack_sweep_bursty/level_60/pair_03.jsonl.gz,2658128c83201fcc47d3510bf3e3837c5fea5201dd7c799d9305672600834f99
validation,bursty,attack_sweep_bursty,attack,60,4,12197661544791214125,10322430620076629273,5004122993443541452,4bd8568933f312800d8734e0027540d7922677934047cff4501aa352b89a7fc8,f60599ad1ebcc01fb29de74016e57df776c89304f2e18a928b278a34fb6c6802,30,353,29,324,6.020478402221314,13.270478402221315,57.5,83.1,5.778140079137492,0.9983659171841609,30,30,30,30,30,1.0,1.0,1.0,1.0,1.0,raw_runs/validation/attack_sweep_bursty/level_60/pair_04.jsonl.gz,50cf77b2968ee829713a00acd00e1cc60acbd90a2e9a7f1ac72ab7abf80ec667
validation,bursty,attack_sweep_bursty,attack,60,5,10681308235232454335,8243685565898141651,17275632403265902868,208029f0494ecbe4f9679b712676d29cc5f19423969ded9fe0af47396799c39d,ca2643afe3aa086b615096585988d104e0a7d46e71bf3072d0855cfad8d81295,30,441,40,401,6.244621882976227,13.494621882976226,62.266666666666666,86.74999999999999,5.89513092108688,0.993170800109916,30,30,30,30,30,1.0,1.0,1.0,1.0,1.0,raw_runs/validation/attack_sweep_bursty/level_60/pair_05.jsonl.gz,7977218cf282820785ce11aaa1b6c6932a7da93ae1b416fcd7f2b04b02fc4874
validation,bursty,attack_sweep_bursty,attack,60,6,15358484506539861972,8736930151456351088,17747805018576612036,21689fe0cb9b05d9021692a950d60893911cdaa198370d77942d3c4dca6b4268,5639264595f2b5c7ba00fce98ccf8adda2f3cf22aae47ce8b642266c9ea3b677,30,411,34,377,6.02801294188172,13.27801294188172,60.233333333333334,85.1,5.8482211232372014,0.9956835354199287,30,30,30,30,30,1.0,1.0,1.0,1.0,1.0,raw_runs/validation/attack_sweep_bursty/level_60/pair_06.jsonl.gz,70d152f176b81e4fbd995b5044abf5dd7c067b15d7c819b9d2b4dff2dafff272
validation,bursty,attack_sweep_bursty,attack,60,7,1908953456111759179,13730453916256158984,13736362977659142080,a05f07c979a1ac2d71ed31ff315fd9b9477883d15ce9db877116939fa840a5ec,66a2a0907255d2c4fccbe3f8267cafdb0f15da9c21cd3cc116dd6c785b1ac911,30,420,47,373,6.168908557190404,13.418908557190404,66.1,100.19999999999999,5.948717563209962,0.9969097696847901,30,30,30,30,30,1.0,1.0,1.0,1.0,1.0,raw_runs/validation/attack_sweep_bursty/level_60/pair_07.jsonl.gz,d6e17b085faee971717708a5088e55b158cb289ed0cb53580c1d57b82de1ccff
validation,bursty,attack_sweep_bursty,attack,60,8,5432635473106242675,6302575341774746544,16978267967421695122,4df709601de14d13f86273b2da418ae757b8935c69b1ee16d466a15d9d10a623,fe84f003439bc69f296a83fc94fa89a269f65469007b497f5e214ceeae6f3769,30,386,36,350,6.0453821300559305,13.29538213005593,58.53333333333333,89.1,5.794392668853572,1.0,30,30,30,30,30,1.0,1.0,1.0,1.0,1.0,raw_runs/validation/attack_sweep_bursty/level_60/pair_08.jsonl.gz,ce6e1fd9e02ed1a15d79dec42ef8f4a8b6b8dbac65b6f2c6beecb4afd7febd4c
validation,bursty,attack_sweep_bursty,attack,60,9,4294892300995550161,15598110031629645083,9577199370774035401,fe6a05086f0dc313c2f141203b5b64630c64fae5643ebabd5bdc933633a849c5,69413e6603bf4c13c5fcd87d9207efec0701c37c069078fd4bd79656bde9253c,30,395,39,356,6.207461716399334,13.457461716399333,63.03333333333333,88.1,5.936394255579917,1.0,30,30,30,30,30,1.0,1.0,1.0,1.0,1.0,raw_runs/validation/attack_sweep_bursty/level_60/pair_09.jsonl.gz,c27568518e71ccbd911e2f8eefeb1f7e5f4c9283f46b22acbde6901598395c7b
validation,bursty,attack_sweep_bursty,attack,120,0,6343223648374679314,13547544534982065781,10522313280753277260,62bc9f9136b570fa6b994a119fb9ee798d7cb8a18e5f0a4f7c7994cadedea555,1171d7df563b9fe0c2e457d85170e8406103050f90982f9f94cc486933af1a63,30,791,84,707,6.190374526115809,13.440374526115809,113.26666666666667,162.64999999999998,6.763691350695828,0.9970054610574112,30,30,30,30,30,1.0,1.0,1.0,1.0,1.0,raw_runs/validation/attack_sweep_bursty/level_120/pair_00.jsonl.gz,30efc9e8b7e10f3e85ad953570c030c08f4a3b43d0b00b70cb858028327e3428
validation,bursty,attack_sweep_bursty,attack,120,1,10485689392433755321,14086714093093734968,500946056765937332,9a8d597811021323b5ee2f7a073d6c9c2c89d2d66caa2dfd2857d6749319cd66,1a0c76136dca4fb9df4a27e6c3a4315888dfe59d1333010f90499a44ecd4121e,30,779,72,707,6.171322626713447,13.421322626713447,117.43333333333334,159.1,6.7967295461472945,0.9959975716638922,30,30,30,30,30,1.0,1.0,1.0,1.0,1.0,raw_runs/validation/attack_sweep_bursty/level_120/pair_01.jsonl.gz,3fda13b6a553fc3c6da6a8ab807675c4d0524103654ce1107c9de0aa860f3504
validation,bursty,attack_sweep_bursty,attack,120,2,14225129792427501652,12730096511852318829,14209347296056308905,c3122933dcfd25344d24f0c77be4e5339dd46a3b1e75624a7f10b095318ec5cc,b7f80cde18bc2ce0bb241fc4b1ddeeb6595c3ca9a38250b1d777786224e979a5,30,729,92,637,6.07769283657476,13.327692836574759,121.33333333333333,173.39999999999998,6.849770416721552,0.9982965507404451,30,30,30,30,30,1.0,1.0,1.0,1.0,1.0,raw_runs/validation/attack_sweep_bursty/level_120/pair_02.jsonl.gz,9d1023484a303bdde8c5266f0fb3f3782ad9fac1485484c2bb9ee6ac66e2adea
validation,bursty,attack_sweep_bursty,attack,120,3,16348644471646703601,1558183538901609871,16002738648972241030,6e642d450261d0d857a7396959aff64362d8e4cd7f9371660213e927476a572b,c65e90272a18a0ef1321287c8b480548a425e999c2efe7161855fd2606a15b8e,30,787,83,704,6.036736511302253,13.286736511302253,129.76666666666668,178.55,6.94662723524037,0.9936822835031764,30,30,30,30,30,1.0,1.0,1.0,1.0,1.0,raw_runs/validation/attack_sweep_bursty/level_120/pair_03.jsonl.gz,a3b75adafbfb295c0e9cff21aded75b6bd5e0c6ea824416e23299c03b68f4c97
validation,bursty,attack_sweep_bursty,attack,120,4,3343736546488695615,9124391271348376101,17023594729343169589,33ad8cf55aa059bb7cb0fe813d2a1ffd27a0a2764179ac3ec88e77118496bfbb,0f37ae3544059e10e7c05c42653f748c88fae0188322915e381ec321d2ce8950,30,824,63,761,6.132421465931037,13.382421465931037,122.26666666666667,170.64999999999998,6.863233060407399,0.9943352833272497,30,30,30,30,30,1.0,1.0,1.0,1.0,1.0,raw_runs/validation/attack_sweep_bursty/level_120/pair_04.jsonl.gz,c69a81bd857ed312013113330979be5c341bbd7ce05654d9d275372526dcc046
validation,bursty,attack_sweep_bursty,attack,120,5,11423555078912488740,944357307350427381,16261604993835631297,5250b0686c8804a9038ec207cea1ed0e1ad64fa5ad43d11ec55e937d24c91946,bd5a82f61943caf52322a48bb266dc7f289512bb6837367c9e61d85f4a21485d,30,731,70,661,6.218097328312046,13.468097328312046,118.33333333333333,168.0,6.8102136708273635,0.9976031536791712,30,30,30,30,30,1.0,1.0,1.0,1.0,1.0,raw_runs/validation/attack_sweep_bursty/level_120/pair_05.jsonl.gz,3643e2d1a018e8c7838143c739b56d3fa051952e3b6c7738549bcdb7b79fd416
validation,bursty,attack_sweep_bursty,attack,120,6,16633513658655925984,16348793242510748510,515797856826831478,1184b45631543839e463692a118eb90645e2cbf60ca67f4ebc38d478490fdbf9,0127af0822987e94a0688f5fbd1c7c00de96ddebbf2c78d9a039140fc4fdbe16,30,756,68,688,6.102210238838128,13.35221023883813,111.9,176.64999999999998,6.721539489818823,0.9928233772449839,30,30,30,30,30,1.0,1.0,1.0,1.0,1.0,raw_runs/validation/attack_sweep_bursty/level_120/pair_06.jsonl.gz,53c192234f1dd961ea408e9b87795844877c418b8fea66cff16919bc3d05fa54
validation,bursty,attack_sweep_bursty,attack,120,7,13625812922725759632,9184983685717701453,13455499236845227064,31c9d2d3059e2cc08ac37059e8012eea80569a1d7912639191a881489c99d4fd,310627f0166c45a4f239a5de531176991c54c6b0190f1fddf77f5882dcd568d2,30,799,80,719,6.079710305821841,13.329710305821841,124.86666666666666,169.29999999999998,6.891711589772351,0.9948373682061701,30,30,30,30,30,1.0,1.0,1.0,1.0,1.0,raw_runs/validation/attack_sweep_bursty/level_120/pair_07.jsonl.gz,1b9a4c854ca5df297477cb71697df53017b2083ad13354a6b28dc796d3d3d516
validation,bursty,attack_sweep_bursty,attack,120,8,6249232245833653706,2860490276323050956,7624456392754378238,1eb599f6acb5e0e7fe7ac2d4795253e303756a23a4cc20248cbdaa3a37295e5b,720d16317864a251ff13a8dff1e055755c1daa8bc716611fa3cb8dfff28399b5,30,766,70,696,6.164913085715119,13.414913085715119,125.73333333333333,182.54999999999995,6.914209672678869,0.9992306318865983,30,30,30,30,30,1.0,1.0,1.0,1.0,1.0,raw_runs/validation/attack_sweep_bursty/level_120/pair_08.jsonl.gz,f7cc3960f5d1450fd40586ff80507cb7be3d24caa29d9a671d6d7b3b2a76d8e6
validation,bursty,attack_sweep_bursty,attack,120,9,4181695058086570736,2322558530635670792,4721901624807022858,c15b4b9018aa6f71fcb2e61df621c81c9d024d7547f3900904a82046929115f0,994ba69d9fe35291e208e4dc54e860abeaff1515fec46b2678ff57f9d87ae11b,30,769,79,690,6.040833447897237,13.290833447897237,123.56666666666666,164.55,6.89784985503356,0.998217050236352,30,30,30,30,30,1.0,1.0,1.0,1.0,1.0,raw_runs/validation/attack_sweep_bursty/level_120/pair_09.jsonl.gz,5a733f9d674cd92521a2bd4e9e7c1e3e549b95fdb0edeb0df34dd0129f657cd6
validation,bursty,attack_sweep_bursty,attack,200,0,4701589229855114122,6271973614556098947,13997499181831748679,b7ab0c7b1fb2dcf90eafe0c7cb38fe31e52ae0a06a203c656c9a3a45ff5d5827,7fdfc035c6751283e2af80fbeb61a28777017ac1cfa533af5122b2af17f0976a,30,1308,118,1190,6.001327299092992,13.251327299092992,195.4,283.2,7.529861326177348,0.9944868773183138,30,30,30,30,30,1.0,1.0,1.0,1.0,1.0,raw_runs/validation/attack_sweep_bursty/level_200/pair_00.jsonl.gz,05d048d59341befca27dbcb069c3abb46ca599a0ced5cc7eb4c438149aff4912
validation,bursty,attack_sweep_bursty,attack,200,1,4346055504009300370,11135537431613534554,10844902736725585901,7be790a3b99c6fa1fea53bd42f086a9bfef463cd936087c94a0072b2df26720d,d010fedc76afb2324620028359595025ae1def66b30dfd45e06096c073736463,30,1437,143,1294,6.194309034696226,13.444309034696225,191.26666666666668,278.95,7.498394791505327,0.9942928300091795,30,30,30,30,30,1.0,1.0,1.0,1.0,1.0,raw_runs/validation/attack_sweep_bursty/level_200/pair_01.jsonl.gz,381f5aeda3875c9d09244062c38e5ce2a4c52e76f9ff495c1e36b10e79960c77
validation,bursty,attack_sweep_bursty,attack,200,2,16868993196960833280,1391611241494434084,4837113379027741134,259979b59441baa297bdbdafbc7dc38786206f7f884817d32be5fd98edf9c78b,faa5dc55a4cfa4784c024305f9e3af4630070d7cec22870eed8059c86cadd615,30,1324,125,1199,6.152102325436412,13.402102325436413,198.6,298.4,7.543021081059117,0.9940936830855719,30,30,30,30,30,1.0,1.0,1.0,1.0,1.0,raw_runs/validation/attack_sweep_bursty/level_200/pair_02.jsonl.gz,8924a792b26a32e0636d2427ee84fca88b32b3c9d5d5008045c466a2fec80970
validation,bursty,attack_sweep_bursty,attack,200,3,8158687038412735734,12997957435638302959,18321191502766478472,c1c8f0f8bdf7153818df21de0d766f3b89b81c8120d2bf90a5be5afc8309b997,baa3133d4d1df33ecc085e423959a04090a85bf5c12a995e9283e838f8399700,30,1351,135,1216,6.21115646848793,13.46115646848793,188.76666666666668,276.0,7.4760608432072795,0.992234041289106,30,30,30,30,30,1.0,1.0,1.0,1.0,1.0,raw_runs/validation/attack_sweep_bursty/level_200/pair_03.jsonl.gz,973629f5b690d7caf6eec995d0e0822c591e083b652d7ab23aa61dbc33ae41ac
validation,bursty,attack_sweep_bursty,attack,200,4,8348638206950472123,10425026101476380979,17580410186635728294,2b4e58298b63084bf8023e34d738120a721f6e7680f4d116b2c6fd7ed45e90ce,851f109cda79b98c241d60c1cbf202cf1fbb3eb9eb0288df557e3d1c0a902027,30,1314,138,1176,6.196328155095743,13.446328155095742,210.03333333333333,294.0,7.628442812613174,0.9883120705558169,30,30,30,30,30,1.0,1.0,1.0,1.0,1.0,raw_runs/validation/attack_sweep_bursty/level_200/pair_04.jsonl.gz,f6f2d680fb6df483d1a047292b3f4666aa0a21214f70849a673860d719c5f137
validation,bursty,attack_sweep_bursty,attack,200,5,4643506470548536018,5643049563632442668,11625830236510122934,f5934dbd3d8cc23877065cfbeeff24a49e7cee9abe18234b8756cd155ca7a059,1a391dec484eafdfa7db97c457eb6593eedb7993846d0d02f14746ad6c3a74f2,30,1238,124,1114,6.03463697822464,13.28463697822464,212.76666666666668,291.2,7.660320999959353,0.9943837782854938,30,30,30,30,30,1.0,1.0,1.0,1.0,1.0,raw_runs/validation/attack_sweep_bursty/level_200/pair_05.jsonl.gz,ab025e0e0a889db7e7008ccc7340b8f48580658936fdf1ea025e7a064c5eb831
validation,bursty,attack_sweep_bursty,attack,200,6,629698442340896622,1400371493518710898,1684345720484015431,2c882d18b115a86a018258f2fa500cd538d2786ac552a0bf9aa8f6c40126b5fe,07f316a514f2c4f0e7e22911f6531f5f2b2eb506a2176e7cc2727116ed8bb9db,30,1282,116,1166,6.091216521317078,13.341216521317078,209.56666666666666,291.55,7.629181253881716,0.9920952582949838,30,30,30,30,30,1.0,1.0,1.0,1.0,1.0,raw_runs/validation/attack_sweep_bursty/level_200/pair_06.jsonl.gz,a9e42bce5c71d3efe0e1cb227e5154a67f6dfb033235d9bee49e422a0f232a52
validation,bursty,attack_sweep_bursty,attack,200,7,6550117413296664092,3620761820618887768,11512717399460516058,119c34f4d057fe873c07402783a22a0e5eace251d404444c769e5cabe7ac40b7,523f4acc638e5cbd85fc2c1082ff83d6ed2b6bad7ab10e3030f1482ace070b93,30,1246,118,1128,6.170060838856954,13.420060838856955,203.9,285.0,7.59244889273391,0.9931739288017175,30,30,30,30,30,1.0,1.0,1.0,1.0,1.0,raw_runs/validation/attack_sweep_bursty/level_200/pair_07.jsonl.gz,45480e018b7617d049670d67b5a735109269f713a6da6a3422e3ac10b48082af
validation,bursty,attack_sweep_bursty,attack,200,8,13865187272159744225,14526392266173160942,16493171409568770131,dc87751c5e6d8537ac2c33b3ea42e747878485da0265858b62c92acaa32f3af9,153028b512c63f754124e9bcd5fa1897721acd7cc6434540f7538f62b10941ee,30,1277,132,1145,6.077366880296863,13.327366880296863,200.86666666666667,269.55,7.585746748433494,0.9920212626634249,30,30,30,30,30,1.0,1.0,1.0,1.0,1.0,raw_runs/validation/attack_sweep_bursty/level_200/pair_08.jsonl.gz,19e8b32e5f44ed4bcdfe19be2bb8fc7a94cf3710a6776936698f825007d75259
validation,bursty,attack_sweep_bursty,attack,200,9,5004906706923002299,17210415446823500356,2376371814346600178,58a4da72aa8aac7eefd6e16aabc58727e84faef7a56069b2d9e1e777d9b071ae,6f72d93e2a943067425a16c931902776b8151d5ee78340cdb450ac23af2e3aed,30,1350,124,1226,6.0209468335947705,13.27094683359477,200.56666666666666,297.65,7.567420961946507,0.9931484030318974,30,30,30,30,30,1.0,1.0,1.0,1.0,1.0,raw_runs/validation/attack_sweep_bursty/level_200/pair_09.jsonl.gz,723fa9b3218042da1d254fcb04cb754c2e12502ea0dc68a8fe0db5361e62ab8e
validation,bursty,benign_bursty,benign,24,0,9803342861910836838,9194423354801383329,18157463943937394086,bc16cae87f31992f84f8e5a419cbfd5883980ce3c56ad575086bd705e435e4dd,d86546863c471a02d0e839b8f42e0697d50889a6cd6bcf37eced97df04cfaf1d,30,155,155,0,6.089511126110291,13.339511126110292,24.4,34.0,4.51156867867895,0.9849384664782138,30,16,16,26,30,1.0,0.5333333333333333,0.5333333333333333,0.8666666666666667,1.0,raw_runs/validation/benign_bursty/level_24/pair_00.jsonl.gz,25b9f548445b3a54f7233c039d186adf3a57660a81981109c830baa3b05e15e8
validation,bursty,benign_bursty,benign,24,1,13366381052389997248,10185895188360222365,9176172417315975364,58b87473de5641c2fb11d492cfb9379644d7db0b6f14a7e05d1a93e6894e884b,7d319c8282645107028ef63f24b6ff1fb2b727d19cc81dcc8b2826c5ae5f0754,30,184,184,0,6.034033563522444,13.284033563522444,30.666666666666668,43.55,4.828467197777518,0.9863340953687663,30,22,22,28,30,1.0,0.7333333333333333,0.7333333333333333,0.9333333333333333,1.0,raw_runs/validation/benign_bursty/level_24/pair_01.jsonl.gz,7baefa1b7d1a0d5f545b05b842be2109dacdd7637cf5c92587f5681f7249589a
validation,bursty,benign_bursty,benign,24,2,6768612883101862582,12600552924141039545,12894290581963248598,453f704251b3c47f242cd8a8d2ffe3a51985e5fd50bf89425e22ef35a29fa5cf,6afd4db0562cb1db923481f01d6bfc2d5ed5c997270d5f307852905a005cbbdc,30,166,166,0,6.014309072718314,13.264309072718314,29.166666666666668,54.64999999999999,4.746059707666149,0.9905746840497561,30,18,18,28,30,1.0,0.6,0.6,0.9333333333333333,1.0,raw_runs/validation/benign_bursty/level_24/pair_02.jsonl.gz,9ca317e9b5e97e80206028b33f07e07e0672c2361f5af2a091cd146ac12536e7
validation,bursty,benign_bursty,benign,24,3,6260049324425438133,15770079494666898106,8699061588311460985,d2bb2ef85fcf925a57dae58d922527d852d803264cccb5588974f49709d4549a,b7b0420e0c5dbe9b0527fa77a3562f696e7d63a70ea64bb5fad4b8b0146aac81,30,170,170,0,6.232303610084183,13.482303610084184,25.2,49.0,4.519351449172066,1.0,30,13,13,26,30,1.0,0.43333333333333335,0.43333333333333335,0.8666666666666667,1.0,raw_runs/validation/benign_bursty/level_24/pair_03.jsonl.gz,8e640289ebcbbd25ec2f84155381e820354284d185f43099e0a9334a68f32da6
validation,bursty,benign_bursty,benign,24,4,4780794959553378184,15145348075810485740,13506732301996212941,c32544bb2245d0f947a34f2e017155d7ddf8735b180ee3e38afb5b37670a7ac6,f5308bbc5ecd519161ce19ca0d5798ea101738d1d9eb181c07ab0a8ca052f4ce,30,137,137,0,6.028205823519358,13.278205823519357,23.633333333333333,32.0,4.489561728402759,0.9956542232277527,30,15,15,26,30,1.0,0.5,0.5,0.8666666666666667,1.0,raw_runs/validation/benign_bursty/level_24/pair_04.jsonl.gz,27ea4566cde667fddd24fc236dba89665a87762d0349877ee4e2fa4b7bf2a3ed
validation,bursty,benign_bursty,benign,24,5,6444626758749891196,2894688630153085745,2606137346799723550,eb46eb6c559e16dbfcdeab43d6010198be3c290792cd864530370d4ebff32779,93a37d1f6a46959da27304b3f178acc118845a3928af7ea25a037541bfd30308,30,157,157,0,6.028756126479578,13.278756126479578,23.8,33.55,4.508733622550849,0.9908219321615906,30,13,13,28,30,1.0,0.43333333333333335,0.43333333333333335,0.9333333333333333,1.0,raw_runs/validation/benign_bursty/level_24/pair_05.jsonl.gz,0aa8869145c461d00b0af6338a7f8913f72d9ef150b936025b51c5ffb2224ae3
validation,bursty,benign_bursty,benign,24,6,15017807385840931387,4595591865311612426,1756477128001983075,bd0ddfdbbf006929537e37387e800ce853f177245830ea10a82e81581f41986f,2a141c3a3a33f93bd7256949abaa7f786d47b96750861527b03a993ba320f14d,30,133,133,0,6.164458593360093,13.414458593360093,21.366666666666667,36.55,4.280050044757655,0.9846325032853046,30,11,11,23,30,1.0,0.36666666666666664,0.36666666666666664,0.7666666666666667,1.0,raw_runs/validation/benign_bursty/level_24/pair_06.jsonl.gz,d140993abee65f57f5b085ec6c8ddbebfef197c66b1db14a5517715af96a8a71
validation,bursty,benign_bursty,benign,24,7,8552149562959649114,11413960738575079932,5014564040230157954,581ad7484376ed22ff2212cb0d3159773937bc7b66cc01b31ff9170e12319107,134f9047cafcd930e0a9fec595ddc682e01e97281e38b4e78653514b1c3a492c,30,162,162,0,6.124603133229721,13.374603133229721,21.5,29.0,4.37301665966298,1.0,30,12,12,24,30,1.0,0.4,0.4,0.8,1.0,raw_runs/validation/benign_bursty/level_24/pair_07.jsonl.gz,969424a3661db0c3a5714d6be174b969c02f21c13249d91fb5dc99d388a42918
validation,bursty,benign_bursty,benign,24,8,15970768725518078580,2873805063108315331,11321029497248015469,43330849e6a826981731e32bd5884114950294014ff1673f3286b1b4fdd3f921,97e2bea98dfa1ed15cd82377533e1f3a61aa3dfe7098391ff398a283cf92a69a,30,155,155,0,6.031359696299488,13.28135969629949,25.2,42.099999999999994,4.522015713136249,0.9914801372902146,30,17,17,23,30,1.0,0.5666666666666667,0.5666666666666667,0.7666666666666667,1.0,raw_runs/validation/benign_bursty/level_24/pair_08.jsonl.gz,e50ed5d268eff6ee8f40c14c4586cbeb6a75b13f3848fce70fdff6520d849385
validation,bursty,benign_bursty,benign,24,9,373968930109898497,14952452443238034336,12097702986707659268,b454974ca4c0851b130b25154d6d3974db729a97eab926d29ba69307072732d2,7ca335536b5437138b117089c4eb9746ee08aaf8668baa1580f07e62eb2c1fa4,30,205,205,0,6.12868666517109,13.37868666517109,27.433333333333334,41.55,4.686946520491597,0.9989583333333333,30,18,18,27,30,1.0,0.6,0.6,0.9,1.0,raw_runs/validation/benign_bursty/level_24/pair_09.jsonl.gz,6a957cea23cd7fbc528797c9d1a81f62bf67db0a338b3c0bec9d473962b0faab
validation,bursty,benign_bursty,benign,60,0,12487070739786096694,5538274702870925366,16851692644214344982,acf579d8f915fe050ae65ff1b0c4a898efbdb54bfbdd1c355d41197218fb20bb,94938c52fa46cbf0423e2105ad647e30294e81ec1168494288537b7783c1a6e6,30,402,402,0,6.142820643979903,13.392820643979903,54.2,81.0,5.661062885463709,0.9892805149522234,30,30,30,30,30,1.0,1.0,1.0,1.0,1.0,raw_runs/validation/benign_bursty/level_60/pair_00.jsonl.gz,9e0b6fe128cd54d27deff820ed6dcb2805159353295a79f01a4ed36a17b4150c
validation,bursty,benign_bursty,benign,60,1,1233774076934693432,368104975574429790,675595123895095961,22e8d764f09809d18bbfcab23f692f12506e1a674469571479b1679ec72b933e,8fa4d23a21cf0d9f34309f51795814a86b1d50145f4f70590905fbae4773d809,30,439,439,0,6.107349205727546,13.357349205727546,59.63333333333333,85.55,5.812390142423643,0.9908229281864993,30,30,30,30,30,1.0,1.0,1.0,1.0,1.0,raw_runs/validation/benign_bursty/level_60/pair_01.jsonl.gz,2b339a4f68db334813f1c6244db528fadfc8dc956d83a7b5082fed0af5f733ff
validation,bursty,benign_bursty,benign,60,2,8829653206436101812,750267707335277350,12378599315663589929,fcafee2c74d31cfd35f50ef4f231ece1b3e10ca8829f217c4088c56b91765092,7847825f7e0ca96a55880e9548efa2d8178438b185ce8b640d7555581cea2913,30,401,401,0,6.159013665368146,13.409013665368146,51.43333333333333,85.19999999999999,5.5532069307817995,0.9810285167800187,30,29,29,30,30,1.0,0.9666666666666667,0.9666666666666667,1.0,1.0,raw_runs/validation/benign_bursty/level_60/pair_02.jsonl.gz,a80fa66b20478d610fca000576705cff74d842032bce29c2a66d517112e59d66
validation,bursty,benign_bursty,benign,60,3,13971988729943770202,15836958982476396800,14921222426071504640,24f55e401bf06f00278e34e026fcdb683e5db722e46eb62aa3435dd100424db8,564e393f52d806f9c610f4c44ff10c47f01cb0d30564904bd0f7307f9febeba8,30,392,392,0,6.000850590789077,13.250850590789078,51.8,76.0,5.613548191162066,0.9907326311505141,30,30,30,30,30,1.0,1.0,1.0,1.0,1.0,raw_runs/validation/benign_bursty/level_60/pair_03.jsonl.gz,58edc080ce23636d1b9314136f1fd74fb004aaaafeb65ea3c2408a715d2cd025
validation,bursty,benign_bursty,benign,60,4,12197661544791214125,10322430620076629273,13896935055190749748,4bd8568933f312800d8734e0027540d7922677934047cff4501aa352b89a7fc8,f60599ad1ebcc01fb29de74016e57df776c89304f2e18a928b278a34fb6c6802,30,353,353,0,6.020478402221314,13.270478402221315,57.5,83.1,5.7626064851963115,0.9905991202135698,30,30,30,30,30,1.0,1.0,1.0,1.0,1.0,raw_runs/validation/benign_bursty/level_60/pair_04.jsonl.gz,af49a3af442eb286d121f21843a170e05dcbb7889c00e8d98f2e12e2800025bd
validation,bursty,benign_bursty,benign,60,5,10681308235232454335,8243685565898141651,14357971937276935330,208029f0494ecbe4f9679b712676d29cc5f19423969ded9fe0af47396799c39d,ca2643afe3aa086b615096585988d104e0a7d46e71bf3072d0855cfad8d81295,30,441,441,0,6.244621882976227,13.494621882976226,62.266666666666666,86.74999999999999,5.879865862323996,0.9855382707284739,30,30,30,30,30,1.0,1.0,1.0,1.0,1.0,raw_runs/validation/benign_bursty/level_60/pair_05.jsonl.gz,cbc36409c76898cb4d318e9d86d333ef1320c847785ad1939e0994da59359830
validation,bursty,benign_bursty,benign,60,6,15358484506539861972,8736930151456351088,8771563442273182912,21689fe0cb9b05d9021692a950d60893911cdaa198370d77942d3c4dca6b4268,5639264595f2b5c7ba00fce98ccf8adda2f3cf22aae47ce8b642266c9ea3b677,30,411,411,0,6.02801294188172,13.27801294188172,60.233333333333334,85.1,5.83469528868001,0.9889206181413318,30,30,30,30,30,1.0,1.0,1.0,1.0,1.0,raw_runs/validation/benign_bursty/level_60/pair_06.jsonl.gz,6959f27d3447b209fd1565cc0183a25effeab1139f8cc8dc1335c44416612c1c
validation,bursty,benign_bursty,benign,60,7,1908953456111759179,13730453916256158984,639723791948711156,a05f07c979a1ac2d71ed31ff315fd9b9477883d15ce9db877116939fa840a5ec,66a2a0907255d2c4fccbe3f8267cafdb0f15da9c21cd3cc116dd6c785b1ac911,30,420,420,0,6.168908557190404,13.418908557190404,66.1,100.19999999999999,5.9334040832264385,0.9892530296930289,30,30,30,30,30,1.0,1.0,1.0,1.0,1.0,raw_runs/validation/benign_bursty/level_60/pair_07.jsonl.gz,2117c74b70b9460afa99ba51aaf6f03b128098dbfcc67cc06ce2449a2d7db9a4
validation,bursty,benign_bursty,benign,60,8,5432635473106242675,6302575341774746544,7646083556680532282,4df709601de14d13f86273b2da418ae757b8935c69b1ee16d466a15d9d10a623,fe84f003439bc69f296a83fc94fa89a269f65469007b497f5e214ceeae6f3769,30,386,386,0,6.0453821300559305,13.29538213005593,58.53333333333333,89.1,5.743796284253938,0.9747018077001836,30,30,30,30,30,1.0,1.0,1.0,1.0,1.0,raw_runs/validation/benign_bursty/level_60/pair_08.jsonl.gz,26296e7cfc6ed6722059d79dcc87dac2c0363ce105851827a6f71cba96af83b5
validation,bursty,benign_bursty,benign,60,9,4294892300995550161,15598110031629645083,5379685419395629896,fe6a05086f0dc313c2f141203b5b64630c64fae5643ebabd5bdc933633a849c5,69413e6603bf4c13c5fcd87d9207efec0701c37c069078fd4bd79656bde9253c,30,395,395,0,6.207461716399334,13.457461716399333,63.03333333333333,88.1,5.918264407603565,0.9909350760118242,30,30,30,30,30,1.0,1.0,1.0,1.0,1.0,raw_runs/validation/benign_bursty/level_60/pair_09.jsonl.gz,c2f05f7d40062d07413b59c316c98853e06c8b3dc80559403b1ffeb133d89f0f
validation,bursty,benign_bursty,benign,120,0,6343223648374679314,13547544534982065781,11372089149446324352,62bc9f9136b570fa6b994a119fb9ee798d7cb8a18e5f0a4f7c7994cadedea555,1171d7df563b9fe0c2e457d85170e8406103050f90982f9f94cc486933af1a63,30,791,791,0,6.190374526115809,13.440374526115809,113.26666666666667,162.64999999999998,6.694432414383373,0.9628951826491173,30,30,30,30,30,1.0,1.0,1.0,1.0,1.0,raw_runs/validation/benign_bursty/level_120/pair_00.jsonl.gz,65183382dbf279f075c478c8cdf405df3d1a486f821bd6f1a756a9b11660cfd1
validation,bursty,benign_bursty,benign,120,1,10485689392433755321,14086714093093734968,12861600723281398139,9a8d597811021323b5ee2f7a073d6c9c2c89d2d66caa2dfd2857d6749319cd66,1a0c76136dca4fb9df4a27e6c3a4315888dfe59d1333010f90499a44ecd4121e,30,779,779,0,6.171322626713447,13.421322626713447,117.43333333333334,159.1,6.731894470938859,0.9642567999687752,30,30,30,30,30,1.0,1.0,1.0,1.0,1.0,raw_runs/validation/benign_bursty/level_120/pair_01.jsonl.gz,3897633c6698ac03780bf5bd9e98deeca0a04ea0c36486e5e5d8333ca4bc176e
validation,bursty,benign_bursty,benign,120,2,14225129792427501652,12730096511852318829,1221551568384209846,c3122933dcfd25344d24f0c77be4e5339dd46a3b1e75624a7f10b095318ec5cc,b7f80cde18bc2ce0bb241fc4b1ddeeb6595c3ca9a38250b1d777786224e979a5,30,729,729,0,6.07769283657476,13.327692836574759,121.33333333333333,173.39999999999998,6.779278235605277,0.9630504601823079,30,30,30,30,30,1.0,1.0,1.0,1.0,1.0,raw_runs/validation/benign_bursty/level_120/pair_02.jsonl.gz,d4ee20245d246b81b620405656617e13fc2f2f64fbec3c61b01e32a1147d48b9
validation,bursty,benign_bursty,benign,120,3,16348644471646703601,1558183538901609871,180314855606078885,6e642d450261d0d857a7396959aff64362d8e4cd7f9371660213e927476a572b,c65e90272a18a0ef1321287c8b480548a425e999c2efe7161855fd2606a15b8e,30,787,787,0,6.036736511302253,13.286736511302253,129.76666666666668,178.55,6.9127449676405375,0.9767411497032605,30,30,30,30,30,1.0,1.0,1.0,1.0,1.0,raw_runs/validation/benign_bursty/level_120/pair_03.jsonl.gz,2e34c50273b8a54c621230a0da72714ca4caf94b48ec9957f1e842cca87e9f28
validation,bursty,benign_bursty,benign,120,4,3343736546488695615,9124391271348376101,10365090365376948432,33ad8cf55aa059bb7cb0fe813d2a1ffd27a0a2764179ac3ec88e77118496bfbb,0f37ae3544059e10e7c05c42653f748c88fae0188322915e381ec321d2ce8950,30,824,824,0,6.132421465931037,13.382421465931037,122.26666666666667,170.64999999999998,6.819869233838457,0.972653370042778,30,30,30,30,30,1.0,1.0,1.0,1.0,1.0,raw_runs/validation/benign_bursty/level_120/pair_04.jsonl.gz,6f272e95989581adf3a7df1fe5af2dc20f9a456dce088421155252ace1fb01ea
validation,bursty,benign_bursty,benign,120,5,11423555078912488740,944357307350427381,9925287894318133815,5250b0686c8804a9038ec207cea1ed0e1ad64fa5ad43d11ec55e937d24c91946,bd5a82f61943caf52322a48bb266dc7f289512bb6837367c9e61d85f4a21485d,30,731,731,0,6.218097328312046,13.468097328312046,118.33333333333333,168.0,6.74527856494669,0.9653593885837805,30,30,30,30,30,1.0,1.0,1.0,1.0,1.0,raw_runs/validation/benign_bursty/level_120/pair_05.jsonl.gz,31666ccd636f9a7c7e721f38509d9e1e0d830cc9fb90b57ecf17b1c76ff7e5bf
validation,bursty,benign_bursty,benign,120,6,16633513658655925984,16348793242510748510,11170328358347162259,1184b45631543839e463692a118eb90645e2cbf60ca67f4ebc38d478490fdbf9,0127af0822987e94a0688f5fbd1c7c00de96ddebbf2c78d9a039140fc4fdbe16,30,756,756,0,6.102210238838128,13.35221023883813,111.9,176.64999999999998,6.675575614698312,0.9700985532010011,30,30,30,30,30,1.0,1.0,1.0,1.0,1.0,raw_runs/validation/benign_bursty/level_120/pair_06.jsonl.gz,73bb51dfe097c5036752a10f988504fd5aca4ee221c48b1d512449173be7cdb5
validation,bursty,benign_bursty,benign,120,7,13625812922725759632,9184983685717701453,478925579745369469,31c9d2d3059e2cc08ac37059e8012eea80569a1d7912639191a881489c99d4fd,310627f0166c45a4f239a5de531176991c54c6b0190f1fddf77f5882dcd568d2,30,799,799,0,6.079710305821841,13.329710305821841,124.86666666666666,169.29999999999998,6.856270740406951,0.9771169435234701,30,30,30,30,30,1.0,1.0,1.0,1.0,1.0,raw_runs/validation/benign_bursty/level_120/pair_07.jsonl.gz,9f772bf7d6a943d3879898313e3e313e90201f844be51330d8838717f48d1f90
validation,bursty,benign_bursty,benign,120,8,6249232245833653706,2860490276323050956,9916602583825229037,1eb599f6acb5e0e7fe7ac2d4795253e303756a23a4cc20248cbdaa3a37295e5b,720d16317864a251ff13a8dff1e055755c1daa8bc716611fa3cb8dfff28399b5,30,766,766,0,6.164913085715119,13.414913085715119,125.73333333333333,182.54999999999995,6.852357527434685,0.9687315441260147,30,30,30,30,30,1.0,1.0,1.0,1.0,1.0,raw_runs/validation/benign_bursty/level_120/pair_08.jsonl.gz,d3f24b2d662c99c26277f356be15123633eedbb3fc51f148f6eae6a1e6121503
validation,bursty,benign_bursty,benign,120,9,4181695058086570736,2322558530635670792,17766464507714419377,c15b4b9018aa6f71fcb2e61df621c81c9d024d7547f3900904a82046929115f0,994ba69d9fe35291e208e4dc54e860abeaff1515fec46b2678ff57f9d87ae11b,30,769,769,0,6.040833447897237,13.290833447897237,123.56666666666666,164.55,6.865264974445036,0.9823717572351183,30,30,30,30,30,1.0,1.0,1.0,1.0,1.0,raw_runs/validation/benign_bursty/level_120/pair_09.jsonl.gz,0de12f3d6aeb3fb601025e577fa8fa860f8f3222cb1811de36bb888f06fcbc6a
validation,bursty,benign_bursty,benign,200,0,4701589229855114122,6271973614556098947,1628551215687149776,b7ab0c7b1fb2dcf90eafe0c7cb38fe31e52ae0a06a203c656c9a3a45ff5d5827,7fdfc035c6751283e2af80fbeb61a28777017ac1cfa533af5122b2af17f0976a,30,1308,1308,0,6.001327299092992,13.251327299092992,195.4,283.2,7.450435425133945,0.9549649183450662,30,30,30,30,30,1.0,1.0,1.0,1.0,1.0,raw_runs/validation/benign_bursty/level_200/pair_00.jsonl.gz,7864a4070e44c61ede1bbcdac67db8f979a257ac2ec3a95e12a28c174cbdcc93
validation,bursty,benign_bursty,benign,200,1,4346055504009300370,11135537431613534554,17995182408396664718,7be790a3b99c6fa1fea53bd42f086a9bfef463cd936087c94a0072b2df26720d,d010fedc76afb2324620028359595025ae1def66b30dfd45e06096c073736463,30,1437,1437,0,6.194309034696226,13.444309034696225,191.26666666666668,278.95,7.414563238469274,0.9537167633367113,30,30,30,30,30,1.0,1.0,1.0,1.0,1.0,raw_runs/validation/benign_bursty/level_200/pair_01.jsonl.gz,32f8bbdd7adde026b1e9f959e140b27075e1dd39dc68725e11e8181b82bb2c97
validation,bursty,benign_bursty,benign,200,2,16868993196960833280,1391611241494434084,704871158448132391,259979b59441baa297bdbdafbc7dc38786206f7f884817d32be5fd98edf9c78b,faa5dc55a4cfa4784c024305f9e3af4630070d7cec22870eed8059c86cadd615,30,1324,1324,0,6.152102325436412,13.402102325436413,198.6,298.4,7.453930986137012,0.9501545687617841,30,30,30,30,30,1.0,1.0,1.0,1.0,1.0,raw_runs/validation/benign_bursty/level_200/pair_02.jsonl.gz,c948621464069ce27a3c89d1dd1279efa74753b3f70f14fc298d3516b176f36c
validation,bursty,benign_bursty,benign,200,3,8158687038412735734,12997957435638302959,10814092530593544899,c1c8f0f8bdf7153818df21de0d766f3b89b81c8120d2bf90a5be5afc8309b997,baa3133d4d1df33ecc085e423959a04090a85bf5c12a995e9283e838f8399700,30,1351,1351,0,6.21115646848793,13.46115646848793,188.76666666666668,276.0,7.403258416215797,0.9559072742925925,30,30,30,30,30,1.0,1.0,1.0,1.0,1.0,raw_runs/validation/benign_bursty/level_200/pair_03.jsonl.gz,f1fe72416437f15719bd083bd6deba25dec8374c6bcec5aaa01e78d6eb34328c
validation,bursty,benign_bursty,benign,200,4,8348638206950472123,10425026101476380979,11046982743568672799,2b4e58298b63084bf8023e34d738120a721f6e7680f4d116b2c6fd7ed45e90ce,851f109cda79b98c241d60c1cbf202cf1fbb3eb9eb0288df557e3d1c0a902027,30,1314,1314,0,6.196328155095743,13.446328155095742,210.03333333333333,294.0,7.555877667210393,0.952501172755712,30,30,30,30,30,1.0,1.0,1.0,1.0,1.0,raw_runs/validation/benign_bursty/level_200/pair_04.jsonl.gz,0a88197efebdf7e636c4500cee03e8a55737dfc6572c6f2788e83888874fa704
validation,bursty,benign_bursty,benign,200,5,4643506470548536018,5643049563632442668,6315670379693930156,f5934dbd3d8cc23877065cfbeeff24a49e7cee9abe18234b8756cd155ca7a059,1a391dec484eafdfa7db97c457eb6593eedb7993846d0d02f14746ad6c3a74f2,30,1238,1238,0,6.03463697822464,13.28463697822464,212.76666666666668,291.2,7.579906509764711,0.9547049267631478,30,30,30,30,30,1.0,1.0,1.0,1.0,1.0,raw_runs/validation/benign_bursty/level_200/pair_05.jsonl.gz,1fee0fcacea2915d6e1b0151154fe6db151dfc09a61326e3cc1e990652bcb784
validation,bursty,benign_bursty,benign,200,6,629698442340896622,1400371493518710898,12908762554765180301,2c882d18b115a86a018258f2fa500cd538d2786ac552a0bf9aa8f6c40126b5fe,07f316a514f2c4f0e7e22911f6531f5f2b2eb506a2176e7cc2727116ed8bb9db,30,1282,1282,0,6.091216521317078,13.341216521317078,209.56666666666666,291.55,7.53259575578118,0.9443739451939704,30,30,30,30,30,1.0,1.0,1.0,1.0,1.0,raw_runs/validation/benign_bursty/level_200/pair_06.jsonl.gz,bf73a3182fabae60b372ea51483cc132774ff4704f539486bbbda68d74fc7f52
validation,bursty,benign_bursty,benign,200,7,6550117413296664092,3620761820618887768,5144525026260770069,119c34f4d057fe873c07402783a22a0e5eace251d404444c769e5cabe7ac40b7,523f4acc638e5cbd85fc2c1082ff83d6ed2b6bad7ab10e3030f1482ace070b93,30,1246,1246,0,6.170060838856954,13.420060838856955,203.9,285.0,7.499619212807406,0.9477384902940031,30,30,30,30,30,1.0,1.0,1.0,1.0,1.0,raw_runs/validation/benign_bursty/level_200/pair_07.jsonl.gz,bf26ef4869fb360787d3b11209de5aa8628266b2613ead5724d648097c57603b
validation,bursty,benign_bursty,benign,200,8,13865187272159744225,14526392266173160942,16252127386474264691,dc87751c5e6d8537ac2c33b3ea42e747878485da0265858b62c92acaa32f3af9,153028b512c63f754124e9bcd5fa1897721acd7cc6434540f7538f62b10941ee,30,1277,1277,0,6.077366880296863,13.327366880296863,200.86666666666667,269.55,7.498107467373135,0.9485178001146609,30,30,30,30,30,1.0,1.0,1.0,1.0,1.0,raw_runs/validation/benign_bursty/level_200/pair_08.jsonl.gz,fc3d4663ce4973e1f796a9be9b59a25c5e946fd24b776b43267da78178048299
validation,bursty,benign_bursty,benign,200,9,5004906706923002299,17210415446823500356,15869360642398797787,58a4da72aa8aac7eefd6e16aabc58727e84faef7a56069b2d9e1e777d9b071ae,6f72d93e2a943067425a16c931902776b8151d5ee78340cdb450ac23af2e3aed,30,1350,1350,0,6.0209468335947705,13.27094683359477,200.56666666666666,297.65,7.501932021672753,0.9604754184539381,30,30,30,30,30,1.0,1.0,1.0,1.0,1.0,raw_runs/validation/benign_bursty/level_200/pair_09.jsonl.gz,5fc92c2f0fa2c704c2ac337a7bb0be93fcadb803dc6e30fbd2e0ddd3caf79e76
validation,continuous,attack_dup_sweep_continuous,attack,24,0,3673551644062057245,4272863141513858583,16722509125492765839,f14709a3a82a9adf80cdf50bea442aa1b5635b1ab6e5b084d05682067df77b58,7e43092719123c1f49c34abba26e21cca687cf75487111a7c6ee3a1977d686ce,30,161,14,147,6.234382007816665,13.484382007816665,23.733333333333334,29.0,3.674064430177901,0.5644844212808476,30,0,18,6,0,1.0,0.0,0.6,0.2,0.0,raw_runs/validation/attack_dup_sweep_continuous/level_24/pair_00.jsonl.gz,d81ec4ecd6af7797f89614b95c18addaabacff8d2c46ee9a30c8336182ec42bd
validation,continuous,attack_dup_sweep_continuous,attack,24,1,11431027195870344778,1373759827185832907,9754946470994311546,9cf3ff1a90de66ecb8047b4108ed1b4be3aaf76ba49f703086e560176fa195e0,b287d570496f838e676c7fce09d989f51c0793c2cbeca0ae402dcf708d4ba39b,30,135,10,125,6.0686765558200895,13.31867655582009,21.666666666666668,29.549999999999997,3.553345288045996,0.5721089334777213,30,0,10,3,0,1.0,0.0,0.3333333333333333,0.1,0.0,raw_runs/validation/attack_dup_sweep_continuous/level_24/pair_01.jsonl.gz,f38fc79127d523c8a21d8cd4d57306f966419106955de1f0587dec319d880012
validation,continuous,attack_dup_sweep_continuous,attack,24,2,12954679955638620947,12589799611093494771,7182334551728756358,5ccd0afe230bad1728d4d46588605c0a1f391a33d4f782d33093e99189617e37,aec1c05566a04d8cb1b26bb12bc485eb552617ec016b5829b3aa57021fa2d8ff,30,142,19,123,6.053308136644306,13.303308136644306,19.1,22.549999999999997,3.464738243923981,0.610306246253211,30,0,1,0,2,1.0,0.0,0.03333333333333333,0.0,0.06666666666666667,raw_runs/validation/attack_dup_sweep_continuous/level_24/pair_02.jsonl.gz,4603df417e42195abaea499eca3e5dda879d073ef999d26b22fb60c1f0ed5964
validation,continuous,attack_dup_sweep_continuous,attack,24,3,8481146232666450752,9354429047332502121,2614366946368556749,30fd54d3df2e7de751dd6dd4530b984202199697fb9404665ac2f65f0d77514f,c6ea0b96092e2300a19bcfabe3e90a3007be2ef0e78caf1238e44d15068e79ca,30,149,17,132,6.118608159310356,13.368608159310355,22.133333333333333,28.0,3.61137245225961,0.5847157483587689,30,0,13,0,0,1.0,0.0,0.43333333333333335,0.0,0.0,raw_runs/validation/attack_dup_sweep_continuous/level_24/pair_03.jsonl.gz,f66899a16ab33dccfe885cbee8aa559706c6e4bfdf4fd01374839628ea2279f1
validation,continuous,attack_dup_sweep_continuous,attack,24,4,13567976593199891232,11869737719354102219,5346297350283740949,16782fe9392048f501a07a9349f6cd70dfd44aabac13e1a4341548e8617e6cf9,3612c26924b9bfb7887bc616e06259ca600132fc0835f4e1e808eb853ab07457,30,173,15,158,6.20645561119592,13.45645561119592,26.333333333333332,32.55,3.82217909313508,0.5646240281323588,30,0,20,11,0,1.0,0.0,0.6666666666666666,0.36666666666666664,0.0,raw_runs/validation/attack_dup_sweep_continuous/level_24/pair_04.jsonl.gz,45d66b3116edc3f74e2238e83b548930e8b388f4c3c6d794a85d60950bcde5fb
validation,continuous,attack_dup_sweep_continuous,attack,24,5,14241141027202146377,16910298076832345794,2175368280308038586,c64506d26b9cb3276aa56da9f809c113388888bd307b66f019c15685d6e6d319,b3e3d1d5f512ce8d8797efbf95c49eb29c4b939be97cbb820b48491562c5f149,30,167,18,149,6.060113195098379,13.310113195098378,24.166666666666668,29.549999999999997,3.7155024654755406,0.567467340372873,30,0,15,2,0,1.0,0.0,0.5,0.06666666666666667,0.0,raw_runs/validation/attack_dup_sweep_continuous/level_24/pair_05.jsonl.gz,addcd25fff7fa7070aed65f8a163652c79023a6f65c0835f9b8dd97bef6b2174
validation,continuous,attack_dup_sweep_continuous,attack,24,6,7562000033540531603,14073620602045082575,790154746106720964,a47e606da4758e02fbb00ff865e9e02491a25f46f55b77f7f46a93819ff72e2d,29a98548dd92683e7bb349395b80d08551220d8ffa6d3ca94f5a837926233015,30,154,15,139,6.21052951230692,13.46052951230692,24.9,31.0,3.731566114458838,0.5599743303174288,30,0,19,3,0,1.0,0.0,0.6333333333333333,0.1,0.0,raw_runs/validation/attack_dup_sweep_continuous/level_24/pair_06.jsonl.gz,7b8a03b1ca6562649fbb6fc4e90253c47f658c0f67e06d11550fd4b8c611ff65
validation,continuous,attack_dup_sweep_continuous,attack,24,7,11011284618895436610,11117433691203936528,212506866956915095,a0e455794e4588d61bd139eb6af952c0edf7de2dea619d571e437d6ba226e2ea,d2890c5071dd8d0b4eef91ba2b48150878f2b97d3d29c41b6ca0439bf1ee503c,30,126,18,108,6.108341395269573,13.358341395269573,18.666666666666668,22.0,3.4485717287403044,0.6206165056134096,30,0,1,0,4,1.0,0.0,0.03333333333333333,0.0,0.13333333333333333,raw_runs/validation/attack_dup_sweep_continuous/level_24/pair_07.jsonl.gz,4d6d249ee179b3cfa04ef81f6781ae2d47b8b005636015dd474926f5520aaf0f
validation,continuous,attack_dup_sweep_continuous,attack,24,8,9701534151890880810,8462130559846442702,3979710682339320876,d283b9dbaa5956662ae2b6b6fced7526591d0c76dd13af0a9ef0ec52b7f926ba,e64ad10e793a70553a0b67b5ca3f80199b69f5540faac7391f8c05578cfa53a7,30,146,15,131,6.238899994528942,13.488899994528943,22.6,29.099999999999994,3.6426063293460658,0.58024467522265,30,0,8,3,0,1.0,0.0,0.26666666666666666,0.1,0.0,raw_runs/validation/attack_dup_sweep_continuous/level_24/pair_08.jsonl.gz,485004bbf160359b961aa248ea6533ee36a791a4d7b4d85590257ea2f57de007
validation,continuous,attack_dup_sweep_continuous,attack,24,9,3976943928879552847,8540069899174104864,12568219467588470289,0d6a0dfd7da38cee1e696560589b83e47537aee4a40b060980970e1b4a312677,cb2156bdae3475ccb38616928a27cfe71b65a0220e94824be00bae3408e19aa8,30,166,22,144,6.156191287871627,13.406191287871627,25.1,30.0,3.808077082558928,0.5904408649533222,30,0,20,7,0,1.0,0.0,0.6666666666666666,0.23333333333333334,0.0,raw_runs/validation/attack_dup_sweep_continuous/level_24/pair_09.jsonl.gz,d225b8d8de7e1de46b8e36d43c5903a1adb9d5ed700fac1aa625c829ce047eca
validation,continuous,attack_dup_sweep_continuous,attack,60,0,10210537045640306180,13039003191039599806,10076502340986195368,af412e451e0a9d864497762d3d3daf9e23341fcf0619ecf1625b34dbddf9ffc3,c1a14a55c44653a359cb62d57f10447f3109c4349dad6f1c969f38f4295d0d21,30,369,34,335,6.096508261760505,13.346508261760505,57.1,70.0,4.9285960132199325,0.5543817649841899,30,0,30,30,0,1.0,0.0,1.0,1.0,0.0,raw_runs/validation/attack_dup_sweep_continuous/level_60/pair_00.jsonl.gz,64f41010acd0bea419288272d563ec73dfb247d2669ca023c6a1c113afa3608e
validation,continuous,attack_dup_sweep_continuous,attack,60,1,9928620648339921539,13239255145390138332,2952666526362971242,7b87895d2a2d29e2146f3fe6dc6f5ca11bb90236e9181d8bd367665f08cb156b,6b7b8fbbc812680ff429edb5d044afd98182d4a0c8934cd3195c0d9297d3fe3d,30,392,41,351,6.041834152060623,13.291834152060623,64.4,73.64999999999999,5.137022332848354,0.5671996547697602,30,0,30,30,0,1.0,0.0,1.0,1.0,0.0,raw_runs/validation/attack_dup_sweep_continuous/level_60/pair_01.jsonl.gz,08faab68587916f31ae1b60b8be8815431f9e5866fff58ccd8a6cda7a41bf50b
validation,continuous,attack_dup_sweep_continuous,attack,60,2,7522586624996396663,1904021104845447304,8812154105317145938,cbd1e0fd11b9c66df17919123c72d4d52577bfec31e37ce971a610e8f0c7030a,8e4e591def36cde9898810f542dd74c5ce84f4daad10862cd2da1bfac4d8d4b9,30,411,41,370,6.096715117160257,13.346715117160258,63.166666666666664,72.0,5.107690936656472,0.566018338233478,30,0,30,30,0,1.0,0.0,1.0,1.0,0.0,raw_runs/validation/attack_dup_sweep_continuous/level_60/pair_02.jsonl.gz,923c5832ce5ac70004eaaa551807e8928ac811943eedf2f3719da46604a1e3bc
validation,continuous,attack_dup_sweep_continuous,attack,60,3,15433724244603090679,170838089815200015,12880229627398205141,095237da909783f0134f570ccbaeae0ed72acac6486762d22269099e076b2301,081f4743235767a6fae0111a3561197d03067e7cb9fe9b0706726225858ff2fb,30,394,40,354,6.249703722032016,13.499703722032017,59.6,67.55,5.0074554926192345,0.5569942752206392,30,0,30,30,0,1.0,0.0,1.0,1.0,0.0,raw_runs/validation/attack_dup_sweep_continuous/level_60/pair_03.jsonl.gz,757ccc507ac7b3d66742b3e131698b9dbec868832b1ffa1ed3bb8cc2413fc76b
validation,continuous,attack_dup_sweep_continuous,attack,60,4,11038982360530583690,2879818582982038012,12916063090883086493,bde008eae84615d9d04e636373258a0cebb548f76f360aa566ec03f278eab812,f1bce65a63822632e802303bd70ae32722db025ec2a9f281e44dd61067aa9f1a,30,411,41,370,6.104050882513569,13.354050882513569,65.3,71.55,5.155462033511451,0.5661114101752175,30,0,30,30,0,1.0,0.0,1.0,1.0,0.0,raw_runs/validation/attack_dup_sweep_continuous/level_60/pair_04.jsonl.gz,9d4e0361d66e1eaf49fefb67acb103a861cd5bdd16d2faf9967894585e77afaf
validation,continuous,attack_dup_sweep_continuous,attack,60,5,6501249040653453308,14162299130731498581,11780449269411010826,206f0e1d263cfbad60ec7ce384b5dd1948d52afb11dc26e94fa3e7c2307acb58,07e1db7465123ca3410922d1aafde0caaf71a51fd4867354d16a76f9eeba0bfd,30,376,37,339,6.151044227420136,13.401044227420137,54.03333333333333,62.0,4.868102234258908,0.5593269063367698,30,0,30,30,0,1.0,0.0,1.0,1.0,0.0,raw_runs/validation/attack_dup_sweep_continuous/level_60/pair_05.jsonl.gz,2455f9bcbaebcf086ce4280390cb45eefa385aae5874b099feed2212f3f28ea7
validation,continuous,attack_dup_sweep_continuous,attack,60,6,6930678653229076526,15252313809878852804,14747127474580409917,70ff709e60fc65c6b11353f4b575bc0ac35f050acf17d759625c5fed83a84824,58d83ab25af7b71eb31d59f454dfce4d66c7c69226b7d83d68eba0c730b53062,30,404,43,361,6.058917278961883,13.308917278961882,59.06666666666667,64.0,5.021195627883826,0.572401063055857,30,0,30,30,0,1.0,0.0,1.0,1.0,0.0,raw_runs/validation/attack_dup_sweep_continuous/level_60/pair_06.jsonl.gz,b6ad4a6687e7244aeb160b87ea0c9c25701f794f07d5642a3bff2a4806e7b43d
validation,continuous,attack_dup_sweep_continuous,attack,60,7,1348166448913175725,7166705425644547172,2737346846488119909,9c25ff6011f5411deb44f5f2f1cc7a447f5e166e81f63babb85ca74b4907ced2,29eee0d9838749bd69ee6c0aa985ff5aa0df5ae253e07ae8243397ad25cbefbd,30,385,45,340,6.067832573126943,13.317832573126942,61.0,66.55,5.056165073994264,0.5658020498960421,30,0,30,30,0,1.0,0.0,1.0,1.0,0.0,raw_runs/validation/attack_dup_sweep_continuous/level_60/pair_07.jsonl.gz,922ae5b750f9984f33ca2b0bcd30d9ef3a77e074dab55f6ad79fffd35082c9da
validation,continuous,attack_dup_sweep_continuous,attack,60,8,2223942126534782594,5544788755826056274,1007179364425745757,d46f68efb57e087b0ac313facc890c869702a761d27a9615ca00f1ca377bd0e2,8b5394a2165bb9ee74ed82000d0ccbd8df76898400b0d93a13efb3d8db805c9f,30,394,46,348,6.179456669312525,13.429456669312525,59.3,62.0,4.999674951378828,0.5570216004327979,30,0,30,30,0,1.0,0.0,1.0,1.0,0.0,raw_runs/validation/attack_dup_sweep_continuous/level_60/pair_08.jsonl.gz,31421cd4d425d0d8a61439d6ceaadffb4c4295bce3d5426546f035514a46d5a6
validation,continuous,attack_dup_sweep_continuous,attack,60,9,3808796865063232507,11435988634758829509,2186391779947938301,5d58b37a0c7a604d7581585aa87e3e733dc1fe265f89a823c9582d139a894c76,d4afbb6b3d74521dc09965061e00c4832d30530d8e5520138d0aef65a1903021,30,389,31,358,6.052958211818615,13.302958211818616,59.666666666666664,68.1,4.981626239141613,0.5439440265620609,30,0,30,30,0,1.0,0.0,1.0,1.0,0.0,raw_runs/validation/attack_dup_sweep_continuous/level_60/pair_09.jsonl.gz,d73ba2a14a0e5d0b32da56f65de3dc2efda5b61a81291592296844412d1cfd4a
validation,continuous,attack_dup_sweep_continuous,attack,120,0,3323202025522884144,3919892587191201774,2686817748683511513,f8f9278ff404936092dee59d4e477b75b2c42511c6ec1fc6a5cc623d8eeece8e,f00c4984f8c4cc82a6041020385b48ec33eef93d344460594d06b6e27db1cbc0,30,832,75,757,6.081800537081934,13.331800537081934,121.86666666666666,136.64999999999998,6.012540968645427,0.5447656868029626,30,0,30,30,0,1.0,0.0,1.0,1.0,0.0,raw_runs/validation/attack_dup_sweep_continuous/level_120/pair_00.jsonl.gz,ce9bcc6438a361f1663169556dbbcf3c309dd6a6c5461937d28d6ef8ddccedb4
validation,continuous,attack_dup_sweep_continuous,attack,120,1,3632502082100150952,14458099276214665080,6844380566966953750,ecbc6687bcb310740e6bc712f003b9f38b692952aa3901087c4d94c56f9d8b8e,d2ebf761d86b21c329ab4a7e9c9a6f22c54b9a92e02360063747ec0d9288197b,30,798,89,709,6.1581349055919,13.4081349055919,117.2,133.0,5.9785443379227425,0.5571491400507346,30,0,30,30,0,1.0,0.0,1.0,1.0,0.0,raw_runs/validation/attack_dup_sweep_continuous/level_120/pair_01.jsonl.gz,c0c087aee78602c39f8c3bdeca3997245a69f407e1d7d2dc01898208d55f8b78
validation,continuous,attack_dup_sweep_continuous,attack,120,2,574697187446849259,10357320109490916321,15303696449069378350,e82e115a8f8f066384f7afe2ec68ddca56be50617790b7bb65b47541bffb5c19,9859a188ec2abfc66139c151683b1fcb9d4ad180ec3ec2ca5edf427e3c48c59b,30,805,82,723,6.17128757904506,13.42128757904506,117.66666666666667,134.64999999999998,5.988136820338654,0.5585579190312349,30,0,30,30,0,1.0,0.0,1.0,1.0,0.0,raw_runs/validation/attack_dup_sweep_continuous/level_120/pair_02.jsonl.gz,f57e127ce14f977bc9cd4c33ec613f758e9db5907d30728ffb6176cfc4b44d94
validation,continuous,attack_dup_sweep_continuous,attack,120,3,14773419784552033624,3391129516678855901,5045138135867177282,b6cd4f402a1aff22675db92cfe596880a61e34c8a937eded4c889ac4e4e8eb7a,e4a060d32a181142c2d6481d4e8acfbfe1cfc741706f3a5c83ce85ce3114cdaa,30,826,91,735,6.040220111687934,13.290220111687933,113.6,127.55,5.9197553472844495,0.5517265258254658,30,0,30,30,0,1.0,0.0,1.0,1.0,0.0,raw_runs/validation/attack_dup_sweep_continuous/level_120/pair_03.jsonl.gz,862cca068af002834325a24909c087f4c8c27adda48c072cf4888506b1622bfc
validation,continuous,attack_dup_sweep_continuous,attack,120,4,15448474526324906631,9601861437639727442,4054039074980149954,04465aa08866be6f74ad8919187f7d11ffc3b4f831502332c9cc59e3fcffe855,e3541c4a22ce9031a5e6efcc49c8038dad7ee31ec09ff28360d2b3c18562ef88,30,795,79,716,6.087009859121857,13.337009859121856,111.63333333333334,128.55,5.896976394819066,0.5503378609662372,30,0,30,30,0,1.0,0.0,1.0,1.0,0.0,raw_runs/validation/attack_dup_sweep_continuous/level_120/pair_04.jsonl.gz,3f60eb5be72a947b7b0fb64f7e9567791a62fb1f7bb009d9cabdbdc12ff1857b
validation,continuous,attack_dup_sweep_continuous,attack,120,5,1377657481134050107,1823639970583859415,5919194508779252968,d1a01dd63c9138e254f5df4dd6a28b3f0ebd712a24e754a3d35d0c3f98282301,7f8eab0a7c7da3353b9722d6a6c79ee25400ce424d4c85f77a13c4573b76ab67,30,852,89,763,6.02450567884228,13.27450567884228,126.66666666666667,144.0,6.087354962137315,0.555330891562038,30,0,30,30,0,1.0,0.0,1.0,1.0,0.0,raw_runs/validation/attack_dup_sweep_continuous/level_120/pair_05.jsonl.gz,8936063ecbf853fc534540b85ae68a9f0a9cd0f3f0e05dfc555c1e0be0ec9d0f
validation,continuous,attack_dup_sweep_continuous,attack,120,6,8400009760640007586,14621289125797335566,14200719811408355188,ece537a3796f7b77288460ed46af06319d6580a1a649ba31f4c0a0471e794f81,657f7d21561543cd4d3b2546dab66d237b98714cae7e70ec6cd98d22f6005e51,30,780,85,695,6.130285243733856,13.380285243733855,119.76666666666667,144.1,5.978890175906721,0.5463534509773613,30,0,30,30,0,1.0,0.0,1.0,1.0,0.0,raw_runs/validation/attack_dup_sweep_continuous/level_120/pair_06.jsonl.gz,e839f554fe72a47be8d0137ed301d1c5cb030c2c85ce8735c972cc949045f5b0
validation,continuous,attack_dup_sweep_continuous,attack,120,7,5475527399028966433,15282131669469359278,9392291651119361697,41b50aca5f762ab5dd34a3d512a155333d5f8fc63352083ffb3477515979633d,c7e8b2b24ae0d28231ff92c21c85ed07a42303ccb83ab305421b8e492468335f,30,801,85,716,6.2217785369659975,13.471778536965997,113.23333333333333,131.84999999999997,5.9159788015255215,0.5506860956226127,30,0,30,30,0,1.0,0.0,1.0,1.0,0.0,raw_runs/validation/attack_dup_sweep_continuous/level_120/pair_07.jsonl.gz,fbf1e7950305084cc1d50cd0d8d632b0c45c96eda60b427b8556c96f525c3963
validation,continuous,attack_dup_sweep_continuous,attack,120,8,8501697092527940708,1068103047378825753,3877562672102771049,c0226840ed3d57a737fa6e3d5682275d9b94eb264663cdd9b23d097d1b44deb8,63d897788bda19e51ce774b626667d8f2280a0f878044757cbaf29587a66f6b9,30,792,83,709,6.202483654908547,13.452483654908548,123.9,132.0,6.060275494940877,0.5545588141594071,30,0,30,30,0,1.0,0.0,1.0,1.0,0.0,raw_runs/validation/attack_dup_sweep_continuous/level_120/pair_08.jsonl.gz,04db9f050af3a80562eb93f96643950e78507593b17e2d11afb2d9024438fe52
validation,continuous,attack_dup_sweep_continuous,attack,120,9,5766102741234575094,8092898047589033730,4185477736465996495,4b4d2a242c826e9bf83aecb52fcfd77149cba7004e548fa5a4e149d95d5a080d,e5439661821a5ad58f36f142255f7a6fc73f21dd0fa55f1db03a2220cc0c6b44,30,783,86,697,6.126538218657421,13.376538218657421,114.56666666666666,131.64999999999998,5.950852602386015,0.5584658057597142,30,0,30,30,0,1.0,0.0,1.0,1.0,0.0,raw_runs/validation/attack_dup_sweep_continuous/level_120/pair_09.jsonl.gz,a0fd04bccb75105eab2a480381ef5e5248a261d66d010f5a4b22dd662daaf5cd
validation,continuous,attack_dup_sweep_continuous,attack,200,0,16896053770025021303,7915734813195450471,7260575045515125876,7824db6e5e9237711e52a0533589c0b8f663c76af0143ae006283fedf4b5e437,604729ee6ee1748a12c1133272664e29df389fadab627118e3745bd452398bdb,30,1298,143,1155,6.18261570604099,13.432615706040991,200.13333333333333,207.1,6.753160553523896,0.5558907070057882,30,0,30,30,0,1.0,0.0,1.0,1.0,0.0,raw_runs/validation/attack_dup_sweep_continuous/level_200/pair_00.jsonl.gz,ca5682479053df2ea484d3af662d0ea39f6bf94edd445c497fc9002c3ecdd252
validation,continuous,attack_dup_sweep_continuous,attack,200,1,12538011232869618596,8804615315091063918,1834790326699079971,5f517eef6a1733efa5802b1c5d6014c3352eeef99b16e7f7c22fdea762d7927c,3c3d953f87e5ccbda740db575020c1b69c11370343b31b6ba9beb59f08311351,30,1319,132,1187,6.154319324939192,13.404319324939191,197.3,216.29999999999998,6.713247641240475,0.546519428406756,30,0,30,30,0,1.0,0.0,1.0,1.0,0.0,raw_runs/validation/attack_dup_sweep_continuous/level_200/pair_01.jsonl.gz,c426ccd37a41030349dae875c1dfb490ad5341f5cac2e404024ac1049657e2a1
validation,continuous,attack_dup_sweep_continuous,attack,200,2,11803072693694383989,3280735146631786287,1477867844431480686,38ced9ef63dd3312a3176820915c8260dbdaea281e74d9e5a5e15296e5b5476d,bae0eff72e74aa717775688e475ce3c98b5f93f83e6f2fdae6f5f2da28434c56,30,1327,133,1194,6.052010389897435,13.302010389897436,195.53333333333333,211.2,6.701686664390773,0.5480426261812553,30,0,30,30,0,1.0,0.0,1.0,1.0,0.0,raw_runs/validation/attack_dup_sweep_continuous/level_200/pair_02.jsonl.gz,9df49a2187e621ea5edbeb33df9d2e67693b1f04f531fa2090371fddbf96318f
validation,continuous,attack_dup_sweep_continuous,attack,200,3,13487829710686587815,3110413854763646972,12677319155959399082,433bce29734538510099a3f0536551ca627e59b9ff74eab66b0ea3f3e55338fa,d1d94e3d446de243c5398ce99aaf0ac3933321d9bb903dccdd1ef1f2a92d0d67,30,1324,133,1191,6.144175744707097,13.394175744707097,200.96666666666667,219.0,6.7408695944529455,0.5481487758906685,30,0,30,30,0,1.0,0.0,1.0,1.0,0.0,raw_runs/validation/attack_dup_sweep_continuous/level_200/pair_03.jsonl.gz,b93a50898464ae860f1e876bee677c70ac231aeaddd36ef13f8836fec9386a75
validation,continuous,attack_dup_sweep_continuous,attack,200,4,17380600800855691167,16011601727573698192,7514319760810587752,bbef077139163a07e4a08f4e90eeb329b5a2c76327d5ab70474f4e497599bbf9,eb318af1a4c99479b18e65b1aab325905937058bcfd93f808c612830bc22c154,30,1327,118,1209,6.22212131014862,13.47212131014862,196.53333333333333,224.55,6.691347024096605,0.5400288510159437,30,0,30,30,0,1.0,0.0,1.0,1.0,0.0,raw_runs/validation/attack_dup_sweep_continuous/level_200/pair_04.jsonl.gz,b581714f3618d7eab4cba6c5b7aa722e1b0b23060d94a8d947d6e15e2df38e32
validation,continuous,attack_dup_sweep_continuous,attack,200,5,5754068155048241029,7449902621578396747,4264516773532513754,d935ef0513d1858e4e64539bf98b4d0026d66d429ca9d22667db5b9fb40a0e4f,676f8f6decad041a05b43df3e92acc8e0121db9560e15ea51e24bd73cff8c191,30,1325,141,1184,6.018876585395886,13.268876585395887,197.26666666666668,221.64999999999998,6.711778221965824,0.5473892925016077,30,0,30,30,0,1.0,0.0,1.0,1.0,0.0,raw_runs/validation/attack_dup_sweep_continuous/level_200/pair_05.jsonl.gz,c0c056e42d19f87377070df2e910342ad3a088f10729dce6311bfe58daa70d25
validation,continuous,attack_dup_sweep_continuous,attack,200,6,1645876900916925604,11395646348622656676,6153588290460565725,5f4cdac710787c5c983197e4e1bbafa3870ba5d10608aaab62f0308331d25229,7b7b6e5e52a7ad88c155c105717c62c5653f827858ab9fc4a703ee18ce339bf1,30,1319,150,1169,6.215066865568912,13.465066865568911,202.33333333333334,221.55,6.758034675887359,0.552607558218842,30,0,30,30,0,1.0,0.0,1.0,1.0,0.0,raw_runs/validation/attack_dup_sweep_continuous/level_200/pair_06.jsonl.gz,6666df7f18eb66ca479129661ec770b507dc039dbb26f96adfbdc8d4be1efa92
validation,continuous,attack_dup_sweep_continuous,attack,200,7,13114428025745130402,17453802610118128909,15010025022398076383,d01ae160c0f32b2682479d9a710a663610a9c5068d22a7376256b31a6ed0d7f1,7aa0222a3f36d7ae95e964ab3814335d16587f6132c3597ead18e375f7747fdb,30,1316,124,1192,6.09499432545937,13.344994325459371,194.23333333333332,210.64999999999998,6.690184856609105,0.5464079458363506,30,0,30,30,0,1.0,0.0,1.0,1.0,0.0,raw_runs/validation/attack_dup_sweep_continuous/level_200/pair_07.jsonl.gz,721321c6b4fb86e86d57d7843bd412e8d402e8c148023bbdfcc0b415515931e4
validation,continuous,attack_dup_sweep_continuous,attack,200,8,3250270310716571915,1919140345050504339,17294658846617185453,5ed0612abd10fa51a337e61d8202caa173c49e75a50340d162c506e8d7352406,d9165042f72705a5e42cc2544be9dab29bc485af0c161b19552566b931940b10,30,1324,144,1180,6.135860151302833,13.385860151302833,199.96666666666667,215.39999999999998,6.744903292507952,0.5529936732629738,30,0,30,30,0,1.0,0.0,1.0,1.0,0.0,raw_runs/validation/attack_dup_sweep_continuous/level_200/pair_08.jsonl.gz,1e4dd5fda17965a157bce32527159d7c69e1b1e011a113a1d0f8354801439a06
validation,continuous,attack_dup_sweep_continuous,attack,200,9,10896150874945073060,5621468427271071362,18331720595935478192,572816a796c85c0ec7d5d5e6434ad8465e3cb77ef1e21bb179b1b412f0ebb634,7b0ead087f85da2faa3506e02945a85623faf0b2d201dbda2af0efc29fb9aa02,30,1300,121,1179,6.024578123710188,13.274578123710189,194.36666666666667,210.0,6.673359327468862,0.5396199951612963,30,0,30,30,0,1.0,0.0,1.0,1.0,0.0,raw_runs/validation/attack_dup_sweep_continuous/level_200/pair_09.jsonl.gz,4c7859839b765c44a82910611184eada5a100b62c42bea61d9087755678481a6
validation,continuous,attack_fixed_continuous,attack,24,0,3673551644062057245,4272863141513858583,14238814322560587965,f14709a3a82a9adf80cdf50bea442aa1b5635b1ab6e5b084d05682067df77b58,7e43092719123c1f49c34abba26e21cca687cf75487111a7c6ee3a1977d686ce,30,161,20,141,6.234382007816665,13.484382007816665,23.733333333333334,29.0,0.826204142078609,0.18589772930341258,30,0,18,0,0,1.0,0.0,0.6,0.0,0.0,raw_runs/validation/attack_fixed_continuous/level_24/pair_00.jsonl.gz,e3898686880d0bacacb7621dce3cadc00a9590085ddd8c578387025b15a0b332
validation,continuous,attack_fixed_continuous,attack,24,1,11431027195870344778,1373759827185832907,1945625801155222637,9cf3ff1a90de66ecb8047b4108ed1b4be3aaf76ba49f703086e560176fa195e0,b287d570496f838e676c7fce09d989f51c0793c2cbeca0ae402dcf708d4ba39b,30,135,15,120,6.0686765558200895,13.31867655582009,21.666666666666668,29.549999999999997,0.7374913022695602,0.17580217687384841,30,0,10,0,0,1.0,0.0,0.3333333333333333,0.0,0.0,raw_runs/validation/attack_fixed_continuous/level_24/pair_01.jsonl.gz,b640ebfd301784982b8c7e5453b8238959abef6cdb3e338e275839f0021512b5
validation,continuous,attack_fixed_continuous,attack,24,2,12954679955638620947,12589799611093494771,4338604772050920715,5ccd0afe230bad1728d4d46588605c0a1f391a33d4f782d33093e99189617e37,aec1c05566a04d8cb1b26bb12bc485eb552617ec016b5829b3aa57021fa2d8ff,30,142,17,125,6.053308136644306,13.303308136644306,19.1,22.549999999999997,0.6738138895832335,0.17393157905743717,30,0,1,0,0,1.0,0.0,0.03333333333333333,0.0,0.0,raw_runs/validation/attack_fixed_continuous/level_24/pair_02.jsonl.gz,5027cddff94def1b4b76aa75c2d7e185e8725ac2d8d22aef340d2bfa20c54e97
validation,continuous,attack_fixed_continuous,attack,24,3,8481146232666450752,9354429047332502121,6887696816786876430,30fd54d3df2e7de751dd6dd4530b984202199697fb9404665ac2f65f0d77514f,c6ea0b96092e2300a19bcfabe3e90a3007be2ef0e78caf1238e44d15068e79ca,30,149,12,137,6.118608159310356,13.368608159310355,22.133333333333333,28.0,0.6510060789916824,0.16025191811042308,30,0,13,0,0,1.0,0.0,0.43333333333333335,0.0,0.0,raw_runs/validation/attack_fixed_continuous/level_24/pair_03.jsonl.gz,1bd0771ba793846b1f3bc4aa7811885b9f5365230f49cf17088f2d7670c8d2fe
validation,continuous,attack_fixed_continuous,attack,24,4,13567976593199891232,11869737719354102219,10341496972607606431,16782fe9392048f501a07a9349f6cd70dfd44aabac13e1a4341548e8617e6cf9,3612c26924b9bfb7887bc616e06259ca600132fc0835f4e1e808eb853ab07457,30,173,13,160,6.20645561119592,13.45645561119592,26.333333333333332,32.55,0.2880115572618518,0.08575033878455932,30,0,20,0,0,1.0,0.0,0.6666666666666666,0.0,0.0,raw_runs/validation/attack_fixed_continuous/level_24/pair_04.jsonl.gz,562e2ef94815d847b79980137af015c75ce88dbdc86622cca20067025365f3aa
validation,continuous,attack_fixed_continuous,attack,24,5,14241141027202146377,16910298076832345794,6314952303140993484,c64506d26b9cb3276aa56da9f809c113388888bd307b66f019c15685d6e6d319,b3e3d1d5f512ce8d8797efbf95c49eb29c4b939be97cbb820b48491562c5f149,30,167,11,156,6.060113195098379,13.310113195098378,24.166666666666668,29.549999999999997,0.4360570464297898,0.1164945313424309,30,0,15,0,0,1.0,0.0,0.5,0.0,0.0,raw_runs/validation/attack_fixed_continuous/level_24/pair_05.jsonl.gz,58a801658fa1a6731b8f23c461aa517fd941bf70f0a65441eb1ed89c4d57326e
validation,continuous,attack_fixed_continuous,attack,24,6,7562000033540531603,14073620602045082575,7306637665876237539,a47e606da4758e02fbb00ff865e9e02491a25f46f55b77f7f46a93819ff72e2d,29a98548dd92683e7bb349395b80d08551220d8ffa6d3ca94f5a837926233015,30,154,15,139,6.21052951230692,13.46052951230692,24.9,31.0,0.5345385512838037,0.12986099470121956,30,0,19,0,0,1.0,0.0,0.6333333333333333,0.0,0.0,raw_runs/validation/attack_fixed_continuous/level_24/pair_06.jsonl.gz,4b2c92ecb0709d3f8d25591d6cf6784f0e2bb2c53d59ac31765dd50fddabe0d1
validation,continuous,attack_fixed_continuous,attack,24,7,11011284618895436610,11117433691203936528,2341040966602635029,a0e455794e4588d61bd139eb6af952c0edf7de2dea619d571e437d6ba226e2ea,d2890c5071dd8d0b4eef91ba2b48150878f2b97d3d29c41b6ca0439bf1ee503c,30,126,12,114,6.108341395269573,13.358341395269573,18.666666666666668,22.0,0.393772854667101,0.125502257575013,30,0,1,0,0,1.0,0.0,0.03333333333333333,0.0,0.0,raw_runs/validation/attack_fixed_continuous/level_24/pair_07.jsonl.gz,2e3b23680e948952cf95f43a02e1eddbd9aac86258a09bcca67d0b3c9669b8cd
validation,continuous,attack_fixed_continuous,attack,24,8,9701534151890880810,8462130559846442702,5779919330654646953,d283b9dbaa5956662ae2b6b6fced7526591d0c76dd13af0a9ef0ec52b7f926ba,e64ad10e793a70553a0b67b5ca3f80199b69f5540faac7391f8c05578cfa53a7,30,146,15,131,6.238899994528942,13.488899994528943,22.6,29.099999999999994,0.7373145458253102,0.17204814425552412,30,0,8,0,0,1.0,0.0,0.26666666666666666,0.0,0.0,raw_runs/validation/attack_fixed_continuous/level_24/pair_08.jsonl.gz,30ccb985caf9f7d2a6e9b5fe58cc810461ba4d3f6dd3f05283a3a97e4c860e91
validation,continuous,attack_fixed_continuous,attack,24,9,3976943928879552847,8540069899174104864,8249874439180688604,0d6a0dfd7da38cee1e696560589b83e47537aee4a40b060980970e1b4a312677,cb2156bdae3475ccb38616928a27cfe71b65a0220e94824be00bae3408e19aa8,30,166,13,153,6.156191287871627,13.406191287871627,25.1,30.0,0.5849504893441387,0.1393869284892358,30,0,20,0,0,1.0,0.0,0.6666666666666666,0.0,0.0,raw_runs/validation/attack_fixed_continuous/level_24/pair_09.jsonl.gz,c82d94a4ab6335105111a61dca592d1eae3883a67cf061d3351104fb18af0317
validation,continuous,attack_fixed_continuous,attack,60,0,10210537045640306180,13039003191039599806,13556048489419603098,af412e451e0a9d864497762d3d3daf9e23341fcf0619ecf1625b34dbddf9ffc3,c1a14a55c44653a359cb62d57f10447f3109c4349dad6f1c969f38f4295d0d21,30,369,38,331,6.096508261760505,13.346508261760505,57.1,70.0,0.8138018506034209,0.1315395735921571,30,0,30,0,0,1.0,0.0,1.0,0.0,0.0,raw_runs/validation/attack_fixed_continuous/level_60/pair_00.jsonl.gz,7f25ba0bbfe870f64cbabf7ceb5ec66daaaa63e5516812a689831edfb43c14fd
validation,continuous,attack_fixed_continuous,attack,60,1,9928620648339921539,13239255145390138332,3274676075953671268,7b87895d2a2d29e2146f3fe6dc6f5ca11bb90236e9181d8bd367665f08cb156b,6b7b8fbbc812680ff429edb5d044afd98182d4a0c8934cd3195c0d9297d3fe3d,30,392,41,351,6.041834152060623,13.291834152060623,64.4,73.64999999999999,0.7811308952647259,0.1220416038504683,30,0,30,0,0,1.0,0.0,1.0,0.0,0.0,raw_runs/validation/attack_fixed_continuous/level_60/pair_01.jsonl.gz,c8efc92007dce88abbbd74f01197d4a8f96bff96edeeb42b3ea2113a6538706f
validation,continuous,attack_fixed_continuous,attack,60,2,7522586624996396663,1904021104845447304,8732465663655220188,cbd1e0fd11b9c66df17919123c72d4d52577bfec31e37ce971a610e8f0c7030a,8e4e591def36cde9898810f542dd74c5ce84f4daad10862cd2da1bfac4d8d4b9,30,411,41,370,6.096715117160257,13.346715117160258,63.166666666666664,72.0,0.7918077803653695,0.12377182697275924,30,0,30,0,0,1.0,0.0,1.0,0.0,0.0,raw_runs/validation/attack_fixed_continuous/level_60/pair_02.jsonl.gz,293b3e54ff91ec08fe7711841d9eaf9f19cb779e3d5d1b9c84e28a4c886688bb
validation,continuous,attack_fixed_continuous,attack,60,3,15433724244603090679,170838089815200015,13079895663597893794,095237da909783f0134f570ccbaeae0ed72acac6486762d22269099e076b2301,081f4743235767a6fae0111a3561197d03067e7cb9fe9b0706726225858ff2fb,30,394,32,362,6.249703722032016,13.499703722032017,59.6,67.55,0.6351465462877375,0.1037802104147608,30,0,30,0,0,1.0,0.0,1.0,0.0,0.0,raw_runs/validation/attack_fixed_continuous/level_60/pair_03.jsonl.gz,f1265b2deeae226d488741279f827158737b09510e2f2873cecd22992803f421
validation,continuous,attack_fixed_continuous,attack,60,4,11038982360530583690,2879818582982038012,13368314332126595571,bde008eae84615d9d04e636373258a0cebb548f76f360aa566ec03f278eab812,f1bce65a63822632e802303bd70ae32722db025ec2a9f281e44dd61067aa9f1a,30,411,44,367,6.104050882513569,13.354050882513569,65.3,71.55,0.8545532843369692,0.13129145824204233,30,0,30,0,0,1.0,0.0,1.0,0.0,0.0,raw_runs/validation/attack_fixed_continuous/level_60/pair_04.jsonl.gz,12aba51be4676a0707cd351ba36f7efb2467032cdac2f26c48763e9dcbffa840
validation,continuous,attack_fixed_continuous,attack,60,5,6501249040653453308,14162299130731498581,9978927156981175434,206f0e1d263cfbad60ec7ce384b5dd1948d52afb11dc26e94fa3e7c2307acb58,07e1db7465123ca3410922d1aafde0caaf71a51fd4867354d16a76f9eeba0bfd,30,376,37,339,6.151044227420136,13.401044227420137,54.03333333333333,62.0,0.7789655286251342,0.12816898639214588,30,0,30,0,0,1.0,0.0,1.0,0.0,0.0,raw_runs/validation/attack_fixed_continuous/level_60/pair_05.jsonl.gz,842e703f439fbd3724417e24558eb312cd627d3bfda72e7bedd03ec831f63c34
validation,continuous,attack_fixed_continuous,attack,60,6,6930678653229076526,15252313809878852804,9660121157368424005,70ff709e60fc65c6b11353f4b575bc0ac35f050acf17d759625c5fed83a84824,58d83ab25af7b71eb31d59f454dfce4d66c7c69226b7d83d68eba0c730b53062,30,404,41,363,6.058917278961883,13.308917278961882,59.06666666666667,64.0,0.8000333044316421,0.12755970696584445,30,0,30,0,0,1.0,0.0,1.0,0.0,0.0,raw_runs/validation/attack_fixed_continuous/level_60/pair_06.jsonl.gz,13c5247bdda992abafda6056c9180a543208b3fe77e94cdbf6347438008996bc
validation,continuous,attack_fixed_continuous,attack,60,7,1348166448913175725,7166705425644547172,9843480043998362170,9c25ff6011f5411deb44f5f2f1cc7a447f5e166e81f63babb85ca74b4907ced2,29eee0d9838749bd69ee6c0aa985ff5aa0df5ae253e07ae8243397ad25cbefbd,30,385,29,356,6.067832573126943,13.317832573126942,61.0,66.55,0.4612840647740965,0.07934523172698578,30,0,30,0,0,1.0,0.0,1.0,0.0,0.0,raw_runs/validation/attack_fixed_continuous/level_60/pair_07.jsonl.gz,998568d37bf245b1be4a5218dc7dfa047db21810d69c8f48778fa03d5e15b054
validation,continuous,attack_fixed_continuous,attack,60,8,2223942126534782594,5544788755826056274,12987839232223070839,d46f68efb57e087b0ac313facc890c869702a761d27a9615ca00f1ca377bd0e2,8b5394a2165bb9ee74ed82000d0ccbd8df76898400b0d93a13efb3d8db805c9f,30,394,42,352,6.179456669312525,13.429456669312525,59.3,62.0,0.7633619202673192,0.12243477736308797,30,0,30,0,0,1.0,0.0,1.0,0.0,0.0,raw_runs/validation/attack_fixed_continuous/level_60/pair_08.jsonl.gz,f7a9dbc157bc3477999ce3efee7c2a31df6ec5ebaa45c0794092373cdd14e2f4
validation,continuous,attack_fixed_continuous,attack,60,9,3808796865063232507,11435988634758829509,3346237823658729381,5d58b37a0c7a604d7581585aa87e3e733dc1fe265f89a823c9582d139a894c76,d4afbb6b3d74521dc09965061e00c4832d30530d8e5520138d0aef65a1903021,30,389,39,350,6.052958211818615,13.302958211818616,59.666666666666664,68.1,0.9090114766110102,0.14320042143251283,30,0,30,0,0,1.0,0.0,1.0,0.0,0.0,raw_runs/validation/attack_fixed_continuous/level_60/pair_09.jsonl.gz,6e7b590b663d98b29227663fea8d9fb4b8633a8bafc71f4441299cf3d8ec5a95
validation,continuous,attack_fixed_continuous,attack,120,0,3323202025522884144,3919892587191201774,12547678662281266,f8f9278ff404936092dee59d4e477b75b2c42511c6ec1fc6a5cc623d8eeece8e,f00c4984f8c4cc82a6041020385b48ec33eef93d344460594d06b6e27db1cbc0,30,832,90,742,6.081800537081934,13.331800537081934,121.86666666666666,136.64999999999998,0.955756046870363,0.12358549740636977,30,0,30,0,0,1.0,0.0,1.0,0.0,0.0,raw_runs/validation/attack_fixed_continuous/level_120/pair_00.jsonl.gz,59e64e4288031bdf1a3a4ae76c7c93e6b9ac5aa3d4ce3add924531e621e637e1
validation,continuous,attack_fixed_continuous,attack,120,1,3632502082100150952,14458099276214665080,4433976674848403420,ecbc6687bcb310740e6bc712f003b9f38b692952aa3901087c4d94c56f9d8b8e,d2ebf761d86b21c329ab4a7e9c9a6f22c54b9a92e02360063747ec0d9288197b,30,798,64,734,6.1581349055919,13.4081349055919,117.2,133.0,0.7376613967501152,0.09852519531580865,30,0,30,0,0,1.0,0.0,1.0,0.0,0.0,raw_runs/validation/attack_fixed_continuous/level_120/pair_01.jsonl.gz,408a855fa7035bc02292d23b0bee00d5bc8d3d609c556081ad85e52370a21274
validation,continuous,attack_fixed_continuous,attack,120,2,574697187446849259,10357320109490916321,16622690183883044709,e82e115a8f8f066384f7afe2ec68ddca56be50617790b7bb65b47541bffb5c19,9859a188ec2abfc66139c151683b1fcb9d4ad180ec3ec2ca5edf427e3c48c59b,30,805,68,737,6.17128757904506,13.42128757904506,117.66666666666667,134.64999999999998,0.7498249946069502,0.09946517987337032,30,0,30,0,0,1.0,0.0,1.0,0.0,0.0,raw_runs/validation/attack_fixed_continuous/level_120/pair_02.jsonl.gz,c469d8f44f1d92d5f7d2acc64eb9b54629907c37d85d8df00d6b7c97bc0ea48a
validation,continuous,attack_fixed_continuous,attack,120,3,14773419784552033624,3391129516678855901,3996463756549101866,b6cd4f402a1aff22675db92cfe596880a61e34c8a937eded4c889ac4e4e8eb7a,e4a060d32a181142c2d6481d4e8acfbfe1cfc741706f3a5c83ce85ce3114cdaa,30,826,89,737,6.040220111687934,13.290220111687933,113.6,127.55,0.9294607279020737,0.1224987200750329,30,0,30,0,0,1.0,0.0,1.0,0.0,0.0,raw_runs/validation/attack_fixed_continuous/level_120/pair_03.jsonl.gz,2760d552e890b136339abdaeeaae228a05744e8fb33a52bedc344f29fb020fd1
validation,continuous,attack_fixed_continuous,attack,120,4,15448474526324906631,9601861437639727442,12960207463236852014,04465aa08866be6f74ad8919187f7d11ffc3b4f831502332c9cc59e3fcffe855,e3541c4a22ce9031a5e6efcc49c8038dad7ee31ec09ff28360d2b3c18562ef88,30,795,80,715,6.087009859121857,13.337009859121856,111.63333333333334,128.55,0.8165201026890438,0.10907558839519431,30,0,30,0,0,1.0,0.0,1.0,0.0,0.0,raw_runs/validation/attack_fixed_continuous/level_120/pair_04.jsonl.gz,f227c3151c7a3cba4f4d8062cbacab46d3a2f2496e365de0f59e44e5f05f0be4
validation,continuous,attack_fixed_continuous,attack,120,5,1377657481134050107,1823639970583859415,8736411990512653621,d1a01dd63c9138e254f5df4dd6a28b3f0ebd712a24e754a3d35d0c3f98282301,7f8eab0a7c7da3353b9722d6a6c79ee25400ce424d4c85f77a13c4573b76ab67,30,852,100,752,6.02450567884228,13.27450567884228,126.66666666666667,144.0,1.0281967728858086,0.131549538120811,30,0,30,0,0,1.0,0.0,1.0,0.0,0.0,raw_runs/validation/attack_fixed_continuous/level_120/pair_05.jsonl.gz,b417c1d25e0faa60bfc9714590e0f3dc028b7af068ffaf2ba38b5fe19f9eed7a
validation,continuous,attack_fixed_continuous,attack,120,6,8400009760640007586,14621289125797335566,1367507881794898015,ece537a3796f7b77288460ed46af06319d6580a1a649ba31f4c0a0471e794f81,657f7d21561543cd4d3b2546dab66d237b98714cae7e70ec6cd98d22f6005e51,30,780,76,704,6.130285243733856,13.380285243733855,119.76666666666667,144.1,0.7575195867086015,0.09952625451878382,30,0,30,0,0,1.0,0.0,1.0,0.0,0.0,raw_runs/validation/attack_fixed_continuous/level_120/pair_06.jsonl.gz,bfa7a94fb732d424537d336f139622c3247376046e82b4fa00ab7b35902b129f
validation,continuous,attack_fixed_continuous,attack,120,7,5475527399028966433,15282131669469359278,10272291493066325439,41b50aca5f762ab5dd34a3d512a155333d5f8fc63352083ffb3477515979633d,c7e8b2b24ae0d28231ff92c21c85ed07a42303ccb83ab305421b8e492468335f,30,801,98,703,6.2217785369659975,13.471778536965997,113.23333333333333,131.84999999999997,0.9846717460856628,0.12988189461174868,30,0,30,0,0,1.0,0.0,1.0,0.0,0.0,raw_runs/validation/attack_fixed_continuous/level_120/pair_07.jsonl.gz,545c8c7113d340b8a250fc3dab7c742be99ade4f2ca87df0e07b47460fb60acf
validation,continuous,attack_fixed_continuous,attack,120,8,8501697092527940708,1068103047378825753,18368069327584207253,c0226840ed3d57a737fa6e3d5682275d9b94eb264663cdd9b23d097d1b44deb8,63d897788bda19e51ce774b626667d8f2280a0f878044757cbaf29587a66f6b9,30,792,80,712,6.202483654908547,13.452483654908548,123.9,132.0,0.8098359962549354,0.10541137512052562,30,0,30,0,0,1.0,0.0,1.0,0.0,0.0,raw_runs/validation/attack_fixed_continuous/level_120/pair_08.jsonl.gz,d06969e98f25ad8ee5e1e6c04dd566a133afa3ed746bff8a001c9e470a681a17
validation,continuous,attack_fixed_continuous,attack,120,9,5766102741234575094,8092898047589033730,17398163271733348117,4b4d2a242c826e9bf83aecb52fcfd77149cba7004e548fa5a4e149d95d5a080d,e5439661821a5ad58f36f142255f7a6fc73f21dd0fa55f1db03a2220cc0c6b44,30,783,68,715,6.126538218657421,13.376538218657421,114.56666666666666,131.64999999999998,0.7865224749405623,0.10498445696228864,30,0,30,0,0,1.0,0.0,1.0,0.0,0.0,raw_runs/validation/attack_fixed_continuous/level_120/pair_09.jsonl.gz,a7e61432088c80894c879a52f244b86147fff113723977c40df3c4a63ef9cf29
validation,continuous,attack_fixed_continuous,attack,200,0,16896053770025021303,7915734813195450471,16963389898774658436,7824db6e5e9237711e52a0533589c0b8f663c76af0143ae006283fedf4b5e437,604729ee6ee1748a12c1133272664e29df389fadab627118e3745bd452398bdb,30,1298,120,1178,6.18261570604099,13.432615706040991,200.13333333333333,207.1,0.8000125627881502,0.09290680420063555,30,0,30,0,0,1.0,0.0,1.0,0.0,0.0,raw_runs/validation/attack_fixed_continuous/level_200/pair_00.jsonl.gz,b3990f6946d999a270c3d8303cdf1abf57e310210754bd3a4d8573aa8d1bb8de
validation,continuous,attack_fixed_continuous,attack,200,1,12538011232869618596,8804615315091063918,1882761939880546715,5f517eef6a1733efa5802b1c5d6014c3352eeef99b16e7f7c22fdea762d7927c,3c3d953f87e5ccbda740db575020c1b69c11370343b31b6ba9beb59f08311351,30,1319,135,1184,6.154319324939192,13.404319324939191,197.3,216.29999999999998,0.8968406034757366,0.10395247656491306,30,0,30,0,0,1.0,0.0,1.0,0.0,0.0,raw_runs/validation/attack_fixed_continuous/level_200/pair_01.jsonl.gz,e6186fc71f3e34ffdf8de3da2c1795e8c79ebdd3ebf7204e42cd265e43064434
validation,continuous,attack_fixed_continuous,attack,200,2,11803072693694383989,3280735146631786287,4626960050137488726,38ced9ef63dd3312a3176820915c8260dbdaea281e74d9e5a5e15296e5b5476d,bae0eff72e74aa717775688e475ce3c98b5f93f83e6f2fdae6f5f2da28434c56,30,1327,117,1210,6.052010389897435,13.302010389897436,195.53333333333333,211.2,0.8199581707144025,0.09598165505504923,30,0,30,0,0,1.0,0.0,1.0,0.0,0.0,raw_runs/validation/attack_fixed_continuous/level_200/pair_02.jsonl.gz,c4a74365ac7bd7cc46e753888eb39cd8f47d2fb8ac2d7a9361c0cdce58621b22
validation,continuous,attack_fixed_continuous,attack,200,3,13487829710686587815,3110413854763646972,10141400104822873809,433bce29734538510099a3f0536551ca627e59b9ff74eab66b0ea3f3e55338fa,d1d94e3d446de243c5398ce99aaf0ac3933321d9bb903dccdd1ef1f2a92d0d67,30,1324,148,1176,6.144175744707097,13.394175744707097,200.96666666666667,219.0,0.9622415462447417,0.11057281452006863,30,0,30,0,0,1.0,0.0,1.0,0.0,0.0,raw_runs/validation/attack_fixed_continuous/level_200/pair_03.jsonl.gz,95ab18d35abfd53286e4f74462e3c39658a26ad0d99cbb55c2e2c48e448d1cd7
validation,continuous,attack_fixed_continuous,attack,200,4,17380600800855691167,16011601727573698192,17512500322419079901,bbef077139163a07e4a08f4e90eeb329b5a2c76327d5ab70474f4e497599bbf9,eb318af1a4c99479b18e65b1aab325905937058bcfd93f808c612830bc22c154,30,1327,147,1180,6.22212131014862,13.47212131014862,196.53333333333333,224.55,1.0091760544270754,0.11699136440635909,30,0,30,0,0,1.0,0.0,1.0,0.0,0.0,raw_runs/validation/attack_fixed_continuous/level_200/pair_04.jsonl.gz,013035e24ef0a8ee14e173df173e31b245d2ac69e99d14e13a0ecc30d6a54bd0
validation,continuous,attack_fixed_continuous,attack,200,5,5754068155048241029,7449902621578396747,22463691245109554,d935ef0513d1858e4e64539bf98b4d0026d66d429ca9d22667db5b9fb40a0e4f,676f8f6decad041a05b43df3e92acc8e0121db9560e15ea51e24bd73cff8c191,30,1325,135,1190,6.018876585395886,13.268876585395887,197.26666666666668,221.64999999999998,0.8907246099027974,0.10423143723995922,30,0,30,0,0,1.0,0.0,1.0,0.0,0.0,raw_runs/validation/attack_fixed_continuous/level_200/pair_05.jsonl.gz,182fd566fb4190361351239552ade45c6d6fecaf561a0915bd941572aa16c7b5
validation,continuous,attack_fixed_continuous,attack,200,6,1645876900916925604,11395646348622656676,2897943624537368248,5f4cdac710787c5c983197e4e1bbafa3870ba5d10608aaab62f0308331d25229,7b7b6e5e52a7ad88c155c105717c62c5653f827858ab9fc4a703ee18ce339bf1,30,1319,109,1210,6.215066865568912,13.465066865568911,202.33333333333334,221.55,0.727421070542547,0.08542450086288601,30,0,30,0,0,1.0,0.0,1.0,0.0,0.0,raw_runs/validation/attack_fixed_continuous/level_200/pair_06.jsonl.gz,5ceaeda3cfd1a93ff676a6c38862fee9d04ad85797e1cc159464573642d23a37
validation,continuous,attack_fixed_continuous,attack,200,7,13114428025745130402,17453802610118128909,18022436884197460430,d01ae160c0f32b2682479d9a710a663610a9c5068d22a7376256b31a6ed0d7f1,7aa0222a3f36d7ae95e964ab3814335d16587f6132c3597ead18e375f7747fdb,30,1316,126,1190,6.09499432545937,13.344994325459371,194.23333333333332,210.64999999999998,0.8970000628586777,0.10364759084919961,30,0,30,0,0,1.0,0.0,1.0,0.0,0.0,raw_runs/validation/attack_fixed_continuous/level_200/pair_07.jsonl.gz,9c59d60c0d7fb2abf6f01c47ca500772df0277a9b3757df3583981acd8acb0ef
validation,continuous,attack_fixed_continuous,attack,200,8,3250270310716571915,1919140345050504339,5956631412778695772,5ed0612abd10fa51a337e61d8202caa173c49e75a50340d162c506e8d7352406,d9165042f72705a5e42cc2544be9dab29bc485af0c161b19552566b931940b10,30,1324,116,1208,6.135860151302833,13.385860151302833,199.96666666666667,215.39999999999998,0.8259760728747589,0.09506255531875671,30,0,30,0,0,1.0,0.0,1.0,0.0,0.0,raw_runs/validation/attack_fixed_continuous/level_200/pair_08.jsonl.gz,871e585d3067b3b48a61523bbec410c7bcce5b1e483731e2814574f55b8b29cf
validation,continuous,attack_fixed_continuous,attack,200,9,10896150874945073060,5621468427271071362,14448581517795644124,572816a796c85c0ec7d5d5e6434ad8465e3cb77ef1e21bb179b1b412f0ebb634,7b0ead087f85da2faa3506e02945a85623faf0b2d201dbda2af0efc29fb9aa02,30,1300,132,1168,6.024578123710188,13.274578123710189,194.36666666666667,210.0,0.8949707353058186,0.10391689748393182,30,0,30,0,0,1.0,0.0,1.0,0.0,0.0,raw_runs/validation/attack_fixed_continuous/level_200/pair_09.jsonl.gz,6be3c978e8e939b73f2fd5845e86e85899ed24bbc40b5bdc955b5fea3a6bdbf8
validation,continuous,attack_random_continuous,attack,24,0,3673551644062057245,4272863141513858583,14206898971079800569,f14709a3a82a9adf80cdf50bea442aa1b5635b1ab6e5b084d05682067df77b58,7e43092719123c1f49c34abba26e21cca687cf75487111a7c6ee3a1977d686ce,30,161,15,146,6.234382007816665,13.484382007816665,23.733333333333334,29.0,4.5406461994070835,0.9977753058954394,30,18,18,29,30,1.0,0.6,0.6,0.9666666666666667,1.0,raw_runs/validation/attack_random_continuous/level_24/pair_00.jsonl.gz,9ad06fdcb64de8fcd3292e425a227fa38479e1a7f79f3431a568740a9a21b38d
validation,continuous,attack_random_continuous,attack,24,1,11431027195870344778,1373759827185832907,11681845958348058179,9cf3ff1a90de66ecb8047b4108ed1b4be3aaf76ba49f703086e560176fa195e0,b287d570496f838e676c7fce09d989f51c0793c2cbeca0ae402dcf708d4ba39b,30,135,16,119,6.0686765558200895,13.31867655582009,21.666666666666668,29.549999999999997,4.409127421090553,1.0,30,10,10,29,30,1.0,0.3333333333333333,0.3333333333333333,0.9666666666666667,1.0,raw_runs/validation/attack_random_continuous/level_24/pair_01.jsonl.gz,326dfed1bedef146a8263828bef480d52996ab6b1f8375b582975a47eeacc513
validation,continuous,attack_random_continuous,attack,24,2,12954679955638620947,12589799611093494771,17062392151707010296,5ccd0afe230bad1728d4d46588605c0a1f391a33d4f782d33093e99189617e37,aec1c05566a04d8cb1b26bb12bc485eb552617ec016b5829b3aa57021fa2d8ff,30,142,15,127,6.053308136644306,13.303308136644306,19.1,22.549999999999997,4.2318097341015415,0.9938419913419914,30,1,1,27,30,1.0,0.03333333333333333,0.03333333333333333,0.9,1.0,raw_runs/validation/attack_random_continuous/level_24/pair_02.jsonl.gz,b92c3a9eaadffc2c9bea10a3d802c95821d5ab6abbad083112e8c7efdd2a4cd8
validation,continuous,attack_random_continuous,attack,24,3,8481146232666450752,9354429047332502121,4612490380446976031,30fd54d3df2e7de751dd6dd4530b984202199697fb9404665ac2f65f0d77514f,c6ea0b96092e2300a19bcfabe3e90a3007be2ef0e78caf1238e44d15068e79ca,30,149,12,137,6.118608159310356,13.368608159310355,22.133333333333333,28.0,4.44194095554207,1.0,30,13,13,28,30,1.0,0.43333333333333335,0.43333333333333335,0.9333333333333333,1.0,raw_runs/validation/attack_random_continuous/level_24/pair_03.jsonl.gz,b032a327032c584069fb93379a742d2220f8e3214ba62f4817da90c602f7959a
validation,continuous,attack_random_continuous,attack,24,4,13567976593199891232,11869737719354102219,2165071861068921764,16782fe9392048f501a07a9349f6cd70dfd44aabac13e1a4341548e8617e6cf9,3612c26924b9bfb7887bc616e06259ca600132fc0835f4e1e808eb853ab07457,30,173,11,162,6.20645561119592,13.45645561119592,26.333333333333332,32.55,4.6929310368703625,1.0,30,20,20,30,30,1.0,0.6666666666666666,0.6666666666666666,1.0,1.0,raw_runs/validation/attack_random_continuous/level_24/pair_04.jsonl.gz,b8f38aeeb4c869aeb4766d2df6769010b3a83c02aba2661281481033c490a0c8
validation,continuous,attack_random_continuous,attack,24,5,14241141027202146377,16910298076832345794,6395667496109162437,c64506d26b9cb3276aa56da9f809c113388888bd307b66f019c15685d6e6d319,b3e3d1d5f512ce8d8797efbf95c49eb29c4b939be97cbb820b48491562c5f149,30,167,16,151,6.060113195098379,13.310113195098378,24.166666666666668,29.549999999999997,4.549709940277247,0.9845710777737263,30,15,15,30,30,1.0,0.5,0.5,1.0,1.0,raw_runs/validation/attack_random_continuous/level_24/pair_05.jsonl.gz,7ab4aa9a817447d46472a56cdb78a7a431ee0b7ac05d9d895da9417bfeff69d9
validation,continuous,attack_random_continuous,attack,24,6,7562000033540531603,14073620602045082575,7188788758561619384,a47e606da4758e02fbb00ff865e9e02491a25f46f55b77f7f46a93819ff72e2d,29a98548dd92683e7bb349395b80d08551220d8ffa6d3ca94f5a837926233015,30,154,11,143,6.21052951230692,13.46052951230692,24.9,31.0,4.614678942027198,1.0,30,19,19,30,30,1.0,0.6333333333333333,0.6333333333333333,1.0,1.0,raw_runs/validation/attack_random_continuous/level_24/pair_06.jsonl.gz,4e4b379240d23b7cf0ce777b1e89941f5f5b2f498a09d8f6e5d12095f9d6f98f
validation,continuous,attack_random_continuous,attack,24,7,11011284618895436610,11117433691203936528,10932755917703128434,a0e455794e4588d61bd139eb6af952c0edf7de2dea619d571e437d6ba226e2ea,d2890c5071dd8d0b4eef91ba2b48150878f2b97d3d29c41b6ca0439bf1ee503c,30,126,20,106,6.108341395269573,13.358341395269573,18.666666666666668,22.0,4.195083815552701,0.9938725490196079,30,1,1,23,30,1.0,0.03333333333333333,0.03333333333333333,0.7666666666666667,1.0,raw_runs/validation/attack_random_continuous/level_24/pair_07.jsonl.gz,47733b4a7c7195e0991ae3ba28efba24d3c981cbe24607e4ac400f0cde9724ef
validation,continuous,attack_random_continuous,attack,24,8,9701534151890880810,8462130559846442702,13053127542438976735,d283b9dbaa5956662ae2b6b6fced7526591d0c76dd13af0a9ef0ec52b7f926ba,e64ad10e793a70553a0b67b5ca3f80199b69f5540faac7391f8c05578cfa53a7,30,146,11,135,6.238899994528942,13.488899994528943,22.6,29.099999999999994,4.464422145955932,0.9911525835275833,30,8,8,30,30,1.0,0.26666666666666666,0.26666666666666666,1.0,1.0,raw_runs/validation/attack_random_continuous/level_24/pair_08.jsonl.gz,1627fd854836885b44077ca73505205e95749dc3a2a8af2bfeea82a770d97765
validation,continuous,attack_random_continuous,attack,24,9,3976943928879552847,8540069899174104864,3733939773452554764,0d6a0dfd7da38cee1e696560589b83e47537aee4a40b060980970e1b4a312677,cb2156bdae3475ccb38616928a27cfe71b65a0220e94824be00bae3408e19aa8,30,166,17,149,6.156191287871627,13.406191287871627,25.1,30.0,4.627195352652283,1.0,30,20,20,29,30,1.0,0.6666666666666666,0.6666666666666666,0.9666666666666667,1.0,raw_runs/validation/attack_random_continuous/level_24/pair_09.jsonl.gz,9dccea5d74bfeaf34528f293a5f5920564a4cc7393ddc2a4d98b332ecc3c2022
validation,continuous,attack_random_continuous,attack,60,0,10210537045640306180,13039003191039599806,11237029963245167682,af412e451e0a9d864497762d3d3daf9e23341fcf0619ecf1625b34dbddf9ffc3,c1a14a55c44653a359cb62d57f10447f3109c4349dad6f1c969f38f4295d0d21,30,369,32,337,6.096508261760505,13.346508261760505,57.1,70.0,5.770167162040661,0.9742006035909356,30,30,30,30,30,1.0,1.0,1.0,1.0,1.0,raw_runs/validation/attack_random_continuous/level_60/pair_00.jsonl.gz,6051ad02f75ad0c0c96c8d10b91688cdad5065b028ed5a5c1096b1d564cf5723
validation,continuous,attack_random_continuous,attack,60,1,9928620648339921539,13239255145390138332,12775502787784311509,7b87895d2a2d29e2146f3fe6dc6f5ca11bb90236e9181d8bd367665f08cb156b,6b7b8fbbc812680ff429edb5d044afd98182d4a0c8934cd3195c0d9297d3fe3d,30,392,38,354,6.041834152060623,13.291834152060623,64.4,73.64999999999999,5.966265806431299,0.9811665559086469,30,30,30,30,30,1.0,1.0,1.0,1.0,1.0,raw_runs/validation/attack_random_continuous/level_60/pair_01.jsonl.gz,957dfb943150ed5c9215916d914f3ebc812f4b55baa0bd51ddcdd375d0eba016
validation,continuous,attack_random_continuous,attack,60,2,7522586624996396663,1904021104845447304,12548971024075572522,cbd1e0fd11b9c66df17919123c72d4d52577bfec31e37ce971a610e8f0c7030a,8e4e591def36cde9898810f542dd74c5ce84f4daad10862cd2da1bfac4d8d4b9,30,411,46,365,6.096715117160257,13.346715117160258,63.166666666666664,72.0,5.936126666265674,0.980236203038079,30,30,30,30,30,1.0,1.0,1.0,1.0,1.0,raw_runs/validation/attack_random_continuous/level_60/pair_02.jsonl.gz,727fddbb9f31a36c288013499328b8faf0ca4c8850051de7411b9e286370e110
validation,continuous,attack_random_continuous,attack,60,3,15433724244603090679,170838089815200015,4114593201728727511,095237da909783f0134f570ccbaeae0ed72acac6486762d22269099e076b2301,081f4743235767a6fae0111a3561197d03067e7cb9fe9b0706726225858ff2fb,30,394,35,359,6.249703722032016,13.499703722032017,59.6,67.55,5.872928701694414,0.9892854835189605,30,30,30,30,30,1.0,1.0,1.0,1.0,1.0,raw_runs/validation/attack_random_continuous/level_60/pair_03.jsonl.gz,36f41b44d73596abad0f87d9842ce2802d0fac05d7d002b209deb875686a7dae
validation,continuous,attack_random_continuous,attack,60,4,11038982360530583690,2879818582982038012,6212021093881357819,bde008eae84615d9d04e636373258a0cebb548f76f360aa566ec03f278eab812,f1bce65a63822632e802303bd70ae32722db025ec2a9f281e44dd61067aa9f1a,30,411,39,372,6.104050882513569,13.354050882513569,65.3,71.55,5.968568557315688,0.9726646720773355,30,30,30,30,30,1.0,1.0,1.0,1.0,1.0,raw_runs/validation/attack_random_continuous/level_60/pair_04.jsonl.gz,ce82cb002216f4a0955c1923b5d23d90f9d4c37d2269d6667247a01d598be29c
validation,continuous,attack_random_continuous,attack,60,5,6501249040653453308,14162299130731498581,17146573052538407780,206f0e1d263cfbad60ec7ce384b5dd1948d52afb11dc26e94fa3e7c2307acb58,07e1db7465123ca3410922d1aafde0caaf71a51fd4867354d16a76f9eeba0bfd,30,376,38,338,6.151044227420136,13.401044227420137,54.03333333333333,62.0,5.726820444891393,0.9886860116530127,30,30,30,30,30,1.0,1.0,1.0,1.0,1.0,raw_runs/validation/attack_random_continuous/level_60/pair_05.jsonl.gz,ab594141fd0e7f73363fa71fb5342a37e04df8bd778b17ffeaf99baf507599cc
validation,continuous,attack_random_continuous,attack,60,6,6930678653229076526,15252313809878852804,6551553042611751972,70ff709e60fc65c6b11353f4b575bc0ac35f050acf17d759625c5fed83a84824,58d83ab25af7b71eb31d59f454dfce4d66c7c69226b7d83d68eba0c730b53062,30,404,41,363,6.058917278961883,13.308917278961882,59.06666666666667,64.0,5.875530585242097,0.9972507854449778,30,30,30,30,30,1.0,1.0,1.0,1.0,1.0,raw_runs/validation/attack_random_continuous/level_60/pair_06.jsonl.gz,32c3f8594d78d71d486fe608e3414dd8eb662e6a1ef9584e263842cda7c12c08
validation,continuous,attack_random_continuous,attack,60,7,1348166448913175725,7166705425644547172,17725296084633892045,9c25ff6011f5411deb44f5f2f1cc7a447f5e166e81f63babb85ca74b4907ced2,29eee0d9838749bd69ee6c0aa985ff5aa0df5ae253e07ae8243397ad25cbefbd,30,385,37,348,6.067832573126943,13.317832573126942,61.0,66.55,5.897025740487228,0.9848218514778059,30,30,30,30,30,1.0,1.0,1.0,1.0,1.0,raw_runs/validation/attack_random_continuous/level_60/pair_07.jsonl.gz,ac3f7adf111428b48cb83a054c08b46847f617e67a2050dfe06ef04fe450b0c5
validation,continuous,attack_random_continuous,attack,60,8,2223942126534782594,5544788755826056274,13775651675965753957,d46f68efb57e087b0ac313facc890c869702a761d27a9615ca00f1ca377bd0e2,8b5394a2165bb9ee74ed82000d0ccbd8df76898400b0d93a13efb3d8db805c9f,30,394,44,350,6.179456669312525,13.429456669312525,59.3,62.0,5.869549864590862,0.9906704680755355,30,30,30,30,30,1.0,1.0,1.0,1.0,1.0,raw_runs/validation/attack_random_continuous/level_60/pair_08.jsonl.gz,9d198b08a5a77b17a7e2a3e162e89ecaec11925ed424b1941370e38ea172f5cf
validation,continuous,attack_random_continuous,attack,60,9,3808796865063232507,11435988634758829509,2899209067240281994,5d58b37a0c7a604d7581585aa87e3e733dc1fe265f89a823c9582d139a894c76,d4afbb6b3d74521dc09965061e00c4832d30530d8e5520138d0aef65a1903021,30,389,53,336,6.052958211818615,13.302958211818616,59.666666666666664,68.1,5.879196466692678,0.9927291403375935,30,30,30,30,30,1.0,1.0,1.0,1.0,1.0,raw_runs/validation/attack_random_continuous/level_60/pair_09.jsonl.gz,5b4b109b27cf5e5f905bcbfdd385284ca9ce687b147b341a7bda3ccd50d70e5f
validation,continuous,attack_random_continuous,attack,120,0,3323202025522884144,3919892587191201774,589858192480381693,f8f9278ff404936092dee59d4e477b75b2c42511c6ec1fc6a5cc623d8eeece8e,f00c4984f8c4cc82a6041020385b48ec33eef93d344460594d06b6e27db1cbc0,30,832,94,738,6.081800537081934,13.331800537081934,121.86666666666666,136.64999999999998,6.859217275384011,0.967729818559176,30,30,30,30,30,1.0,1.0,1.0,1.0,1.0,raw_runs/validation/attack_random_continuous/level_120/pair_00.jsonl.gz,135068862b5d99324c8d4b47f5612b6e12fd4b0d8c46abb5e2b8033ecc71a812
validation,continuous,attack_random_continuous,attack,120,1,3632502082100150952,14458099276214665080,17434502309709462614,ecbc6687bcb310740e6bc712f003b9f38b692952aa3901087c4d94c56f9d8b8e,d2ebf761d86b21c329ab4a7e9c9a6f22c54b9a92e02360063747ec0d9288197b,30,798,70,728,6.1581349055919,13.4081349055919,117.2,133.0,6.81385795366873,0.9747106338451703,30,30,30,30,30,1.0,1.0,1.0,1.0,1.0,raw_runs/validation/attack_random_continuous/level_120/pair_01.jsonl.gz,a21fd7edd0ff1eb753e7ddc09bea614b64c06c9fe7446d3efc69a8dc8ccccd63
validation,continuous,attack_random_continuous,attack,120,2,574697187446849259,10357320109490916321,8590288594267966836,e82e115a8f8f066384f7afe2ec68ddca56be50617790b7bb65b47541bffb5c19,9859a188ec2abfc66139c151683b1fcb9d4ad180ec3ec2ca5edf427e3c48c59b,30,805,83,722,6.17128757904506,13.42128757904506,117.66666666666667,134.64999999999998,6.7954889059383525,0.9615344206690578,30,30,30,30,30,1.0,1.0,1.0,1.0,1.0,raw_runs/validation/attack_random_continuous/level_120/pair_02.jsonl.gz,1f5fecdf11d44370617933de2db4d66ac9ea5617bf1f182b170fbb72ff34850d
validation,continuous,attack_random_continuous,attack,120,3,14773419784552033624,3391129516678855901,16378976925080550978,b6cd4f402a1aff22675db92cfe596880a61e34c8a937eded4c889ac4e4e8eb7a,e4a060d32a181142c2d6481d4e8acfbfe1cfc741706f3a5c83ce85ce3114cdaa,30,826,76,750,6.040220111687934,13.290220111687933,113.6,127.55,6.7687741831151405,0.9726616725161717,30,30,30,30,30,1.0,1.0,1.0,1.0,1.0,raw_runs/validation/attack_random_continuous/level_120/pair_03.jsonl.gz,938d7e780d89eb5bb3f4564359f4d66928822e2c3fb0de1e418749ee89a76eff
validation,continuous,attack_random_continuous,attack,120,4,15448474526324906631,9601861437639727442,11196454241521476519,04465aa08866be6f74ad8919187f7d11ffc3b4f831502332c9cc59e3fcffe855,e3541c4a22ce9031a5e6efcc49c8038dad7ee31ec09ff28360d2b3c18562ef88,30,795,96,699,6.087009859121857,13.337009859121856,111.63333333333334,128.55,6.739929317050775,0.971044216726534,30,30,30,30,30,1.0,1.0,1.0,1.0,1.0,raw_runs/validation/attack_random_continuous/level_120/pair_04.jsonl.gz,3041d3cd130abe4dcd52849910361d667fd70581484fa352955d4f04cc245003
validation,continuous,attack_random_continuous,attack,120,5,1377657481134050107,1823639970583859415,14586340664676403146,d1a01dd63c9138e254f5df4dd6a28b3f0ebd712a24e754a3d35d0c3f98282301,7f8eab0a7c7da3353b9722d6a6c79ee25400ce424d4c85f77a13c4573b76ab67,30,852,71,781,6.02450567884228,13.27450567884228,126.66666666666667,144.0,6.926310191024131,0.9738938747987274,30,30,30,30,30,1.0,1.0,1.0,1.0,1.0,raw_runs/validation/attack_random_continuous/level_120/pair_05.jsonl.gz,5441456d39b1a304a78b79cfb1f51fed726ea50cf0ba25d5b9efe77e5db3f709
validation,continuous,attack_random_continuous,attack,120,6,8400009760640007586,14621289125797335566,2165783321232318889,ece537a3796f7b77288460ed46af06319d6580a1a649ba31f4c0a0471e794f81,657f7d21561543cd4d3b2546dab66d237b98714cae7e70ec6cd98d22f6005e51,30,780,75,705,6.130285243733856,13.380285243733855,119.76666666666667,144.1,6.823675019765543,0.9663355626447134,30,30,30,30,30,1.0,1.0,1.0,1.0,1.0,raw_runs/validation/attack_random_continuous/level_120/pair_06.jsonl.gz,a2243c0c261b6b1b4b4a279b23fb20ecbbd2bf5909b9cebd79bb08f09e6151cf
validation,continuous,attack_random_continuous,attack,120,7,5475527399028966433,15282131669469359278,7244259740160083180,41b50aca5f762ab5dd34a3d512a155333d5f8fc63352083ffb3477515979633d,c7e8b2b24ae0d28231ff92c21c85ed07a42303ccb83ab305421b8e492468335f,30,801,82,719,6.2217785369659975,13.471778536965997,113.23333333333333,131.84999999999997,6.756412274439315,0.9704529966546571,30,30,30,30,30,1.0,1.0,1.0,1.0,1.0,raw_runs/validation/attack_random_continuous/level_120/pair_07.jsonl.gz,486ac4fa806d4d63e51e34b6a63e37b2a8ffd11d085ea09ed64f2d998569718f
validation,continuous,attack_random_continuous,attack,120,8,8501697092527940708,1068103047378825753,2777024546394964725,c0226840ed3d57a737fa6e3d5682275d9b94eb264663cdd9b23d097d1b44deb8,63d897788bda19e51ce774b626667d8f2280a0f878044757cbaf29587a66f6b9,30,792,65,727,6.202483654908547,13.452483654908548,123.9,132.0,6.903094792195449,0.9758745713063272,30,30,30,30,30,1.0,1.0,1.0,1.0,1.0,raw_runs/validation/attack_random_continuous/level_120/pair_08.jsonl.gz,3457a4dcaf6cb9f4094fbf89d88b0c7ab45c4d9fcdb91998b09bb9378b133f43
validation,continuous,attack_random_continuous,attack,120,9,5766102741234575094,8092898047589033730,10253568787418113995,4b4d2a242c826e9bf83aecb52fcfd77149cba7004e548fa5a4e149d95d5a080d,e5439661821a5ad58f36f142255f7a6fc73f21dd0fa55f1db03a2220cc0c6b44,30,783,82,701,6.126538218657421,13.376538218657421,114.56666666666666,131.64999999999998,6.79321563365581,0.9795239737635378,30,30,30,30,30,1.0,1.0,1.0,1.0,1.0,raw_runs/validation/attack_random_continuous/level_120/pair_09.jsonl.gz,d7564254e8e109ba5afdc9bb268ecfeddcd586aea31ceebb428410a6fe5b28aa
validation,continuous,attack_random_continuous,attack,200,0,16896053770025021303,7915734813195450471,8231911945203942939,7824db6e5e9237711e52a0533589c0b8f663c76af0143ae006283fedf4b5e437,604729ee6ee1748a12c1133272664e29df389fadab627118e3745bd452398bdb,30,1298,122,1176,6.18261570604099,13.432615706040991,200.13333333333333,207.1,7.555415229465479,0.9561534509996984,30,30,30,30,30,1.0,1.0,1.0,1.0,1.0,raw_runs/validation/attack_random_continuous/level_200/pair_00.jsonl.gz,b1269f37849388bd955d8d7c3a4ced78ba5fc7b3b7043a0659837863f759b6b6
validation,continuous,attack_random_continuous,attack,200,1,12538011232869618596,8804615315091063918,1117926664143346037,5f517eef6a1733efa5802b1c5d6014c3352eeef99b16e7f7c22fdea762d7927c,3c3d953f87e5ccbda740db575020c1b69c11370343b31b6ba9beb59f08311351,30,1319,133,1186,6.154319324939192,13.404319324939191,197.3,216.29999999999998,7.526596458280051,0.9528955598728717,30,30,30,30,30,1.0,1.0,1.0,1.0,1.0,raw_runs/validation/attack_random_continuous/level_200/pair_01.jsonl.gz,41461551d9a1dfe4d7c8bd8a2df0942d5bdb4a58c6fb659c36582cbed3c551ae
validation,continuous,attack_random_continuous,attack,200,2,11803072693694383989,3280735146631786287,7574578603076473712,38ced9ef63dd3312a3176820915c8260dbdaea281e74d9e5a5e15296e5b5476d,bae0eff72e74aa717775688e475ce3c98b5f93f83e6f2fdae6f5f2da28434c56,30,1327,132,1195,6.052010389897435,13.302010389897436,195.53333333333333,211.2,7.526790134307087,0.9589955642691345,30,30,30,30,30,1.0,1.0,1.0,1.0,1.0,raw_runs/validation/attack_random_continuous/level_200/pair_02.jsonl.gz,84f7a9bcc429296001e86cec60c43ba961c657a62fbd0f63422d9b3e6aabffd2
validation,continuous,attack_random_continuous,attack,200,3,13487829710686587815,3110413854763646972,14375239042879919327,433bce29734538510099a3f0536551ca627e59b9ff74eab66b0ea3f3e55338fa,d1d94e3d446de243c5398ce99aaf0ac3933321d9bb903dccdd1ef1f2a92d0d67,30,1324,132,1192,6.144175744707097,13.394175744707097,200.96666666666667,219.0,7.549162702081635,0.9509443078018944,30,30,30,30,30,1.0,1.0,1.0,1.0,1.0,raw_runs/validation/attack_random_continuous/level_200/pair_03.jsonl.gz,00a5d6fe1fed33b59de3f11b593a11eb9f82530b8a58e53c8d2308c4a4b0fef1
validation,continuous,attack_random_continuous,attack,200,4,17380600800855691167,16011601727573698192,12398794957643940410,bbef077139163a07e4a08f4e90eeb329b5a2c76327d5ab70474f4e497599bbf9,eb318af1a4c99479b18e65b1aab325905937058bcfd93f808c612830bc22c154,30,1327,135,1192,6.22212131014862,13.47212131014862,196.53333333333333,224.55,7.519622795656331,0.9529432961636373,30,30,30,30,30,1.0,1.0,1.0,1.0,1.0,raw_runs/validation/attack_random_continuous/level_200/pair_04.jsonl.gz,e7a2e22e577b1dabcc6514a1ee764f4ecb15cd7fa8a79bdaa4ccf275d7cae7a5
validation,continuous,attack_random_continuous,attack,200,5,5754068155048241029,7449902621578396747,10331475047854051179,d935ef0513d1858e4e64539bf98b4d0026d66d429ca9d22667db5b9fb40a0e4f,676f8f6decad041a05b43df3e92acc8e0121db9560e15ea51e24bd73cff8c191,30,1325,150,1175,6.018876585395886,13.268876585395887,197.26666666666668,221.64999999999998,7.528741477104251,0.9554717655261459,30,30,30,30,30,1.0,1.0,1.0,1.0,1.0,raw_runs/validation/attack_random_continuous/level_200/pair_05.jsonl.gz,7aca9d6efe6dee5a5a1070057c420323109889a464b9b44e739287e24b87c707
validation,continuous,attack_random_continuous,attack,200,6,1645876900916925604,11395646348622656676,15150904445225529976,5f4cdac710787c5c983197e4e1bbafa3870ba5d10608aaab62f0308331d25229,7b7b6e5e52a7ad88c155c105717c62c5653f827858ab9fc4a703ee18ce339bf1,30,1319,150,1169,6.215066865568912,13.465066865568911,202.33333333333334,221.55,7.56262625186177,0.9532319687499619,30,30,30,30,30,1.0,1.0,1.0,1.0,1.0,raw_runs/validation/attack_random_continuous/level_200/pair_06.jsonl.gz,cd2a7178ff095f88091136270806fb1f7d429e321e1f478039bfb84bf72bffd5
validation,continuous,attack_random_continuous,attack,200,7,13114428025745130402,17453802610118128909,2208547583735058864,d01ae160c0f32b2682479d9a710a663610a9c5068d22a7376256b31a6ed0d7f1,7aa0222a3f36d7ae95e964ab3814335d16587f6132c3597ead18e375f7747fdb,30,1316,151,1165,6.09499432545937,13.344994325459371,194.23333333333332,210.64999999999998,7.5035316598580435,0.9524198272497949,30,30,30,30,30,1.0,1.0,1.0,1.0,1.0,raw_runs/validation/attack_random_continuous/level_200/pair_07.jsonl.gz,0ce024503bc44feb0c2717002f7a6dd57b75da10ad4b4668bfaf8fdbac1c8d90
validation,continuous,attack_random_continuous,attack,200,8,3250270310716571915,1919140345050504339,14733208443446674703,5ed0612abd10fa51a337e61d8202caa173c49e75a50340d162c506e8d7352406,d9165042f72705a5e42cc2544be9dab29bc485af0c161b19552566b931940b10,30,1324,107,1217,6.135860151302833,13.385860151302833,199.96666666666667,215.39999999999998,7.5409631660924425,0.9495610966420247,30,30,30,30,30,1.0,1.0,1.0,1.0,1.0,raw_runs/validation/attack_random_continuous/level_200/pair_08.jsonl.gz,4271818c653749e0d101aa8d77d82eca3280189f4300f4989ba1c514a6a4dcae
validation,continuous,attack_random_continuous,attack,200,9,10896150874945073060,5621468427271071362,65348494313535359,572816a796c85c0ec7d5d5e6434ad8465e3cb77ef1e21bb179b1b412f0ebb634,7b0ead087f85da2faa3506e02945a85623faf0b2d201dbda2af0efc29fb9aa02,30,1300,108,1192,6.024578123710188,13.274578123710189,194.36666666666667,210.0,7.50933536633545,0.9555217550497005,30,30,30,30,30,1.0,1.0,1.0,1.0,1.0,raw_runs/validation/attack_random_continuous/level_200/pair_09.jsonl.gz,8a859ed17fb0482db295d5cec08bbe686b8cb6c8d24e7098fda3ec7826f3adac
validation,continuous,attack_sweep_continuous,attack,24,0,3673551644062057245,4272863141513858583,3600039962718818843,f14709a3a82a9adf80cdf50bea442aa1b5635b1ab6e5b084d05682067df77b58,7e43092719123c1f49c34abba26e21cca687cf75487111a7c6ee3a1977d686ce,30,161,12,149,6.234382007816665,13.484382007816665,23.733333333333334,29.0,4.545095587616205,1.0,30,18,18,29,30,1.0,0.6,0.6,0.9666666666666667,1.0,raw_runs/validation/attack_sweep_continuous/level_24/pair_00.jsonl.gz,7ae53a35ac694126d48008bf1819ed557ede5bf85ae958f8f78d601ccaeae62c
validation,continuous,attack_sweep_continuous,attack,24,1,11431027195870344778,1373759827185832907,4393618039585266875,9cf3ff1a90de66ecb8047b4108ed1b4be3aaf76ba49f703086e560176fa195e0,b287d570496f838e676c7fce09d989f51c0793c2cbeca0ae402dcf708d4ba39b,30,135,22,113,6.0686765558200895,13.31867655582009,21.666666666666668,29.549999999999997,4.409127421090553,1.0,30,10,10,29,30,1.0,0.3333333333333333,0.3333333333333333,0.9666666666666667,1.0,raw_runs/validation/attack_sweep_continuous/level_24/pair_01.jsonl.gz,7c72b59b8c32dd5d018eaf86bfd75451aa458ec8af5d885c3dfa2ccc9269bacc
validation,continuous,attack_sweep_continuous,attack,24,2,12954679955638620947,12589799611093494771,15689123111886288824,5ccd0afe230bad1728d4d46588605c0a1f391a33d4f782d33093e99189617e37,aec1c05566a04d8cb1b26bb12bc485eb552617ec016b5829b3aa57021fa2d8ff,30,142,15,127,6.053308136644306,13.303308136644306,19.1,22.549999999999997,4.244125751417559,1.0,30,1,1,27,30,1.0,0.03333333333333333,0.03333333333333333,0.9,1.0,raw_runs/validation/attack_sweep_continuous/level_24/pair_02.jsonl.gz,de8ecb9b0495d1ebd57eefde864538afc4242e913e6e3735430069ff162d9413
validation,continuous,attack_sweep_continuous,attack,24,3,8481146232666450752,9354429047332502121,7991873446317471074,30fd54d3df2e7de751dd6dd4530b984202199697fb9404665ac2f65f0d77514f,c6ea0b96092e2300a19bcfabe3e90a3007be2ef0e78caf1238e44d15068e79ca,30,149,20,129,6.118608159310356,13.368608159310355,22.133333333333333,28.0,4.44194095554207,1.0,30,13,13,28,30,1.0,0.43333333333333335,0.43333333333333335,0.9333333333333333,1.0,raw_runs/validation/attack_sweep_continuous/level_24/pair_03.jsonl.gz,87b3f2de2ca8d60f12a85d7f08f1ce786160e73ad82b9a5f988b6d6ccf3d1690
validation,continuous,attack_sweep_continuous,attack,24,4,13567976593199891232,11869737719354102219,17548581696474634520,16782fe9392048f501a07a9349f6cd70dfd44aabac13e1a4341548e8617e6cf9,3612c26924b9bfb7887bc616e06259ca600132fc0835f4e1e808eb853ab07457,30,173,19,154,6.20645561119592,13.45645561119592,26.333333333333332,32.55,4.6929310368703625,1.0,30,20,20,30,30,1.0,0.6666666666666666,0.6666666666666666,1.0,1.0,raw_runs/validation/attack_sweep_continuous/level_24/pair_04.jsonl.gz,f0c3766aaf6275f7bde66cba01147ac665fc8796444cfc0e8e46fc872817e351
validation,continuous,attack_sweep_continuous,attack,24,5,14241141027202146377,16910298076832345794,3699736852854788280,c64506d26b9cb3276aa56da9f809c113388888bd307b66f019c15685d6e6d319,b3e3d1d5f512ce8d8797efbf95c49eb29c4b939be97cbb820b48491562c5f149,30,167,16,151,6.060113195098379,13.310113195098378,24.166666666666668,29.549999999999997,4.580567784729794,1.0,30,15,15,30,30,1.0,0.5,0.5,1.0,1.0,raw_runs/validation/attack_sweep_continuous/level_24/pair_05.jsonl.gz,558519d798612eee9a7ba1d5624c0d7abc44984dc671500de4ca254a51efd417
validation,continuous,attack_sweep_continuous,attack,24,6,7562000033540531603,14073620602045082575,5668466957207999156,a47e606da4758e02fbb00ff865e9e02491a25f46f55b77f7f46a93819ff72e2d,29a98548dd92683e7bb349395b80d08551220d8ffa6d3ca94f5a837926233015,30,154,18,136,6.21052951230692,13.46052951230692,24.9,31.0,4.596797707319878,0.9910593826463391,30,19,19,30,30,1.0,0.6333333333333333,0.6333333333333333,1.0,1.0,raw_runs/validation/attack_sweep_continuous/level_24/pair_06.jsonl.gz,d648008b852af6f58ca9d297ce0d4ec2510ff59a19ba1da45a3370a80c59e150
validation,continuous,attack_sweep_continuous,attack,24,7,11011284618895436610,11117433691203936528,3758363398187790755,a0e455794e4588d61bd139eb6af952c0edf7de2dea619d571e437d6ba226e2ea,d2890c5071dd8d0b4eef91ba2b48150878f2b97d3d29c41b6ca0439bf1ee503c,30,126,13,113,6.108341395269573,13.358341395269573,18.666666666666668,22.0,4.207338717513485,1.0,30,1,1,26,30,1.0,0.03333333333333333,0.03333333333333333,0.8666666666666667,1.0,raw_runs/validation/attack_sweep_continuous/level_24/pair_07.jsonl.gz,a30a653e125324b5d98a8e6ea1a4bb032cf3b3f2abc9190bd1f9d4eccf271cda
validation,continuous,attack_sweep_continuous,attack,24,8,9701534151890880810,8462130559846442702,16462701045538903159,d283b9dbaa5956662ae2b6b6fced7526591d0c76dd13af0a9ef0ec52b7f926ba,e64ad10e793a70553a0b67b5ca3f80199b69f5540faac7391f8c05578cfa53a7,30,146,17,129,6.238899994528942,13.488899994528943,22.6,29.099999999999994,4.482116978900764,1.0,30,8,8,30,30,1.0,0.26666666666666666,0.26666666666666666,1.0,1.0,raw_runs/validation/attack_sweep_continuous/level_24/pair_08.jsonl.gz,52ac5db305b6e1d23fda913c3d42d049598dab1537139e9323dd495bc6c15008
validation,continuous,attack_sweep_continuous,attack,24,9,3976943928879552847,8540069899174104864,8804673050268048838,0d6a0dfd7da38cee1e696560589b83e47537aee4a40b060980970e1b4a312677,cb2156bdae3475ccb38616928a27cfe71b65a0220e94824be00bae3408e19aa8,30,166,17,149,6.156191287871627,13.406191287871627,25.1,30.0,4.627195352652283,1.0,30,20,20,29,30,1.0,0.6666666666666666,0.6666666666666666,0.9666666666666667,1.0,raw_runs/validation/attack_sweep_continuous/level_24/pair_09.jsonl.gz,4583329423cdabde66a20b0d6b4dc3044ff2d856077be78e188c1dfed06c9a61
validation,continuous,attack_sweep_continuous,attack,60,0,10210537045640306180,13039003191039599806,4526444219281526515,af412e451e0a9d864497762d3d3daf9e23341fcf0619ecf1625b34dbddf9ffc3,c1a14a55c44653a359cb62d57f10447f3109c4349dad6f1c969f38f4295d0d21,30,369,43,326,6.096508261760505,13.346508261760505,57.1,70.0,5.8070705222013235,0.9926522836712673,30,30,30,30,30,1.0,1.0,1.0,1.0,1.0,raw_runs/validation/attack_sweep_continuous/level_60/pair_00.jsonl.gz,e33134d49b446fbbe3b0e5f7dd7d3550fefd3fc5a4947c8cb943ec06b2e58538
validation,continuous,attack_sweep_continuous,attack,60,1,9928620648339921539,13239255145390138332,3156664600883177212,7b87895d2a2d29e2146f3fe6dc6f5ca11bb90236e9181d8bd367665f08cb156b,6b7b8fbbc812680ff429edb5d044afd98182d4a0c8934cd3195c0d9297d3fe3d,30,392,33,359,6.041834152060623,13.291834152060623,64.4,73.64999999999999,5.9944684712876075,0.9952678883368014,30,30,30,30,30,1.0,1.0,1.0,1.0,1.0,raw_runs/validation/attack_sweep_continuous/level_60/pair_01.jsonl.gz,d17aa951cce5288d6d23cc8b4b47151e7da4a2f33cee9a2e208d618314238ae5
validation,continuous,attack_sweep_continuous,attack,60,2,7522586624996396663,1904021104845447304,14102247575870772316,cbd1e0fd11b9c66df17919123c72d4d52577bfec31e37ce971a610e8f0c7030a,8e4e591def36cde9898810f542dd74c5ce84f4daad10862cd2da1bfac4d8d4b9,30,411,39,372,6.096715117160257,13.346715117160258,63.166666666666664,72.0,5.962900655887927,0.9936231978492048,30,30,30,30,30,1.0,1.0,1.0,1.0,1.0,raw_runs/validation/attack_sweep_continuous/level_60/pair_02.jsonl.gz,b23702b058af8eb30c4bacd5cce1d8cb2f873376aa3e398f8a13f5784bb38a76
validation,continuous,attack_sweep_continuous,attack,60,3,15433724244603090679,170838089815200015,8307416916918236137,095237da909783f0134f570ccbaeae0ed72acac6486762d22269099e076b2301,081f4743235767a6fae0111a3561197d03067e7cb9fe9b0706726225858ff2fb,30,394,35,359,6.249703722032016,13.499703722032017,59.6,67.55,5.894357734656493,1.0,30,30,30,30,30,1.0,1.0,1.0,1.0,1.0,raw_runs/validation/attack_sweep_continuous/level_60/pair_03.jsonl.gz,c89d070aa3633da954776201b0617dddaf60f7d358a3cf31f1572f3182617b82
validation,continuous,attack_sweep_continuous,attack,60,4,11038982360530583690,2879818582982038012,1687596631635583873,bde008eae84615d9d04e636373258a0cebb548f76f360aa566ec03f278eab812,f1bce65a63822632e802303bd70ae32722db025ec2a9f281e44dd61067aa9f1a,30,411,42,369,6.104050882513569,13.354050882513569,65.3,71.55,6.018132482997221,0.9974466349181011,30,30,30,30,30,1.0,1.0,1.0,1.0,1.0,raw_runs/validation/attack_sweep_continuous/level_60/pair_04.jsonl.gz,fab78979bbcab5df3dab96498f0602005e556d593aae325998e57dc1fbf63b60
validation,continuous,attack_sweep_continuous,attack,60,5,6501249040653453308,14162299130731498581,13974591106324520100,206f0e1d263cfbad60ec7ce384b5dd1948d52afb11dc26e94fa3e7c2307acb58,07e1db7465123ca3410922d1aafde0caaf71a51fd4867354d16a76f9eeba0bfd,30,376,36,340,6.151044227420136,13.401044227420137,54.03333333333333,62.0,5.741052740205815,0.9958021593102238,30,30,30,30,30,1.0,1.0,1.0,1.0,1.0,raw_runs/validation/attack_sweep_continuous/level_60/pair_05.jsonl.gz,16dafaad9856cf47961f13247d91c0ce0b2fd11ad0e6c8f80a746cf502c65364
validation,continuous,attack_sweep_continuous,attack,60,6,6930678653229076526,15252313809878852804,1929803285500245700,70ff709e60fc65c6b11353f4b575bc0ac35f050acf17d759625c5fed83a84824,58d83ab25af7b71eb31d59f454dfce4d66c7c69226b7d83d68eba0c730b53062,30,404,37,367,6.058917278961883,13.308917278961882,59.06666666666667,64.0,5.8810290143521415,1.0,30,30,30,30,30,1.0,1.0,1.0,1.0,1.0,raw_runs/validation/attack_sweep_continuous/level_60/pair_06.jsonl.gz,c1f5c13da4a891b05ee45832932deabe87e5df7852311e289b9dfe8932ee7b97
validation,continuous,attack_sweep_continuous,attack,60,7,1348166448913175725,7166705425644547172,7331645877987769065,9c25ff6011f5411deb44f5f2f1cc7a447f5e166e81f63babb85ca74b4907ced2,29eee0d9838749bd69ee6c0aa985ff5aa0df5ae253e07ae8243397ad25cbefbd,30,385,34,351,6.067832573126943,13.317832573126942,61.0,66.55,5.922015474167173,0.9973167183177777,30,30,30,30,30,1.0,1.0,1.0,1.0,1.0,raw_runs/validation/attack_sweep_continuous/level_60/pair_07.jsonl.gz,298463db5fc8a08cf4437ff0abff4ce84a4114d52eb40e48d2a5f82623d890e8
validation,continuous,attack_sweep_continuous,attack,60,8,2223942126534782594,5544788755826056274,14529402812443370674,d46f68efb57e087b0ac313facc890c869702a761d27a9615ca00f1ca377bd0e2,8b5394a2165bb9ee74ed82000d0ccbd8df76898400b0d93a13efb3d8db805c9f,30,394,45,349,6.179456669312525,13.429456669312525,59.3,62.0,5.883944636370019,0.9978678539651142,30,30,30,30,30,1.0,1.0,1.0,1.0,1.0,raw_runs/validation/attack_sweep_continuous/level_60/pair_08.jsonl.gz,b588d191c6150c20648cc1ea153f8e61bf999da46684044b2ff87dcae2aea68a
validation,continuous,attack_sweep_continuous,attack,60,9,3808796865063232507,11435988634758829509,4681694650915699469,5d58b37a0c7a604d7581585aa87e3e733dc1fe265f89a823c9582d139a894c76,d4afbb6b3d74521dc09965061e00c4832d30530d8e5520138d0aef65a1903021,30,389,40,349,6.052958211818615,13.302958211818616,59.666666666666664,68.1,5.893738186017491,1.0,30,30,30,30,30,1.0,1.0,1.0,1.0,1.0,raw_runs/validation/attack_sweep_continuous/level_60/pair_09.jsonl.gz,31907680634d0dc328d4dae661b4442143a65fb20943198db884de34a94a0d0d
validation,continuous,attack_sweep_continuous,attack,120,0,3323202025522884144,3919892587191201774,10719456450323330052,f8f9278ff404936092dee59d4e477b75b2c42511c6ec1fc6a5cc623d8eeece8e,f00c4984f8c4cc82a6041020385b48ec33eef93d344460594d06b6e27db1cbc0,30,832,73,759,6.081800537081934,13.331800537081934,121.86666666666666,136.64999999999998,6.912795977821185,0.9944305679582592,30,30,30,30,30,1.0,1.0,1.0,1.0,1.0,raw_runs/validation/attack_sweep_continuous/level_120/pair_00.jsonl.gz,b7431cc349b560886599fb59fea16014d5d351d305112215007a2bfca1853be5
validation,continuous,attack_sweep_continuous,attack,120,1,3632502082100150952,14458099276214665080,14814841107287113937,ecbc6687bcb310740e6bc712f003b9f38b692952aa3901087c4d94c56f9d8b8e,d2ebf761d86b21c329ab4a7e9c9a6f22c54b9a92e02360063747ec0d9288197b,30,798,83,715,6.1581349055919,13.4081349055919,117.2,133.0,6.858579388143615,0.9970713510826136,30,30,30,30,30,1.0,1.0,1.0,1.0,1.0,raw_runs/validation/attack_sweep_continuous/level_120/pair_01.jsonl.gz,f9afb3c30b1162f49c4bd0098a282edd397a3273eab8893d19529176d9c40547
validation,continuous,attack_sweep_continuous,attack,120,2,574697187446849259,10357320109490916321,14855910822742699395,e82e115a8f8f066384f7afe2ec68ddca56be50617790b7bb65b47541bffb5c19,9859a188ec2abfc66139c151683b1fcb9d4ad180ec3ec2ca5edf427e3c48c59b,30,805,88,717,6.17128757904506,13.42128757904506,117.66666666666667,134.64999999999998,6.8702315095499795,0.9984329840123911,30,30,30,30,30,1.0,1.0,1.0,1.0,1.0,raw_runs/validation/attack_sweep_continuous/level_120/pair_02.jsonl.gz,acbb9498eb8366daa30b5ca57fa0f1d822d95fc8ac5a39f34f80c8e2598772ca
validation,continuous,attack_sweep_continuous,attack,120,3,14773419784552033624,3391129516678855901,2110115534338016198,b6cd4f402a1aff22675db92cfe596880a61e34c8a937eded4c889ac4e4e8eb7a,e4a060d32a181142c2d6481d4e8acfbfe1cfc741706f3a5c83ce85ce3114cdaa,30,826,74,752,6.040220111687934,13.290220111687933,113.6,127.55,6.8158422924753825,0.9960958743520926,30,30,30,30,30,1.0,1.0,1.0,1.0,1.0,raw_runs/validation/attack_sweep_continuous/level_120/pair_03.jsonl.gz,23e575215a1f0907a7c6bf595c3883a52be296e90060ff6cc3108d7f8d174940
validation,continuous,attack_sweep_continuous,attack,120,4,15448474526324906631,9601861437639727442,12677898324842662800,04465aa08866be6f74ad8919187f7d11ffc3b4f831502332c9cc59e3fcffe855,e3541c4a22ce9031a5e6efcc49c8038dad7ee31ec09ff28360d2b3c18562ef88,30,795,82,713,6.087009859121857,13.337009859121856,111.63333333333334,128.55,6.794779752595228,0.9981265400921315,30,30,30,30,30,1.0,1.0,1.0,1.0,1.0,raw_runs/validation/attack_sweep_continuous/level_120/pair_04.jsonl.gz,9a497fd89e8e560f27e34d642c2612f19406835bccfef7dfa5b770fd9bc8430e
validation,continuous,attack_sweep_continuous,attack,120,5,1377657481134050107,1823639970583859415,14854723662357890916,d1a01dd63c9138e254f5df4dd6a28b3f0ebd712a24e754a3d35d0c3f98282301,7f8eab0a7c7da3353b9722d6a6c79ee25400ce424d4c85f77a13c4573b76ab67,30,852,93,759,6.02450567884228,13.27450567884228,126.66666666666667,144.0,6.960954801491623,0.991128808793797,30,30,30,30,30,1.0,1.0,1.0,1.0,1.0,raw_runs/validation/attack_sweep_continuous/level_120/pair_05.jsonl.gz,c80c1d8a7cf4d8a0be4e606bb1637b412929110587cc019b99bb810a702f71a5
validation,continuous,attack_sweep_continuous,attack,120,6,8400009760640007586,14621289125797335566,5299685343215441457,ece537a3796f7b77288460ed46af06319d6580a1a649ba31f4c0a0471e794f81,657f7d21561543cd4d3b2546dab66d237b98714cae7e70ec6cd98d22f6005e51,30,780,63,717,6.130285243733856,13.380285243733855,119.76666666666667,144.1,6.883295975136351,0.9958314605403334,30,30,30,30,30,1.0,1.0,1.0,1.0,1.0,raw_runs/validation/attack_sweep_continuous/level_120/pair_06.jsonl.gz,1b32b953f7b6ea1528bead92e9da208fbaddcdebf173a4db28c6df71df94faf1
validation,continuous,attack_sweep_continuous,attack,120,7,5475527399028966433,15282131669469359278,4695543413278280149,41b50aca5f762ab5dd34a3d512a155333d5f8fc63352083ffb3477515979633d,c7e8b2b24ae0d28231ff92c21c85ed07a42303ccb83ab305421b8e492468335f,30,801,73,728,6.2217785369659975,13.471778536965997,113.23333333333333,131.84999999999997,6.807424102513468,0.995958910691733,30,30,30,30,30,1.0,1.0,1.0,1.0,1.0,raw_runs/validation/attack_sweep_continuous/level_120/pair_07.jsonl.gz,8bf0203fc8b02d8e701aa79d8e1d9df14eac87d0a93aee581fc2ab96bdf891e6
validation,continuous,attack_sweep_continuous,attack,120,8,8501697092527940708,1068103047378825753,5985807260556870273,c0226840ed3d57a737fa6e3d5682275d9b94eb264663cdd9b23d097d1b44deb8,63d897788bda19e51ce774b626667d8f2280a0f878044757cbaf29587a66f6b9,30,792,71,721,6.202483654908547,13.452483654908548,123.9,132.0,6.947212426988192,0.997933388702698,30,30,30,30,30,1.0,1.0,1.0,1.0,1.0,raw_runs/validation/attack_sweep_continuous/level_120/pair_08.jsonl.gz,670ed6c06d23bd3d245ff3d44bc3dc774290c6a9b742ea5b89cb22d46e3f2b3f
validation,continuous,attack_sweep_continuous,attack,120,9,5766102741234575094,8092898047589033730,8599978668378951321,4b4d2a242c826e9bf83aecb52fcfd77149cba7004e548fa5a4e149d95d5a080d,e5439661821a5ad58f36f142255f7a6fc73f21dd0fa55f1db03a2220cc0c6b44,30,783,77,706,6.126538218657421,13.376538218657421,114.56666666666666,131.64999999999998,6.8260744125645285,0.9959533632178968,30,30,30,30,30,1.0,1.0,1.0,1.0,1.0,raw_runs/validation/attack_sweep_continuous/level_120/pair_09.jsonl.gz,d88655dbc8bce99f325de4644988b6cb9d8d0f78de3e8860ae7ba5fb8169ade9
validation,continuous,attack_sweep_continuous,attack,200,0,16896053770025021303,7915734813195450471,7095599656311807234,7824db6e5e9237711e52a0533589c0b8f663c76af0143ae006283fedf4b5e437,604729ee6ee1748a12c1133272664e29df389fadab627118e3745bd452398bdb,30,1298,129,1169,6.18261570604099,13.432615706040991,200.13333333333333,207.1,7.620200956826386,0.9878637432167953,30,30,30,30,30,1.0,1.0,1.0,1.0,1.0,raw_runs/validation/attack_sweep_continuous/level_200/pair_00.jsonl.gz,1842d0523875c4c29c2c034c58be818d858b3d2166ca4ea4d4df6ee451417e18
validation,continuous,attack_sweep_continuous,attack,200,1,12538011232869618596,8804615315091063918,130051642864853068,5f517eef6a1733efa5802b1c5d6014c3352eeef99b16e7f7c22fdea762d7927c,3c3d953f87e5ccbda740db575020c1b69c11370343b31b6ba9beb59f08311351,30,1319,119,1200,6.154319324939192,13.404319324939191,197.3,216.29999999999998,7.606544335904365,0.992614998723934,30,30,30,30,30,1.0,1.0,1.0,1.0,1.0,raw_runs/validation/attack_sweep_continuous/level_200/pair_01.jsonl.gz,dff12ce351676c60fc92cbdeb7f2cf67a6537f7f90593715df2ff4e2931b6df7
validation,continuous,attack_sweep_continuous,attack,200,2,11803072693694383989,3280735146631786287,15411845028979792376,38ced9ef63dd3312a3176820915c8260dbdaea281e74d9e5a5e15296e5b5476d,bae0eff72e74aa717775688e475ce3c98b5f93f83e6f2fdae6f5f2da28434c56,30,1327,104,1223,6.052010389897435,13.302010389897436,195.53333333333333,211.2,7.602735999413457,0.9965116049221672,30,30,30,30,30,1.0,1.0,1.0,1.0,1.0,raw_runs/validation/attack_sweep_continuous/level_200/pair_02.jsonl.gz,48141ab3c5d9f87f9f8cc6c47e7e534a4063fc85aee2258f7f4bbec759d723cc
validation,continuous,attack_sweep_continuous,attack,200,3,13487829710686587815,3110413854763646972,16585377949257669122,433bce29734538510099a3f0536551ca627e59b9ff74eab66b0ea3f3e55338fa,d1d94e3d446de243c5398ce99aaf0ac3933321d9bb903dccdd1ef1f2a92d0d67,30,1324,148,1176,6.144175744707097,13.394175744707097,200.96666666666667,219.0,7.63060360486405,0.9912214887150561,30,30,30,30,30,1.0,1.0,1.0,1.0,1.0,raw_runs/validation/attack_sweep_continuous/level_200/pair_03.jsonl.gz,b1e94c85f552b3bfe41c7a56b8f43b94f35a016c5d7fa3610e731fdf70144622
validation,continuous,attack_sweep_continuous,attack,200,4,17380600800855691167,16011601727573698192,10827877655160664180,bbef077139163a07e4a08f4e90eeb329b5a2c76327d5ab70474f4e497599bbf9,eb318af1a4c99479b18e65b1aab325905937058bcfd93f808c612830bc22c154,30,1327,134,1193,6.22212131014862,13.47212131014862,196.53333333333333,224.55,7.604606373333591,0.9951859338484229,30,30,30,30,30,1.0,1.0,1.0,1.0,1.0,raw_runs/validation/attack_sweep_continuous/level_200/pair_04.jsonl.gz,9960f6673994a8b7e16515d06105f34d2c7d41fe7c72694bc53c95cd8656d93b
validation,continuous,attack_sweep_continuous,attack,200,5,5754068155048241029,7449902621578396747,2262214082512400504,d935ef0513d1858e4e64539bf98b4d0026d66d429ca9d22667db5b9fb40a0e4f,676f8f6decad041a05b43df3e92acc8e0121db9560e15ea51e24bd73cff8c191,30,1325,153,1172,6.018876585395886,13.268876585395887,197.26666666666668,221.64999999999998,7.595442422689783,0.9884375756235849,30,30,30,30,30,1.0,1.0,1.0,1.0,1.0,raw_runs/validation/attack_sweep_continuous/level_200/pair_05.jsonl.gz,70234d98a89d36e04ef33c19f1c6656342a530efe55f97121f13a654cd212e04
validation,continuous,attack_sweep_continuous,attack,200,6,1645876900916925604,11395646348622656676,7308285307794835667,5f4cdac710787c5c983197e4e1bbafa3870ba5d10608aaab62f0308331d25229,7b7b6e5e52a7ad88c155c105717c62c5653f827858ab9fc4a703ee18ce339bf1,30,1319,132,1187,6.215066865568912,13.465066865568911,202.33333333333334,221.55,7.641546921233543,0.9921024514204351,30,30,30,30,30,1.0,1.0,1.0,1.0,1.0,raw_runs/validation/attack_sweep_continuous/level_200/pair_06.jsonl.gz,c75e1dc2085b9c22ff722be7704095274019760a135ab3cc7938deb0a9e47051
validation,continuous,attack_sweep_continuous,attack,200,7,13114428025745130402,17453802610118128909,13768674352436381842,d01ae160c0f32b2682479d9a710a663610a9c5068d22a7376256b31a6ed0d7f1,7aa0222a3f36d7ae95e964ab3814335d16587f6132c3597ead18e375f7747fdb,30,1316,131,1185,6.09499432545937,13.344994325459371,194.23333333333332,210.64999999999998,7.565185253038604,0.9826773735264152,30,30,30,30,30,1.0,1.0,1.0,1.0,1.0,raw_runs/validation/attack_sweep_continuous/level_200/pair_07.jsonl.gz,87a7ed11f105fb6722d729190cde50626e7746e7ec64ca1716a5f124b497d867
validation,continuous,attack_sweep_continuous,attack,200,8,3250270310716571915,1919140345050504339,1940069844330373828,5ed0612abd10fa51a337e61d8202caa173c49e75a50340d162c506e8d7352406,d9165042f72705a5e42cc2544be9dab29bc485af0c161b19552566b931940b10,30,1324,157,1167,6.135860151302833,13.385860151302833,199.96666666666667,215.39999999999998,7.612076209657359,0.9848811337392355,30,30,30,30,30,1.0,1.0,1.0,1.0,1.0,raw_runs/validation/attack_sweep_continuous/level_200/pair_08.jsonl.gz,6ef23a4373fcf167762c6ecae48433c53ded8b9f5344efb3a55a4f47b995e3dd
validation,continuous,attack_sweep_continuous,attack,200,9,10896150874945073060,5621468427271071362,10810775267165848132,572816a796c85c0ec7d5d5e6434ad8465e3cb77ef1e21bb179b1b412f0ebb634,7b0ead087f85da2faa3506e02945a85623faf0b2d201dbda2af0efc29fb9aa02,30,1300,123,1177,6.024578123710188,13.274578123710189,194.36666666666667,210.0,7.563751384537507,0.98244272524193,30,30,30,30,30,1.0,1.0,1.0,1.0,1.0,raw_runs/validation/attack_sweep_continuous/level_200/pair_09.jsonl.gz,c5dfaf95e1878d97cfa033c0548726831c49b7b9fa40d18f0911f3b1ce3ffb1d
validation,continuous,benign_continuous,benign,24,0,3673551644062057245,4272863141513858583,17886223019504002330,f14709a3a82a9adf80cdf50bea442aa1b5635b1ab6e5b084d05682067df77b58,7e43092719123c1f49c34abba26e21cca687cf75487111a7c6ee3a1977d686ce,30,161,161,0,6.234382007816665,13.484382007816665,23.733333333333334,29.0,4.545095587616205,1.0,30,18,18,29,30,1.0,0.6,0.6,0.9666666666666667,1.0,raw_runs/validation/benign_continuous/level_24/pair_00.jsonl.gz,ba499d7af93cfc0f21fcc59806107e706b63bcab6fe8e49d75ba96db04623073
validation,continuous,benign_continuous,benign,24,1,11431027195870344778,1373759827185832907,8278788210625467037,9cf3ff1a90de66ecb8047b4108ed1b4be3aaf76ba49f703086e560176fa195e0,b287d570496f838e676c7fce09d989f51c0793c2cbeca0ae402dcf708d4ba39b,30,135,135,0,6.0686765558200895,13.31867655582009,21.666666666666668,29.549999999999997,4.409127421090553,1.0,30,10,10,29,30,1.0,0.3333333333333333,0.3333333333333333,0.9666666666666667,1.0,raw_runs/validation/benign_continuous/level_24/pair_01.jsonl.gz,6f77eadfa44fd404072e41c4dfc1426589451e3d4b5e2fc202b7c16378e4d77a
validation,continuous,benign_continuous,benign,24,2,12954679955638620947,12589799611093494771,1586597214915507440,5ccd0afe230bad1728d4d46588605c0a1f391a33d4f782d33093e99189617e37,aec1c05566a04d8cb1b26bb12bc485eb552617ec016b5829b3aa57021fa2d8ff,30,142,142,0,6.053308136644306,13.303308136644306,19.1,22.549999999999997,4.244125751417559,1.0,30,1,1,27,30,1.0,0.03333333333333333,0.03333333333333333,0.9,1.0,raw_runs/validation/benign_continuous/level_24/pair_02.jsonl.gz,1f02c75e141cd7da590ae9f926a9fd8abe3e54875be0769c09b58974b7fc2baa
validation,continuous,benign_continuous,benign,24,3,8481146232666450752,9354429047332502121,685053397882332160,30fd54d3df2e7de751dd6dd4530b984202199697fb9404665ac2f65f0d77514f,c6ea0b96092e2300a19bcfabe3e90a3007be2ef0e78caf1238e44d15068e79ca,30,149,149,0,6.118608159310356,13.368608159310355,22.133333333333333,28.0,4.44194095554207,1.0,30,13,13,28,30,1.0,0.43333333333333335,0.43333333333333335,0.9333333333333333,1.0,raw_runs/validation/benign_continuous/level_24/pair_03.jsonl.gz,ed74690dc542907e73a5e98aa24fb527b26663313ddd276a89cd26292f96fab8
validation,continuous,benign_continuous,benign,24,4,13567976593199891232,11869737719354102219,13624782941386030772,16782fe9392048f501a07a9349f6cd70dfd44aabac13e1a4341548e8617e6cf9,3612c26924b9bfb7887bc616e06259ca600132fc0835f4e1e808eb853ab07457,30,173,173,0,6.20645561119592,13.45645561119592,26.333333333333332,32.55,4.681891610347066,0.9944802867383512,30,20,20,30,30,1.0,0.6666666666666666,0.6666666666666666,1.0,1.0,raw_runs/validation/benign_continuous/level_24/pair_04.jsonl.gz,e54695f9043527da126e423d01561ec1e8af8f16713bcedb0993d1511ae886a4
validation,continuous,benign_continuous,benign,24,5,14241141027202146377,16910298076832345794,15403529883811425231,c64506d26b9cb3276aa56da9f809c113388888bd307b66f019c15685d6e6d319,b3e3d1d5f512ce8d8797efbf95c49eb29c4b939be97cbb820b48491562c5f149,30,167,167,0,6.060113195098379,13.310113195098378,24.166666666666668,29.549999999999997,4.556555138224394,0.9879936767472999,30,15,15,30,30,1.0,0.5,0.5,1.0,1.0,raw_runs/validation/benign_continuous/level_24/pair_05.jsonl.gz,b9311ea13ba8b53f7167c7c4b336253f559c6445c3a6b9a8d7ac6fc92624c354
validation,continuous,benign_continuous,benign,24,6,7562000033540531603,14073620602045082575,4174922517941567928,a47e606da4758e02fbb00ff865e9e02491a25f46f55b77f7f46a93819ff72e2d,29a98548dd92683e7bb349395b80d08551220d8ffa6d3ca94f5a837926233015,30,154,154,0,6.21052951230692,13.46052951230692,24.9,31.0,4.610975238323495,0.9981481481481481,30,19,19,30,30,1.0,0.6333333333333333,0.6333333333333333,1.0,1.0,raw_runs/validation/benign_continuous/level_24/pair_06.jsonl.gz,8399fd24319ef6acbd7ecefb8665026855f33356d5e724470a539405f2e9d595
validation,continuous,benign_continuous,benign,24,7,11011284618895436610,11117433691203936528,1279602131603168311,a0e455794e4588d61bd139eb6af952c0edf7de2dea619d571e437d6ba226e2ea,d2890c5071dd8d0b4eef91ba2b48150878f2b97d3d29c41b6ca0439bf1ee503c,30,126,126,0,6.108341395269573,13.358341395269573,18.666666666666668,22.0,4.200968347143115,0.9968148148148148,30,1,1,26,30,1.0,0.03333333333333333,0.03333333333333333,0.8666666666666667,1.0,raw_runs/validation/benign_continuous/level_24/pair_07.jsonl.gz,ab4f741839599944856662eb3886201cd7627c328ab6d178105096decde3c5e3
validation,continuous,benign_continuous,benign,24,8,9701534151890880810,8462130559846442702,4346657267074607474,d283b9dbaa5956662ae2b6b6fced7526591d0c76dd13af0a9ef0ec52b7f926ba,e64ad10e793a70553a0b67b5ca3f80199b69f5540faac7391f8c05578cfa53a7,30,146,146,0,6.238899994528942,13.488899994528943,22.6,29.099999999999994,4.468504665288451,0.9931938431938432,30,8,8,30,30,1.0,0.26666666666666666,0.26666666666666666,1.0,1.0,raw_runs/validation/benign_continuous/level_24/pair_08.jsonl.gz,643e3925dcb6f1766f0d4e295f85be28f8a51088bdcccdb1b6f933a6e558def5
validation,continuous,benign_continuous,benign,24,9,3976943928879552847,8540069899174104864,18139133323378751663,0d6a0dfd7da38cee1e696560589b83e47537aee4a40b060980970e1b4a312677,cb2156bdae3475ccb38616928a27cfe71b65a0220e94824be00bae3408e19aa8,30,166,166,0,6.156191287871627,13.406191287871627,25.1,30.0,4.581829228265057,0.9773169378063867,30,20,20,29,30,1.0,0.6666666666666666,0.6666666666666666,0.9666666666666667,1.0,raw_runs/validation/benign_continuous/level_24/pair_09.jsonl.gz,caed2465be253b3654fc498abd1e4f814b40190194715fd8f09ef5d814033d03
validation,continuous,benign_continuous,benign,60,0,10210537045640306180,13039003191039599806,10684412902463485517,af412e451e0a9d864497762d3d3daf9e23341fcf0619ecf1625b34dbddf9ffc3,c1a14a55c44653a359cb62d57f10447f3109c4349dad6f1c969f38f4295d0d21,30,369,369,0,6.096508261760505,13.346508261760505,57.1,70.0,5.7882159616754425,0.9832250034083262,30,30,30,30,30,1.0,1.0,1.0,1.0,1.0,raw_runs/validation/benign_continuous/level_60/pair_00.jsonl.gz,21f8c0fd2c5a1a47c21987e4cefadbfd842be3ee2fed13f5e14aca10b3b433dd
validation,continuous,benign_continuous,benign,60,1,9928620648339921539,13239255145390138332,10911411366688118113,7b87895d2a2d29e2146f3fe6dc6f5ca11bb90236e9181d8bd367665f08cb156b,6b7b8fbbc812680ff429edb5d044afd98182d4a0c8934cd3195c0d9297d3fe3d,30,392,392,0,6.041834152060623,13.291834152060623,64.4,73.64999999999999,5.96703166869196,0.9815494870389778,30,30,30,30,30,1.0,1.0,1.0,1.0,1.0,raw_runs/validation/benign_continuous/level_60/pair_01.jsonl.gz,49bff8dfa0a3fcf78883c41c04d47db0e92e6e5855a7400bdeb51e6993fe4472
validation,continuous,benign_continuous,benign,60,2,7522586624996396663,1904021104845447304,1380828949492438624,cbd1e0fd11b9c66df17919123c72d4d52577bfec31e37ce971a610e8f0c7030a,8e4e591def36cde9898810f542dd74c5ce84f4daad10862cd2da1bfac4d8d4b9,30,411,411,0,6.096715117160257,13.346715117160258,63.166666666666664,72.0,5.938036514239587,0.9815724708837623,30,30,30,30,30,1.0,1.0,1.0,1.0,1.0,raw_runs/validation/benign_continuous/level_60/pair_02.jsonl.gz,41a3ba2049d556cc73dc74a49f86bb744f815c7f799926fa3116b4855a522097
validation,continuous,benign_continuous,benign,60,3,15433724244603090679,170838089815200015,4207319843745132643,095237da909783f0134f570ccbaeae0ed72acac6486762d22269099e076b2301,081f4743235767a6fae0111a3561197d03067e7cb9fe9b0706726225858ff2fb,30,394,394,0,6.249703722032016,13.499703722032017,59.6,67.55,5.877018877079661,0.9913305712115841,30,30,30,30,30,1.0,1.0,1.0,1.0,1.0,raw_runs/validation/benign_continuous/level_60/pair_03.jsonl.gz,f2eb2105b38183b99578181962330d854024b017455a065ed3a96eed6531b1aa
validation,continuous,benign_continuous,benign,60,4,11038982360530583690,2879818582982038012,5507030510362401424,bde008eae84615d9d04e636373258a0cebb548f76f360aa566ec03f278eab812,f1bce65a63822632e802303bd70ae32722db025ec2a9f281e44dd61067aa9f1a,30,411,411,0,6.104050882513569,13.354050882513569,65.3,71.55,5.994314898989945,0.9855378429144637,30,30,30,30,30,1.0,1.0,1.0,1.0,1.0,raw_runs/validation/benign_continuous/level_60/pair_04.jsonl.gz,6f576c964d53bad1e7f92415bcfb6231a56bdc0883c0f6cbb452ae9da1e7f4f8
validation,continuous,benign_continuous,benign,60,5,6501249040653453308,14162299130731498581,1572305598374283546,206f0e1d263cfbad60ec7ce384b5dd1948d52afb11dc26e94fa3e7c2307acb58,07e1db7465123ca3410922d1aafde0caaf71a51fd4867354d16a76f9eeba0bfd,30,376,376,0,6.151044227420136,13.401044227420137,54.03333333333333,62.0,5.724323611933326,0.9874375951739794,30,30,30,30,30,1.0,1.0,1.0,1.0,1.0,raw_runs/validation/benign_continuous/level_60/pair_05.jsonl.gz,3b670203c4bfba68ea710892fc6cbe418804c1fb82282bc2c8d4d70cc355e124
validation,continuous,benign_continuous,benign,60,6,6930678653229076526,15252313809878852804,3007866419289675907,70ff709e60fc65c6b11353f4b575bc0ac35f050acf17d759625c5fed83a84824,58d83ab25af7b71eb31d59f454dfce4d66c7c69226b7d83d68eba0c730b53062,30,404,404,0,6.058917278961883,13.308917278961882,59.06666666666667,64.0,5.861022107195459,0.9899965464216589,30,30,30,30,30,1.0,1.0,1.0,1.0,1.0,raw_runs/validation/benign_continuous/level_60/pair_06.jsonl.gz,d6650e38e41f384d0ab3e060d15c8612f34878b2167cf56e3dd8a949989b13aa
validation,continuous,benign_continuous,benign,60,7,1348166448913175725,7166705425644547172,1746846252470736694,9c25ff6011f5411deb44f5f2f1cc7a447f5e166e81f63babb85ca74b4907ced2,29eee0d9838749bd69ee6c0aa985ff5aa0df5ae253e07ae8243397ad25cbefbd,30,385,385,0,6.067832573126943,13.317832573126942,61.0,66.55,5.910864286406488,0.9917411244374356,30,30,30,30,30,1.0,1.0,1.0,1.0,1.0,raw_runs/validation/benign_continuous/level_60/pair_07.jsonl.gz,152a73dd6dbb9edda13a5756a789a4839bd5a86ba4d33a797ceea36facd3751f
validation,continuous,benign_continuous,benign,60,8,2223942126534782594,5544788755826056274,12882337581736114440,d46f68efb57e087b0ac313facc890c869702a761d27a9615ca00f1ca377bd0e2,8b5394a2165bb9ee74ed82000d0ccbd8df76898400b0d93a13efb3d8db805c9f,30,394,394,0,6.179456669312525,13.429456669312525,59.3,62.0,5.856338570771539,0.9840648211658739,30,30,30,30,30,1.0,1.0,1.0,1.0,1.0,raw_runs/validation/benign_continuous/level_60/pair_08.jsonl.gz,90913bedb4b1f4f10a3b9e5d1435aec79672425df1cc35f1d0c44380f874ccb5
validation,continuous,benign_continuous,benign,60,9,3808796865063232507,11435988634758829509,3373203604982695613,5d58b37a0c7a604d7581585aa87e3e733dc1fe265f89a823c9582d139a894c76,d4afbb6b3d74521dc09965061e00c4832d30530d8e5520138d0aef65a1903021,30,389,389,0,6.052958211818615,13.302958211818616,59.666666666666664,68.1,5.874481978669087,0.9903718963257985,30,30,30,30,30,1.0,1.0,1.0,1.0,1.0,raw_runs/validation/benign_continuous/level_60/pair_09.jsonl.gz,b2bdde8af6274bb597eaa7c3b58d889b9e702facbc19ccb38618d876d84de560
validation,continuous,benign_continuous,benign,120,0,3323202025522884144,3919892587191201774,13809857721791902556,f8f9278ff404936092dee59d4e477b75b2c42511c6ec1fc6a5cc623d8eeece8e,f00c4984f8c4cc82a6041020385b48ec33eef93d344460594d06b6e27db1cbc0,30,832,832,0,6.081800537081934,13.331800537081934,121.86666666666666,136.64999999999998,6.847248167526051,0.9618921593637453,30,30,30,30,30,1.0,1.0,1.0,1.0,1.0,raw_runs/validation/benign_continuous/level_120/pair_00.jsonl.gz,a4510afce61049f805d75a44c71cd16c96ea7cd7f1daee7af76824f736e2336d
validation,continuous,benign_continuous,benign,120,1,3632502082100150952,14458099276214665080,3818930486840116614,ecbc6687bcb310740e6bc712f003b9f38b692952aa3901087c4d94c56f9d8b8e,d2ebf761d86b21c329ab4a7e9c9a6f22c54b9a92e02360063747ec0d9288197b,30,798,798,0,6.1581349055919,13.4081349055919,117.2,133.0,6.812069590161232,0.9738164520914212,30,30,30,30,30,1.0,1.0,1.0,1.0,1.0,raw_runs/validation/benign_continuous/level_120/pair_01.jsonl.gz,62fda9d055ea9c02f1a1dc6704a8353c89b8e3227b4110bc6864d8544ddbfd0b
validation,continuous,benign_continuous,benign,120,2,574697187446849259,10357320109490916321,14962890677897337317,e82e115a8f8f066384f7afe2ec68ddca56be50617790b7bb65b47541bffb5c19,9859a188ec2abfc66139c151683b1fcb9d4ad180ec3ec2ca5edf427e3c48c59b,30,805,805,0,6.17128757904506,13.42128757904506,117.66666666666667,134.64999999999998,6.822479858434575,0.9746611374494771,30,30,30,30,30,1.0,1.0,1.0,1.0,1.0,raw_runs/validation/benign_continuous/level_120/pair_02.jsonl.gz,400738ca6cd144c40c1401b5a0b2ec76da0e01865b857a6b588606875ab48260
validation,continuous,benign_continuous,benign,120,3,14773419784552033624,3391129516678855901,7399040351891850289,b6cd4f402a1aff22675db92cfe596880a61e34c8a937eded4c889ac4e4e8eb7a,e4a060d32a181142c2d6481d4e8acfbfe1cfc741706f3a5c83ce85ce3114cdaa,30,826,826,0,6.040220111687934,13.290220111687933,113.6,127.55,6.786705909763554,0.9815276829961774,30,30,30,30,30,1.0,1.0,1.0,1.0,1.0,raw_runs/validation/benign_continuous/level_120/pair_03.jsonl.gz,33b05dd5bac55b9cb85c2eb7277f1b218af4e60ea37b58f6553df74623d8585c
validation,continuous,benign_continuous,benign,120,4,15448474526324906631,9601861437639727442,16178394492021732135,04465aa08866be6f74ad8919187f7d11ffc3b4f831502332c9cc59e3fcffe855,e3541c4a22ce9031a5e6efcc49c8038dad7ee31ec09ff28360d2b3c18562ef88,30,795,795,0,6.087009859121857,13.337009859121856,111.63333333333334,128.55,6.762205978695852,0.9819301672314328,30,30,30,30,30,1.0,1.0,1.0,1.0,1.0,raw_runs/validation/benign_continuous/level_120/pair_04.jsonl.gz,a1e8c1f94ba56fa0615725b218441c583b7feeb607a60577ee3cb653703e340c
validation,continuous,benign_continuous,benign,120,5,1377657481134050107,1823639970583859415,2133942331941710131,d1a01dd63c9138e254f5df4dd6a28b3f0ebd712a24e754a3d35d0c3f98282301,7f8eab0a7c7da3353b9722d6a6c79ee25400ce424d4c85f77a13c4573b76ab67,30,852,852,0,6.02450567884228,13.27450567884228,126.66666666666667,144.0,6.909760937275338,0.965531876685654,30,30,30,30,30,1.0,1.0,1.0,1.0,1.0,raw_runs/validation/benign_continuous/level_120/pair_05.jsonl.gz,5e231157a3fbafabdcc74d976fbafaf5f713bfbf9006d95b0698ef4c45e5593c
validation,continuous,benign_continuous,benign,120,6,8400009760640007586,14621289125797335566,9302636104103127104,ece537a3796f7b77288460ed46af06319d6580a1a649ba31f4c0a0471e794f81,657f7d21561543cd4d3b2546dab66d237b98714cae7e70ec6cd98d22f6005e51,30,780,780,0,6.130285243733856,13.380285243733855,119.76666666666667,144.1,6.8352005335140635,0.9717837397291887,30,30,30,30,30,1.0,1.0,1.0,1.0,1.0,raw_runs/validation/benign_continuous/level_120/pair_06.jsonl.gz,1c9849b1febf5450ee75049fb0994d3d5e1a609cb86621d81222b937e41f228f
validation,continuous,benign_continuous,benign,120,7,5475527399028966433,15282131669469359278,8076644475177416513,41b50aca5f762ab5dd34a3d512a155333d5f8fc63352083ffb3477515979633d,c7e8b2b24ae0d28231ff92c21c85ed07a42303ccb83ab305421b8e492468335f,30,801,801,0,6.2217785369659975,13.471778536965997,113.23333333333333,131.84999999999997,6.764460649626604,0.9749782023007091,30,30,30,30,30,1.0,1.0,1.0,1.0,1.0,raw_runs/validation/benign_continuous/level_120/pair_07.jsonl.gz,171ceb036077b5e53126583984ba4067ce5d8851b5e5c8a57ac1c06ec3097423
validation,continuous,benign_continuous,benign,120,8,8501697092527940708,1068103047378825753,17886811125392345042,c0226840ed3d57a737fa6e3d5682275d9b94eb264663cdd9b23d097d1b44deb8,63d897788bda19e51ce774b626667d8f2280a0f878044757cbaf29587a66f6b9,30,792,792,0,6.202483654908547,13.452483654908548,123.9,132.0,6.873789615915677,0.9613277097073607,30,30,30,30,30,1.0,1.0,1.0,1.0,1.0,raw_runs/validation/benign_continuous/level_120/pair_08.jsonl.gz,051231d6cb67eb3e121333aaad19a4b50a550341320b5451f9911e2dbe27fe7c
validation,continuous,benign_continuous,benign,120,9,5766102741234575094,8092898047589033730,17838961268661491920,4b4d2a242c826e9bf83aecb52fcfd77149cba7004e548fa5a4e149d95d5a080d,e5439661821a5ad58f36f142255f7a6fc73f21dd0fa55f1db03a2220cc0c6b44,30,783,783,0,6.126538218657421,13.376538218657421,114.56666666666666,131.64999999999998,6.768183249593718,0.9670077817324917,30,30,30,30,30,1.0,1.0,1.0,1.0,1.0,raw_runs/validation/benign_continuous/level_120/pair_09.jsonl.gz,c3b011e3436388b43cfed060b6dc7e0e096cda931b298df93a8aae30d92aa87b
validation,continuous,benign_continuous,benign,200,0,16896053770025021303,7915734813195450471,1859074153943623676,7824db6e5e9237711e52a0533589c0b8f663c76af0143ae006283fedf4b5e437,604729ee6ee1748a12c1133272664e29df389fadab627118e3745bd452398bdb,30,1298,1298,0,6.18261570604099,13.432615706040991,200.13333333333333,207.1,7.557663990697716,0.9565952601524604,30,30,30,30,30,1.0,1.0,1.0,1.0,1.0,raw_runs/validation/benign_continuous/level_200/pair_00.jsonl.gz,6099c851f14152280e541608eca871630b58b1a7194cba94d69beceaf6a6b8d5
validation,continuous,benign_continuous,benign,200,1,12538011232869618596,8804615315091063918,1205384494211598764,5f517eef6a1733efa5802b1c5d6014c3352eeef99b16e7f7c22fdea762d7927c,3c3d953f87e5ccbda740db575020c1b69c11370343b31b6ba9beb59f08311351,30,1319,1319,0,6.154319324939192,13.404319324939191,197.3,216.29999999999998,7.534723297800943,0.9574076937635055,30,30,30,30,30,1.0,1.0,1.0,1.0,1.0,raw_runs/validation/benign_continuous/level_200/pair_01.jsonl.gz,2fc60b13a84af5588d49185119ef6a10472984f05eee0f91ebe423ba7c0a44d6
validation,continuous,benign_continuous,benign,200,2,11803072693694383989,3280735146631786287,18105349416826401344,38ced9ef63dd3312a3176820915c8260dbdaea281e74d9e5a5e15296e5b5476d,bae0eff72e74aa717775688e475ce3c98b5f93f83e6f2fdae6f5f2da28434c56,30,1327,1327,0,6.052010389897435,13.302010389897436,195.53333333333333,211.2,7.53088925541524,0.9613621566740369,30,30,30,30,30,1.0,1.0,1.0,1.0,1.0,raw_runs/validation/benign_continuous/level_200/pair_02.jsonl.gz,3c41cc14da157d046d8da2e311068f1aaae3f9d886c7e90b0ceea8ab9cd2c3df
validation,continuous,benign_continuous,benign,200,3,13487829710686587815,3110413854763646972,237779379617910618,433bce29734538510099a3f0536551ca627e59b9ff74eab66b0ea3f3e55338fa,d1d94e3d446de243c5398ce99aaf0ac3933321d9bb903dccdd1ef1f2a92d0d67,30,1324,1324,0,6.144175744707097,13.394175744707097,200.96666666666667,219.0,7.549570064831661,0.9520406577110355,30,30,30,30,30,1.0,1.0,1.0,1.0,1.0,raw_runs/validation/benign_continuous/level_200/pair_03.jsonl.gz,cec177e7f4f475b430e06d1acb04c02f7c8a00f7ab98aa4b84fda52e8722e2df
validation,continuous,benign_continuous,benign,200,4,17380600800855691167,16011601727573698192,11123256734170909121,bbef077139163a07e4a08f4e90eeb329b5a2c76327d5ab70474f4e497599bbf9,eb318af1a4c99479b18e65b1aab325905937058bcfd93f808c612830bc22c154,30,1327,1327,0,6.22212131014862,13.47212131014862,196.53333333333333,224.55,7.514854408288687,0.9507044956775272,30,30,30,30,30,1.0,1.0,1.0,1.0,1.0,raw_runs/validation/benign_continuous/level_200/pair_04.jsonl.gz,7cf8fdce9b9452d6d4a9ac83158701b155525e7750e913e6ed997b8a3b1d0961
validation,continuous,benign_continuous,benign,200,5,5754068155048241029,7449902621578396747,18010338764637876871,d935ef0513d1858e4e64539bf98b4d0026d66d429ca9d22667db5b9fb40a0e4f,676f8f6decad041a05b43df3e92acc8e0121db9560e15ea51e24bd73cff8c191,30,1325,1325,0,6.018876585395886,13.268876585395887,197.26666666666668,221.64999999999998,7.544133408612626,0.9632653334901459,30,30,30,30,30,1.0,1.0,1.0,1.0,1.0,raw_runs/validation/benign_continuous/level_200/pair_05.jsonl.gz,27dbb3d7ef7316494fa05a0619943b309c62cc41906aff77129c433fd459b259
validation,continuous,benign_continuous,benign,200,6,1645876900916925604,11395646348622656676,9846960750791319677,5f4cdac710787c5c983197e4e1bbafa3870ba5d10608aaab62f0308331d25229,7b7b6e5e52a7ad88c155c105717c62c5653f827858ab9fc4a703ee18ce339bf1,30,1319,1319,0,6.215066865568912,13.465066865568911,202.33333333333334,221.55,7.558446956892221,0.9513408941995297,30,30,30,30,30,1.0,1.0,1.0,1.0,1.0,raw_runs/validation/benign_continuous/level_200/pair_06.jsonl.gz,ac4b0f1408fc8cfbff529c6bbfbdef15c0820e550fcd45386b0c3f5e665995a6
validation,continuous,benign_continuous,benign,200,7,13114428025745130402,17453802610118128909,12463081182992590330,d01ae160c0f32b2682479d9a710a663610a9c5068d22a7376256b31a6ed0d7f1,7aa0222a3f36d7ae95e964ab3814335d16587f6132c3597ead18e375f7747fdb,30,1316,1316,0,6.09499432545937,13.344994325459371,194.23333333333332,210.64999999999998,7.51232692191202,0.9563067263741442,30,30,30,30,30,1.0,1.0,1.0,1.0,1.0,raw_runs/validation/benign_continuous/level_200/pair_07.jsonl.gz,689905fef07d61c2ff37f44f7c4cbaf6933527a56d5146ec65aaf4ea6a8ceaf1
validation,continuous,benign_continuous,benign,200,8,3250270310716571915,1919140345050504339,5803039635223835658,5ed0612abd10fa51a337e61d8202caa173c49e75a50340d162c506e8d7352406,d9165042f72705a5e42cc2544be9dab29bc485af0c161b19552566b931940b10,30,1324,1324,0,6.135860151302833,13.385860151302833,199.96666666666667,215.39999999999998,7.520748269765531,0.9409904283230155,30,30,30,30,30,1.0,1.0,1.0,1.0,1.0,raw_runs/validation/benign_continuous/level_200/pair_08.jsonl.gz,be258a6ef88dffdf1c7f8289b576e1ddbe0a9d3a8f98909a32e360107951831a
validation,continuous,benign_continuous,benign,200,9,10896150874945073060,5621468427271071362,11142034116184712351,572816a796c85c0ec7d5d5e6434ad8465e3cb77ef1e21bb179b1b412f0ebb634,7b0ead087f85da2faa3506e02945a85623faf0b2d201dbda2af0efc29fb9aa02,30,1300,1300,0,6.024578123710188,13.274578123710189,194.36666666666667,210.0,7.4871865410591925,0.9447692601838511,30,30,30,30,30,1.0,1.0,1.0,1.0,1.0,raw_runs/validation/benign_continuous/level_200/pair_09.jsonl.gz,86a5c21b7561d482d3ed6ffbce672e2e541fdb9b1b86806f3405649105cb2252
test,bursty,attack_sweep_bursty,attack,24,0,7031087724318038522,521999132909312506,12775011226328059650,7ec159665b37579c6e81a8c70ef1dfa8cb01660e7d450dbde4916f681a1310f7,1e6b67d1824ce117940fd3ff644a0f196d9da42648b782e133a664c56b21e2ba,30,160,22,138,6.114400702023729,13.36440070202373,23.8,33.55,4.524275600734451,1.0,30,14,14,28,30,1.0,0.4666666666666667,0.4666666666666667,0.9333333333333333,1.0,raw_runs/test/attack_sweep_bursty/level_24/pair_00.jsonl.gz,b62daf93c6044cfe68a97dbc05cc784c51773c7a2800705906b9497e38dc84f0
test,bursty,attack_sweep_bursty,attack,24,1,18299917803484112097,14549112322483931621,1331487767042403496,4d0d4c1744204ea6825cbb67ae0c8bd1ea21a6ec375cfa64d184e17656c64065,ab496332d2ce29e7e8daccb85db0d570aa30405c9585f84d78ec9f6ea7a241ba,30,167,13,154,6.016470860519395,13.266470860519394,23.766666666666666,42.099999999999994,4.4714942488666285,1.0,30,13,13,24,30,1.0,0.43333333333333335,0.43333333333333335,0.8,1.0,raw_runs/test/attack_sweep_bursty/level_24/pair_01.jsonl.gz,7e1071988d172b039112496423d60b2f73ecb328cdcd4b54c55291a1868ac071
test,bursty,attack_sweep_bursty,attack,24,2,11731983724895013540,13024542973532231930,15195426576899889052,2af9ed6c732e97d00e2a6dd2c961c34c466fb7fa8f6fb2934a5a9f69817203e8,fcaa5121a468ac93fcf91ee5e97becfc875d66fc0258ab9b63f0aba83ad2be6f,30,130,6,124,6.05431002792076,13.30431002792076,21.9,34.55,4.327224687178192,1.0,30,14,14,22,30,1.0,0.4666666666666667,0.4666666666666667,0.7333333333333333,1.0,raw_runs/test/attack_sweep_bursty/level_24/pair_02.jsonl.gz,25b84fc8c35ed7566f39e3d123a16634096661a4cf5122fed34880199d76bc92
test,bursty,attack_sweep_bursty,attack,24,3,15427335249318728485,16968161023381961262,8291315038350603555,4d76bacecade0216b46258cb73c73863c3b624e3e2aec0e6036a211d345308de,417bf32b0296319e4eace22744cf8c09c1595e6ce52d5e3bb0811be0298f1a71,30,143,18,125,6.07408881053318,13.32408881053318,21.233333333333334,32.55,4.2918329815626,1.0,30,14,14,20,30,1.0,0.4666666666666667,0.4666666666666667,0.6666666666666666,1.0,raw_runs/test/attack_sweep_bursty/level_24/pair_03.jsonl.gz,5515a0e39201023010d36bb15c9ac275ec5ac2e6b25f3f87f09f54fb2ee87d65
test,bursty,attack_sweep_bursty,attack,24,4,10941371021059456085,2598864490307091718,8201118471956510366,beccef7c2aad04d39b00affb2fcd27d342208c8332576bf728e97d219ccf4239,8035faab79070951c44747897c82bf9e4f8d13366925b41ca33219fd296c3233,30,153,16,137,6.021664721593212,13.271664721593211,25.166666666666668,39.099999999999994,4.563695489262514,1.0,30,17,17,27,30,1.0,0.5666666666666667,0.5666666666666667,0.9,1.0,raw_runs/test/attack_sweep_bursty/level_24/pair_04.jsonl.gz,f5cc73d02d7e11849bb663752cb2ef926c98d99b47a820d8d99f6939f23b939a
test,bursty,attack_sweep_bursty,attack,24,5,12256277931077687574,10261321010413077719,2618517580941228654,8c08293c539be324d7799a4cb0ebef1d8c8093ba35149455601061e16e2c8b38,361c9547bef273146eb2bc6e01d946324dbc72707a84b66180b1049837db0a2e,30,159,18,141,6.186963034214351,13.436963034214351,22.066666666666666,34.55,4.285419310045668,1.0,30,14,14,24,30,1.0,0.4666666666666667,0.4666666666666667,0.8,1.0,raw_runs/test/attack_sweep_bursty/level_24/pair_05.jsonl.gz,d9ccf00c3e2f9e826e970f64c0fc9eb69ef7f3851534e2c9c1cd2ede3fe68fb9
test,bursty,attack_sweep_bursty,attack,24,6,14362360602421453026,9829941686261655947,16618036935826120477,910da7fab1646b995c2047315cddfcffc3820919978416e79c3be6c2a1b87be1,8f904a3c7a5d438208695ed82cb03f6d855ec16c67ead3edb08b2806a3d94922,30,151,11,140,6.165369743402512,13.415369743402511,21.5,29.549999999999997,4.356001340267385,1.0,30,13,13,24,30,1.0,0.43333333333333335,0.43333333333333335,0.8,1.0,raw_runs/test/attack_sweep_bursty/level_24/pair_06.jsonl.gz,2853c8be4e3afb703d0d333d5d446600d70542e10c40e272c0ed4b2f5c396186
test,bursty,attack_sweep_bursty,attack,24,7,11806216866448157296,5641573086108471734,3081108674637183380,773362d4a57ff28027d4d57ec683c6f7464a82712149cd1247ff55d2f9bf5f4a,bf678b6dcbbf8c575a09961ef0623d09133b732a24997190786d3210c745a172,30,142,15,127,6.065554697723137,13.315554697723137,21.633333333333333,27.549999999999997,4.3867704119747515,1.0,30,12,12,25,30,1.0,0.4,0.4,0.8333333333333334,1.0,raw_runs/test/attack_sweep_bursty/level_24/pair_07.jsonl.gz,eb9cb99761ed830de116e6b4741dcbbeb8c036c539cc89e6b63f09dabc3f5c35
test,bursty,attack_sweep_bursty,attack,24,8,2107769414726670299,5053104952758278221,12306363563077170239,cc301bd9bfba5f762d5fa6447bd441180a93f57b6076b0271b28877bceaf5dca,3920fb89f97289adfc396fa3ccf820e93e59723ae538571a2312a6819c205852,30,141,17,124,6.019586511624109,13.269586511624109,19.033333333333335,26.549999999999997,4.175491705305565,1.0,30,8,8,22,30,1.0,0.26666666666666666,0.26666666666666666,0.7333333333333333,1.0,raw_runs/test/attack_sweep_bursty/level_24/pair_08.jsonl.gz,81cc9849eff5e95f02b1e7c5af59a819c94b2ecc52edf674da184f3118d58e45
test,bursty,attack_sweep_bursty,attack,24,9,11358452612906502398,14465317457533706838,3943760344659747891,1f1c6ec663f5d2a9911648cf5fc2c0b703d1c3a3c9e106129ac896e7f4ab26fc,cbc6adc645a178bea72f5646002b7db3ae5e20d41e2d98af92ec29445d540bef,30,159,25,134,6.102034585459206,13.352034585459206,24.6,35.0,4.565958939464369,1.0,30,17,17,26,30,1.0,0.5666666666666667,0.5666666666666667,0.8666666666666667,1.0,raw_runs/test/attack_sweep_bursty/level_24/pair_09.jsonl.gz,05742a166e94958b42ff04848d4421ed43f34ca99ee5afa0a3b93d557db3b001
test,bursty,attack_sweep_bursty,attack,24,10,12957076017819254940,8346406131059714819,8841720963112587397,ef4ace06939b5b451cb278363fa157c732dfec95f5eb397ec326489af6e2d624,82e072c6efaaa0fbcb80ebad55b7cf7e58d8646df1e310769dba86cdecfb4988,30,170,11,159,6.104416313931075,13.354416313931075,27.633333333333333,45.55,4.697611694400754,1.0,30,18,18,27,30,1.0,0.6,0.6,0.9,1.0,raw_runs/test/attack_sweep_bursty/level_24/pair_10.jsonl.gz,830c80c0b54975e708eb32d73add441247e7cf8ef044a7c32f78a2515986e76c
test,bursty,attack_sweep_bursty,attack,24,11,12938451552124007813,9940534528171644088,8264989886654717195,6eebd720783a36d149a1b4b5481190da6c3b4f3bc433a30d9c82eadf0291d73f,350f066e9e2a49558eae38c69c5296c97392ca06303f0c31a3fb4ee662c52c2c,30,137,10,127,6.007709966795945,13.257709966795945,21.866666666666667,34.64999999999999,4.362292978197289,1.0,30,13,13,22,30,1.0,0.43333333333333335,0.43333333333333335,0.7333333333333333,1.0,raw_runs/test/attack_sweep_bursty/level_24/pair_11.jsonl.gz,735868b22abc4c15433e967623a21a69d70ce4b88e24eb04a95ce48847a815e7
test,bursty,attack_sweep_bursty,attack,24,12,17290730975127025859,16248527617210306373,14896565629355751322,28aed1231a9526d763e964b7203e4165bf905dc25423432c457dcbb775a8961f,b4c6eb24ebbee173e1678278e7fc65a72bf57f7e2280ee6961967a3b976aeedb,30,164,18,146,6.116434518338851,13.36643451833885,22.366666666666667,38.0,4.3516195202969135,1.0,30,12,12,22,30,1.0,0.4,0.4,0.7333333333333333,1.0,raw_runs/test/attack_sweep_bursty/level_24/pair_12.jsonl.gz,f2a8ec7166e17e1a07535efb7323bf263bf9a2246dc23210a0b1db987ed1196b
test,bursty,attack_sweep_bursty,attack,24,13,15398952453020799613,2269231728745071893,17713891981233246452,45219539247228790353d4cc59853da8f9ed84c6f9c41fdf633c5fdbd8c73e70,ceb7ff53e5db869c2285cf0b7b08e1b38ee0eff53af9bfe2cf27d9395a726ce7,30,149,19,130,6.203296984693126,13.453296984693125,19.1,28.0,4.170895740429759,1.0,30,10,10,19,30,1.0,0.3333333333333333,0.3333333333333333,0.6333333333333333,1.0,raw_runs/test/attack_sweep_bursty/level_24/pair_13.jsonl.gz,992d3d04caf3df3e14b60f86f65fbd80b95784a43b886be9df32537d436583b5
test,bursty,attack_sweep_bursty,attack,24,14,1528823186042818636,2015516010930686336,15388255482390444246,546f1ca54e2bd91c87f37d19c6dedefc06198de89a1b66dc04a7b98c6fd0f86b,fb9c3c26221f5c38bd36ce07991fbb44294b318ed6104337f53ae1e0c34ac13d,30,182,29,153,6.037121485432639,13.287121485432639,25.833333333333332,44.55,4.583656444346959,1.0,30,15,15,26,30,1.0,0.5,0.5,0.8666666666666667,1.0,raw_runs/test/attack_sweep_bursty/level_24/pair_14.jsonl.gz,80b25907d3afb9597b7bd6b3e4c4c3e8ce18f1e10c2ef6621b56fd5ac7bf7f66
test,bursty,attack_sweep_bursty,attack,24,15,3348558786788259330,11446981430502276868,949802653645601596,6fb2e8272d211e62caf29d85fd47d6a45f8df17de1aff6d16b0fc7d7cd37e057,37f68ffc7d7fde621bdf76a4d0ca402ddf8a4860b2a0d77fb05bce951190abc4,30,168,17,151,6.21773039354327,13.46773039354327,29.233333333333334,45.55,4.787405069950941,1.0,30,20,20,29,30,1.0,0.6666666666666666,0.6666666666666666,0.9666666666666667,1.0,raw_runs/test/attack_sweep_bursty/level_24/pair_15.jsonl.gz,f62e159251349a644cd718b23e0ec845b8577664d00671a06649a499c886bee4
test,bursty,attack_sweep_bursty,attack,24,16,3904011933236831565,14107443848382601732,6793739212806710675,ba9b3a1abaf062e3695eaf462aa92c0d4d1350bf466ceb71ccddb51274456933,a734e9c64801dedd9bfee822bdb9d579f543cbe8532161deaf0b46eb74c0099d,30,165,19,146,6.2053573058267455,13.455357305826745,20.5,36.0,4.225351977272615,0.995054945054945,30,9,9,20,30,1.0,0.3,0.3,0.6666666666666666,1.0,raw_runs/test/attack_sweep_bursty/level_24/pair_16.jsonl.gz,27c06ef00a9ea07b31c04ceddc84844aad841a29f0e1e70974de07755cf6613e
test,bursty,attack_sweep_bursty,attack,24,17,2699201686156082149,10321045553301550088,3728656294388698984,d4742da6a804a54a0d27a645f05d821bfdf585fed2aad912b5d357d6446d423e,9c1912909c01b08510109bca62343d204e3c3ab6af812a896e65fdd2608b2ce7,30,166,15,151,6.1050234714495115,13.355023471449512,22.833333333333332,32.0,4.444387514417584,1.0,30,15,15,24,30,1.0,0.5,0.5,0.8,1.0,raw_runs/test/attack_sweep_bursty/level_24/pair_17.jsonl.gz,f7aa9009c944923d468db159b30368d467e325d9611aaac4161ab6578c9a5879
test,bursty,attack_sweep_bursty,attack,24,18,8606871396493972771,13721112442664091815,10380996279012035615,aae182b63458677f13ebd64f4862c83ca924235150392aba41bb47b9f5f9b3f2,749da3fdacc01fbb93666a8686968710f02fa0d0fa1e7238dce86349f3f5aa46,30,178,19,159,6.164340058731557,13.414340058731558,21.666666666666668,31.0,4.341258936864613,0.9920395208451236,30,14,14,23,30,1.0,0.4666666666666667,0.4666666666666667,0.7666666666666667,1.0,raw_runs/test/attack_sweep_bursty/level_24/pair_18.jsonl.gz,3564cef244737e1be274927beb750beb124564b00845a0f881d79d97f855182f
test,bursty,attack_sweep_bursty,attack,24,19,15222006655384463927,14384269102284837911,9121646485693104430,db40fa698d8c0f22ebc8cffe33d5ce31df51ca0567fa8f6561bc981be5d0398c,942550e24cbd7bd3d7cc17cd475a96742e7bf703bb50de6d2499e21fab164213,30,170,17,153,6.128969856357267,13.378969856357267,25.066666666666666,37.099999999999994,4.556686474604795,1.0,30,17,17,26,30,1.0,0.5666666666666667,0.5666666666666667,0.8666666666666667,1.0,raw_runs/test/attack_sweep_bursty/level_24/pair_19.jsonl.gz,4ffb57863d7b56da55d2de3bf775352a086bf96b720834d677006f9757bf1fe8
test,bursty,attack_sweep_bursty,attack,60,0,4728291661238065303,3256045249883301069,8628487699059468242,fa34ddce441b8b6f9efa957b70514f5c7403807504398494b7d37e85c6b71030,58a56df9c5fc1d856e5ae5485deb9452a6737f164b2e2117794424006a0806bd,30,367,43,324,6.0270900011448925,13.277090001144892,57.03333333333333,80.55,5.769082523492685,1.0,30,30,30,30,30,1.0,1.0,1.0,1.0,1.0,raw_runs/test/attack_sweep_bursty/level_60/pair_00.jsonl.gz,a1ebb12ec4ad7a6895a85ced3858b365495956f2a51c6b74eedbe86953c22263
test,bursty,attack_sweep_bursty,attack,60,1,10626907232040107754,12733732827271703484,16257649683702580205,851f9a56c5daf2e9d4eba0e3455b04751bf96c154a169920851125a7282746bb,c783c0630b00f83bfc4395765a076b5cabc045818227b714e8654226fa38dea4,30,453,47,406,6.056757347910395,13.306757347910395,60.666666666666664,87.0,5.847103050087151,1.0,30,30,30,30,30,1.0,1.0,1.0,1.0,1.0,raw_runs/test/attack_sweep_bursty/level_60/pair_01.jsonl.gz,45f142774d65486ff1be7a71ae77b1d0b40a8b37d1127d5ff6ecf67b1625c656
test,bursty,attack_sweep_bursty,attack,60,2,12193141472780891747,2280695331476173544,7060011171587311360,8678dddb54ed81023db9b168d3d9ee0c34c38ec145ffc5cc29c0e652d13074e7,3c68d3de7b1410beae0562730b46591f6d8a3409b68b7ecdc3c760e1a1713ac6,30,389,34,355,6.145152045870287,13.395152045870287,64.53333333333333,92.39999999999998,5.933665019084892,1.0,30,30,30,30,30,1.0,1.0,1.0,1.0,1.0,raw_runs/test/attack_sweep_bursty/level_60/pair_02.jsonl.gz,05c01e3c956fc6e36237676aa2d1c5658d480e40dbcfeef90d56388f783947d3
test,bursty,attack_sweep_bursty,attack,60,3,13957978195480844126,16137068541999678016,1277205507257500057,3dfb351d2075626d7f52863cd7c72859f2d7df6b4e0e82cb926fff7e08d6cd46,4a0eebbbc1a260736e548dc840c329fb2068a44768e4e0a82acbd0ea692ebcfc,30,383,33,350,6.17597216943645,13.42597216943645,57.9,77.55,5.822341890062407,1.0,30,30,30,30,30,1.0,1.0,1.0,1.0,1.0,raw_runs/test/attack_sweep_bursty/level_60/pair_03.jsonl.gz,697e8108a4621ce53c16cd40c0597b28f8c028335a628e4ee56171a36fafdf5e
test,bursty,attack_sweep_bursty,attack,60,4,16157349877590930817,8265084416615399815,9944728373084942259,ca6bc37f1cc40e6fd39d5b7b59c22c7d0307e6ea0adfda7d153d844698aecf3f,f8b386e39fe0946c3b59c51076f934d8a84b5a4f43a107d3809f74c9ea482a14,30,387,39,348,6.043837545416029,13.293837545416029,56.96666666666667,79.1,5.789509756682015,1.0,30,30,30,30,30,1.0,1.0,1.0,1.0,1.0,raw_runs/test/attack_sweep_bursty/level_60/pair_04.jsonl.gz,b5246ca3764e494a8c42831b25e30864c8c8143024d692818f650270c1e3458c
test,bursty,attack_sweep_bursty,attack,60,5,5365915920768804960,1444703689198968028,1401811091713927232,87d4f3ecbca0c8dfbffba3465071327dbd1daa213774f3524b192f350572d952,18d6cad43e9a3981b5fea5ead11702d983faeab06fd392ab571fe76a6bdc3085,30,407,30,377,6.14317382126017,13.39317382126017,56.03333333333333,79.55,5.74524068347074,1.0,30,30,30,30,30,1.0,1.0,1.0,1.0,1.0,raw_runs/test/attack_sweep_bursty/level_60/pair_05.jsonl.gz,5ff3668913a8ff6fe28b0a157cc07594128ee10a977a7453740a2d4ff674b464
test,bursty,attack_sweep_bursty,attack,60,6,3481910348492203474,10101454239527221363,3051011719133664590,d7cc466e3e4f12186deaebc16c1bf9759250c2b8cf21d817d3a2a3d0e423084e,df5666efcbdd20dd7a6306b0b55ef776cbf93e214c5e391afc18971a1d58bbdd,30,430,50,380,6.029187178585506,13.279187178585506,60.833333333333336,86.0,5.853292218905437,0.9946690432011832,30,30,30,30,30,1.0,1.0,1.0,1.0,1.0,raw_runs/test/attack_sweep_bursty/level_60/pair_06.jsonl.gz,ccf80f5ec6dc1b5c206cd305de269bf3c2ecbcdbcfbacdb283cf36c93c4e1dd3
test,bursty,attack_sweep_bursty,attack,60,7,5607973933383313552,15594808418798255805,5414944679362734279,d995ed41dd1b75cafb01ace8012860ee90bf52aa80fa683cfb97deb9c30faa27,a4608a2503d03753ddc5ddb958ad7fcc74b7010a36fd8b1ca98358b3c82a5101,30,388,44,344,6.006516981060812,13.256516981060813,57.56666666666667,85.55,5.781724146350546,1.0,30,30,30,30,30,1.0,1.0,1.0,1.0,1.0,raw_runs/test/attack_sweep_bursty/level_60/pair_07.jsonl.gz,4f9a19dcdb7cdcda05ceb2af6d20168ef11375679ad82a6899f6c812f11a1564
test,bursty,attack_sweep_bursty,attack,60,8,117741995419115625,3410315107802305461,1155375177731027001,0eb5923b7f58e013af1c134507fb6fb34b2708e94dcd859915f668cb5aab6c5a,0d4c62dc7ef5bc53b2541062a5fba3df4d675a7c29fa00d85217a5ddcdc85b39,30,374,43,331,6.088558708729074,13.338558708729074,67.1,89.55,5.987812843134054,0.994488951273478,30,30,30,30,30,1.0,1.0,1.0,1.0,1.0,raw_runs/test/attack_sweep_bursty/level_60/pair_08.jsonl.gz,10250ea3da121de9c7b146ca96db8b22bc0c31bc8253b24f9d09047d563275ec
test,bursty,attack_sweep_bursty,attack,60,9,2878065899226068233,5763900466979319014,8202043247545964514,5ff590673918821f94a78c3e7bd19c4434a7d412a250c616c69eff0c05433a2d,7816224af4ac40782ec892779f39d786f46b696daa972c015d5197665f6aa57d,30,412,36,376,6.203735273524038,13.453735273524039,66.03333333333333,86.55,5.983675524890552,0.9932849395507755,30,30,30,30,30,1.0,1.0,1.0,1.0,1.0,raw_runs/test/attack_sweep_bursty/level_60/pair_09.jsonl.gz,7d891c6364a33110040c2308535be6bf01d3890d88d5271becc297c0a7e885e8
test,bursty,attack_sweep_bursty,attack,60,10,78743034156872817,7744895399556128114,13463303039551370826,c7e230c044f41623cbaf1d69eb1f0abaec1fd54b98bcaba911c30e11013cf7f6,88905940047b74d45127a74b2d2678aef34351919576d4b100493df485c34831,30,407,42,365,6.218271618288086,13.468271618288085,64.63333333333334,91.84999999999998,5.918577244607082,0.9868470127712947,30,30,30,30,30,1.0,1.0,1.0,1.0,1.0,raw_runs/test/attack_sweep_bursty/level_60/pair_10.jsonl.gz,a91532d68cc55a6fa418baefdd8fcce8e9917cbcf06265a76cbaa01e9f79eb3e
test,bursty,attack_sweep_bursty,attack,60,11,11959727002202433164,13974460987346353953,17117620938477563400,0bb4bdb11ebe98fcebfb87a637e6f51a4178b2372c2ff74b0914f7d0db22b1d2,6470bc7d8a1dba01871bbe05d77b38499f393b93b4e8b8ffd1881242a5749f49,30,437,41,396,6.0335153168346505,13.28351531683465,63.0,95.55,5.900755081347132,1.0,30,30,30,30,30,1.0,1.0,1.0,1.0,1.0,raw_runs/test/attack_sweep_bursty/level_60/pair_11.jsonl.gz,0e66fba247056daefbae2d7f7f424d7336dd42fe3f6a103ac334034f0c4fdf1a
test,bursty,attack_sweep_bursty,attack,60,12,15204481003135083174,11587197522998189836,17645838293153777199,548498d626baf930ef79a8833e866bb76a4a6a6d8834b492b1cfec017afac90a,e6911fd66ba76ff81b5165f560f3e5a4004927125fa3f337717899a09fb09076,30,373,36,337,6.003768610927332,13.253768610927331,61.96666666666667,82.19999999999999,5.878502200952803,0.9886668358193957,30,30,30,30,30,1.0,1.0,1.0,1.0,1.0,raw_runs/test/attack_sweep_bursty/level_60/pair_12.jsonl.gz,bbf9187d407c729cfcc9c90c42f108f237c6cbdbb66814f24745d47145d9d295
test,bursty,attack_sweep_bursty,attack,60,13,10871333545479817243,7563558602441166387,9237068683017463299,3578e900545269635f3c897327233f17f1f449c7deee1b060f5756cac7633996,ea8a3ddcc0cc11b55b5010af4e3e15c8df67b5645300b19029fec2fa922d5e33,30,466,44,422,6.18475018903361,13.434750189033611,64.76666666666667,94.0,5.954983879297284,0.9970056153914907,30,30,30,30,30,1.0,1.0,1.0,1.0,1.0,raw_runs/test/attack_sweep_bursty/level_60/pair_13.jsonl.gz,6e6fbd227bf98538a3cfa65afa0a747d24ab6eda90840160ce36f37fb22d209b
test,bursty,attack_sweep_bursty,attack,60,14,2798099764286777473,8986116746278208679,4387796230989818925,0ef9e52448a6621536fd137e78299a750ec89b788ef274c2b5c2181764ee577c,8b504182ce570323bc3e95838cb435c0259d13e4d622b15365dbbb1ca2c52e29,30,428,40,388,6.045167905239544,13.295167905239545,59.166666666666664,85.55,5.80945142635357,1.0,30,30,30,30,30,1.0,1.0,1.0,1.0,1.0,raw_runs/test/attack_sweep_bursty/level_60/pair_14.jsonl.gz,5039f5c84eab383d6aea0832c6bfb7cf6261cc367b90b859b01bcd1af66d93fe
test,bursty,attack_sweep_bursty,attack,60,15,17097306720387306107,4114087812797548196,943503534761742385,a2a99a2c7538c8dbc5b2e55c3110663cc974508538993413a71ceea11edcc8b5,8e7ae83eace1f39edd1b33ca5da73fbe1ab22d686d3ddac55bd27a3eb696ec74,30,388,38,350,6.238672133476845,13.488672133476845,54.06666666666667,74.55,5.716601389904041,1.0,30,30,30,30,30,1.0,1.0,1.0,1.0,1.0,raw_runs/test/attack_sweep_bursty/level_60/pair_15.jsonl.gz,5ee46f888639939b0ad9ef5526ef11d031ceaf2d7ac19d6dabee34da3e98e974
test,bursty,attack_sweep_bursty,attack,60,16,1684478467566215520,14681944726587086290,6201456098694059713,7047381273172326947eec68d42db5660e103da0160c6df9c49011919a80afd6,ba60bd2632f7145a49dca593ab5737dfadaf819001cc1ef066ba487b11d856cb,30,389,34,355,6.03358522822634,13.28358522822634,59.8,86.55,5.821538832712227,0.9976281349198796,30,30,30,30,30,1.0,1.0,1.0,1.0,1.0,raw_runs/test/attack_sweep_bursty/level_60/pair_16.jsonl.gz,00f0e3d784a403308f35615ee6e54d4f25a3a46b44291111a04994b7382cf958
test,bursty,attack_sweep_bursty,attack,60,17,14235558214642707832,17856287676692079206,6396357538751269291,20fa577369a48603e7885f76925bd6da23881997eebbc8037f98d73ef899c961,368fa3d56e0cef91fc264c34e349dd1df3d17bb658266655e0f6b7e63b63386a,30,420,40,380,6.222332430217775,13.472332430217776,56.2,83.55,5.730740750476497,0.9968089883114514,30,30,30,30,30,1.0,1.0,1.0,1.0,1.0,raw_runs/test/attack_sweep_bursty/level_60/pair_17.jsonl.gz,ce8d064935385fbe8cf2f8cf19654ba94c969f0f706000729881dc0786762640
test,bursty,attack_sweep_bursty,attack,60,18,9804069978694791450,12954677911242742428,8270658855319737701,a75f051baeadb5d5f37f3c39c24c9d0850f812ad114b5f695f509bacec1ad6fb,6b303d4f91c61d1bd9661a6742fe294c1c4a80d503f65d9cd4f6600bb459dac4,30,348,23,325,6.019564879984748,13.269564879984749,58.3,79.55,5.802124286548223,1.0,30,30,30,30,30,1.0,1.0,1.0,1.0,1.0,raw_runs/test/attack_sweep_bursty/level_60/pair_18.jsonl.gz,b198d1fab7ccecf7264cb522a756d72127e2035626ab812cd274809c887f83a4
test,bursty,attack_sweep_bursty,attack,60,19,2893823591515303878,18222017690021044820,2988636491520513084,b2d26db923aee8e9769684511a5489690b8dad468cb448b83d8cb45bfa8af69b,d1bc479a25397350e0b2aba09d09baa89c7e2d249bb129de317af2721e76f96a,30,413,28,385,6.150511731269282,13.400511731269283,54.766666666666666,79.0,5.704789085373277,0.9942226075474285,30,30,30,30,30,1.0,1.0,1.0,1.0,1.0,raw_runs/test/attack_sweep_bursty/level_60/pair_19.jsonl.gz,b16df03a24abb63b0e14ab9cfa641e1db4bf855f184847224b44946628270ce0
test,bursty,attack_sweep_bursty,attack,120,0,17677778801770958739,6829398312328068154,9008762742206350213,cdd204cf016500b85047cfb4759c60591f0bde8bd3a21bf802a6dd04b6eb143b,62e42a27a5f9e95f84377bce53157da3ec760d26cac920f9ce49caeb7394838c,30,785,79,706,6.231272544082715,13.481272544082714,121.86666666666666,167.2,6.855136562386445,0.9950739707325231,30,30,30,30,30,1.0,1.0,1.0,1.0,1.0,raw_runs/test/attack_sweep_bursty/level_120/pair_00.jsonl.gz,2f0ad000596626df8c4c017a100bde290623d8b698b12a59e3d82c2c3be387f5
test,bursty,attack_sweep_bursty,attack,120,1,8508802059021800781,930787583123559901,12203028603118391814,baeadf678cd9c17132b0bbb7e106b8ff5dd8ad3848114649e7423cdf34aedccf,1240d32b832e8d6f1854b6c45955c5f67798eacfe727c2669019c8224fbb7659,30,731,71,660,6.080903798955948,13.330903798955948,112.26666666666667,154.2,6.750509983164506,0.9961416313473114,30,30,30,30,30,1.0,1.0,1.0,1.0,1.0,raw_runs/test/attack_sweep_bursty/level_120/pair_01.jsonl.gz,3dbb8c132feb3ca60d5c93238483a6b4230f8bbfe3a7df35ca1a8d12fe7ad39c
test,bursty,attack_sweep_bursty,attack,120,2,14012732547975858607,2148828941729288347,1300637124792948870,e81915d560865061c5a619452430454d69a3c8a8b73fcfd841ef4181c0c6872d,3ec361629f93fa08490981fdf1e51380a5975945e1422b15e55cf51c65be2a6c,30,778,86,692,6.1268790140801075,13.376879014080107,131.26666666666668,171.55,6.976664582273214,0.9948792561926577,30,30,30,30,30,1.0,1.0,1.0,1.0,1.0,raw_runs/test/attack_sweep_bursty/level_120/pair_02.jsonl.gz,2909d41f45b4c3bd669b031ba0269130059a8cf411ad4b62b2af4f30f70277e2
test,bursty,attack_sweep_bursty,attack,120,3,2348384244368873237,10678651135538379153,2830291058140067042,29776a35ae1b5a5cbab1ebe8be8eaf9e0891c6d124715be98649624f61177d99,913a7bdbabca473867fd4895c5112263fedf7a1198ec17a2e8a8baccc6ddb188,30,807,81,726,6.00903633071874,13.25903633071874,137.76666666666668,191.95,7.043158004178524,0.9955110145966977,30,30,30,30,30,1.0,1.0,1.0,1.0,1.0,raw_runs/test/attack_sweep_bursty/level_120/pair_03.jsonl.gz,d08c0801b695bd737ccb3211c6749f9c2def72b62e80d96a8ecbdd167f7a735c
test,bursty,attack_sweep_bursty,attack,120,4,12068768551392945050,5862145283542478514,909858893527025447,4c91234b56482788e48899bc2914a65a7af931218453e870954acbe94ea6eadd,056c49fe68505502187d8f003fbb8d5d09dffe315c80aa9dcecf1799f070a1c7,30,814,82,732,6.213283860139065,13.463283860139065,125.23333333333333,177.0,6.874300549974309,0.9936412967225811,30,30,30,30,30,1.0,1.0,1.0,1.0,1.0,raw_runs/test/attack_sweep_bursty/level_120/pair_04.jsonl.gz,400e803fa92932aa53cfe15ba990fad5448d941e783f67c4a428d7d1d20c389b
test,bursty,attack_sweep_bursty,attack,120,5,11754546574889286477,17320219234250889673,9920720143454083942,14f176d04aa7522fb79d1076718a6dcfad402e6c3682c22eae30f39473d2a95e,a2b7feb0d94c06ad3c6981f7b0764456d5adcf5fcfa28414bff2aacd85627161,30,917,109,808,6.126470998348932,13.376470998348932,126.03333333333333,179.1,6.885529610673939,0.9916473974838567,30,30,30,30,30,1.0,1.0,1.0,1.0,1.0,raw_runs/test/attack_sweep_bursty/level_120/pair_05.jsonl.gz,740b37dd10340571a203f04b3ee3ec3eb2aadea5ca59159ec2b0d73a0edb213d
test,bursty,attack_sweep_bursty,attack,120,6,8686578293534854415,11973128124416859319,949820372980707532,f31cc6c4d39c8a10b0086f19d35c92280699ef06da2136b6051a6752048c78fb,9f5d55646ff216c4de9db9163406acf16bb788a140f7c6ddc824ac0b57a84a1c,30,764,75,689,6.132766076707838,13.382766076707838,126.33333333333333,181.64999999999998,6.908246803223734,0.9918746043118472,30,30,30,30,30,1.0,1.0,1.0,1.0,1.0,raw_runs/test/attack_sweep_bursty/level_120/pair_06.jsonl.gz,901cff003ca7ef121f2942ac46ba65d6cb405d8cb5eb63403fe35eb8d16ffaba
test,bursty,attack_sweep_bursty,attack,120,7,10137070029227726156,646216227087379654,14734530899994330053,864bf5b5ce9e1406178cd41c185cd891a963c2e18cc728f029ff31f2923c50d3,320b3241ddf8a05639ae47ff23280f22a841ada93e2b9758401144ea7f37bf8b,30,730,61,669,6.171654486628849,13.42165448662885,117.63333333333334,161.95,6.8174155495696835,0.9960791632788865,30,30,30,30,30,1.0,1.0,1.0,1.0,1.0,raw_runs/test/attack_sweep_bursty/level_120/pair_07.jsonl.gz,14e0db2551f604b78a749125d655ece75883c3bcbb09fa61bf7ec01d6f36e7eb
test,bursty,attack_sweep_bursty,attack,120,8,630050063957971533,6139190161411610768,2814289976947490079,a58882a7992612ba8deca477cbd6d39f2a58c5924dd7f41664d5664f3e89b3e0,8fcd0bbfb26eef4cfd0c946a1e5bb26a64b02f8eed2fe29c96036e648696ec2b,30,871,70,801,6.169959062015312,13.419959062015312,113.83333333333333,161.84999999999997,6.750895730292249,0.9915303739371364,30,30,30,30,30,1.0,1.0,1.0,1.0,1.0,raw_runs/test/attack_sweep_bursty/level_120/pair_08.jsonl.gz,360a605125396fd27e3b2ea2a0d5a3e7137a5db22081c73a9999c151c3c9117d
test,bursty,attack_sweep_bursty,attack,120,9,2729294043633015870,12831543257470076485,9871102926552991243,41439b0aa427c913354d2c28d27c916960f6945dfde9737fc1efdf36c1b46625,1890d04eecb3df1a2d9292c9ead80218433372d832b1e98f93af65c65a6d2f4d,30,748,68,680,6.049084431248641,13.299084431248641,125.06666666666666,176.84999999999997,6.8938706408070365,0.9951793323162493,30,30,30,30,30,1.0,1.0,1.0,1.0,1.0,raw_runs/test/attack_sweep_bursty/level_120/pair_09.jsonl.gz,e874062d9a48b903a8b3c0edf90bad0c025df58ab8f9a0607294fe47cf099289
test,bursty,attack_sweep_bursty,attack,120,10,10265540251891105962,6735019329757629085,8561946510933151310,0b2cd173c5265e7ea0d224ffe2b857b336592486c4a25f07c47b6376ec7de369,d4e7eea73c266671e1c7bf13400eaf91069361d2a678fb05709ddfdd34209986,30,793,67,726,6.040337725524269,13.29033772552427,116.53333333333333,171.55,6.768627271610862,0.9945875761811894,30,30,30,30,30,1.0,1.0,1.0,1.0,1.0,raw_runs/test/attack_sweep_bursty/level_120/pair_10.jsonl.gz,2e1a6f61e0aaecea186ee26a8cea3bafab81308adb9b56877384b39e828b82d8
test,bursty,attack_sweep_bursty,attack,120,11,2596634394329281386,14823892494879232447,15133534248254124329,2a6ed85b104c177e15eda189f83ee67860f636c0bbcdd955d90b7740dd344b85,408631d7094606ab1dee352d00deba3f8d683ecb87c0dd6a847ca747cce85a0b,30,744,74,670,6.147986789311924,13.397986789311924,120.16666666666667,171.55,6.821454979597916,0.990836574180151,30,30,30,30,30,1.0,1.0,1.0,1.0,1.0,raw_runs/test/attack_sweep_bursty/level_120/pair_11.jsonl.gz,9ed0d87bf65aaade04dc0008937cfe847af38228be86370c4bd9fbb3efb324df
test,bursty,attack_sweep_bursty,attack,120,12,1437341747633275469,3511160682749090487,10042814650808473716,c6636138ff7d7f501f8975f1853589edaa7b2e6bf7d805219a677a6c2117db31,8be3307cf5d0537ed3004a5e703606788a813124fb55e27be9087424ad938399,30,787,90,697,6.071433618136301,13.3214336181363,117.16666666666667,163.39999999999998,6.791837308002379,0.9926134805346237,30,30,30,30,30,1.0,1.0,1.0,1.0,1.0,raw_runs/test/attack_sweep_bursty/level_120/pair_12.jsonl.gz,aacd7ab3f84fcb805e9f922f20c7f7f47942cddda863ebc33fa4746d0896a6a0
test,bursty,attack_sweep_bursty,attack,120,13,14719362781366742488,8981918555081330760,18412639621132331322,26eaf38b121332f7d2886b168b78c48c1bb31cb1cf0f509cc17d29e9fdf717ce,0599660dd4c43590c0eb027e80b33105be36bf8136b1cbc448bb5f1903de05e3,30,840,100,740,6.0836179590307,13.3336179590307,132.16666666666666,182.75,6.9753328541299835,0.9966575536414797,30,30,30,30,30,1.0,1.0,1.0,1.0,1.0,raw_runs/test/attack_sweep_bursty/level_120/pair_13.jsonl.gz,f505fe408c53fbe99ecbf7996e4b4a3ca00ac87e19eab6863f292ceb52414d9f
test,bursty,attack_sweep_bursty,attack,120,14,14474661752500536637,17617004064125541860,80669475586118984,0d62052e2c8cc2fa4a720bbf52a5b6493a19250a4bb9f200d902ba122fcd7cfc,1a4f7f4ea0eda7625bfc030a28d7de9b55a18535ab9edfdf76add0aa6ac8e236,30,769,82,687,6.24231393270592,13.492313932705919,127.3,179.95,6.9082160246425035,0.9922220094057796,30,30,30,30,30,1.0,1.0,1.0,1.0,1.0,raw_runs/test/attack_sweep_bursty/level_120/pair_14.jsonl.gz,6115263b92e2b35f546000c9203478582bc187e5a9e0f4b04b440109ec84edd4
test,bursty,attack_sweep_bursty,attack,120,15,9057122810702578651,4543646872701268467,7540475410841380462,330a35ec3ca573b033b80df33e673740dff82d48ca342ef533d885cce8810ce3,0f88dc31b3d150992a11e70305ba041ed260b622cced966f915f950648bd71c1,30,763,82,681,6.091740150517711,13.341740150517712,117.06666666666666,167.1,6.801948837107755,0.9960818058264354,30,30,30,30,30,1.0,1.0,1.0,1.0,1.0,raw_runs/test/attack_sweep_bursty/level_120/pair_15.jsonl.gz,80efdc18417163cb98c0d76792a0e97c0a1ecc126f15840531e9b70aa7fc4a56
test,bursty,attack_sweep_bursty,attack,120,16,12846439749721313369,7362486142867485648,677927368494314774,f6b7f7ae80e1848031225d294eeb336bb75acd589cd49abb61ba84486f0eff53,2ad9ee0dc098e533964889b81417fc42b33dd63aec01a5bde54a9feedfae4c63,30,820,91,729,6.064512845798391,13.31451284579839,119.6,177.2,6.823897596001734,0.9935383873266009,30,30,30,30,30,1.0,1.0,1.0,1.0,1.0,raw_runs/test/attack_sweep_bursty/level_120/pair_16.jsonl.gz,c214071e88b8d7d3d87feefc0f6d030fbda2ee3aeece31b30d1d3190024be950
test,bursty,attack_sweep_bursty,attack,120,17,9366898388875760307,11526361026516754993,5014763395610347038,30da59a7746d7800f332f1a91a4eed6b3b70e5e7820982882c885091472ba432,b9eeb50076e32fd6918d8376c6873e18aa3832420ef4aa69028aa963b28cb7c5,30,727,66,661,6.077640960550096,13.327640960550095,124.1,172.39999999999998,6.881708323921223,0.9908464864726662,30,30,30,30,30,1.0,1.0,1.0,1.0,1.0,raw_runs/test/attack_sweep_bursty/level_120/pair_17.jsonl.gz,e96b36aa4d531f96874d57b492d63b5669375ffa8a84cc0fe0a5a5045a397ffd
test,bursty,attack_sweep_bursty,attack,120,18,459606337061139932,17309434019910614744,2501636349304126578,813ada798bc28a5a87a63ade808a5c348160f9ba92688f487463b2aae6639ede,0a0b1022e4273c03fdc1852a89b9458653e74bb601655d5fa0cb4d941b08db54,30,882,76,806,6.031956006548407,13.281956006548407,115.13333333333334,163.1,6.779495210441222,0.9969771183280228,30,30,30,30,30,1.0,1.0,1.0,1.0,1.0,raw_runs/test/attack_sweep_bursty/level_120/pair_18.jsonl.gz,da061249c451d12f4fadfad510465e6b434a5d21545c3073d20b05e825d13047
test,bursty,attack_sweep_bursty,attack,120,19,18079239627301317534,123194317669093861,4588573694024981789,e0353b5b3e3301b3ae527f9bc45bc84495787f8668d36cf50e6a5a686de41f20,13f596af79b94e7a9f51e22eb9ef84a9f8f7f56bacd6754b064130ead63e167a,30,910,99,811,6.140093328849063,13.390093328849062,125.26666666666667,179.24999999999994,6.907759504054287,0.9977697685245961,30,30,30,30,30,1.0,1.0,1.0,1.0,1.0,raw_runs/test/attack_sweep_bursty/level_120/pair_19.jsonl.gz,abe24c68bb0e0a51bbb0eadf5bf6294fa90c8d6dca2961fc39ec16076681456c
test,bursty,attack_sweep_bursty,attack,200,0,6244464861570204875,1183215605325143094,15907749265583154238,fcd6ebd378525ce90cf73995ff71e0a4567af915b500419bc3db06da028adae0,a84072c649e9b58543feb41b851913051d8173b4326af00161c95bba4a94bc05,30,1426,148,1278,6.161421157703115,13.411421157703115,195.36666666666667,282.55,7.524999456384526,0.9925985611954372,30,30,30,30,30,1.0,1.0,1.0,1.0,1.0,raw_runs/test/attack_sweep_bursty/level_200/pair_00.jsonl.gz,772b38763c7a90d38bcd00b80cd73a06354ccd65ff976dfa6060b52d6728d384
test,bursty,attack_sweep_bursty,attack,200,1,15499418933323906708,13973998937141136578,17882438942939768434,f2eb3e167e151607d61fe880e422c8588c2c7e9d1909f0a8d057276287f0c69c,878a38418cbe301e0331a7ce92f446374c59102afb10bbfbf2323cac6792b3db,30,1395,145,1250,6.121395170632892,13.371395170632892,195.6,287.1,7.526179743554301,0.987827727638472,30,30,30,30,30,1.0,1.0,1.0,1.0,1.0,raw_runs/test/attack_sweep_bursty/level_200/pair_01.jsonl.gz,50e959de6ac01d39e5955d8bd8bb0d0acb5e1c7dfb2a2ed38a25cc83582d0beb
test,bursty,attack_sweep_bursty,attack,200,2,5327217777066326399,3694338404923262196,14306968688506292010,0c06401b0feace238c0d393506c7f599595e8ce1a462a424edd8752ff68cf1e0,d6c16e887011a2fc997085811dbb02fe32608113938b926d9764cad9d9116279,30,1457,133,1324,6.001818689928701,13.251818689928701,197.53333333333333,278.0,7.545830922343819,0.989839216815809,30,30,30,30,30,1.0,1.0,1.0,1.0,1.0,raw_runs/test/attack_sweep_bursty/level_200/pair_02.jsonl.gz,c9f88626ec6fcdbaae607c209d54e0a09bc5a34d6398e4d2314aee6c21eccd26
test,bursty,attack_sweep_bursty,attack,200,3,13610089189584132482,8131595809746710667,8069722380059393305,d735cc9ccce3c6f4cfdd69b26799477c695a4e205011178b67d3d072a45f76d2,10bb827e3b4032bef591ca8d1dd57daee35c7bd566cb4d2d767ea16d5e3eace5,30,1425,158,1267,6.131788837158965,13.381788837158965,209.0,292.65,7.635825634396629,0.9907524190260976,30,30,30,30,30,1.0,1.0,1.0,1.0,1.0,raw_runs/test/attack_sweep_bursty/level_200/pair_03.jsonl.gz,0d51ef0ad04eaa4ad342e8b36c10aeae94f205982692dca942c7bc910f0e0313
test,bursty,attack_sweep_bursty,attack,200,4,8324496539110995588,14362473866316968579,2732836827785674496,6292fb695ac7a6455dfbd800b8397eede83e2b214f08bc8690e947d93cf1a628,71030a19ee8e720fdd77dbc6dc5c8aa6733c1ff7d83d48392ca26ecb673393b2,30,1421,142,1279,6.212793074467247,13.462793074467246,200.4,278.29999999999995,7.557678370504955,0.9904511045539286,30,30,30,30,30,1.0,1.0,1.0,1.0,1.0,raw_runs/test/attack_sweep_bursty/level_200/pair_04.jsonl.gz,3010e41466367a95bef47873efd31fc6194a8f93598eeb7a1be88f79cc2c68df
test,bursty,attack_sweep_bursty,attack,200,5,15024157627771418902,16364490518133932789,14433205736520273455,e1eebf734d89d0837b59d0a85c801c074021c4582f7cb29c29db9e88726845b6,6e3ded75c4ec1a9d6cbc7d4840a4436d6b2d0369f040c1cce55078a47ba38618,30,1275,135,1140,6.114419951716373,13.364419951716373,205.36666666666667,285.55,7.578744854985124,0.9850448188822208,30,30,30,30,30,1.0,1.0,1.0,1.0,1.0,raw_runs/test/attack_sweep_bursty/level_200/pair_05.jsonl.gz,17dcadbbd5e823a812cc70bec845a33c5b10cf95377df68b8f4cbebbf5c17d74
test,bursty,attack_sweep_bursty,attack,200,6,370976341244047154,13051650883290848420,5745589403233918020,7ea01b3fc1083885b7d678763700729e8639429604a6a8944f1b53d860975bc8,cd11dc3afc1cb07e4fc0454dc8a48aa8bf410deab2f6f4f50304b55aea75dc4c,30,1339,128,1211,6.195429232988327,13.445429232988328,198.43333333333334,270.75,7.5594035528459065,0.9930053200695065,30,30,30,30,30,1.0,1.0,1.0,1.0,1.0,raw_runs/test/attack_sweep_bursty/level_200/pair_06.jsonl.gz,8474c6df37fc3c83d702d00dcf13a71170e8e5a800ac5b5b41d65acbb9ae9ed2
test,bursty,attack_sweep_bursty,attack,200,7,3219024180408530195,2500295282128676561,15510970424392945761,d57d99f48eb273f279f9b65022b4c1fd1e04c30591f18ecbb60e3e3693ae30bc,257407ec5604e808b62ad63190e995c16182561c7ad33eb8808d0eea5553de53,30,1346,119,1227,6.164017558590053,13.414017558590054,188.1,278.24999999999994,7.478645197294443,0.9923259346528253,30,30,30,30,30,1.0,1.0,1.0,1.0,1.0,raw_runs/test/attack_sweep_bursty/level_200/pair_07.jsonl.gz,c617e180de3fba315e971df587eef038fcb2191ae5f4b3908eeb0c9b79bd561c
test,bursty,attack_sweep_bursty,attack,200,8,9886612851880066305,6544157466683481380,11527304901330095748,b7f606260f41738a8f4d9d1157060f3eae85cc06153d773f4f87c670e820f8a2,2a7738003ee2fc2f546647c3978ccc73495283961367fec6edd5c2725a21fd2d,30,1375,122,1253,6.085762438951061,13.335762438951061,203.8,286.95,7.594584135245156,0.9939993123082882,30,30,30,30,30,1.0,1.0,1.0,1.0,1.0,raw_runs/test/attack_sweep_bursty/level_200/pair_08.jsonl.gz,aea98c0ee2021e2cca54bb67e7608668f4d610beaf697535bca5b8313a98f9ec
test,bursty,attack_sweep_bursty,attack,200,9,15870556802420508910,6226783974891202791,5083523645011077746,e536331305ba4fbde9d75ba1065afa8d9f63633d1d3e880389b94357d5c3f652,56959a8a352ec5f20240e7132ba6bb3148fab595587464a68bfd40e0344ec628,30,1268,113,1155,6.093580239821864,13.343580239821865,207.66666666666666,296.55,7.612776289980319,0.9887894724085639,30,30,30,30,30,1.0,1.0,1.0,1.0,1.0,raw_runs/test/attack_sweep_bursty/level_200/pair_09.jsonl.gz,b659612f6a6f3f077b767c60b861a4d13ec98e450b6abd1a8f8da6e4f2ff4eed
test,bursty,attack_sweep_bursty,attack,200,10,15203838369661115206,1613144383195996876,12933453668689687108,ada75fff6b6720e06cc3f49cfe124f3091deb270f3d444efa556f08903111d8f,6c77d202a1e56c2506e59f8ce7cdb5fc5f578420c5b198d9b31fdd42a5e19a53,30,1336,142,1194,6.158354504285287,13.408354504285288,203.5,275.5,7.595105197441648,0.9901519255992169,30,30,30,30,30,1.0,1.0,1.0,1.0,1.0,raw_runs/test/attack_sweep_bursty/level_200/pair_10.jsonl.gz,ceb7f6edc2dde14d718b723b74a5c6a76ae519be92544143c9393609bf875476
test,bursty,attack_sweep_bursty,attack,200,11,7683858403345927260,7337104196067686003,15771659903865047330,72842ffaf59594d07ade8628ee7c9f116da669263cb74ecc83c111f2b106163b,4e9cc50da8520404d3fa3766aeab33f7933f265ba1c07a1ba2d288952de01c36,30,1498,163,1335,6.123551774934856,13.373551774934857,199.63333333333333,290.24999999999994,7.549599829337933,0.9893569113525678,30,30,30,30,30,1.0,1.0,1.0,1.0,1.0,raw_runs/test/attack_sweep_bursty/level_200/pair_11.jsonl.gz,01cc29f42b73157b13a588955e55f4f26f2b1599cb2629e6fabe465bf2a1862b
test,bursty,attack_sweep_bursty,attack,200,12,6311134007492821947,4130871909149489640,17884852795141381434,41452b8f6f745180dbc8830d84c60695054d77dd29bb3de70ce9492c29055b5f,f1fed06ffb27edd047c9fccf66d560e32f406990bb5641f8b1e2f038ee48e057,30,1377,146,1231,6.2389632008356966,13.488963200835697,209.83333333333334,274.0,7.651151174095237,0.9930570492132885,30,30,30,30,30,1.0,1.0,1.0,1.0,1.0,raw_runs/test/attack_sweep_bursty/level_200/pair_12.jsonl.gz,064cca147f63eb4c69a43512edbc56d01b02b43901d67fa415160f0f5a2c5e6d
test,bursty,attack_sweep_bursty,attack,200,13,16950859001948405348,15895434542567619661,17721516856981892445,a15675352ec80d0deff6f73f1895424471b9d11fe3474ae50fdc9b4bb9059f81,7c695d06ee6b17b09779865b0be28989c50c47aa7a3c16816a116ba6a9e59305,30,1299,146,1153,6.22978809426351,13.47978809426351,191.73333333333332,269.75,7.499432526918488,0.9876981993465799,30,30,30,30,30,1.0,1.0,1.0,1.0,1.0,raw_runs/test/attack_sweep_bursty/level_200/pair_13.jsonl.gz,b0bfab7911db878706f7e6363f88442b17584f6b87d452fb6b88d722abe42583
test,bursty,attack_sweep_bursty,attack,200,14,16974673210848834108,8452702851695548547,15064670483591741423,913877faf3739fa5e8a3865f5f381677e7b93da25ebdc3af7569825f26794cf8,67c1ce4594cb64f7398b60a2965525109ec46e41a603866d83c4adf922a8dd4f,30,1295,121,1174,6.126450498122583,13.376450498122583,207.63333333333333,291.55,7.617134568663839,0.99205450393618,30,30,30,30,30,1.0,1.0,1.0,1.0,1.0,raw_runs/test/attack_sweep_bursty/level_200/pair_14.jsonl.gz,9f4fab9884938f8421a090ca2f2fbe857c2528badc1c7526d0827c4042dfd19f
test,bursty,attack_sweep_bursty,attack,200,15,16933897845982676019,5524196988270083756,11449269866157372233,480aeacb0751ccbd01e38a47b0609747f7b3660c8d971c9056f2b71a4156ad44,741e885500b4f4d8a88ed71a41ebe8a8722d2a6fbc059edbd4c43aaba3749e05,30,1258,130,1128,6.238575196797134,13.488575196797134,194.83333333333334,284.55,7.53088961451401,0.9935507491985842,30,30,30,30,30,1.0,1.0,1.0,1.0,1.0,raw_runs/test/attack_sweep_bursty/level_200/pair_15.jsonl.gz,8fb0631ad594bb1067e6e13170b6b7166f898c33b6f104bcfadbcb3d02eccc62
test,bursty,attack_sweep_bursty,attack,200,16,15885110187064147692,57442648831050994,12262997356226086925,b79a5af4fa245428b137158611e0bdf00c438aeb7b71cf35309a58af8209d656,3724c4b678910998489ec0d3ec85ba9603b020028987d51b1b19b3bc759fca54,30,1227,122,1105,6.034544019592463,13.284544019592463,206.73333333333332,297.65,7.604866531000188,0.98709821421977,30,30,30,30,30,1.0,1.0,1.0,1.0,1.0,raw_runs/test/attack_sweep_bursty/level_200/pair_16.jsonl.gz,c8e486bafa5b13bfd284bdd4418365daf231a0d37ab4bcfa781e8c6257a4b856
test,bursty,attack_sweep_bursty,attack,200,17,16082895555938700704,1591820421127213634,4425531689569750914,e43be7fbef5e59211edda442afc7a23f38e0eccc887d9876a39940182a6005cc,0c47387f75b70729531a7c8c974be254e827d0c38b2af1bd68499b0a363ee1cc,30,1350,139,1211,6.192388495175628,13.442388495175628,188.26666666666668,278.0,7.470723524110961,0.9913019363882102,30,30,30,30,30,1.0,1.0,1.0,1.0,1.0,raw_runs/test/attack_sweep_bursty/level_200/pair_17.jsonl.gz,2b19f85ea87c9885592584d38601732645f2818f7d3b3a99778af693c9efa5b5
test,bursty,attack_sweep_bursty,attack,200,18,11074568029261538688,11718188790058518948,7952911216406921071,ea6ed12fdeddd3c7aa99c18146340e29890524c9005271c5a5a5fe571e110bf2,5eca3a4842032cc666ebb8b86fec2cee103c79cc582bce555f29e85f9f0bd112,30,1375,128,1247,6.240930009018878,13.490930009018879,194.2,280.4,7.539347867508824,0.9941889545356328,30,30,30,30,30,1.0,1.0,1.0,1.0,1.0,raw_runs/test/attack_sweep_bursty/level_200/pair_18.jsonl.gz,083f62eeeeb9029591a02fdaf353face3bcbd63653d2268ea0bb16bd3bc344db
test,bursty,attack_sweep_bursty,attack,200,19,16704663931438455338,13502363092250765548,10952474130777891961,24f7a0158565a4320c5234c09b5d5098b68f673e0868368f964fff7102687d6a,a326f9b1eeeea3dc4e310f1e540f06885c5682b74f156e35c286f90af84d6d80,30,1187,132,1055,6.051359015258408,13.301359015258408,182.93333333333334,254.64999999999998,7.441865987092053,0.9907470178132308,30,30,30,30,30,1.0,1.0,1.0,1.0,1.0,raw_runs/test/attack_sweep_bursty/level_200/pair_19.jsonl.gz,476af00ecf12621897654ed50891cf3a01583324aa897c10d84010b72e107851
test,bursty,benign_bursty,benign,24,0,7031087724318038522,521999132909312506,444502564299328626,7ec159665b37579c6e81a8c70ef1dfa8cb01660e7d450dbde4916f681a1310f7,1e6b67d1824ce117940fd3ff644a0f196d9da42648b782e133a664c56b21e2ba,30,160,160,0,6.114400702023729,13.36440070202373,23.8,33.55,4.4981475553436825,0.9869359773046165,30,14,14,27,30,1.0,0.4666666666666667,0.4666666666666667,0.9,1.0,raw_runs/test/benign_bursty/level_24/pair_00.jsonl.gz,aa7563dfadf80d1b8a5033b46b69baf20a27e832e1815673f9ac73fd94f4cd0d
test,bursty,benign_bursty,benign,24,1,18299917803484112097,14549112322483931621,7407477101400667555,4d0d4c1744204ea6825cbb67ae0c8bd1ea21a6ec375cfa64d184e17656c64065,ab496332d2ce29e7e8daccb85db0d570aa30405c9585f84d78ec9f6ea7a241ba,30,167,167,0,6.016470860519395,13.266470860519394,23.766666666666666,42.099999999999994,4.4714942488666285,1.0,30,13,13,24,30,1.0,0.43333333333333335,0.43333333333333335,0.8,1.0,raw_runs/test/benign_bursty/level_24/pair_01.jsonl.gz,9d19f776386ab493ca4b93b8a9566abacdde7ed474cb470335de2f59b5949c30
test,bursty,benign_bursty,benign,24,2,11731983724895013540,13024542973532231930,11168402352704962770,2af9ed6c732e97d00e2a6dd2c961c34c466fb7fa8f6fb2934a5a9f69817203e8,fcaa5121a468ac93fcf91ee5e97becfc875d66fc0258ab9b63f0aba83ad2be6f,30,130,130,0,6.05431002792076,13.30431002792076,21.9,34.55,4.3114451850836115,0.9921102489527099,30,14,14,22,30,1.0,0.4666666666666667,0.4666666666666667,0.7333333333333333,1.0,raw_runs/test/benign_bursty/level_24/pair_02.jsonl.gz,b8a163a6ced10c61ae7d44f9b43ecc6a4c1455c99839c355b99352fef67d5d19
test,bursty,benign_bursty,benign,24,3,15427335249318728485,16968161023381961262,14516313432479827648,4d76bacecade0216b46258cb73c73863c3b624e3e2aec0e6036a211d345308de,417bf32b0296319e4eace22744cf8c09c1595e6ce52d5e3bb0811be0298f1a71,30,143,143,0,6.07408881053318,13.32408881053318,21.233333333333334,32.55,4.2918329815626,1.0,30,14,14,20,30,1.0,0.4666666666666667,0.4666666666666667,0.6666666666666666,1.0,raw_runs/test/benign_bursty/level_24/pair_03.jsonl.gz,9408c371d65cbf1b2dc1f225696ab7e1c5394fd75f7aa29c004815868e3f9c6a
test,bursty,benign_bursty,benign,24,4,10941371021059456085,2598864490307091718,783360630308584777,beccef7c2aad04d39b00affb2fcd27d342208c8332576bf728e97d219ccf4239,8035faab79070951c44747897c82bf9e4f8d13366925b41ca33219fd296c3233,30,153,153,0,6.021664721593212,13.271664721593211,25.166666666666668,39.099999999999994,4.545793503436255,0.9910490070868705,30,17,17,26,30,1.0,0.5666666666666667,0.5666666666666667,0.8666666666666667,1.0,raw_runs/test/benign_bursty/level_24/pair_04.jsonl.gz,7778ba93e9cda8b7d70affb7a849f0c6a521576c090538fae3d58d3f7bcd7c2a
test,bursty,benign_bursty,benign,24,5,12256277931077687574,10261321010413077719,6481431341507642299,8c08293c539be324d7799a4cb0ebef1d8c8093ba35149455601061e16e2c8b38,361c9547bef273146eb2bc6e01d946324dbc72707a84b66180b1049837db0a2e,30,159,159,0,6.186963034214351,13.436963034214351,22.066666666666666,34.55,4.272788730748422,0.9936847103513771,30,14,14,24,30,1.0,0.4666666666666667,0.4666666666666667,0.8,1.0,raw_runs/test/benign_bursty/level_24/pair_05.jsonl.gz,2fd16a0a0f56a0f3c1230f5427844ddd76ab3aaf782cb67d0d9e1cc601eb00a7
test,bursty,benign_bursty,benign,24,6,14362360602421453026,9829941686261655947,12734190377424887418,910da7fab1646b995c2047315cddfcffc3820919978416e79c3be6c2a1b87be1,8f904a3c7a5d438208695ed82cb03f6d855ec16c67ead3edb08b2806a3d94922,30,151,151,0,6.165369743402512,13.415369743402511,21.5,29.549999999999997,4.353223562489607,0.9986111111111112,30,13,13,24,30,1.0,0.43333333333333335,0.43333333333333335,0.8,1.0,raw_runs/test/benign_bursty/level_24/pair_06.jsonl.gz,5aedab0072f327975d45c6ad42ca96608f90e9c436fdecc838c57ef6e51ad3ab
test,bursty,benign_bursty,benign,24,7,11806216866448157296,5641573086108471734,12033247235716996940,773362d4a57ff28027d4d57ec683c6f7464a82712149cd1247ff55d2f9bf5f4a,bf678b6dcbbf8c575a09961ef0623d09133b732a24997190786d3210c745a172,30,142,142,0,6.065554697723137,13.315554697723137,21.633333333333333,27.549999999999997,4.3867704119747515,1.0,30,12,12,25,30,1.0,0.4,0.4,0.8333333333333334,1.0,raw_runs/test/benign_bursty/level_24/pair_07.jsonl.gz,f292cbb935e94b8eeba77504d84b078eb041136d0796db74b70b92db2684d3c2
test,bursty,benign_bursty,benign,24,8,2107769414726670299,5053104952758278221,16251300694104686636,cc301bd9bfba5f762d5fa6447bd441180a93f57b6076b0271b28877bceaf5dca,3920fb89f97289adfc396fa3ccf820e93e59723ae538571a2312a6819c205852,30,141,141,0,6.019586511624109,13.269586511624109,19.033333333333335,26.549999999999997,4.16206136474829,0.9932848297213622,30,8,8,21,30,1.0,0.26666666666666666,0.26666666666666666,0.7,1.0,raw_runs/test/benign_bursty/level_24/pair_08.jsonl.gz,f8e016dc8904a3596721965b76c472d9a574138e387d831cfd4351cf661f4dc4
test,bursty,benign_bursty,benign,24,9,11358452612906502398,14465317457533706838,17438462786830919036,1f1c6ec663f5d2a9911648cf5fc2c0b703d1c3a3c9e106129ac896e7f4ab26fc,cbc6adc645a178bea72f5646002b7db3ae5e20d41e2d98af92ec29445d540bef,30,159,159,0,6.102034585459206,13.352034585459206,24.6,35.0,4.565958939464369,1.0,30,17,17,26,30,1.0,0.5666666666666667,0.5666666666666667,0.8666666666666667,1.0,raw_runs/test/benign_bursty/level_24/pair_09.jsonl.gz,1a9421cf783f21c81701853ae439f4b8b98287c60dfacd3b85992a85f88caee1
test,bursty,benign_bursty,benign,24,10,12957076017819254940,8346406131059714819,12578814462851931978,ef4ace06939b5b451cb278363fa157c732dfec95f5eb397ec326489af6e2d624,82e072c6efaaa0fbcb80ebad55b7cf7e58d8646df1e310769dba86cdecfb4988,30,170,170,0,6.104416313931075,13.354416313931075,27.633333333333333,45.55,4.687753627625889,0.9950709666125676,30,18,18,27,30,1.0,0.6,0.6,0.9,1.0,raw_runs/test/benign_bursty/level_24/pair_10.jsonl.gz,1fc864cef5210001f3207a7bc882418dabd59ea94a7ace96af750e7b36666c2c
test,bursty,benign_bursty,benign,24,11,12938451552124007813,9940534528171644088,3915180572852334340,6eebd720783a36d149a1b4b5481190da6c3b4f3bc433a30d9c82eadf0291d73f,350f066e9e2a49558eae38c69c5296c97392ca06303f0c31a3fb4ee662c52c2c,30,137,137,0,6.007709966795945,13.257709966795945,21.866666666666667,34.64999999999999,4.338361001554167,0.9880340116784396,30,13,13,22,30,1.0,0.43333333333333335,0.43333333333333335,0.7333333333333333,1.0,raw_runs/test/benign_bursty/level_24/pair_11.jsonl.gz,d1064bb0d9e2e12d2dc9edef3f6e8b5a97908a291a02922a99f41e5f0e6643ee
test,bursty,benign_bursty,benign,24,12,17290730975127025859,16248527617210306373,387386428970809142,28aed1231a9526d763e964b7203e4165bf905dc25423432c457dcbb775a8961f,b4c6eb24ebbee173e1678278e7fc65a72bf57f7e2280ee6961967a3b976aeedb,30,164,164,0,6.116434518338851,13.36643451833885,22.366666666666667,38.0,4.349468982662505,0.9989247311827957,30,12,12,22,30,1.0,0.4,0.4,0.7333333333333333,1.0,raw_runs/test/benign_bursty/level_24/pair_12.jsonl.gz,ed315a7d7df06da05c26a576811bf4abe13ae3d5c1fca45361f19cb7e6286dc7
test,bursty,benign_bursty,benign,24,13,15398952453020799613,2269231728745071893,13458650548899104031,45219539247228790353d4cc59853da8f9ed84c6f9c41fdf633c5fdbd8c73e70,ceb7ff53e5db869c2285cf0b7b08e1b38ee0eff53af9bfe2cf27d9395a726ce7,30,149,149,0,6.203296984693126,13.453296984693125,19.1,28.0,4.170895740429759,1.0,30,10,10,19,30,1.0,0.3333333333333333,0.3333333333333333,0.6333333333333333,1.0,raw_runs/test/benign_bursty/level_24/pair_13.jsonl.gz,91cd8c26c3e248096702b73dca0ca68870465141cedad16794f55e7935486d33
test,bursty,benign_bursty,benign,24,14,1528823186042818636,2015516010930686336,5981732789506284639,546f1ca54e2bd91c87f37d19c6dedefc06198de89a1b66dc04a7b98c6fd0f86b,fb9c3c26221f5c38bd36ce07991fbb44294b318ed6104337f53ae1e0c34ac13d,30,182,182,0,6.037121485432639,13.287121485432639,25.833333333333332,44.55,4.56431835214967,0.9903309539013563,30,15,15,26,30,1.0,0.5,0.5,0.8666666666666667,1.0,raw_runs/test/benign_bursty/level_24/pair_14.jsonl.gz,85a76adfb705322feacf3fa2c43e5044759c458752ecbbea9aeca701911754a5
test,bursty,benign_bursty,benign,24,15,3348558786788259330,11446981430502276868,16604358317960529736,6fb2e8272d211e62caf29d85fd47d6a45f8df17de1aff6d16b0fc7d7cd37e057,37f68ffc7d7fde621bdf76a4d0ca402ddf8a4860b2a0d77fb05bce951190abc4,30,168,168,0,6.21773039354327,13.46773039354327,29.233333333333334,45.55,4.747186279427191,0.979890604738125,30,20,20,29,30,1.0,0.6666666666666666,0.6666666666666666,0.9666666666666667,1.0,raw_runs/test/benign_bursty/level_24/pair_15.jsonl.gz,d7c5598956cd4f8c6101e914a94f7e80dd4e480aeee0de265ac7e684938b41a4
test,bursty,benign_bursty,benign,24,16,3904011933236831565,14107443848382601732,1729652104613616218,ba9b3a1abaf062e3695eaf462aa92c0d4d1350bf466ceb71ccddb51274456933,a734e9c64801dedd9bfee822bdb9d579f543cbe8532161deaf0b46eb74c0099d,30,165,165,0,6.2053573058267455,13.455357305826745,20.5,36.0,4.2352420871627245,1.0,30,9,9,20,30,1.0,0.3,0.3,0.6666666666666666,1.0,raw_runs/test/benign_bursty/level_24/pair_16.jsonl.gz,c0b38cda495424a7cf89f7ec4dd363e394296f3c3cfe91427be2426fd54e7148
test,bursty,benign_bursty,benign,24,17,2699201686156082149,10321045553301550088,3934837143288803490,d4742da6a804a54a0d27a645f05d821bfdf585fed2aad912b5d357d6446d423e,9c1912909c01b08510109bca62343d204e3c3ab6af812a896e65fdd2608b2ce7,30,166,166,0,6.1050234714495115,13.355023471449512,22.833333333333332,32.0,4.431254359258566,0.9934334224204914,30,15,15,24,30,1.0,0.5,0.5,0.8,1.0,raw_runs/test/benign_bursty/level_24/pair_17.jsonl.gz,560acceac71de3491676b05ae379717f0edc27af14b310fd7daa9a3adbc0be2b
test,bursty,benign_bursty,benign,24,18,8606871396493972771,13721112442664091815,4991869423216001066,aae182b63458677f13ebd64f4862c83ca924235150392aba41bb47b9f5f9b3f2,749da3fdacc01fbb93666a8686968710f02fa0d0fa1e7238dce86349f3f5aa46,30,178,178,0,6.164340058731557,13.414340058731558,21.666666666666668,31.0,4.348726068299486,0.9957730865625601,30,14,14,23,30,1.0,0.4666666666666667,0.4666666666666667,0.7666666666666667,1.0,raw_runs/test/benign_bursty/level_24/pair_18.jsonl.gz,e05df93f7157a515eea7b945f555c1ade7d59f440be6ab1b4d9991b127a36e75
test,bursty,benign_bursty,benign,24,19,15222006655384463927,14384269102284837911,2182652014222323358,db40fa698d8c0f22ebc8cffe33d5ce31df51ca0567fa8f6561bc981be5d0398c,942550e24cbd7bd3d7cc17cd475a96742e7bf703bb50de6d2499e21fab164213,30,170,170,0,6.128969856357267,13.378969856357267,25.066666666666666,37.099999999999994,4.528515144925601,0.9859143351604028,30,17,17,26,30,1.0,0.5666666666666667,0.5666666666666667,0.8666666666666667,1.0,raw_runs/test/benign_bursty/level_24/pair_19.jsonl.gz,480358fdd16692ef0a77c663e2a292bbad181501613e0d81bfa6e089e31e6209
test,bursty,benign_bursty,benign,60,0,4728291661238065303,3256045249883301069,13039768009876027381,fa34ddce441b8b6f9efa957b70514f5c7403807504398494b7d37e85c6b71030,58a56df9c5fc1d856e5ae5485deb9452a6737f164b2e2117794424006a0806bd,30,367,367,0,6.0270900011448925,13.277090001144892,57.03333333333333,80.55,5.737337338709712,0.9841274076085139,30,30,30,30,30,1.0,1.0,1.0,1.0,1.0,raw_runs/test/benign_bursty/level_60/pair_00.jsonl.gz,2ab3b268abc9eb1f28cd6b49b9eca358e5c5b46aa4a15edb96a7670a062c40e8
test,bursty,benign_bursty,benign,60,1,10626907232040107754,12733732827271703484,10432158054626902460,851f9a56c5daf2e9d4eba0e3455b04751bf96c154a169920851125a7282746bb,c783c0630b00f83bfc4395765a076b5cabc045818227b714e8654226fa38dea4,30,453,453,0,6.056757347910395,13.306757347910395,60.666666666666664,87.0,5.822706505579786,0.9878017277463179,30,30,30,30,30,1.0,1.0,1.0,1.0,1.0,raw_runs/test/benign_bursty/level_60/pair_01.jsonl.gz,5a185bdb15b66fc2085334986665b0aa6f8413265da6421d989cf9ebed0fb626
test,bursty,benign_bursty,benign,60,2,12193141472780891747,2280695331476173544,7329899822002328909,8678dddb54ed81023db9b168d3d9ee0c34c38ec145ffc5cc29c0e652d13074e7,3c68d3de7b1410beae0562730b46591f6d8a3409b68b7ecdc3c760e1a1713ac6,30,389,389,0,6.145152045870287,13.395152045870287,64.53333333333333,92.39999999999998,5.889245643627223,0.9777903122711653,30,30,30,30,30,1.0,1.0,1.0,1.0,1.0,raw_runs/test/benign_bursty/level_60/pair_02.jsonl.gz,47fd827c03317b19010667606377f733d9ff1bf02f5bff5dbaf5536a0781909b
test,bursty,benign_bursty,benign,60,3,13957978195480844126,16137068541999678016,6711364123799898070,3dfb351d2075626d7f52863cd7c72859f2d7df6b4e0e82cb926fff7e08d6cd46,4a0eebbbc1a260736e548dc840c329fb2068a44768e4e0a82acbd0ea692ebcfc,30,383,383,0,6.17597216943645,13.42597216943645,57.9,77.55,5.814216374728932,0.9959372423332626,30,30,30,30,30,1.0,1.0,1.0,1.0,1.0,raw_runs/test/benign_bursty/level_60/pair_03.jsonl.gz,2d3dc471b093e61d3381b0729eebbb52c31c8cda931dc55cc74d615be6579315
test,bursty,benign_bursty,benign,60,4,16157349877590930817,8265084416615399815,17263596027417360675,ca6bc37f1cc40e6fd39d5b7b59c22c7d0307e6ea0adfda7d153d844698aecf3f,f8b386e39fe0946c3b59c51076f934d8a84b5a4f43a107d3809f74c9ea482a14,30,387,387,0,6.043837545416029,13.293837545416029,56.96666666666667,79.1,5.769597034227104,0.9900436387725452,30,30,30,30,30,1.0,1.0,1.0,1.0,1.0,raw_runs/test/benign_bursty/level_60/pair_04.jsonl.gz,8789cd58a8fb56255046b3dc91573d4a7b6a812354c989bd20ba1959f49fdeb2
test,bursty,benign_bursty,benign,60,5,5365915920768804960,1444703689198968028,9885930283635600459,87d4f3ecbca0c8dfbffba3465071327dbd1daa213774f3524b192f350572d952,18d6cad43e9a3981b5fea5ead11702d983faeab06fd392ab571fe76a6bdc3085,30,407,407,0,6.14317382126017,13.39317382126017,56.03333333333333,79.55,5.697562594518059,0.9761609555236597,30,30,30,30,30,1.0,1.0,1.0,1.0,1.0,raw_runs/test/benign_bursty/level_60/pair_05.jsonl.gz,f8103295dfb98681746ff700e2f04806865c50e9ef9209c4aac58656c690e3ac
test,bursty,benign_bursty,benign,60,6,3481910348492203474,10101454239527221363,17377491778791444596,d7cc466e3e4f12186deaebc16c1bf9759250c2b8cf21d817d3a2a3d0e423084e,df5666efcbdd20dd7a6306b0b55ef776cbf93e214c5e391afc18971a1d58bbdd,30,430,430,0,6.029187178585506,13.279187178585506,60.833333333333336,86.0,5.8472212626694375,0.9916335650831837,30,30,30,30,30,1.0,1.0,1.0,1.0,1.0,raw_runs/test/benign_bursty/level_60/pair_06.jsonl.gz,48f28c2093c3c5205aec96a5622b673b102ec628efeffe6ace7edeba5747920b
test,bursty,benign_bursty,benign,60,7,5607973933383313552,15594808418798255805,11668774991284141463,d995ed41dd1b75cafb01ace8012860ee90bf52aa80fa683cfb97deb9c30faa27,a4608a2503d03753ddc5ddb958ad7fcc74b7010a36fd8b1ca98358b3c82a5101,30,388,388,0,6.006516981060812,13.256516981060813,57.56666666666667,85.55,5.7463121479096495,0.9822940007795515,30,30,30,30,30,1.0,1.0,1.0,1.0,1.0,raw_runs/test/benign_bursty/level_60/pair_07.jsonl.gz,4451aa81c1f5ad69fc7acdd5ef8f094ae321ca2c627b7d8d543f5fafb7cff716
test,bursty,benign_bursty,benign,60,8,117741995419115625,3410315107802305461,10671344833319657244,0eb5923b7f58e013af1c134507fb6fb34b2708e94dcd859915f668cb5aab6c5a,0d4c62dc7ef5bc53b2541062a5fba3df4d675a7c29fa00d85217a5ddcdc85b39,30,374,374,0,6.088558708729074,13.338558708729074,67.1,89.55,5.977484729737608,0.9893248945752545,30,30,30,30,30,1.0,1.0,1.0,1.0,1.0,raw_runs/test/benign_bursty/level_60/pair_08.jsonl.gz,ae18f12bd09ad744b88ef2661bf6cf489e37173ce8d69b9d7b42b6ac6da8f791
test,bursty,benign_bursty,benign,60,9,2878065899226068233,5763900466979319014,816254412983183635,5ff590673918821f94a78c3e7bd19c4434a7d412a250c616c69eff0c05433a2d,7816224af4ac40782ec892779f39d786f46b696daa972c015d5197665f6aa57d,30,412,412,0,6.203735273524038,13.453735273524039,66.03333333333333,86.55,5.968209914145063,0.9855521341780307,30,30,30,30,30,1.0,1.0,1.0,1.0,1.0,raw_runs/test/benign_bursty/level_60/pair_09.jsonl.gz,5d98a7c6893ac6dad7527701a538edbea09475e6c17690ca94963fa354cf97da
test,bursty,benign_bursty,benign,60,10,78743034156872817,7744895399556128114,4519915359307138169,c7e230c044f41623cbaf1d69eb1f0abaec1fd54b98bcaba911c30e11013cf7f6,88905940047b74d45127a74b2d2678aef34351919576d4b100493df485c34831,30,407,407,0,6.218271618288086,13.468271618288085,64.63333333333334,91.84999999999998,5.932557675981683,0.9938372284585953,30,30,30,30,30,1.0,1.0,1.0,1.0,1.0,raw_runs/test/benign_bursty/level_60/pair_10.jsonl.gz,0c94145746fbf31a01f66db85f2d956292e29d5a2d5d1d4448ebfff2123034b1
test,bursty,benign_bursty,benign,60,11,11959727002202433164,13974460987346353953,1171038325795760593,0bb4bdb11ebe98fcebfb87a637e6f51a4178b2372c2ff74b0914f7d0db22b1d2,6470bc7d8a1dba01871bbe05d77b38499f393b93b4e8b8ffd1881242a5749f49,30,437,437,0,6.0335153168346505,13.28351531683465,63.0,95.55,5.85901554839942,0.9791302335261439,30,30,30,30,30,1.0,1.0,1.0,1.0,1.0,raw_runs/test/benign_bursty/level_60/pair_11.jsonl.gz,5da392779a2c2c2f7bc9fead997b8f2969b7867243ad2d39c4f7bd54691d2b28
test,bursty,benign_bursty,benign,60,12,15204481003135083174,11587197522998189836,12455466616995120937,548498d626baf930ef79a8833e866bb76a4a6a6d8834b492b1cfec017afac90a,e6911fd66ba76ff81b5165f560f3e5a4004927125fa3f337717899a09fb09076,30,373,373,0,6.003768610927332,13.253768610927331,61.96666666666667,82.19999999999999,5.86720061765354,0.983711156128376,30,30,30,30,30,1.0,1.0,1.0,1.0,1.0,raw_runs/test/benign_bursty/level_60/pair_12.jsonl.gz,efeb408a65190466b40ceffc2bb2860ecc99bfc66a43386562cdc3d02b5e6a8c
test,bursty,benign_bursty,benign,60,13,10871333545479817243,7563558602441166387,6168568347771512340,3578e900545269635f3c897327233f17f1f449c7deee1b060f5756cac7633996,ea8a3ddcc0cc11b55b5010af4e3e15c8df67b5645300b19029fec2fa922d5e33,30,466,466,0,6.18475018903361,13.434750189033611,64.76666666666667,94.0,5.918468136662392,0.9787477440740441,30,30,30,30,30,1.0,1.0,1.0,1.0,1.0,raw_runs/test/benign_bursty/level_60/pair_13.jsonl.gz,ead569b0bc1a97e1c23ece45b0e2117274ddb8e8771e3dbda268eb04ce5c05c3
test,bursty,benign_bursty,benign,60,14,2798099764286777473,8986116746278208679,9007475769579974256,0ef9e52448a6621536fd137e78299a750ec89b788ef274c2b5c2181764ee577c,8b504182ce570323bc3e95838cb435c0259d13e4d622b15365dbbb1ca2c52e29,30,428,428,0,6.045167905239544,13.295167905239545,59.166666666666664,85.55,5.774461235073667,0.9825049043600482,30,30,30,30,30,1.0,1.0,1.0,1.0,1.0,raw_runs/test/benign_bursty/level_60/pair_14.jsonl.gz,6ab9c1eca6d1229c429a925e2116d85b783d8cfa2bc1d3e7d144afe88fc3c3f1
test,bursty,benign_bursty,benign,60,15,17097306720387306107,4114087812797548196,11896658454210599186,a2a99a2c7538c8dbc5b2e55c3110663cc974508538993413a71ceea11edcc8b5,8e7ae83eace1f39edd1b33ca5da73fbe1ab22d686d3ddac55bd27a3eb696ec74,30,388,388,0,6.238672133476845,13.488672133476845,54.06666666666667,74.55,5.687919088878695,0.9856588494873263,30,30,30,30,30,1.0,1.0,1.0,1.0,1.0,raw_runs/test/benign_bursty/level_60/pair_15.jsonl.gz,e9599f782f855ba653aa30f7643c452c454bb53346384eff6a0fdcfe82a46be2
test,bursty,benign_bursty,benign,60,16,1684478467566215520,14681944726587086290,6985629303606511074,7047381273172326947eec68d42db5660e103da0160c6df9c49011919a80afd6,ba60bd2632f7145a49dca593ab5737dfadaf819001cc1ef066ba487b11d856cb,30,389,389,0,6.03358522822634,13.28358522822634,59.8,86.55,5.8145259736760755,0.9941217054018038,30,30,30,30,30,1.0,1.0,1.0,1.0,1.0,raw_runs/test/benign_bursty/level_60/pair_16.jsonl.gz,d1499db5ee8f212b9ee165c2b6e9d05ab7aa5427b93006b29634dae63ffe4c52
test,bursty,benign_bursty,benign,60,17,14235558214642707832,17856287676692079206,2705748920624525277,20fa577369a48603e7885f76925bd6da23881997eebbc8037f98d73ef899c961,368fa3d56e0cef91fc264c34e349dd1df3d17bb658266655e0f6b7e63b63386a,30,420,420,0,6.222332430217775,13.472332430217776,56.2,83.55,5.669223436898838,0.9670796103799089,30,30,30,30,30,1.0,1.0,1.0,1.0,1.0,raw_runs/test/benign_bursty/level_60/pair_17.jsonl.gz,5c31fcadcb81f4db4710674ed17da266daf677cc296d8017685755d77ae878d3
test,bursty,benign_bursty,benign,60,18,9804069978694791450,12954677911242742428,11972951785033017450,a75f051baeadb5d5f37f3c39c24c9d0850f812ad114b5f695f509bacec1ad6fb,6b303d4f91c61d1bd9661a6742fe294c1c4a80d503f65d9cd4f6600bb459dac4,30,348,348,0,6.019564879984748,13.269564879984749,58.3,79.55,5.754262338287063,0.9767438064601672,30,30,30,30,30,1.0,1.0,1.0,1.0,1.0,raw_runs/test/benign_bursty/level_60/pair_18.jsonl.gz,77a91a62a4cb73bad9756c06fc51ed198ed424d6d384d8b92c998b95298ed036
test,bursty,benign_bursty,benign,60,19,2893823591515303878,18222017690021044820,594861234652769343,b2d26db923aee8e9769684511a5489690b8dad468cb448b83d8cb45bfa8af69b,d1bc479a25397350e0b2aba09d09baa89c7e2d249bb129de317af2721e76f96a,30,413,413,0,6.150511731269282,13.400511731269283,54.766666666666666,79.0,5.693350944382747,0.9885035370521636,30,30,30,30,30,1.0,1.0,1.0,1.0,1.0,raw_runs/test/benign_bursty/level_60/pair_19.jsonl.gz,5759992e3573eb04241b70d407585725ef23a63fe100cf1a743e6e4555e2c382
test,bursty,benign_bursty,benign,120,0,17677778801770958739,6829398312328068154,12718203004814404258,cdd204cf016500b85047cfb4759c60591f0bde8bd3a21bf802a6dd04b6eb143b,62e42a27a5f9e95f84377bce53157da3ec760d26cac920f9ce49caeb7394838c,30,785,785,0,6.231272544082715,13.481272544082714,121.86666666666666,167.2,6.807949979395391,0.9716401731082934,30,30,30,30,30,1.0,1.0,1.0,1.0,1.0,raw_runs/test/benign_bursty/level_120/pair_00.jsonl.gz,00f7b37dad5cdefb838f6b559bd31da040c605e3cc571b1f198be94ce9c67854
test,bursty,benign_bursty,benign,120,1,8508802059021800781,930787583123559901,506954954702634113,baeadf678cd9c17132b0bbb7e106b8ff5dd8ad3848114649e7423cdf34aedccf,1240d32b832e8d6f1854b6c45955c5f67798eacfe727c2669019c8224fbb7659,30,731,731,0,6.080903798955948,13.330903798955948,112.26666666666667,154.2,6.710145981480185,0.9759596305051504,30,30,30,30,30,1.0,1.0,1.0,1.0,1.0,raw_runs/test/benign_bursty/level_120/pair_01.jsonl.gz,3954af36fbd309c49c789fc9f810d666b14ec8cb6703858e225d85a7fb523c81
test,bursty,benign_bursty,benign,120,2,14012732547975858607,2148828941729288347,6766705188605012955,e81915d560865061c5a619452430454d69a3c8a8b73fcfd841ef4181c0c6872d,3ec361629f93fa08490981fdf1e51380a5975945e1422b15e55cf51c65be2a6c,30,778,778,0,6.1268790140801075,13.376879014080107,131.26666666666668,171.55,6.943025918099041,0.9782199587569712,30,30,30,30,30,1.0,1.0,1.0,1.0,1.0,raw_runs/test/benign_bursty/level_120/pair_02.jsonl.gz,7b9eb320984d26dfceeea58ab3aafdb2565b6f53a0f2f1e4746ec95b4a2b3dae
test,bursty,benign_bursty,benign,120,3,2348384244368873237,10678651135538379153,6426113014419728148,29776a35ae1b5a5cbab1ebe8be8eaf9e0891c6d124715be98649624f61177d99,913a7bdbabca473867fd4895c5112263fedf7a1198ec17a2e8a8baccc6ddb188,30,807,807,0,6.00903633071874,13.25903633071874,137.76666666666668,191.95,6.995070420134132,0.9714672225745017,30,30,30,30,30,1.0,1.0,1.0,1.0,1.0,raw_runs/test/benign_bursty/level_120/pair_03.jsonl.gz,54f14e3725960ae5227f15b92d3db1be535afdfa4b136f2b82883693cbd4ae93
test,bursty,benign_bursty,benign,120,4,12068768551392945050,5862145283542478514,240262987700750886,4c91234b56482788e48899bc2914a65a7af931218453e870954acbe94ea6eadd,056c49fe68505502187d8f003fbb8d5d09dffe315c80aa9dcecf1799f070a1c7,30,814,814,0,6.213283860139065,13.463283860139065,125.23333333333333,177.0,6.836769733833708,0.9751287509994739,30,30,30,30,30,1.0,1.0,1.0,1.0,1.0,raw_runs/test/benign_bursty/level_120/pair_04.jsonl.gz,c107b67901938d5837908f376a0c5ff79f8c4104b0ee72083424442fe9c8126d
test,bursty,benign_bursty,benign,120,5,11754546574889286477,17320219234250889673,5690097895691668524,14f176d04aa7522fb79d1076718a6dcfad402e6c3682c22eae30f39473d2a95e,a2b7feb0d94c06ad3c6981f7b0764456d5adcf5fcfa28414bff2aacd85627161,30,917,917,0,6.126470998348932,13.376470998348932,126.03333333333333,179.1,6.862048647804412,0.9798885291138907,30,30,30,30,30,1.0,1.0,1.0,1.0,1.0,raw_runs/test/benign_bursty/level_120/pair_05.jsonl.gz,c0cd45989bb99ae078117a7f1077c8a57368fe73714b0cbacf3a0375d509b113
test,bursty,benign_bursty,benign,120,6,8686578293534854415,11973128124416859319,256921344224467890,f31cc6c4d39c8a10b0086f19d35c92280699ef06da2136b6051a6752048c78fb,9f5d55646ff216c4de9db9163406acf16bb788a140f7c6ddc824ac0b57a84a1c,30,764,764,0,6.132766076707838,13.382766076707838,126.33333333333333,181.64999999999998,6.854063728207202,0.9660302349807092,30,30,30,30,30,1.0,1.0,1.0,1.0,1.0,raw_runs/test/benign_bursty/level_120/pair_06.jsonl.gz,4f5232ce678c13ece1dec02aaa7b18f627b40ad2d6628f21baf5952c91afe8ff
test,bursty,benign_bursty,benign,120,7,10137070029227726156,646216227087379654,7291114740559178034,864bf5b5ce9e1406178cd41c185cd891a963c2e18cc728f029ff31f2923c50d3,320b3241ddf8a05639ae47ff23280f22a841ada93e2b9758401144ea7f37bf8b,30,730,730,0,6.171654486628849,13.42165448662885,117.63333333333334,161.95,6.755984140306083,0.9659717603259544,30,30,30,30,30,1.0,1.0,1.0,1.0,1.0,raw_runs/test/benign_bursty/level_120/pair_07.jsonl.gz,3e252e8cfa755136b8854ba22dba3f1b886dd11f5ba691a1d83cc5cbb047d83c
test,bursty,benign_bursty,benign,120,8,630050063957971533,6139190161411610768,4512997853520989023,a58882a7992612ba8deca477cbd6d39f2a58c5924dd7f41664d5664f3e89b3e0,8fcd0bbfb26eef4cfd0c946a1e5bb26a64b02f8eed2fe29c96036e648696ec2b,30,871,871,0,6.169959062015312,13.419959062015312,113.83333333333333,161.84999999999997,6.701096530148714,0.9666307738653692,30,30,30,30,30,1.0,1.0,1.0,1.0,1.0,raw_runs/test/benign_bursty/level_120/pair_08.jsonl.gz,0a6007813ec72de33158effc0600887dafc02efd21c89e47589a5ea2a39c88e6
test,bursty,benign_bursty,benign,120,9,2729294043633015870,12831543257470076485,1306053647998119112,41439b0aa427c913354d2c28d27c916960f6945dfde9737fc1efdf36c1b46625,1890d04eecb3df1a2d9292c9ead80218433372d832b1e98f93af65c65a6d2f4d,30,748,748,0,6.049084431248641,13.299084431248641,125.06666666666666,176.84999999999997,6.858472697728516,0.9776438666494677,30,30,30,30,30,1.0,1.0,1.0,1.0,1.0,raw_runs/test/benign_bursty/level_120/pair_09.jsonl.gz,97aad66b372b9eb6cdc952ec20b46042b41ca8dbc419b3c58bb8965a27ba3cff
test,bursty,benign_bursty,benign,120,10,10265540251891105962,6735019329757629085,3298922494815422066,0b2cd173c5265e7ea0d224ffe2b857b336592486c4a25f07c47b6376ec7de369,d4e7eea73c266671e1c7bf13400eaf91069361d2a678fb05709ddfdd34209986,30,793,793,0,6.040337725524269,13.29033772552427,116.53333333333333,171.55,6.718664287594431,0.9696060841729737,30,30,30,30,30,1.0,1.0,1.0,1.0,1.0,raw_runs/test/benign_bursty/level_120/pair_10.jsonl.gz,e48b90e42454f1c68829f77da2b16d91ab7e9b68e05fbd25a129c5d47d0ce43a
test,bursty,benign_bursty,benign,120,11,2596634394329281386,14823892494879232447,6271437321620789139,2a6ed85b104c177e15eda189f83ee67860f636c0bbcdd955d90b7740dd344b85,408631d7094606ab1dee352d00deba3f8d683ecb87c0dd6a847ca747cce85a0b,30,744,744,0,6.147986789311924,13.397986789311924,120.16666666666667,171.55,6.777424622545358,0.9693084561354038,30,30,30,30,30,1.0,1.0,1.0,1.0,1.0,raw_runs/test/benign_bursty/level_120/pair_11.jsonl.gz,8e3d497c6ef67aa982a4d6923049d8335c4a87ec7b4a3f340663fb0d9adcea44
test,bursty,benign_bursty,benign,120,12,1437341747633275469,3511160682749090487,4273612336636422366,c6636138ff7d7f501f8975f1853589edaa7b2e6bf7d805219a677a6c2117db31,8be3307cf5d0537ed3004a5e703606788a813124fb55e27be9087424ad938399,30,787,787,0,6.071433618136301,13.3214336181363,117.16666666666667,163.39999999999998,6.751036563442113,0.9720319797693305,30,30,30,30,30,1.0,1.0,1.0,1.0,1.0,raw_runs/test/benign_bursty/level_120/pair_12.jsonl.gz,c5bc4e1a957aed355a49a607f2a3c36d75f1195f419a1a66785c74cada0c8a71
test,bursty,benign_bursty,benign,120,13,14719362781366742488,8981918555081330760,2873193931782601540,26eaf38b121332f7d2886b168b78c48c1bb31cb1cf0f509cc17d29e9fdf717ce,0599660dd4c43590c0eb027e80b33105be36bf8136b1cbc448bb5f1903de05e3,30,840,840,0,6.0836179590307,13.3336179590307,132.16666666666666,182.75,6.925203101476959,0.9718269790770371,30,30,30,30,30,1.0,1.0,1.0,1.0,1.0,raw_runs/test/benign_bursty/level_120/pair_13.jsonl.gz,fb8b7007c0cefe85d40729c219409e551d4dbb8548ccf6432a596e761a6372d6
test,bursty,benign_bursty,benign,120,14,14474661752500536637,17617004064125541860,14414670301308548372,0d62052e2c8cc2fa4a720bbf52a5b6493a19250a4bb9f200d902ba122fcd7cfc,1a4f7f4ea0eda7625bfc030a28d7de9b55a18535ab9edfdf76add0aa6ac8e236,30,769,769,0,6.24231393270592,13.492313932705919,127.3,179.95,6.878988883552093,0.9776084388605742,30,30,30,30,30,1.0,1.0,1.0,1.0,1.0,raw_runs/test/benign_bursty/level_120/pair_14.jsonl.gz,767de2f190925683c17b1301437121c8918aa7e31e83238891d091d3a77aa480
test,bursty,benign_bursty,benign,120,15,9057122810702578651,4543646872701268467,916328090190564814,330a35ec3ca573b033b80df33e673740dff82d48ca342ef533d885cce8810ce3,0f88dc31b3d150992a11e70305ba041ed260b622cced966f915f950648bd71c1,30,763,763,0,6.091740150517711,13.341740150517712,117.06666666666666,167.1,6.724716798021443,0.9574657862832792,30,30,30,30,30,1.0,1.0,1.0,1.0,1.0,raw_runs/test/benign_bursty/level_120/pair_15.jsonl.gz,0a5a710a7b071e982ff9545196320a3b56ae758d2e94edae004e31fde37398a8
test,bursty,benign_bursty,benign,120,16,12846439749721313369,7362486142867485648,17938697549616151947,f6b7f7ae80e1848031225d294eeb336bb75acd589cd49abb61ba84486f0eff53,2ad9ee0dc098e533964889b81417fc42b33dd63aec01a5bde54a9feedfae4c63,30,820,820,0,6.064512845798391,13.31451284579839,119.6,177.2,6.7987950317735795,0.9809871052125244,30,30,30,30,30,1.0,1.0,1.0,1.0,1.0,raw_runs/test/benign_bursty/level_120/pair_16.jsonl.gz,b6d6f9c9b2469c69746db035f2c6b21166ab10c5400f61aa6dfccb590bba096a
test,bursty,benign_bursty,benign,120,17,9366898388875760307,11526361026516754993,13484097856881375550,30da59a7746d7800f332f1a91a4eed6b3b70e5e7820982882c885091472ba432,b9eeb50076e32fd6918d8376c6873e18aa3832420ef4aa69028aa963b28cb7c5,30,727,727,0,6.077640960550096,13.327640960550095,124.1,172.39999999999998,6.844035584742714,0.9722663808505672,30,30,30,30,30,1.0,1.0,1.0,1.0,1.0,raw_runs/test/benign_bursty/level_120/pair_17.jsonl.gz,347a592de83798c96d906b67e4b0b07de9e7f59f9f47e1d32b7753b205a2997c
test,bursty,benign_bursty,benign,120,18,459606337061139932,17309434019910614744,10637600295177413001,813ada798bc28a5a87a63ade808a5c348160f9ba92688f487463b2aae6639ede,0a0b1022e4273c03fdc1852a89b9458653e74bb601655d5fa0cb4d941b08db54,30,882,882,0,6.031956006548407,13.281956006548407,115.13333333333334,163.1,6.726356763133884,0.9710415037031574,30,30,30,30,30,1.0,1.0,1.0,1.0,1.0,raw_runs/test/benign_bursty/level_120/pair_18.jsonl.gz,b0e9921d377776b33989ea8d20f0af1be0733e9b6c652caa082d2d2de5e21164
test,bursty,benign_bursty,benign,120,19,18079239627301317534,123194317669093861,2060137317114638715,e0353b5b3e3301b3ae527f9bc45bc84495787f8668d36cf50e6a5a686de41f20,13f596af79b94e7a9f51e22eb9ef84a9f8f7f56bacd6754b064130ead63e167a,30,910,910,0,6.140093328849063,13.390093328849062,125.26666666666667,179.24999999999994,6.8494663297407055,0.9693370281839988,30,30,30,30,30,1.0,1.0,1.0,1.0,1.0,raw_runs/test/benign_bursty/level_120/pair_19.jsonl.gz,a7d1fad537ed4a42e435bb8e6b89edf7f69f8d2c423ece7133175072374bfb2a
test,bursty,benign_bursty,benign,200,0,6244464861570204875,1183215605325143094,17963984995868377974,fcd6ebd378525ce90cf73995ff71e0a4567af915b500419bc3db06da028adae0,a84072c649e9b58543feb41b851913051d8173b4326af00161c95bba4a94bc05,30,1426,1426,0,6.161421157703115,13.411421157703115,195.36666666666667,282.55,7.4546071018772615,0.9585902036706797,30,30,30,30,30,1.0,1.0,1.0,1.0,1.0,raw_runs/test/benign_bursty/level_200/pair_00.jsonl.gz,2c94f8450b199902a8a31d046e7ddbf753a9ad97d4643508c1ac02a9d01882ed
test,bursty,benign_bursty,benign,200,1,15499418933323906708,13973998937141136578,6808359707616910961,f2eb3e167e151607d61fe880e422c8588c2c7e9d1909f0a8d057276287f0c69c,878a38418cbe301e0331a7ce92f446374c59102afb10bbfbf2323cac6792b3db,30,1395,1395,0,6.121395170632892,13.371395170632892,195.6,287.1,7.456363941650308,0.95357571566401,30,30,30,30,30,1.0,1.0,1.0,1.0,1.0,raw_runs/test/benign_bursty/level_200/pair_01.jsonl.gz,27f059022e417723ba9a68f625ad4234dd244243dd4e332a109f1154c3588e7a
test,bursty,benign_bursty,benign,200,2,5327217777066326399,3694338404923262196,14679001330301704402,0c06401b0feace238c0d393506c7f599595e8ce1a462a424edd8752ff68cf1e0,d6c16e887011a2fc997085811dbb02fe32608113938b926d9764cad9d9116279,30,1457,1457,0,6.001818689928701,13.251818689928701,197.53333333333333,278.0,7.479309399432689,0.9572848933746678,30,30,30,30,30,1.0,1.0,1.0,1.0,1.0,raw_runs/test/benign_bursty/level_200/pair_02.jsonl.gz,3e62f6f7ffc49898d6cb0a69efe6af0e6ec205d79c30ecbb8d7c802ca31942f3
test,bursty,benign_bursty,benign,200,3,13610089189584132482,8131595809746710667,17818228215734482418,d735cc9ccce3c6f4cfdd69b26799477c695a4e205011178b67d3d072a45f76d2,10bb827e3b4032bef591ca8d1dd57daee35c7bd566cb4d2d767ea16d5e3eace5,30,1425,1425,0,6.131788837158965,13.381788837158965,209.0,292.65,7.579097419418011,0.9633092857702432,30,30,30,30,30,1.0,1.0,1.0,1.0,1.0,raw_runs/test/benign_bursty/level_200/pair_03.jsonl.gz,6315064429a92474f6b123b58cfb1355aa25980a6ea5069efc83f78dc8800932
test,bursty,benign_bursty,benign,200,4,8324496539110995588,14362473866316968579,17243685278105249869,6292fb695ac7a6455dfbd800b8397eede83e2b214f08bc8690e947d93cf1a628,71030a19ee8e720fdd77dbc6dc5c8aa6733c1ff7d83d48392ca26ecb673393b2,30,1421,1421,0,6.212793074467247,13.462793074467246,200.4,278.29999999999995,7.495696108985225,0.9601453648611901,30,30,30,30,30,1.0,1.0,1.0,1.0,1.0,raw_runs/test/benign_bursty/level_200/pair_04.jsonl.gz,d7c076e0d4da390201536ab89fde106f2d45f339b97cca14593572804de1f0a5
test,bursty,benign_bursty,benign,200,5,15024157627771418902,16364490518133932789,12241336857282476451,e1eebf734d89d0837b59d0a85c801c074021c4582f7cb29c29db9e88726845b6,6e3ded75c4ec1a9d6cbc7d4840a4436d6b2d0369f040c1cce55078a47ba38618,30,1275,1275,0,6.114419951716373,13.364419951716373,205.36666666666667,285.55,7.508027123112702,0.9498627199904839,30,30,30,30,30,1.0,1.0,1.0,1.0,1.0,raw_runs/test/benign_bursty/level_200/pair_05.jsonl.gz,bdc5446e1328ba7732ef1b8aaebdb91ffeef788f981746e9e24e94f11192f376
test,bursty,benign_bursty,benign,200,6,370976341244047154,13051650883290848420,11698791244084792350,7ea01b3fc1083885b7d678763700729e8639429604a6a8944f1b53d860975bc8,cd11dc3afc1cb07e4fc0454dc8a48aa8bf410deab2f6f4f50304b55aea75dc4c,30,1339,1339,0,6.195429232988327,13.445429232988328,198.43333333333334,270.75,7.467133704210612,0.9487901994056768,30,30,30,30,30,1.0,1.0,1.0,1.0,1.0,raw_runs/test/benign_bursty/level_200/pair_06.jsonl.gz,7ce51e7a1eb719623819bddecbbf1ff79ff1c2aac1012ba457bd025f2e921a85
test,bursty,benign_bursty,benign,200,7,3219024180408530195,2500295282128676561,11814135766844059510,d57d99f48eb273f279f9b65022b4c1fd1e04c30591f18ecbb60e3e3693ae30bc,257407ec5604e808b62ad63190e995c16182561c7ad33eb8808d0eea5553de53,30,1346,1346,0,6.164017558590053,13.414017558590054,188.1,278.24999999999994,7.392399934276682,0.9492033031439436,30,30,30,30,30,1.0,1.0,1.0,1.0,1.0,raw_runs/test/benign_bursty/level_200/pair_07.jsonl.gz,4dcdf5bddd807bbbeac1f041c0ba7ac40645b730f3a2b121208b05f39eb6edac
test,bursty,benign_bursty,benign,200,8,9886612851880066305,6544157466683481380,18034497262302270955,b7f606260f41738a8f4d9d1157060f3eae85cc06153d773f4f87c670e820f8a2,2a7738003ee2fc2f546647c3978ccc73495283961367fec6edd5c2725a21fd2d,30,1375,1375,0,6.085762438951061,13.335762438951061,203.8,286.95,7.532733012592877,0.9633292635039311,30,30,30,30,30,1.0,1.0,1.0,1.0,1.0,raw_runs/test/benign_bursty/level_200/pair_08.jsonl.gz,9f8c1bfcf4516b847e0e9350fdef15d2323c581929b4ebff17dee8bfaf61ae1f
test,bursty,benign_bursty,benign,200,9,15870556802420508910,6226783974891202791,3376346720318302583,e536331305ba4fbde9d75ba1065afa8d9f63633d1d3e880389b94357d5c3f652,56959a8a352ec5f20240e7132ba6bb3148fab595587464a68bfd40e0344ec628,30,1268,1268,0,6.093580239821864,13.343580239821865,207.66666666666666,296.55,7.536597463974918,0.950957982264249,30,30,30,30,30,1.0,1.0,1.0,1.0,1.0,raw_runs/test/benign_bursty/level_200/pair_09.jsonl.gz,7155550759e3e8378eaeb69756c6fcf0d398934d0178ca7956307cf7d60de772
test,bursty,benign_bursty,benign,200,10,15203838369661115206,1613144383195996876,10129662408455663408,ada75fff6b6720e06cc3f49cfe124f3091deb270f3d444efa556f08903111d8f,6c77d202a1e56c2506e59f8ce7cdb5fc5f578420c5b198d9b31fdd42a5e19a53,30,1336,1336,0,6.158354504285287,13.408354504285288,203.5,275.5,7.532876175359529,0.9590374145581574,30,30,30,30,30,1.0,1.0,1.0,1.0,1.0,raw_runs/test/benign_bursty/level_200/pair_10.jsonl.gz,e5ada4460b9b3daffbeb64b113fc72bb90b435dd6d2e31c98bb035b30de938e8
test,bursty,benign_bursty,benign,200,11,7683858403345927260,7337104196067686003,10879453900391275047,72842ffaf59594d07ade8628ee7c9f116da669263cb74ecc83c111f2b106163b,4e9cc50da8520404d3fa3766aeab33f7933f265ba1c07a1ba2d288952de01c36,30,1498,1498,0,6.123551774934856,13.373551774934857,199.63333333333333,290.24999999999994,7.486110095533722,0.9578636559467829,30,30,30,30,30,1.0,1.0,1.0,1.0,1.0,raw_runs/test/benign_bursty/level_200/pair_11.jsonl.gz,4685167c573d2d0a26a59c9a51794aca336c9cfa5a37e308fc76994c5361d672
test,bursty,benign_bursty,benign,200,12,6311134007492821947,4130871909149489640,3338698188089753536,41452b8f6f745180dbc8830d84c60695054d77dd29bb3de70ce9492c29055b5f,f1fed06ffb27edd047c9fccf66d560e32f406990bb5641f8b1e2f038ee48e057,30,1377,1377,0,6.2389632008356966,13.488963200835697,209.83333333333334,274.0,7.5736418623974755,0.9555603737192919,30,30,30,30,30,1.0,1.0,1.0,1.0,1.0,raw_runs/test/benign_bursty/level_200/pair_12.jsonl.gz,f8c63e6b0c14f4c49a9d2199fb4fb1381e86660fccb8bc846081ca812d9e80e3
test,bursty,benign_bursty,benign,200,13,16950859001948405348,15895434542567619661,14844294046717607787,a15675352ec80d0deff6f73f1895424471b9d11fe3474ae50fdc9b4bb9059f81,7c695d06ee6b17b09779865b0be28989c50c47aa7a3c16816a116ba6a9e59305,30,1299,1299,0,6.22978809426351,13.47978809426351,191.73333333333332,269.75,7.451567769361069,0.963699693820139,30,30,30,30,30,1.0,1.0,1.0,1.0,1.0,raw_runs/test/benign_bursty/level_200/pair_13.jsonl.gz,9695875e265ecc0bdbebaaf24dd9187d0e5c67f62dcf304f9f8bbea8c3797c89
test,bursty,benign_bursty,benign,200,14,16974673210848834108,8452702851695548547,1818066566453392486,913877faf3739fa5e8a3865f5f381677e7b93da25ebdc3af7569825f26794cf8,67c1ce4594cb64f7398b60a2965525109ec46e41a603866d83c4adf922a8dd4f,30,1295,1295,0,6.126450498122583,13.376450498122583,207.63333333333333,291.55,7.543570456134657,0.955869197970799,30,30,30,30,30,1.0,1.0,1.0,1.0,1.0,raw_runs/test/benign_bursty/level_200/pair_14.jsonl.gz,1176f78461640576edc9b97bb85b8d325e02c83e4a1ee048d6fa3d4749dd52db
test,bursty,benign_bursty,benign,200,15,16933897845982676019,5524196988270083756,4995199521310458004,480aeacb0751ccbd01e38a47b0609747f7b3660c8d971c9056f2b71a4156ad44,741e885500b4f4d8a88ed71a41ebe8a8722d2a6fbc059edbd4c43aaba3749e05,30,1258,1258,0,6.238575196797134,13.488575196797134,194.83333333333334,284.55,7.443733251254174,0.9502461805659136,30,30,30,30,30,1.0,1.0,1.0,1.0,1.0,raw_runs/test/benign_bursty/level_200/pair_15.jsonl.gz,ac828cc642e5d52dac008f6adafa8053b7839e3f0504ca1dfc3c9864f81f7ebf
test,bursty,benign_bursty,benign,200,16,15885110187064147692,57442648831050994,11998021328494421175,b79a5af4fa245428b137158611e0bdf00c438aeb7b71cf35309a58af8209d656,3724c4b678910998489ec0d3ec85ba9603b020028987d51b1b19b3bc759fca54,30,1227,1227,0,6.034544019592463,13.284544019592463,206.73333333333332,297.65,7.542243670901362,0.9559773363085828,30,30,30,30,30,1.0,1.0,1.0,1.0,1.0,raw_runs/test/benign_bursty/level_200/pair_16.jsonl.gz,fc94811dc100ca056cb16e452767930c25f9cf396da57523756d3a2609702754
test,bursty,benign_bursty,benign,200,17,16082895555938700704,1591820421127213634,1143975364970071612,e43be7fbef5e59211edda442afc7a23f38e0eccc887d9876a39940182a6005cc,0c47387f75b70729531a7c8c974be254e827d0c38b2af1bd68499b0a363ee1cc,30,1350,1350,0,6.192388495175628,13.442388495175628,188.26666666666668,278.0,7.409441600708501,0.9616029302285128,30,30,30,30,30,1.0,1.0,1.0,1.0,1.0,raw_runs/test/benign_bursty/level_200/pair_17.jsonl.gz,74823116858bf7d6bd30a6a303cf99aa5d2a774e9e412ac5b055993f9ca5ea9f
test,bursty,benign_bursty,benign,200,18,11074568029261538688,11718188790058518948,13796676480112252882,ea6ed12fdeddd3c7aa99c18146340e29890524c9005271c5a5a5fe571e110bf2,5eca3a4842032cc666ebb8b86fec2cee103c79cc582bce555f29e85f9f0bd112,30,1375,1375,0,6.240930009018878,13.490930009018879,194.2,280.4,7.454211550533348,0.952835942533265,30,30,30,30,30,1.0,1.0,1.0,1.0,1.0,raw_runs/test/benign_bursty/level_200/pair_18.jsonl.gz,529a6495dfbb909ad560abee9bb904dcbc6d325e8426b4dea4d6d08d27974afc
test,bursty,benign_bursty,benign,200,19,16704663931438455338,13502363092250765548,1211897352610934835,24f7a0158565a4320c5234c09b5d5098b68f673e0868368f964fff7102687d6a,a326f9b1eeeea3dc4e310f1e540f06885c5682b74f156e35c286f90af84d6d80,30,1187,1187,0,6.051359015258408,13.301359015258408,182.93333333333334,254.64999999999998,7.385924745469379,0.9628786869716148,30,30,30,30,30,1.0,1.0,1.0,1.0,1.0,raw_runs/test/benign_bursty/level_200/pair_19.jsonl.gz,936bb8cc72f1e9ed827beabf7d9990914bd1abfcfea4049b33c85b0e9fcf3118
test,continuous,attack_dup_sweep_continuous,attack,24,0,5274255389240652009,15014387500873148184,5645677086191027669,6f81f12e9a9c4a1ee19b2d38c0515088ec3ae7bf13f2f2a38fe60f687635add8,2d8224a83272a09c8a52f476178b4cf7a6a8eae2d18d6a7f3d11b8dbc674812d,30,137,13,124,6.194597052502586,13.444597052502587,21.833333333333332,29.099999999999994,3.5252699324654015,0.566638959177255,30,0,14,1,0,1.0,0.0,0.4666666666666667,0.03333333333333333,0.0,raw_runs/test/attack_dup_sweep_continuous/level_24/pair_00.jsonl.gz,d7fe0c7db18494a5a17350c3afdb28eb2bb1c798dbd0742d9ff675654171436b
test,continuous,attack_dup_sweep_continuous,attack,24,1,6474713877111862370,18218316800924262946,17650421394383829727,07cd8bc8846c154d28f3b1ce52722c810051ca566e76bf452cbf57ce44a46311,8d9ee2f0a9e84ef2fdad90ef0296636ab2c874b49d6af6ca869a9e7d09fc2fbb,30,179,20,159,6.059661028066949,13.309661028066948,24.166666666666668,36.099999999999994,3.712400158647527,0.5848727176577666,30,0,16,8,0,1.0,0.0,0.5333333333333333,0.26666666666666666,0.0,raw_runs/test/attack_dup_sweep_continuous/level_24/pair_01.jsonl.gz,47971afb52eeec6c0ee8f2fdb138ee61434fb478eec6495dab47f2869d4a783f
test,continuous,attack_dup_sweep_continuous,attack,24,2,3553928651814727180,7774970940855440883,9373576720614856415,fa706994de5e0114fa246e4a29c8f9687109ac96f3cad56e38db24c422f761d7,0a52b09e10437059ccbbcf7e8bb4459110b1993ae3e15efd91eb4bf88282e4f7,30,155,12,143,6.143086554961546,13.393086554961545,21.233333333333334,28.549999999999997,3.4541048462544306,0.5438330289290285,30,0,11,0,0,1.0,0.0,0.36666666666666664,0.0,0.0,raw_runs/test/attack_dup_sweep_continuous/level_24/pair_02.jsonl.gz,dacb2684fadd940747f9f9452277fd0a743070d6aceb7233ed6e68f8a2509e0d
test,continuous,attack_dup_sweep_continuous,attack,24,3,8713878134198056602,17210684182313449382,15591023347411840388,13d176713d7d991eb5669c0afec9eab0cd8802fac0f7579bc2b91b398e3a543c,454b16e06dc6bc882c2b58bc20869babf2a80d6305c57706ba236e3fc5bd15e8,30,182,20,162,6.105011898489584,13.355011898489584,25.933333333333334,34.55,3.811515495554204,0.5747890606305237,30,0,18,8,0,1.0,0.0,0.6,0.26666666666666666,0.0,raw_runs/test/attack_dup_sweep_continuous/level_24/pair_03.jsonl.gz,080025f1bb5a69d8c3103d072480eb8a3fe42ffc645c4b72f03a35c3a14d4d31
test,continuous,attack_dup_sweep_continuous,attack,24,4,2321089306315690618,15715962716480013879,17277198148725848920,e986d2033c59bca7438af126079b8100e1ae198c57fa77982d5c27ab6bafbacc,9a50f2a04aa33d980b6a63df6dd03ad71acdb6e42209bb78c88904d3ea5db2ea,30,175,20,155,6.052494772064169,13.302494772064168,26.766666666666666,29.0,3.8993806954529964,0.5807422009386027,30,0,29,8,0,1.0,0.0,0.9666666666666667,0.26666666666666666,0.0,raw_runs/test/attack_dup_sweep_continuous/level_24/pair_04.jsonl.gz,c2b70d552ded3f38b21f231142f50adca02f9b85e5cbbe612f6bf71d7900f1bc
test,continuous,attack_dup_sweep_continuous,attack,24,5,8845182802892067711,15927061754876500610,8819014290589054690,32ebf3b11e805b8b395927f1b4130b66fd9e64cb9b09ab5a05e929e9aadecad6,3fe0dd1cdc68c66519fe267f10784234d38c338a4d3984613b159832fb15675c,30,181,15,166,6.190030431836424,13.440030431836423,29.4,35.55,4.01336912478386,0.572136985794661,30,0,30,15,0,1.0,0.0,1.0,0.5,0.0,raw_runs/test/attack_dup_sweep_continuous/level_24/pair_05.jsonl.gz,c8c95a7f0dfd9b10ad4f83c5d1e11dde687e5c06ae0a7ad529621ef01b7ed41f
test,continuous,attack_dup_sweep_continuous,attack,24,6,2949316312643293065,14082473857851196443,7955366030563572079,0dd7cb10bfcbdcdee44f876622717d8edec4f668ff6b5c29371536c7c92e7d0d,c56b609950fdb1e23c5e5b8c96f97382dc676c3f01aba6cc969f66f81c6afad1,30,159,15,144,6.067214993855386,13.317214993855387,24.566666666666666,29.549999999999997,3.7411270870549678,0.5677598238905246,30,0,18,2,0,1.0,0.0,0.6,0.06666666666666667,0.0,raw_runs/test/attack_dup_sweep_continuous/level_24/pair_06.jsonl.gz,f9f3dd787f1d2533b71f82ab367e5d3f001bc16e3a852b194b03512a4ee0119a
test,continuous,attack_dup_sweep_continuous,attack,24,7,5685123771069856718,16031353033753044848,9662169031680219252,4c2437351bf808c5e626ca65058a881015c4fdcaef4d7e163e475fa0f2dd2de5,13cd0ee2b83f7ffc70b8635d7821bd75666e930bc7dc4f56f56df2589740326d,30,154,14,140,6.026945624084125,13.276945624084124,21.833333333333332,28.0,3.59920248888419,0.5885472491045246,30,0,12,2,0,1.0,0.0,0.4,0.06666666666666667,0.0,raw_runs/test/attack_dup_sweep_continuous/level_24/pair_07.jsonl.gz,2632024a697cbf6900089748d52f9e1c288e840f275decb40c02f8cfdea66f8a
test,continuous,attack_dup_sweep_continuous,attack,24,8,892302016456819625,10650220714046566619,16421571183339267783,2e21a6f38338bdd78881120df198f48e798bd6b6171ddfa532dbabc74b2efaf2,f77f5c408509b099112d5e475ae6cf72b1312408f7011047f11fe0fff48bf8ce,30,153,12,141,6.098842190851139,13.348842190851139,21.033333333333335,30.099999999999994,3.4765151990534044,0.5528016070268194,30,0,5,2,0,1.0,0.0,0.16666666666666666,0.06666666666666667,0.0,raw_runs/test/attack_dup_sweep_continuous/level_24/pair_08.jsonl.gz,514bef8de3aad90d537c0586a3f7be5fc097b73176469bc0df847c0a943bdec2
test,continuous,attack_dup_sweep_continuous,attack,24,9,4379469355687760136,5132125539809160820,12299145188522128114,80f0254e1ad3ef1a1412f1d875889523d4f4626b6dee1c0965012a0d3d2466a6,369f3fba2c6ad4cdfabbd84bc088d7506e4ac66d325acb2439196bcee16725ab,30,163,19,144,6.151960273949927,13.401960273949927,25.3,34.0,3.8165956332568363,0.5942695012403811,30,0,16,8,1,1.0,0.0,0.5333333333333333,0.26666666666666666,0.03333333333333333,raw_runs/test/attack_dup_sweep_continuous/level_24/pair_09.jsonl.gz,8da8266918d23b50717ffea828ba80b65c20e927a1ab7aaacf58f85080fc2fae
test,continuous,attack_dup_sweep_continuous,attack,24,10,3305485504433524465,11594913408255821544,6325415083461060680,d7389d6bde0428720a7df8fca9cfb925283bb7af1cd0d4d941d3a139cfd12a4b,86545c9b76275a827b4816fa078f11deb1ea8b46a3c93eb05f74dedacc02cbb3,30,167,13,154,6.094142064944289,13.34414206494429,24.7,33.0,3.7171691410483434,0.5563962100879913,30,0,14,6,0,1.0,0.0,0.4666666666666667,0.2,0.0,raw_runs/test/attack_dup_sweep_continuous/level_24/pair_10.jsonl.gz,ae9ae181474e62c121d2c7522c496fc6e29b1a5218198b249c04b65e94a13dd6
test,continuous,attack_dup_sweep_continuous,attack,24,11,12970963081985540857,11161326003885433934,9797594999959606582,c81577edf5112805308f4c3e5d2ca182f3137b8242eb3e54bbab7caef9f203e4,8da62bb15c21725b2d2adcb618bfa2fccfc93899e52960356f175f36a0057c77,30,164,12,152,6.2481035051071645,13.498103505107164,24.033333333333335,32.55,3.7071991566423383,0.5704967519070827,30,0,10,6,0,1.0,0.0,0.3333333333333333,0.2,0.0,raw_runs/test/attack_dup_sweep_continuous/level_24/pair_11.jsonl.gz,bd3d7af0d28d85131f6b920f23d8c4158cc64e433d98c201ea818f6234879918
test,continuous,attack_dup_sweep_continuous,attack,24,12,17354426133336639490,17814275030682764157,4373713492872076309,0786aadf43f3eae5ecb77cdef8b49a33aa565da19925c12535c97b81bbfcde98,e6a05632637c29807779370f443c314411eaa2429185361265572f3452807c12,30,159,14,145,6.157628592017516,13.407628592017517,24.266666666666666,30.64999999999999,3.754902687193602,0.5862595952217654,30,0,16,2,0,1.0,0.0,0.5333333333333333,0.06666666666666667,0.0,raw_runs/test/attack_dup_sweep_continuous/level_24/pair_12.jsonl.gz,1e5d40c6bd26ea515c959135439f0577d093f6428629633a619873a3d7be2e09
test,continuous,attack_dup_sweep_continuous,attack,24,13,929499694554295103,2470362723243134418,12629518726095437153,90e219ac3d23ec3451941ecd54ea8badb1ef76e62517e1d843c367dd7b561435,e945a1a57c130916fd7f3d45ca2cac6e9386c52ba4f60a28ba20824c5037209e,30,149,19,130,6.175042208022655,13.425042208022655,19.8,23.0,3.4537001901613724,0.5785945294952227,30,0,0,0,0,1.0,0.0,0.0,0.0,0.0,raw_runs/test/attack_dup_sweep_continuous/level_24/pair_13.jsonl.gz,b10ca610575ffd69e6578717bd675ff0a9b7163e9513ed6da822911b70a3bc47
test,continuous,attack_dup_sweep_continuous,attack,24,14,14517353942880207824,15352747597855916772,11413623508739324177,aeb9655beeed29a4cce42bfbd9823ff75f811675ed48a9d35fda52265ba88866,4cc887ea308e2d554f5112d1adac145100c24c12470793d72f883de8b0fe5ae3,30,161,19,142,6.020722316785494,13.270722316785495,24.3,33.55,3.740374515445912,0.5930833849531084,30,0,16,7,1,1.0,0.0,0.5333333333333333,0.23333333333333334,0.03333333333333333,raw_runs/test/attack_dup_sweep_continuous/level_24/pair_14.jsonl.gz,25a115e0b2cd42c1994f6961ddd491e350ce6a72259624589b2a0437be165d85
test,continuous,attack_dup_sweep_continuous,attack,24,15,14906247675353202697,14515981090157133639,18407832684480201423,1756fbd0353eb6b524447df713cfe66c75917157dd72e58ae1435bb96163b116,5192e350e12a8d53f980f066f9b7c3623112891f46b680d31fac6d202edc2e43,30,173,12,161,6.112445780669572,13.362445780669571,25.666666666666668,32.0,3.749224213468103,0.5462524004953736,30,0,20,4,0,1.0,0.0,0.6666666666666666,0.13333333333333333,0.0,raw_runs/test/attack_dup_sweep_continuous/level_24/pair_15.jsonl.gz,f16416bc683915b4f41e68300d1fc7396c7691de065a2c9b63e2dda228a2195f
test,continuous,attack_dup_sweep_continuous,attack,24,16,5023607860423777729,387888889863381425,12972517371985517872,b655151b0aebd4a9e6a104ee0d254e573ed33f23fb7c3eac226baa9ab859bb9a,5ef95599cf075047d31f537f019e26be1b014945d7f8b6c36cb63601a74ad9b8,30,161,14,147,6.10869197497945,13.35869197497945,24.0,30.549999999999997,3.709770790000976,0.5707065953341459,30,0,14,3,0,1.0,0.0,0.4666666666666667,0.1,0.0,raw_runs/test/attack_dup_sweep_continuous/level_24/pair_16.jsonl.gz,8f3854e8d7cd5465942b4b9bb915f6d6b9f9f3e503493a5f0d8fcbf500ae034e
test,continuous,attack_dup_sweep_continuous,attack,24,17,1490974601967308036,15362337821839643668,744577174522812330,43fa2674a7accbf0aadad9387fcd561a5456d9515cc99cd6a72ace9b4758fbb6,91d6d7f5148cae8c17e340ad6df088ba71c6a6c2383a7426e19e9eba6f5d5f0d,30,162,13,149,6.063946883748506,13.313946883748507,24.633333333333333,36.55,3.7086063924121992,0.5633925109659788,30,0,11,7,0,1.0,0.0,0.36666666666666664,0.23333333333333334,0.0,raw_runs/test/attack_dup_sweep_continuous/level_24/pair_17.jsonl.gz,5ec451005b86f999a17b3ce766fb4455bffc72955003a950b6986ec99712d3cc
test,continuous,attack_dup_sweep_continuous,attack,24,18,7362073525556726832,7306066794261590589,9517889485836179853,e986de1a67b1a1ac908ce0f24be3fa8674d67f359a3564c6597c412402c076b6,7e68eb503b4dff6cd811254b2fb080dbefbb7838feed2416bc93cfeab8413f64,30,158,12,146,6.1444835717236606,13.394483571723661,24.7,32.55,3.718957208495257,0.5606942168077925,30,0,16,4,0,1.0,0.0,0.5333333333333333,0.13333333333333333,0.0,raw_runs/test/attack_dup_sweep_continuous/level_24/pair_18.jsonl.gz,19f06b106e9a70d12a2e7983ff556bcc2400e1896e26ab7d613fdc82540b411e
test,continuous,attack_dup_sweep_continuous,attack,24,19,16878414205353344989,13670941286917474902,4567598923089391505,80280399c851e0529bfa2a42e2955f00d60d29edcc2193cbdc586fcff7d696ff,2a4fe4ef421bc8259f9147816a35f8b2044320c4e10fbc851260fbf5b4566925,30,157,20,137,6.103084516976933,13.353084516976933,24.533333333333335,29.0,3.7848498838921927,0.5884401453355202,30,0,17,3,0,1.0,0.0,0.5666666666666667,0.1,0.0,raw_runs/test/attack_dup_sweep_continuous/level_24/pair_19.jsonl.gz,a6b4291bb4c9404a6f3c67109dbd993f9f46d2de57b40112532443b98e52b9ab
test,continuous,attack_dup_sweep_continuous,attack,60,0,12055753219752071432,9214243546908858119,4690858133570831052,88032621414c061b90ed2dfe8afdf88cfd3ea0190ae316c863abd51b90bbbfc1,f58aa3eed0dfa6751d3514147afeb2006b57d0e5e51278934562ff44a049fceb,30,383,39,344,6.212800944695471,13.46280094469547,56.766666666666666,67.0,4.924131614007148,0.5540822307667544,30,0,30,30,0,1.0,0.0,1.0,1.0,0.0,raw_runs/test/attack_dup_sweep_continuous/level_60/pair_00.jsonl.gz,40ddd0e9739502c12be845e1a83577bc2ff42432f5d33e4d5b9fa9154998c709
test,continuous,attack_dup_sweep_continuous,attack,60,1,8839336648511840479,10673283752536822424,14496675981899365284,b2a805ae170f5859ec3ef999f80fd39ecc7bd0b50a500e9d1104e9e2a8e01bd4,3bc32f6bce3264587ffff954fe2ce875179d83b9a916ec44516313a55157eb1e,30,398,40,358,6.188019813001288,13.438019813001288,63.166666666666664,75.0,5.076516016915273,0.5573726912217211,30,0,30,30,0,1.0,0.0,1.0,1.0,0.0,raw_runs/test/attack_dup_sweep_continuous/level_60/pair_01.jsonl.gz,8064d9052646443aaa3464c0f55f97b0d31d4273f2bf6bd286202cf3dfb50474
test,continuous,attack_dup_sweep_continuous,attack,60,2,319664382691450108,8425599047184436904,13985582172282250993,12dd30e3fcbd3a49b83a4bd48a1e01aa8188b3e00cbc9024cf84103a43793c56,398c744dbbbcaf40fea2b22b1663c7205d845cc6db4794ef72725ae99b135a0d,30,431,42,389,6.060261835122168,13.31026183512217,63.733333333333334,71.55,5.079613004702386,0.5488643541693842,30,0,30,30,0,1.0,0.0,1.0,1.0,0.0,raw_runs/test/attack_dup_sweep_continuous/level_60/pair_02.jsonl.gz,3fa904f10b6992d8cb1bf24271858331b084ba6fde581240f9ef4efc8046305e
test,continuous,attack_dup_sweep_continuous,attack,60,3,13836154008408628279,5160735939387224534,16690329897828099588,5f929477ce19cce3d0215f36269984c31caa7516bb44bb18ea8410bb0f6d806c,fd58bd20837beeecca9286da0345f748daf935312970db1e5ce2bea842707114,30,403,44,359,6.130406516898415,13.380406516898415,56.5,71.0,4.927252872237599,0.5654276577042372,30,0,30,30,0,1.0,0.0,1.0,1.0,0.0,raw_runs/test/attack_dup_sweep_continuous/level_60/pair_03.jsonl.gz,22749d7a2af9f62f6cd39f403b03da82795445f99161795c97c9126fdd57b3b0
test,continuous,attack_dup_sweep_continuous,attack,60,4,11935645281803378086,10850879342782276294,14624513793841115848,be6d4624066ffe5c37f95fc30608ceb54fbfc1d1aad7785c4f0b024604272a0e,dc0001995b85085c06641b4a6ddecb3d9984299d6d36760a33b9766fae4fc551,30,421,48,373,6.051324569724875,13.301324569724876,64.5,72.0,5.128843701651482,0.562619713726463,30,0,30,30,0,1.0,0.0,1.0,1.0,0.0,raw_runs/test/attack_dup_sweep_continuous/level_60/pair_04.jsonl.gz,59734ecb426ef9f2b50c5438cf84f923c4c2a65f405fe74bec577d051c74db98
test,continuous,attack_dup_sweep_continuous,attack,60,5,1757260870866604938,4146312056965225847,17400779068068064191,3eb19880aabec4b051c5466b0a77a9fb218f39d341167c80cf96f1f50b75ff1f,08db8b10817485c0aea429324eae393f3530e74716ffa333744ec5a18d67d4dc,30,388,37,351,6.007344082435379,13.25734408243538,57.166666666666664,70.0,4.939517780668272,0.5579895226538677,30,0,30,30,0,1.0,0.0,1.0,1.0,0.0,raw_runs/test/attack_dup_sweep_continuous/level_60/pair_05.jsonl.gz,da7f2c803f4907df63ed1b7a392dff3d49a27706355ef0a591ca94b19d28fa07
test,continuous,attack_dup_sweep_continuous,attack,60,6,3344941150479110178,5290337178899518715,11485602798832805935,61972c9b1222d5a82dbfbc25286e5fd877d7ddc720e3e97a7953bb8cd747cea2,f24b57181e7498761fb2703c13d7fc164b5bbe09dff94921c4117d56d7b02040,30,387,40,347,6.239736420820231,13.48973642082023,57.13333333333333,68.39999999999998,4.955553809070281,0.5631565166977178,30,0,30,30,0,1.0,0.0,1.0,1.0,0.0,raw_runs/test/attack_dup_sweep_continuous/level_60/pair_06.jsonl.gz,927a76836ced0735ded2a3a2925ec229ed365484f0f9b3c71a46ed95ff8417f9
test,continuous,attack_dup_sweep_continuous,attack,60,7,6419627319096885175,3009885920888390511,4998921889414776447,da53ed38c5837c509ede47a6776251c280d7c84370d725bf692ec88d0098f76c,aed8344d3417a6385f11585460c83f2f9d99ecda7fcd7fba66ee45e74aecddf4,30,428,42,386,6.165685079855766,13.415685079855766,62.266666666666666,75.1,5.085118212381366,0.5674326439615024,30,0,30,30,0,1.0,0.0,1.0,1.0,0.0,raw_runs/test/attack_dup_sweep_continuous/level_60/pair_07.jsonl.gz,f1b3446d6d0747c89dd8a3d3855bf65bbe5851bbc5e5c5810d0102a54a95f977
test,continuous,attack_dup_sweep_continuous,attack,60,8,4542692740964769341,14469435378480644158,9251192341760977238,68802ecbba3b7e2e5cf56b26fb513bcb25fa8332792c47b74accdd80589cc913,c3a40aad11e502546946dd1d2c810b3d37e81556f019662ad7f77def240d87ef,30,403,42,361,6.116328526618515,13.366328526618515,59.6,69.0,5.000235502983125,0.5584790266449811,30,0,30,30,0,1.0,0.0,1.0,1.0,0.0,raw_runs/test/attack_dup_sweep_continuous/level_60/pair_08.jsonl.gz,533071da2ec8fa4bb5705d72025eae46f51da23516aad29cccd89e82fbb32694
test,continuous,attack_dup_sweep_continuous,attack,60,9,17474522367531266523,2202058633778674764,1361677198099573198,c44520717d59bcc088c32579f327df82eaedb466d6cc8ac89755cdf2dc28aaf5,734210a0ac85a7c2682b120a22e70e4d3e08321a259c666175351d2bfd903a9e,30,420,45,375,6.080731402774736,13.330731402774736,65.13333333333334,70.55,5.1442952787282055,0.5610046545847869,30,0,30,30,0,1.0,0.0,1.0,1.0,0.0,raw_runs/test/attack_dup_sweep_continuous/level_60/pair_09.jsonl.gz,dd09bec5d13d59c054f2c76d14a6999a0185e094b66beff16fb03f6b59c1e9b9
test,continuous,attack_dup_sweep_continuous,attack,60,10,4442364550062877907,2324713340149489347,1341264857676962496,945f94e2dc48afa4b31fa4c3301809045c643f8d18744757293a62f5833ef859,8bc3b1293a1deda5cb48f31c4357f5b7dfcbbbfeb9c7ff997129e9c1ea815051,30,396,35,361,6.096920760424488,13.346920760424489,58.63333333333333,65.55,4.984730619466934,0.5588266392789604,30,0,30,30,0,1.0,0.0,1.0,1.0,0.0,raw_runs/test/attack_dup_sweep_continuous/level_60/pair_10.jsonl.gz,be29a5e83e452d05caf9014cd288cd567f6d01a3391666388eed7a0e5a24da3f
test,continuous,attack_dup_sweep_continuous,attack,60,11,17081000117766575483,11316276093277514577,335268125916617073,1744ac4b1e1841c3489f60977bb403443b7e2231db0f0e33cc4fa710b90d321a,2d24d1f3fec4836b3a03d86e2fb791bcb3c70595926cd84af9db3b366cb994bf,30,381,30,351,6.142932046613686,13.392932046613687,56.333333333333336,67.55,4.902340467052407,0.5504253253027743,30,0,30,30,0,1.0,0.0,1.0,1.0,0.0,raw_runs/test/attack_dup_sweep_continuous/level_60/pair_11.jsonl.gz,06ab0c795760b4d35d5a91cfc1871983473c62f59d7511e72d45bc5ede814cc1
test,continuous,attack_dup_sweep_continuous,attack,60,12,8832631734345316595,10851382885812462550,14447225525159799815,049b6df933168736b2efc329996db17d859187f24c64c7e9c447adcfd6423652,468d6660990306da1c89bc105eaaea195640d22ac7d18d48ff33ad4ff3a7e24b,30,399,34,365,6.245351842467986,13.495351842467986,59.36666666666667,66.55,4.97130298382947,0.5446115863862203,30,0,30,30,0,1.0,0.0,1.0,1.0,0.0,raw_runs/test/attack_dup_sweep_continuous/level_60/pair_12.jsonl.gz,e778095c13e8806942e3f7dab5166f93c1d957e8939d99a4c40540dda88152be
test,continuous,attack_dup_sweep_continuous,attack,60,13,10028181195738753679,17377064598925272357,12156509380127286553,62f15bca750127fd467846c19c32059dd3356f0a82b9f7aadeed1de47d96ec74,b6a292fe7c0e02ce307591b8f3aaa42d1940b490a522c07c433b1c55bb12a748,30,367,27,340,6.089269975797674,13.339269975797674,54.766666666666666,61.55,4.862512867695179,0.545925836019044,30,0,30,30,0,1.0,0.0,1.0,1.0,0.0,raw_runs/test/attack_dup_sweep_continuous/level_60/pair_13.jsonl.gz,d38badcd4d8c986290d977d4518e89e5527953b494b7db84319764965591e335
test,continuous,attack_dup_sweep_continuous,attack,60,14,4821605639821782447,4223715041169017503,1349317837326447328,9af70b526f5f1cb5fd154d9e6724060bbcd536158eaa1192352b72d266f8b010,030c920f1ce99050e262cd07669ec9a636e649ccdd6866c1102e02bfb3a3e56c,30,387,43,344,6.012468099156788,13.262468099156788,56.6,61.0,4.931281761691567,0.5577520439417053,30,0,30,30,0,1.0,0.0,1.0,1.0,0.0,raw_runs/test/attack_dup_sweep_continuous/level_60/pair_14.jsonl.gz,ec3673c5011955cb6d4fd7e4f348d39dc7a5e1458fb785933d644320de2de4da
test,continuous,attack_dup_sweep_continuous,attack,60,15,11853175302378749387,6720599183677307609,1413171623989541202,111216d74e3cbec985f70737fde8d0d7ed6748c0babfdc689a0b728f848ce175,0a22a8f3f444a598dae9d73f47da9519c06e7844a5415af4ed542cce03af485d,30,417,40,377,6.1105681327278685,13.360568132727868,64.4,71.0,5.112260818120969,0.5540739295553615,30,0,30,30,0,1.0,0.0,1.0,1.0,0.0,raw_runs/test/attack_dup_sweep_continuous/level_60/pair_15.jsonl.gz,995a67322099609829cea799c1dc6718b3328382403bdf8769da001a0dc7abae
test,continuous,attack_dup_sweep_continuous,attack,60,16,12616534501666573552,12627197480071288338,1553386908214014413,3c3d32f5ab2ea5f00c2b5b99abc53f264cd0cd5cfc4b62e0ef7cddd718ee0920,f823a814ff99bc42eeb299477b274bf0eed24bcc90b91dd8eec711fa4453aa3e,30,386,47,339,6.0602187070685005,13.3102187070685,61.13333333333333,67.0,5.056853991888162,0.5646484390512064,30,0,30,30,0,1.0,0.0,1.0,1.0,0.0,raw_runs/test/attack_dup_sweep_continuous/level_60/pair_16.jsonl.gz,bba5be8b808643edd00ed6207f855d32e57112cde0f383e1cf2f647e78b548b8
test,continuous,attack_dup_sweep_continuous,attack,60,17,11801157881835141813,9336715141020142115,17020855612573703796,052fb59ce18e66c6d045b8e7021c3dbbd4751d0ab05d5f21aa514949717242c3,2ff182c80726ddc6d90667fb697efb235009a499dfbf8f2f20f3fb6dd74a2f3a,30,401,36,365,6.081127742005406,13.331127742005407,60.766666666666666,71.55,5.0159479984443855,0.551185061500922,30,0,30,30,0,1.0,0.0,1.0,1.0,0.0,raw_runs/test/attack_dup_sweep_continuous/level_60/pair_17.jsonl.gz,7c34d2cd4f8823e7d8a009c8d3051d2a60de2a9bece6f5ca5f849c985db40d49
test,continuous,attack_dup_sweep_continuous,attack,60,18,860134680128116760,3080095973261707755,7844788596307189730,8daeeb367d90bd1c0bc21dce511ede3cf0a42f9d547cc5e022485d13ef229f3e,40032425c7ba25ea892942b90b05d46435a7aa94cac3ebb2ba71343e2684f9a7,30,406,45,361,6.109167597864794,13.359167597864793,60.96666666666667,75.64999999999999,5.028041707027325,0.5645246656258982,30,0,30,30,0,1.0,0.0,1.0,1.0,0.0,raw_runs/test/attack_dup_sweep_continuous/level_60/pair_18.jsonl.gz,29b83712a2008f7cc941364aabd06413ce2a8927c86c7cf1f2db8bbb43084c39
test,continuous,attack_dup_sweep_continuous,attack,60,19,2765256529201453566,10660716801522912321,5765572666126375723,e9a72d10808667b2c861232b4e1b8ceeef38d728ca796c7b4dd8c9d674b52eec,c186765f7eaa682518f695b9c463060ed61ff173bae780870095e6d57106c13f,30,391,33,358,6.141375162979009,13.39137516297901,61.43333333333333,73.1,5.015802619943965,0.5454066754046658,30,0,30,30,0,1.0,0.0,1.0,1.0,0.0,raw_runs/test/attack_dup_sweep_continuous/level_60/pair_19.jsonl.gz,603750d1c70b026832624f3b38e69f1f15aba82f142acfad87389e61aa0308d6
test,continuous,attack_dup_sweep_continuous,attack,120,0,8377203359892070172,3454123631777269297,8620553171588613818,31225309c68c4576da0c35d6fa41c2e3bc8b7eb558190f5c9f708ec14a3841f6,5f3eecb479944bb289f2bb08c39832462ab861dfd296d8760f7d1aeb8e402ef7,30,825,88,737,6.2026519864455345,13.452651986445535,122.93333333333334,130.55,6.041577607866775,0.5511491166727829,30,0,30,30,0,1.0,0.0,1.0,1.0,0.0,raw_runs/test/attack_dup_sweep_continuous/level_120/pair_00.jsonl.gz,680c80f3b29c9ed799f4fdabc6f92c3c29533d2477f6ca6dbb6e167f2abb56c4
test,continuous,attack_dup_sweep_continuous,attack,120,1,16977730830662377644,16574041771284837851,5502078544491930988,cf5bd453227cdd4275f5392e125d9fbb0ae4cc680484e7dcfb31d5998c545b0d,04a70eeee4102665aa1c57993e75dc2f4b59aead44cf3f8b95568a794bc91b41,30,770,83,687,6.0434501274697565,13.293450127469757,109.43333333333334,134.55,5.864876980396982,0.5511067283314366,30,0,30,30,0,1.0,0.0,1.0,1.0,0.0,raw_runs/test/attack_dup_sweep_continuous/level_120/pair_01.jsonl.gz,a46d5111f92aabf18c438fe3ab0c5d4e37534aa23a6f95c6acb7c49b34f5b30c
test,continuous,attack_dup_sweep_continuous,attack,120,2,17474291979858848990,949583169032656942,8389687032749184769,a10708ca2b044e72896075bda544c502b5ec21b62c8cd561f00d3b813f69e36d,294643686019ea571e7737f395f8e20c1dcb89b78629403a9522644e8628bf6b,30,795,91,704,6.052861110369404,13.302861110369404,115.6,136.75,5.949735540221981,0.5568674163405113,30,0,30,30,0,1.0,0.0,1.0,1.0,0.0,raw_runs/test/attack_dup_sweep_continuous/level_120/pair_02.jsonl.gz,9fa9ae3eee37db013021c51d6d92a78853c842e1de210a22b36dc1807a94580b
test,continuous,attack_dup_sweep_continuous,attack,120,3,10328863206529592231,11774122508544598813,17310476339576550052,2549b6f7ec99c6ca4aab54e508bfcee95e92ca468865e224d24423715ae6cd6a,9d5e671d7edb62638214baf078060319461bc1b89be255ab87b72213a7715a61,30,818,72,746,6.017009449812901,13.267009449812901,124.53333333333333,143.0,6.042849513382761,0.5460532384152553,30,0,30,30,0,1.0,0.0,1.0,1.0,0.0,raw_runs/test/attack_dup_sweep_continuous/level_120/pair_03.jsonl.gz,95d75acbce9d4325d732d9af617ad8ed8351224624c3256e84e87fe473647ab3
test,continuous,attack_dup_sweep_continuous,attack,120,4,15059701741148047822,12981834254827585149,9266772996405276752,7c6e5e5c432311f7f14d6f7d688129d9b3af5cce3c178552a0568af6e53e76ab,50dda0c74d30ca3c387f48aab061e2af25970e774f557a215cbf9142f9727b2d,30,759,100,659,6.007936049188819,13.25793604918882,114.16666666666667,122.1,5.947962035888688,0.5591711875738754,30,0,30,30,0,1.0,0.0,1.0,1.0,0.0,raw_runs/test/attack_dup_sweep_continuous/level_120/pair_04.jsonl.gz,8b20afd346f9d45ec21edee4e9c16cff28b349a839f152faece31faf6e368a25
test,continuous,attack_dup_sweep_continuous,attack,120,5,7723432460910292314,14143399362503015316,345527397915730897,2f905efa54e68804429804df113071a5170959b34105271721dcd3c295c74393,3412d131c52880948fb0891e02d44a8d6f8d6f83f14aecb559555f527e28b457,30,813,73,740,6.02197612093489,13.271976120934891,123.46666666666667,136.0,6.028525559990944,0.5436794836574523,30,0,30,30,0,1.0,0.0,1.0,1.0,0.0,raw_runs/test/attack_dup_sweep_continuous/level_120/pair_05.jsonl.gz,d67c1ee979a954853c64835b198b3cf014f3d34f55b6e4e5bea418c434d6eaf2
test,continuous,attack_dup_sweep_continuous,attack,120,6,16312610755683342315,4132740184489374292,7634939660422626312,bc3cd001ec581eaba223297f2e6068dcffce6ead538a181f97340902e96e5560,89ff526dcf0a5fe75e663775a6b76daa77c684e70f72d7bb40a889170b60c9f9,30,773,78,695,6.088068532309071,13.338068532309071,117.46666666666667,132.1,5.971326759661666,0.5512791484664251,30,0,30,30,0,1.0,0.0,1.0,1.0,0.0,raw_runs/test/attack_dup_sweep_continuous/level_120/pair_06.jsonl.gz,2d94e6e213cfd2e204be0ad96eb873e5f0476e9fb899516ff72a2ad40c23f97d
test,continuous,attack_dup_sweep_continuous,attack,120,7,6150188156210431558,14449820104385269486,182316508639290076,54528ffdcee44d0d962cf49a97074524db9fcccd54c3bd432b8538deeea994c2,2caaf6e4d46b62b3a5eef8bf2dbf5ec31a69400eb44777345d9c367659c87033,30,783,87,696,6.182594973848276,13.432594973848275,110.93333333333334,121.64999999999999,5.904421509207158,0.5568917185064668,30,0,30,30,0,1.0,0.0,1.0,1.0,0.0,raw_runs/test/attack_dup_sweep_continuous/level_120/pair_07.jsonl.gz,2b8ebcb9abd4949aec858f8379cfd24402e357368d0d7b98d7990ce7f4384e3c
test,continuous,attack_dup_sweep_continuous,attack,120,8,14255591453641436147,1533279152722602806,18211184829534525124,b2b18ad660ecdccf2155266a782173d83886dee049a2f8b936f73e5fd1dd5f6c,23c56ac0dc1368d47e009fc6ed04446a4d5ed7631c8230ea42b040e0c209eeb8,30,787,65,722,6.024949200125141,13.27494920012514,115.63333333333334,143.55,5.928349751615811,0.5418970154703188,30,0,30,30,0,1.0,0.0,1.0,1.0,0.0,raw_runs/test/attack_dup_sweep_continuous/level_120/pair_08.jsonl.gz,381907221ae8ae7c1732306d43f9c80b3c4f8fc6db60579ccef245567fff282f
test,continuous,attack_dup_sweep_continuous,attack,120,9,4410485485139951129,175659314155868336,2575514557191949973,f3719efb0179a7e339dfabde9ef25a977f347b3a7d929a0709b8fa8753371b8c,a44a225c2a3721231b62f2a3ebcb69a8805a0307ead5a06679fcccf971edfd5f,30,796,84,712,6.1914544056990835,13.441454405699083,114.4,124.55,5.941310033668144,0.553487856741522,30,0,30,30,0,1.0,0.0,1.0,1.0,0.0,raw_runs/test/attack_dup_sweep_continuous/level_120/pair_09.jsonl.gz,d2d3c048413af865ff3083960af6e7026f42846aecc93c839e87b163a115b130
test,continuous,attack_dup_sweep_continuous,attack,120,10,743702014842193359,14638614775406783373,18094785903455309134,9acdafc4d583b9f58dbad9c315c5924fec836b86ce743e75212005f22cc78a7f,9d06bb698bb61e5af42990f8927c21eb970a145672f62b3ece7fdcf19bc0906a,30,789,79,710,6.054098441834665,13.304098441834665,122.3,132.64999999999998,6.034459224030911,0.552465340889894,30,0,30,30,0,1.0,0.0,1.0,1.0,0.0,raw_runs/test/attack_dup_sweep_continuous/level_120/pair_10.jsonl.gz,8907234b4dee49feaa922bbde1b30d7310ffcffad438c261da887e59d966b51d
test,continuous,attack_dup_sweep_continuous,attack,120,11,6937732872999664108,11747685142109483282,1746172462298898677,331d24692ec9bf7aa69bfe04974cad0625020fa84d6424de183fd18ca91f7201,cb7f408774a56f3b2709f7e5c6c5fe33d65d58cda32c807dc7f089909e2b4035,30,811,87,724,6.080600204929572,13.330600204929572,119.33333333333333,131.1,5.986056555055089,0.5462235337054694,30,0,30,30,0,1.0,0.0,1.0,1.0,0.0,raw_runs/test/attack_dup_sweep_continuous/level_120/pair_11.jsonl.gz,4a7760354a93229178a9334f25c2a5e4df3090eeb7798b542a954e6828ed4884
test,continuous,attack_dup_sweep_continuous,attack,120,12,318235669795214381,7455951692569321731,6775632895226609510,9f507620b34d314f88a5b27488b900d13e15126406f1a4fc524ba83eccfee815,de88ff62d989e134fab86cd690d077426ef80aa1c9695457499f133ca4513dbc,30,807,71,736,6.123950836984667,13.373950836984667,116.36666666666666,123.1,5.942967812374962,0.5417543750486128,30,0,30,30,0,1.0,0.0,1.0,1.0,0.0,raw_runs/test/attack_dup_sweep_continuous/level_120/pair_12.jsonl.gz,19db753ac7eede2f8f044ec93fde3f889b0ee1c6f3ed42674b4eee9ead99e8e4
test,continuous,attack_dup_sweep_continuous,attack,120,13,5963114150740161007,12572808009116746492,2450279927978154277,90e71693ad9654f0dbbeefc43ea36d539f4a8fc8f457b06bd5b8913efaa23588,716373001684723bbb77fe17dbbe9b6ba36037da49e74348ff090ed61b107d2c,30,815,96,719,6.059467103547272,13.309467103547272,116.73333333333333,133.75,5.96875354095522,0.5551926906913103,30,0,30,30,0,1.0,0.0,1.0,1.0,0.0,raw_runs/test/attack_dup_sweep_continuous/level_120/pair_13.jsonl.gz,2aa73999ccd97a19193f9c2851e4590eefb65efbffc6178e7dd75a8744e44dd3
test,continuous,attack_dup_sweep_continuous,attack,120,14,5921354361794523497,5972561165925497729,8933204840906850027,29a82b03cf057f41549c04377894119ff57478d6d0cee9c4ae27bdbb38c3c7cb,b963a89f270e0af9ada5d15fcbcebaaafefd17da1a41fbc57c51f1f844dbd704,30,837,78,759,6.009162122583685,13.259162122583685,125.8,134.0,6.083158419277015,0.5564091754972702,30,0,30,30,0,1.0,0.0,1.0,1.0,0.0,raw_runs/test/attack_dup_sweep_continuous/level_120/pair_14.jsonl.gz,22ba9a3e13e09cd13d3474325261b16d0312bde5b878000a92c12f2dd397699d
test,continuous,attack_dup_sweep_continuous,attack,120,15,6840726219925807843,12649960720818103437,2774752176193334985,0f34e45c08e4f89a917bd4bd30a81cef64c82cde41b6a02e9fafba1c58228f22,af6f6c51c44da8e6a99742e8e08a90eb95731ccd451bba5665cb8fedcfa2e268,30,752,76,676,6.010475163655674,13.260475163655673,111.7,121.55,5.9132904425739525,0.5564612677432875,30,0,30,30,0,1.0,0.0,1.0,1.0,0.0,raw_runs/test/attack_dup_sweep_continuous/level_120/pair_15.jsonl.gz,a264e3c4a63f47bf1d1945395b6da7ad26608dc3c7b0e0b5046f08083269ecb6
test,continuous,attack_dup_sweep_continuous,attack,120,16,17059881575728195470,12962201300728633190,193317484029526708,42e6c29224c1092d014345097e6d11798ab12ea4aa8e2c4dd4daa2888d62a0a5,addd712f448b3b1972cbbd226589e08b0fc4175a2b9b92143491b19e7332689c,30,808,86,722,6.136196256751553,13.386196256751553,122.1,131.55,6.019653177560599,0.5469107411556868,30,0,30,30,0,1.0,0.0,1.0,1.0,0.0,raw_runs/test/attack_dup_sweep_continuous/level_120/pair_16.jsonl.gz,eee082283cb927b3cbc539961f0ee32e3e6e1d9b59294c4a04e24d487f16b043
test,continuous,attack_dup_sweep_continuous,attack,120,17,10475107289356059551,8651585788118722659,14067400217017572798,7c6109d309e93ded5c173c1df29088c0292cfdaa30ba219201869d9ff09eaeeb,518125c7a7d3275a56e84de22b18922901264f556f1e88a56df04ea100cc537c,30,815,84,731,6.216809479138272,13.466809479138272,121.86666666666666,130.0,6.031708450496201,0.5531512359356996,30,0,30,30,0,1.0,0.0,1.0,1.0,0.0,raw_runs/test/attack_dup_sweep_continuous/level_120/pair_17.jsonl.gz,687f4f76f1f4785108f5fa6086901d03a523077ecfebcd30cc28d51a016ab5b5
test,continuous,attack_dup_sweep_continuous,attack,120,18,3846968442796898447,10403517115914327744,9981239277211766970,625db13d18fe79d78cf034554556aa057add7a444e0a58d27eebec0ad8c8f5f5,2008d17fe9e61ba97611e417ae0305156898ef55114a2a3abceb4494d75a18b5,30,814,66,748,6.081801653201673,13.331801653201673,122.1,141.1,6.009720305265962,0.5430023394057037,30,0,30,30,0,1.0,0.0,1.0,1.0,0.0,raw_runs/test/attack_dup_sweep_continuous/level_120/pair_18.jsonl.gz,520946e26bc6be91cb70b6fd4cf00caf8d905181eb9d62eb596442486f30af15
test,continuous,attack_dup_sweep_continuous,attack,120,19,15827488436496725697,448282165503569617,6747357006802712298,48e7e2f72d213d84b4b58c33786bc1fa52f890f907247fa97a2e497651cfdb9f,1a610500dd0e3eee59c524dcf74cd763e923843a5fb66b62fbfd0326c8f20d3e,30,774,85,689,6.141337114743804,13.391337114743804,117.13333333333334,138.1,5.990707009582738,0.562655829445935,30,0,30,30,0,1.0,0.0,1.0,1.0,0.0,raw_runs/test/attack_dup_sweep_continuous/level_120/pair_19.jsonl.gz,8a1f336b9287367ed3db5c72d0a5c5df99ba74ec16bbb8a8398915e28b20229e
test,continuous,attack_dup_sweep_continuous,attack,200,0,3305879775677813233,10421308348587540143,15723043350642322882,65665a43023d0e3eba16ae1a97909fb479e5603571ded5866aa1cdebabad2142,a5b71793a7b12d970856455bac10f53d0eacdd955771064558c06ddab307a605,30,1345,152,1193,6.24795365588724,13.49795365588724,196.63333333333333,234.1,6.7159503944922285,0.5531328283137437,30,0,30,30,0,1.0,0.0,1.0,1.0,0.0,raw_runs/test/attack_dup_sweep_continuous/level_200/pair_00.jsonl.gz,34ae2e5d0a1494732cff5c55ce0c1460bc351ced7cb9c150e78107ef2069a928
test,continuous,attack_dup_sweep_continuous,attack,200,1,11965773264084442328,8727095041189310502,18441355466150894283,4d664fc33f847e6696a790b7f4bedd85419df8c853979e158ddbd18bf3c1eefb,dd866e650af2b3ebb309d620dd1c2f50b1823f38793268f95b75e69196db2def,30,1400,131,1269,6.170198780649708,13.420198780649708,210.63333333333333,234.0,6.801321586274613,0.544351371174154,30,0,30,30,0,1.0,0.0,1.0,1.0,0.0,raw_runs/test/attack_dup_sweep_continuous/level_200/pair_01.jsonl.gz,36644287d5e2b5b6e58b3620fb5000b0c640e3c3c37ac42d755511ac8be45207
test,continuous,attack_dup_sweep_continuous,attack,200,2,18325105054551786770,7064399210547045580,9839467972892022934,26d0732d77ff00138362886f6e2f495fa12f8644b88ee5e8f0c6010f236e9ea1,1d05b34a55279e34bb004704a88e335f2b455a94c5b345a15803b0dbdcec2a94,30,1351,120,1231,6.238696724756045,13.488696724756046,198.53333333333333,219.64999999999998,6.717658182739487,0.5443440881629201,30,0,30,30,0,1.0,0.0,1.0,1.0,0.0,raw_runs/test/attack_dup_sweep_continuous/level_200/pair_02.jsonl.gz,036d616d1048c25ed7f3d11f4fb65217852291b7b5463882ba94dea1280b21a6
test,continuous,attack_dup_sweep_continuous,attack,200,3,2706547891802339268,12565575302086033423,14876920592870976346,870c6fb75cf333886d00946e1e2462dc70a5ab76e9b26f231f4ae631d4b56731,dfb89a5d77c616fbb934d5d28542417139c9d132e183d7c77237885bca837828,30,1391,139,1252,6.1593309519028026,13.409330951902803,203.96666666666667,221.1,6.764974410711332,0.5495741265381127,30,0,30,30,0,1.0,0.0,1.0,1.0,0.0,raw_runs/test/attack_dup_sweep_continuous/level_200/pair_03.jsonl.gz,7aebb7610edcf89040259179ca8b327fb780fd221dc89e8f90e66d0b1f914de5
test,continuous,attack_dup_sweep_continuous,attack,200,4,5380016248454964302,3694083526017213416,8648999108049453957,df142b50a2f70197e0d680383736c7a5391f21649a543e75e8da17137faffbca,38c16713b4be57f671254dda079182a728fbbaa9b5af54ddbead4cfe8821ec75,30,1328,134,1194,6.212387741854516,13.462387741854517,202.23333333333332,216.2,6.741185990453898,0.5425008216799739,30,0,30,30,0,1.0,0.0,1.0,1.0,0.0,raw_runs/test/attack_dup_sweep_continuous/level_200/pair_04.jsonl.gz,1fdbef555d4a2db6c1098428bf72d0de279ba8a568f5421e821840b6005ffd46
test,continuous,attack_dup_sweep_continuous,attack,200,5,8188740890578337911,6615532565649476703,754546456996855049,d119d1ebe3fb8d48111bbe392edcfca7ff06c2b185aeca32d5d0284855ae8f81,17165c7002dd6a8cbeb9db781869057908850f236eb2eb0269f41015e6707c96,30,1328,131,1197,6.157481472613676,13.407481472613675,200.66666666666666,208.1,6.753294054677837,0.553432532597687,30,0,30,30,0,1.0,0.0,1.0,1.0,0.0,raw_runs/test/attack_dup_sweep_continuous/level_200/pair_05.jsonl.gz,854eeff3e10a6d9630136c2ba1d62aebbc10f4d4a80dd59b9f5261f4bb9a5bfe
test,continuous,attack_dup_sweep_continuous,attack,200,6,11156434581171536795,4136638949697257322,7291763269359109588,3d3565b09228a73412e2b4797984a9cf3144b291400bb4d3a962615e17861bcb,123968ee55e442d3117267ce4847af91d455daf94909994f5d2b8f3caca8cba6,30,1321,120,1201,6.026749851195157,13.276749851195156,198.06666666666666,215.75,6.721615274325015,0.5479111193384206,30,0,30,30,0,1.0,0.0,1.0,1.0,0.0,raw_runs/test/attack_dup_sweep_continuous/level_200/pair_06.jsonl.gz,9c1d073c54a7a231a8c4ee5e85ec08dba24fdfe1b00f7d60db1b35e5d4650e68
test,continuous,attack_dup_sweep_continuous,attack,200,7,14463190566117325287,17107551952184837091,2502688915285606660,4fafd57fb5f23f7c80f0a170b454c2cd98f64e2b4ef0ad7a63a0a0f6b5ab9699,4ccd9a68ceb9fc67042e04d598a9cad2e3f1b32d603c1cb2b19a586c44a339a1,30,1334,128,1206,6.123123255424631,13.37312325542463,196.73333333333332,223.55,6.7215713048555905,0.5542408907002397,30,0,30,30,0,1.0,0.0,1.0,1.0,0.0,raw_runs/test/attack_dup_sweep_continuous/level_200/pair_07.jsonl.gz,0f8c713d9b5ce3f3c7ce5bdf7de03f1cb6e9d3e3ead9ef0f5330fad5fc362882
test,continuous,attack_dup_sweep_continuous,attack,200,8,16195968407897823456,9995507322886959644,7187191213289777535,4cec955152eaf3eb4c276d412fb7e7cac048c985543986e4834f71b4fa379da8,8239a7ad38f7f869a5b6eb2f7d6ed789d5bd976b2b0cf1617b65075340a33fd2,30,1315,124,1191,6.114049540250361,13.364049540250361,199.83333333333334,221.0,6.722561069624262,0.543676440518349,30,0,30,30,0,1.0,0.0,1.0,1.0,0.0,raw_runs/test/attack_dup_sweep_continuous/level_200/pair_08.jsonl.gz,e02014cbca8980bdfc54625343c78deebfd3070727e3c598456de98020c1afff
test,continuous,attack_dup_sweep_continuous,attack,200,9,7420720521770374408,2465067361418340396,5134952769617097446,f5f80049dcd9f6e6f89bd12453a2d8c8b31619e0804657b25e62b631060727c9,ae79c5cfbd65af01779e69de033907c6a651476caab5b7789975c55af036baeb,30,1312,103,1209,6.12631336198363,13.37631336198363,192.7,216.2,6.6522819695022415,0.5357305572973172,30,0,30,30,0,1.0,0.0,1.0,1.0,0.0,raw_runs/test/attack_dup_sweep_continuous/level_200/pair_09.jsonl.gz,e58f2f88b5ee001e158cb1e11973ac568bf84d66d75030d288d09aabed2c74bb
test,continuous,attack_dup_sweep_continuous,attack,200,10,5878993358639171811,1397690522937504700,369507659418486278,999a85698994a31437f22db4194f4ca90006b38b861a9a4c672768702ac72d69,06a92a00b1b64979d9b2987fed3b7056acd5fc0e8524c9bd8d03eeda52caeb38,30,1307,125,1182,6.228007532965487,13.478007532965487,195.13333333333333,212.1,6.68997472494895,0.5436569818647279,30,0,30,30,0,1.0,0.0,1.0,1.0,0.0,raw_runs/test/attack_dup_sweep_continuous/level_200/pair_10.jsonl.gz,c022c8be709b0ea5ec29754d0dd5833822636ceaa830e19d9de354e590c0bf4a
test,continuous,attack_dup_sweep_continuous,attack,200,11,14014917943405241459,15639064061822942779,4558346699725522369,a120f690eb0e88f7db782d67d443af9d5e5f221720b17c75a19e8ad970f05d77,18e0f0577b6fe3186094dc8436eb6ea6655dd635cb4dae2575867fa4109f48d4,30,1337,134,1203,6.073977129668739,13.323977129668739,194.56666666666666,205.55,6.701102461764146,0.5504362220338864,30,0,30,30,0,1.0,0.0,1.0,1.0,0.0,raw_runs/test/attack_dup_sweep_continuous/level_200/pair_11.jsonl.gz,0b2a1a1d0386028473fefe4ff5448a299c53a6a04931d80721fa70c24d509e66
test,continuous,attack_dup_sweep_continuous,attack,200,12,16917716329140676774,3488760609135040061,13747808959984114218,cdd6908ad52e612e6048c785a4bae01913f83a4baf249796016983e7bcc50236,10b4ed85274a58f8a3fd99f92903a6db891744308c92653ba99b9d5ddc8f1b00,30,1331,140,1191,6.108001044223623,13.358001044223624,198.96666666666667,211.1,6.736360075996862,0.5522378893762047,30,0,30,30,0,1.0,0.0,1.0,1.0,0.0,raw_runs/test/attack_dup_sweep_continuous/level_200/pair_12.jsonl.gz,6806d8607d752833d3f31c4ef53000f6e26fc5ef8de4fe0a4d8a264ceba82860
test,continuous,attack_dup_sweep_continuous,attack,200,13,7464805818551332891,3594028296982437660,5881566407511308289,6d00417f0c196ab69528d579aefa4a3c70c0b18d11cf7770de700e949e9194bd,bbad27756b8b33c3ebe0b0e37875fc1feaec7b6e338b826a205fd6226a0942a6,30,1280,131,1149,6.011351901710134,13.261351901710134,198.16666666666666,222.95,6.717965081340018,0.5468796128084369,30,0,30,30,0,1.0,0.0,1.0,1.0,0.0,raw_runs/test/attack_dup_sweep_continuous/level_200/pair_13.jsonl.gz,444a43a1adefcf4b6a9f670539f215c1b714979445b9ce34e34435099e4b5056
test,continuous,attack_dup_sweep_continuous,attack,200,14,1452719303974328239,12096775087322271447,9862312214874837906,6e0abcffc7fe35a67a3f34daedd7feffb30a4ea93136115437795591decb8950,76fb3e05e30d8292a0250a17147576c647f40c8c0adae0747316389a59dc7b29,30,1345,154,1191,6.14466914188646,13.39466914188646,201.03333333333333,220.55,6.748779062122951,0.5522866853023527,30,0,30,30,0,1.0,0.0,1.0,1.0,0.0,raw_runs/test/attack_dup_sweep_continuous/level_200/pair_14.jsonl.gz,d56c5a4a7d94ffbb389f3b6c190ba4f40f41b97d420c0b2cdd290bb362ee4130
test,continuous,attack_dup_sweep_continuous,attack,200,15,10545419444575691520,10913551492580424201,5712053511849461459,1283b921cf5ddfb893e754c1508052ac10ccdfc3227135df0572d7c8b3e22f68,41aa1559fb106c348821079980a211a181685441e482a7b80f7b764f83edd992,30,1358,144,1214,6.073601321081953,13.323601321081952,201.56666666666666,214.64999999999998,6.7497303038765954,0.549075707792917,30,0,30,30,0,1.0,0.0,1.0,1.0,0.0,raw_runs/test/attack_dup_sweep_continuous/level_200/pair_15.jsonl.gz,41c54cb26a3f7e4c7609a8ce81fcad17b7ce8cf6e0b83d48fba6cb312fdb8b6d
test,continuous,attack_dup_sweep_continuous,attack,200,16,16924871886836409043,13164511343039614138,14430721026285202203,d1aa2ccb49c92333ab695f84f75cc61063052bb56d8098e2a93d8de01094eb90,76cdfeead7b29271489722c6c2e3ef816cdb62b9f350bdf1b00e852facc1c401,30,1324,139,1185,6.008238262046109,13.25823826204611,196.93333333333334,216.64999999999998,6.705280768570657,0.5479130807606575,30,0,30,30,0,1.0,0.0,1.0,1.0,0.0,raw_runs/test/attack_dup_sweep_continuous/level_200/pair_16.jsonl.gz,9ce0dfbe1572caff68e1f2a3c29cbff531c404eee0ea3ccd0f9ebe9b5f236813
test,continuous,attack_dup_sweep_continuous,attack,200,17,16212361361642675651,6376889248889209352,10784591962828407264,cd1e12661c24339b94e64fd606fec9e7b8fc0995b35b0732787eccb0cf1f1aa2,0980dcdcf29c0d5bd654f1d917b45a1c6f8079af3063e9f394b334e162ee57a2,30,1416,145,1271,6.1809025969794975,13.430902596979497,209.83333333333334,228.29999999999998,6.804260392919035,0.5481146520137988,30,0,30,30,0,1.0,0.0,1.0,1.0,0.0,raw_runs/test/attack_dup_sweep_continuous/level_200/pair_17.jsonl.gz,18f56a25b4c44df9e8a5a7d4b211662853800a1eaced78325faa8bb37e825056
test,continuous,attack_dup_sweep_continuous,attack,200,18,1713736422933491290,17976316930641060919,10521849521745690039,9959c3ba272dcb2d8597b52748aa0c9e89bbe42434639c2793c9ffc53182b90f,a7387ed81dfe8a5ab399300f4088d9ecaa03233bbd9c9ec0173c7fdeed82b151,30,1361,140,1221,6.059943681230951,13.309943681230951,209.8,220.0,6.805156947177824,0.5487071745245196,30,0,30,30,0,1.0,0.0,1.0,1.0,0.0,raw_runs/test/attack_dup_sweep_continuous/level_200/pair_18.jsonl.gz,4e7062f22a058ddf149fa1ac568d95025d4ec62a3c02caa1358e7cfd12e53ee7
test,continuous,attack_dup_sweep_continuous,attack,200,19,6259214419204108173,9442383015232684198,10778066036464800983,a06732dcbacf026c0ed84217d9e42a2aa837d29480c02f8734d8194fceeb05ec,986873404186c0993683d724af71ab139d1e05fd532335f10fd81d858e0ebf43,30,1375,144,1231,6.104248377780277,13.354248377780277,207.26666666666668,221.0,6.798542074950348,0.553097625222067,30,0,30,30,0,1.0,0.0,1.0,1.0,0.0,raw_runs/test/attack_dup_sweep_continuous/level_200/pair_19.jsonl.gz,b9d746e48bf9ebaf5ac43b73dd56420dba819b9ad77755f6a92b898cacb52737
test,continuous,attack_fixed_continuous,attack,24,0,5274255389240652009,15014387500873148184,13744632265014808425,6f81f12e9a9c4a1ee19b2d38c0515088ec3ae7bf13f2f2a38fe60f687635add8,2d8224a83272a09c8a52f476178b4cf7a6a8eae2d18d6a7f3d11b8dbc674812d,30,137,10,127,6.194597052502586,13.444597052502587,21.833333333333332,29.099999999999994,0.38012497076107504,0.11746823045454531,30,0,14,0,0,1.0,0.0,0.4666666666666667,0.0,0.0,raw_runs/test/attack_fixed_continuous/level_24/pair_00.jsonl.gz,dc3ef3a7e5da8ceb0b4852da68cdf5907244e325b7f14c7af63c20606aa8c5e6
test,continuous,attack_fixed_continuous,attack,24,1,6474713877111862370,18218316800924262946,11566599486980412113,07cd8bc8846c154d28f3b1ce52722c810051ca566e76bf452cbf57ce44a46311,8d9ee2f0a9e84ef2fdad90ef0296636ab2c874b49d6af6ca869a9e7d09fc2fbb,30,179,18,161,6.059661028066949,13.309661028066948,24.166666666666668,36.099999999999994,0.5688094016049912,0.14051609390215955,30,0,16,0,0,1.0,0.0,0.5333333333333333,0.0,0.0,raw_runs/test/attack_fixed_continuous/level_24/pair_01.jsonl.gz,0250915d6a9f785682fe8a3697de769063cac5933f5f443c742bad92f380ff7d
test,continuous,attack_fixed_continuous,attack,24,2,3553928651814727180,7774970940855440883,14805042662083655567,fa706994de5e0114fa246e4a29c8f9687109ac96f3cad56e38db24c422f761d7,0a52b09e10437059ccbbcf7e8bb4459110b1993ae3e15efd91eb4bf88282e4f7,30,155,15,140,6.143086554961546,13.393086554961545,21.233333333333334,28.549999999999997,0.6117487334848845,0.15757071904440278,30,0,11,0,0,1.0,0.0,0.36666666666666664,0.0,0.0,raw_runs/test/attack_fixed_continuous/level_24/pair_02.jsonl.gz,f53329d9711d757c9cf8f42169f06e837b738110cf79a0cef3b2a95af811098e
test,continuous,attack_fixed_continuous,attack,24,3,8713878134198056602,17210684182313449382,16001456366414150066,13d176713d7d991eb5669c0afec9eab0cd8802fac0f7579bc2b91b398e3a543c,454b16e06dc6bc882c2b58bc20869babf2a80d6305c57706ba236e3fc5bd15e8,30,182,21,161,6.105011898489584,13.355011898489584,25.933333333333334,34.55,0.6202495467177902,0.14402887774841117,30,0,18,0,0,1.0,0.0,0.6,0.0,0.0,raw_runs/test/attack_fixed_continuous/level_24/pair_03.jsonl.gz,e3c60ef6b1cb014b203c8c152b82a76d4ef256e1d61c786f3f2ae65c1b9aacf9
test,continuous,attack_fixed_continuous,attack,24,4,2321089306315690618,15715962716480013879,12127872443670154180,e986d2033c59bca7438af126079b8100e1ae198c57fa77982d5c27ab6bafbacc,9a50f2a04aa33d980b6a63df6dd03ad71acdb6e42209bb78c88904d3ea5db2ea,30,175,17,158,6.052494772064169,13.302494772064168,26.766666666666666,29.0,0.43740441021783877,0.10933562777016051,30,0,29,0,0,1.0,0.0,0.9666666666666667,0.0,0.0,raw_runs/test/attack_fixed_continuous/level_24/pair_04.jsonl.gz,2cb011814ca07b720fe244063ba23b0c556591c22e0a6c57ad78ae4b9f97005e
test,continuous,attack_fixed_continuous,attack,24,5,8845182802892067711,15927061754876500610,9253347396979726394,32ebf3b11e805b8b395927f1b4130b66fd9e64cb9b09ab5a05e929e9aadecad6,3fe0dd1cdc68c66519fe267f10784234d38c338a4d3984613b159832fb15675c,30,181,17,164,6.190030431836424,13.440030431836423,29.4,35.55,0.4170655557254426,0.10148938367829725,30,0,30,0,0,1.0,0.0,1.0,0.0,0.0,raw_runs/test/attack_fixed_continuous/level_24/pair_05.jsonl.gz,cdca0e76f44e1c11bdc0dff30746d16f9e5c30272f91b222ec356cd45ef3b968
test,continuous,attack_fixed_continuous,attack,24,6,2949316312643293065,14082473857851196443,10973957334578441344,0dd7cb10bfcbdcdee44f876622717d8edec4f668ff6b5c29371536c7c92e7d0d,c56b609950fdb1e23c5e5b8c96f97382dc676c3f01aba6cc969f66f81c6afad1,30,159,18,141,6.067214993855386,13.317214993855387,24.566666666666666,29.549999999999997,0.5731268574280747,0.13859207440000915,30,0,18,0,0,1.0,0.0,0.6,0.0,0.0,raw_runs/test/attack_fixed_continuous/level_24/pair_06.jsonl.gz,a42bb537219f787884c437c6d8e40e231050eea03b6ae11af9f1703885829e99
test,continuous,attack_fixed_continuous,attack,24,7,5685123771069856718,16031353033753044848,1819153134451715235,4c2437351bf808c5e626ca65058a881015c4fdcaef4d7e163e475fa0f2dd2de5,13cd0ee2b83f7ffc70b8635d7821bd75666e930bc7dc4f56f56df2589740326d,30,154,15,139,6.026945624084125,13.276945624084124,21.833333333333332,28.0,0.4871217957259917,0.13053770695153563,30,0,12,0,0,1.0,0.0,0.4,0.0,0.0,raw_runs/test/attack_fixed_continuous/level_24/pair_07.jsonl.gz,7591b7f3d7582af7fd0d7c4065ef90a446279124bf38eaf4dd90ed567444ed66
test,continuous,attack_fixed_continuous,attack,24,8,892302016456819625,10650220714046566619,11308173329099839806,2e21a6f38338bdd78881120df198f48e798bd6b6171ddfa532dbabc74b2efaf2,f77f5c408509b099112d5e475ae6cf72b1312408f7011047f11fe0fff48bf8ce,30,153,15,138,6.098842190851139,13.348842190851139,21.033333333333335,30.099999999999994,0.7580297943440742,0.18178674808839304,30,0,5,0,0,1.0,0.0,0.16666666666666666,0.0,0.0,raw_runs/test/attack_fixed_continuous/level_24/pair_08.jsonl.gz,8ef5c20dd24d584881d24556c8f5194c349a79ed5ee9ec3053a8377c6b73ff4c
test,continuous,attack_fixed_continuous,attack,24,9,4379469355687760136,5132125539809160820,8384655117695701211,80f0254e1ad3ef1a1412f1d875889523d4f4626b6dee1c0965012a0d3d2466a6,369f3fba2c6ad4cdfabbd84bc088d7506e4ac66d325acb2439196bcee16725ab,30,163,14,149,6.151960273949927,13.401960273949927,25.3,34.0,0.6482451306264249,0.14874253789256925,30,0,16,0,0,1.0,0.0,0.5333333333333333,0.0,0.0,raw_runs/test/attack_fixed_continuous/level_24/pair_09.jsonl.gz,521caacbec5558aca770546ead88bfb667d6b5541d9c005c723983520f8f6133
test,continuous,attack_fixed_continuous,attack,24,10,3305485504433524465,11594913408255821544,14685651855719661132,d7389d6bde0428720a7df8fca9cfb925283bb7af1cd0d4d941d3a139cfd12a4b,86545c9b76275a827b4816fa078f11deb1ea8b46a3c93eb05f74dedacc02cbb3,30,167,16,151,6.094142064944289,13.34414206494429,24.7,33.0,0.7101526844345031,0.16287503770022477,30,0,14,0,0,1.0,0.0,0.4666666666666667,0.0,0.0,raw_runs/test/attack_fixed_continuous/level_24/pair_10.jsonl.gz,94520fdbc0b3a3369a2ba65f48baaf89711efe9e514ebecacd6e50ebc584ce09
test,continuous,attack_fixed_continuous,attack,24,11,12970963081985540857,11161326003885433934,1728599707289949825,c81577edf5112805308f4c3e5d2ca182f3137b8242eb3e54bbab7caef9f203e4,8da62bb15c21725b2d2adcb618bfa2fccfc93899e52960356f175f36a0057c77,30,164,18,146,6.2481035051071645,13.498103505107164,24.033333333333335,32.55,0.8547354752436743,0.19005791984276152,30,0,10,0,0,1.0,0.0,0.3333333333333333,0.0,0.0,raw_runs/test/attack_fixed_continuous/level_24/pair_11.jsonl.gz,723db65ded1e820e34e079dfe5b74efcedbf0bad90609e49e62e41b61b77da52
test,continuous,attack_fixed_continuous,attack,24,12,17354426133336639490,17814275030682764157,16439818216630951447,0786aadf43f3eae5ecb77cdef8b49a33aa565da19925c12535c97b81bbfcde98,e6a05632637c29807779370f443c314411eaa2429185361265572f3452807c12,30,159,14,145,6.157628592017516,13.407628592017517,24.266666666666666,30.64999999999999,0.35523351531218406,0.10081208532403657,30,0,16,0,0,1.0,0.0,0.5333333333333333,0.0,0.0,raw_runs/test/attack_fixed_continuous/level_24/pair_12.jsonl.gz,71515dc72d40851cf81667c6bb4d94dda090bf6c0ece25d6d5402e43ce649aa0
test,continuous,attack_fixed_continuous,attack,24,13,929499694554295103,2470362723243134418,13108028399037631343,90e219ac3d23ec3451941ecd54ea8badb1ef76e62517e1d843c367dd7b561435,e945a1a57c130916fd7f3d45ca2cac6e9386c52ba4f60a28ba20824c5037209e,30,149,11,138,6.175042208022655,13.425042208022655,19.8,23.0,0.5847364504076492,0.15458919498039833,30,0,0,0,0,1.0,0.0,0.0,0.0,0.0,raw_runs/test/attack_fixed_continuous/level_24/pair_13.jsonl.gz,db91bc9598374a854fccd81bea28850e52610c59990eb0c46e2b7c92b4fc21a4
test,continuous,attack_fixed_continuous,attack,24,14,14517353942880207824,15352747597855916772,17276405104286343597,aeb9655beeed29a4cce42bfbd9823ff75f811675ed48a9d35fda52265ba88866,4cc887ea308e2d554f5112d1adac145100c24c12470793d72f883de8b0fe5ae3,30,161,15,146,6.020722316785494,13.270722316785495,24.3,33.55,0.5764736460568467,0.14062500435624214,30,0,16,0,0,1.0,0.0,0.5333333333333333,0.0,0.0,raw_runs/test/attack_fixed_continuous/level_24/pair_14.jsonl.gz,77d60fad99912e9c192c6227b0f651afeedf6c3ebfe519b2cde8a07532194260
test,continuous,attack_fixed_continuous,attack,24,15,14906247675353202697,14515981090157133639,9172404125144842783,1756fbd0353eb6b524447df713cfe66c75917157dd72e58ae1435bb96163b116,5192e350e12a8d53f980f066f9b7c3623112891f46b680d31fac6d202edc2e43,30,173,15,158,6.112445780669572,13.362445780669571,25.666666666666668,32.0,0.7267862697832802,0.16210246866953157,30,0,20,0,0,1.0,0.0,0.6666666666666666,0.0,0.0,raw_runs/test/attack_fixed_continuous/level_24/pair_15.jsonl.gz,2e677131a626e844bd8e7fb23babbb7ed3621d7db705f93b48b1232f47625456
test,continuous,attack_fixed_continuous,attack,24,16,5023607860423777729,387888889863381425,6696108381159917309,b655151b0aebd4a9e6a104ee0d254e573ed33f23fb7c3eac226baa9ab859bb9a,5ef95599cf075047d31f537f019e26be1b014945d7f8b6c36cb63601a74ad9b8,30,161,25,136,6.10869197497945,13.35869197497945,24.0,30.549999999999997,0.9155517476549282,0.20006249149566296,30,0,14,0,0,1.0,0.0,0.4666666666666667,0.0,0.0,raw_runs/test/attack_fixed_continuous/level_24/pair_16.jsonl.gz,310336a8d73c7606cdf4965138df4eca0ed46e257563766f03b9e51fbb34cec8
test,continuous,attack_fixed_continuous,attack,24,17,1490974601967308036,15362337821839643668,4612054833280375525,43fa2674a7accbf0aadad9387fcd561a5456d9515cc99cd6a72ace9b4758fbb6,91d6d7f5148cae8c17e340ad6df088ba71c6a6c2383a7426e19e9eba6f5d5f0d,30,162,15,147,6.063946883748506,13.313946883748507,24.633333333333333,36.55,0.6942633576697339,0.16365130728548002,30,0,11,0,0,1.0,0.0,0.36666666666666664,0.0,0.0,raw_runs/test/attack_fixed_continuous/level_24/pair_17.jsonl.gz,589e9e041b68666b560355d1a41ba17fe7fdc5ec6be542116393fa4bf59e25d9
test,continuous,attack_fixed_continuous,attack,24,18,7362073525556726832,7306066794261590589,16338589053971139362,e986de1a67b1a1ac908ce0f24be3fa8674d67f359a3564c6597c412402c076b6,7e68eb503b4dff6cd811254b2fb080dbefbb7838feed2416bc93cfeab8413f64,30,158,18,140,6.1444835717236606,13.394483571723661,24.7,32.55,0.6632901929056572,0.15202446263910444,30,0,16,0,0,1.0,0.0,0.5333333333333333,0.0,0.0,raw_runs/test/attack_fixed_continuous/level_24/pair_18.jsonl.gz,9230c33b8957840e07e0edbb8e1e5024acf8b81d5e31913b9a8718a0e6da68aa
test,continuous,attack_fixed_continuous,attack,24,19,16878414205353344989,13670941286917474902,13069261552006709857,80280399c851e0529bfa2a42e2955f00d60d29edcc2193cbdc586fcff7d696ff,2a4fe4ef421bc8259f9147816a35f8b2044320c4e10fbc851260fbf5b4566925,30,157,14,143,6.103084516976933,13.353084516976933,24.533333333333335,29.0,0.535847652244236,0.1285168713383799,30,0,17,0,0,1.0,0.0,0.5666666666666667,0.0,0.0,raw_runs/test/attack_fixed_continuous/level_24/pair_19.jsonl.gz,eed794bad4d02b66d55386a720e7c945cc46ae6a2ae72a5fa9405de5c5166620
test,continuous,attack_fixed_continuous,attack,60,0,12055753219752071432,9214243546908858119,7183327580447456600,88032621414c061b90ed2dfe8afdf88cfd3ea0190ae316c863abd51b90bbbfc1,f58aa3eed0dfa6751d3514147afeb2006b57d0e5e51278934562ff44a049fceb,30,383,35,348,6.212800944695471,13.46280094469547,56.766666666666666,67.0,0.5935900577711539,0.10021440172369984,30,0,30,0,0,1.0,0.0,1.0,0.0,0.0,raw_runs/test/attack_fixed_continuous/level_60/pair_00.jsonl.gz,b05d60dfad3f64bcda8ae738b41b1599143c2956e5df97971a23ca172b513e21
test,continuous,attack_fixed_continuous,attack,60,1,8839336648511840479,10673283752536822424,15263950395835409483,b2a805ae170f5859ec3ef999f80fd39ecc7bd0b50a500e9d1104e9e2a8e01bd4,3bc32f6bce3264587ffff954fe2ce875179d83b9a916ec44516313a55157eb1e,30,398,40,358,6.188019813001288,13.438019813001288,63.166666666666664,75.0,0.6762148133683846,0.10887283998357507,30,0,30,0,0,1.0,0.0,1.0,0.0,0.0,raw_runs/test/attack_fixed_continuous/level_60/pair_01.jsonl.gz,e1ba2d86ffee6cf5b896602f2f27d7177a4a93b12bd48ea7d0f18794f4bce239
test,continuous,attack_fixed_continuous,attack,60,2,319664382691450108,8425599047184436904,17824444381004892135,12dd30e3fcbd3a49b83a4bd48a1e01aa8188b3e00cbc9024cf84103a43793c56,398c744dbbbcaf40fea2b22b1663c7205d845cc6db4794ef72725ae99b135a0d,30,431,47,384,6.060261835122168,13.31026183512217,63.733333333333334,71.55,0.8384980602497455,0.12896538757599496,30,0,30,0,0,1.0,0.0,1.0,0.0,0.0,raw_runs/test/attack_fixed_continuous/level_60/pair_02.jsonl.gz,8d5b076deabe1c2b82150912798dec2f909a9c670a02363adfb609513deb421d
test,continuous,attack_fixed_continuous,attack,60,3,13836154008408628279,5160735939387224534,15508566146657344056,5f929477ce19cce3d0215f36269984c31caa7516bb44bb18ea8410bb0f6d806c,fd58bd20837beeecca9286da0345f748daf935312970db1e5ce2bea842707114,30,403,36,367,6.130406516898415,13.380406516898415,56.5,71.0,0.7590297571675405,0.12570271475209857,30,0,30,0,0,1.0,0.0,1.0,0.0,0.0,raw_runs/test/attack_fixed_continuous/level_60/pair_03.jsonl.gz,241e2d218397b35c2e637d382903bac1aee9763f377d2a72810ccb1dd9146513
test,continuous,attack_fixed_continuous,attack,60,4,11935645281803378086,10850879342782276294,11137078059870957973,be6d4624066ffe5c37f95fc30608ceb54fbfc1d1aad7785c4f0b024604272a0e,dc0001995b85085c06641b4a6ddecb3d9984299d6d36760a33b9766fae4fc551,30,421,34,387,6.051324569724875,13.301324569724876,64.5,72.0,0.5726507095919839,0.09337919650476434,30,0,30,0,0,1.0,0.0,1.0,0.0,0.0,raw_runs/test/attack_fixed_continuous/level_60/pair_04.jsonl.gz,ab50f85fcdcd090200d7a5e847df6a8e730264a862a5b1cdcf99be71a052b514
test,continuous,attack_fixed_continuous,attack,60,5,1757260870866604938,4146312056965225847,12603387827082391418,3eb19880aabec4b051c5466b0a77a9fb218f39d341167c80cf96f1f50b75ff1f,08db8b10817485c0aea429324eae393f3530e74716ffa333744ec5a18d67d4dc,30,388,36,352,6.007344082435379,13.25734408243538,57.166666666666664,70.0,0.6725357496736104,0.11079813187399039,30,0,30,0,0,1.0,0.0,1.0,0.0,0.0,raw_runs/test/attack_fixed_continuous/level_60/pair_05.jsonl.gz,140548cd06bf979bb378b35b679346d13f2fcb9fd75a1b570d719940facc798c
test,continuous,attack_fixed_continuous,attack,60,6,3344941150479110178,5290337178899518715,13349128267316424173,61972c9b1222d5a82dbfbc25286e5fd877d7ddc720e3e97a7953bb8cd747cea2,f24b57181e7498761fb2703c13d7fc164b5bbe09dff94921c4117d56d7b02040,30,387,42,345,6.239736420820231,13.48973642082023,57.13333333333333,68.39999999999998,0.7727891668093174,0.125239040200215,30,0,30,0,0,1.0,0.0,1.0,0.0,0.0,raw_runs/test/attack_fixed_continuous/level_60/pair_06.jsonl.gz,68f7e8d98d61f09da5c34bc211992eeef81d0c466d909bcef471d2cd119daf9f
test,continuous,attack_fixed_continuous,attack,60,7,6419627319096885175,3009885920888390511,17315812789249455639,da53ed38c5837c509ede47a6776251c280d7c84370d725bf692ec88d0098f76c,aed8344d3417a6385f11585460c83f2f9d99ecda7fcd7fba66ee45e74aecddf4,30,428,36,392,6.165685079855766,13.415685079855766,62.266666666666666,75.1,0.7327973111357765,0.11629854092539309,30,0,30,0,0,1.0,0.0,1.0,0.0,0.0,raw_runs/test/attack_fixed_continuous/level_60/pair_07.jsonl.gz,567a399d40f12bddf8590baef9ed2e1114998494768f33ad249f8c1ebf88ff7b
test,continuous,attack_fixed_continuous,attack,60,8,4542692740964769341,14469435378480644158,117847252030383446,68802ecbba3b7e2e5cf56b26fb513bcb25fa8332792c47b74accdd80589cc913,c3a40aad11e502546946dd1d2c810b3d37e81556f019662ad7f77def240d87ef,30,403,36,367,6.116328526618515,13.366328526618515,59.6,69.0,0.6451929893507959,0.1060011661264672,30,0,30,0,0,1.0,0.0,1.0,0.0,0.0,raw_runs/test/attack_fixed_continuous/level_60/pair_08.jsonl.gz,980f6cc01a0803ed1e07ecf47180a976f671f6946925b05392e8fb4ecb70ed33
test,continuous,attack_fixed_continuous,attack,60,9,17474522367531266523,2202058633778674764,17608277992665335478,c44520717d59bcc088c32579f327df82eaedb466d6cc8ac89755cdf2dc28aaf5,734210a0ac85a7c2682b120a22e70e4d3e08321a259c666175351d2bfd903a9e,30,420,43,377,6.080731402774736,13.330731402774736,65.13333333333334,70.55,0.749233004215229,0.11676379207227142,30,0,30,0,0,1.0,0.0,1.0,0.0,0.0,raw_runs/test/attack_fixed_continuous/level_60/pair_09.jsonl.gz,98fd709c93e1a952fa2af7f08983bdd1fb1cd56115fbccc2fb2d603d99f7040a
test,continuous,attack_fixed_continuous,attack,60,10,4442364550062877907,2324713340149489347,991262307656464341,945f94e2dc48afa4b31fa4c3301809045c643f8d18744757293a62f5833ef859,8bc3b1293a1deda5cb48f31c4357f5b7dfcbbbfeb9c7ff997129e9c1ea815051,30,396,43,353,6.096920760424488,13.346920760424489,58.63333333333333,65.55,0.6900723296724299,0.11259800357014021,30,0,30,0,0,1.0,0.0,1.0,0.0,0.0,raw_runs/test/attack_fixed_continuous/level_60/pair_10.jsonl.gz,36bff73e8e8025b0c5744ef5105a11380dbe88f3ab415e1bf7a821c489b8c264
test,continuous,attack_fixed_continuous,attack,60,11,17081000117766575483,11316276093277514577,2759090258557703603,1744ac4b1e1841c3489f60977bb403443b7e2231db0f0e33cc4fa710b90d321a,2d24d1f3fec4836b3a03d86e2fb791bcb3c70595926cd84af9db3b366cb994bf,30,381,45,336,6.142932046613686,13.392932046613687,56.333333333333336,67.55,0.6483401696393276,0.108279376817262,30,0,30,0,0,1.0,0.0,1.0,0.0,0.0,raw_runs/test/attack_fixed_continuous/level_60/pair_11.jsonl.gz,d6880b5a1abd59af3f1a29470d33614f1363f185eb7fca70bb15f15be58d8c71
test,continuous,attack_fixed_continuous,attack,60,12,8832631734345316595,10851382885812462550,3985967350511826907,049b6df933168736b2efc329996db17d859187f24c64c7e9c447adcfd6423652,468d6660990306da1c89bc105eaaea195640d22ac7d18d48ff33ad4ff3a7e24b,30,399,34,365,6.245351842467986,13.495351842467986,59.36666666666667,66.55,0.7041305059545195,0.11413907739228345,30,0,30,0,0,1.0,0.0,1.0,0.0,0.0,raw_runs/test/attack_fixed_continuous/level_60/pair_12.jsonl.gz,0cd56641c9d3280dba2beb3914908b5751c517aa6afdb1b8e70d591fdd4a129a
test,continuous,attack_fixed_continuous,attack,60,13,10028181195738753679,17377064598925272357,6573881429707294597,62f15bca750127fd467846c19c32059dd3356f0a82b9f7aadeed1de47d96ec74,b6a292fe7c0e02ce307591b8f3aaa42d1940b490a522c07c433b1c55bb12a748,30,367,39,328,6.089269975797674,13.339269975797674,54.766666666666666,61.55,0.8523099193272287,0.13800880617345207,30,0,30,0,0,1.0,0.0,1.0,0.0,0.0,raw_runs/test/attack_fixed_continuous/level_60/pair_13.jsonl.gz,e797273c02290d4892ca7ea908be8cbd58cb289d6fdc0e3823efd27069c12c7a
test,continuous,attack_fixed_continuous,attack,60,14,4821605639821782447,4223715041169017503,7073166982053831146,9af70b526f5f1cb5fd154d9e6724060bbcd536158eaa1192352b72d266f8b010,030c920f1ce99050e262cd07669ec9a636e649ccdd6866c1102e02bfb3a3e56c,30,387,34,353,6.012468099156788,13.262468099156788,56.6,61.0,0.6206371334751511,0.10392366729766837,30,0,30,0,0,1.0,0.0,1.0,0.0,0.0,raw_runs/test/attack_fixed_continuous/level_60/pair_14.jsonl.gz,b571be2023b08a665de24221d3ff27d4491698656fae1d73132a2127903c2eca
test,continuous,attack_fixed_continuous,attack,60,15,11853175302378749387,6720599183677307609,16122161024229087596,111216d74e3cbec985f70737fde8d0d7ed6748c0babfdc689a0b728f848ce175,0a22a8f3f444a598dae9d73f47da9519c06e7844a5415af4ed542cce03af485d,30,417,36,381,6.1105681327278685,13.360568132727868,64.4,71.0,0.506116634344472,0.08411647926857009,30,0,30,0,0,1.0,0.0,1.0,0.0,0.0,raw_runs/test/attack_fixed_continuous/level_60/pair_15.jsonl.gz,f18049176b2628f01c8c45ef888f79fcd602ef7aba9462837aad5e300357dc86
test,continuous,attack_fixed_continuous,attack,60,16,12616534501666573552,12627197480071288338,5963824302071607219,3c3d32f5ab2ea5f00c2b5b99abc53f264cd0cd5cfc4b62e0ef7cddd718ee0920,f823a814ff99bc42eeb299477b274bf0eed24bcc90b91dd8eec711fa4453aa3e,30,386,41,345,6.0602187070685005,13.3102187070685,61.13333333333333,67.0,0.7852443634943953,0.12415290392302152,30,0,30,0,0,1.0,0.0,1.0,0.0,0.0,raw_runs/test/attack_fixed_continuous/level_60/pair_16.jsonl.gz,eb7b80b93009361720cb1e86689f9208cd58cf753bafa94fb45053ee67e36081
test,continuous,attack_fixed_continuous,attack,60,17,11801157881835141813,9336715141020142115,8742467864344436897,052fb59ce18e66c6d045b8e7021c3dbbd4751d0ab05d5f21aa514949717242c3,2ff182c80726ddc6d90667fb697efb235009a499dfbf8f2f20f3fb6dd74a2f3a,30,401,41,360,6.081127742005406,13.331127742005407,60.766666666666666,71.55,0.5535430515018159,0.0926438474955207,30,0,30,0,0,1.0,0.0,1.0,0.0,0.0,raw_runs/test/attack_fixed_continuous/level_60/pair_17.jsonl.gz,1f757e4184df62272e8529248e43769febc009374a32c6f3b3626ff269c24320
test,continuous,attack_fixed_continuous,attack,60,18,860134680128116760,3080095973261707755,8778381543049574934,8daeeb367d90bd1c0bc21dce511ede3cf0a42f9d547cc5e022485d13ef229f3e,40032425c7ba25ea892942b90b05d46435a7aa94cac3ebb2ba71343e2684f9a7,30,406,40,366,6.109167597864794,13.359167597864793,60.96666666666667,75.64999999999999,0.6722461456065933,0.10906682372471446,30,0,30,0,0,1.0,0.0,1.0,0.0,0.0,raw_runs/test/attack_fixed_continuous/level_60/pair_18.jsonl.gz,2a89a6ed3dabf6315017e396fb8a7a69e7fd4c9e804026d6bd45b81dd702230e
test,continuous,attack_fixed_continuous,attack,60,19,2765256529201453566,10660716801522912321,6492541676568425559,e9a72d10808667b2c861232b4e1b8ceeef38d728ca796c7b4dd8c9d674b52eec,c186765f7eaa682518f695b9c463060ed61ff173bae780870095e6d57106c13f,30,391,36,355,6.141375162979009,13.39137516297901,61.43333333333333,73.1,0.5849921790647556,0.09659663926718443,30,0,30,0,0,1.0,0.0,1.0,0.0,0.0,raw_runs/test/attack_fixed_continuous/level_60/pair_19.jsonl.gz,fa8d952e304dea9fc316be3dffb94588e0b6d1e8233a66589158c3f49898232e
test,continuous,attack_fixed_continuous,attack,120,0,8377203359892070172,3454123631777269297,13051646830783437651,31225309c68c4576da0c35d6fa41c2e3bc8b7eb558190f5c9f708ec14a3841f6,5f3eecb479944bb289f2bb08c39832462ab861dfd296d8760f7d1aeb8e402ef7,30,825,82,743,6.2026519864455345,13.452651986445535,122.93333333333334,130.55,0.8517612156310659,0.11077969976409587,30,0,30,0,0,1.0,0.0,1.0,0.0,0.0,raw_runs/test/attack_fixed_continuous/level_120/pair_00.jsonl.gz,f2f8ea75160e478ee04f143031be9418137b53c1e94c254e880bd0205216bb9b
test,continuous,attack_fixed_continuous,attack,120,1,16977730830662377644,16574041771284837851,3419616098855687317,cf5bd453227cdd4275f5392e125d9fbb0ae4cc680484e7dcfb31d5998c545b0d,04a70eeee4102665aa1c57993e75dc2f4b59aead44cf3f8b95568a794bc91b41,30,770,76,694,6.0434501274697565,13.293450127469757,109.43333333333334,134.55,0.7615751601499351,0.10119950219364907,30,0,30,0,0,1.0,0.0,1.0,0.0,0.0,raw_runs/test/attack_fixed_continuous/level_120/pair_01.jsonl.gz,e85e38f85fb2f0562ea558effd1256af27338d90297c9ddf77ccedd31cc5b15f
test,continuous,attack_fixed_continuous,attack,120,2,17474291979858848990,949583169032656942,7463849340253027523,a10708ca2b044e72896075bda544c502b5ec21b62c8cd561f00d3b813f69e36d,294643686019ea571e7737f395f8e20c1dcb89b78629403a9522644e8628bf6b,30,795,85,710,6.052861110369404,13.302861110369404,115.6,136.75,0.7695499491020017,0.10246147444483232,30,0,30,0,0,1.0,0.0,1.0,0.0,0.0,raw_runs/test/attack_fixed_continuous/level_120/pair_02.jsonl.gz,bb283fef35b6d9c82deed8806d58a66779933832782abbb2dc80290d9188a16c
test,continuous,attack_fixed_continuous,attack,120,3,10328863206529592231,11774122508544598813,3502672011300260076,2549b6f7ec99c6ca4aab54e508bfcee95e92ca468865e224d24423715ae6cd6a,9d5e671d7edb62638214baf078060319461bc1b89be255ab87b72213a7715a61,30,818,86,732,6.017009449812901,13.267009449812901,124.53333333333333,143.0,0.9261238440383862,0.11922496131730234,30,0,30,0,0,1.0,0.0,1.0,0.0,0.0,raw_runs/test/attack_fixed_continuous/level_120/pair_03.jsonl.gz,1ada5af40398b92cf478cfc85a2230c7e389ffed187fc545bec17db9aa20e8f0
test,continuous,attack_fixed_continuous,attack,120,4,15059701741148047822,12981834254827585149,4319297107935972753,7c6e5e5c432311f7f14d6f7d688129d9b3af5cce3c178552a0568af6e53e76ab,50dda0c74d30ca3c387f48aab061e2af25970e774f557a215cbf9142f9727b2d,30,759,79,680,6.007936049188819,13.25793604918882,114.16666666666667,122.1,0.7889867883146866,0.10353012564114275,30,0,30,0,0,1.0,0.0,1.0,0.0,0.0,raw_runs/test/attack_fixed_continuous/level_120/pair_04.jsonl.gz,81c29392e6792d5086576cfc63eb1d705f19b4cfe35fd738b90fe98d0d813a5a
test,continuous,attack_fixed_continuous,attack,120,5,7723432460910292314,14143399362503015316,3892391133478149197,2f905efa54e68804429804df113071a5170959b34105271721dcd3c295c74393,3412d131c52880948fb0891e02d44a8d6f8d6f83f14aecb559555f527e28b457,30,813,97,716,6.02197612093489,13.271976120934891,123.46666666666667,136.0,0.9641340546545075,0.12434947862342786,30,0,30,0,0,1.0,0.0,1.0,0.0,0.0,raw_runs/test/attack_fixed_continuous/level_120/pair_05.jsonl.gz,295d705377aca371dbf9c58298785380aeae8f1237cb1c6fe069368b3647b81c
test,continuous,attack_fixed_continuous,attack,120,6,16312610755683342315,4132740184489374292,17940636002592817362,bc3cd001ec581eaba223297f2e6068dcffce6ead538a181f97340902e96e5560,89ff526dcf0a5fe75e663775a6b76daa77c684e70f72d7bb40a889170b60c9f9,30,773,80,693,6.088068532309071,13.338068532309071,117.46666666666667,132.1,0.8797921817462548,0.11463280444425893,30,0,30,0,0,1.0,0.0,1.0,0.0,0.0,raw_runs/test/attack_fixed_continuous/level_120/pair_06.jsonl.gz,4c6e98d54e4d48a3a8023deb7f23dcb0f6659db28c6cf752b7553e58f05ae63d
test,continuous,attack_fixed_continuous,attack,120,7,6150188156210431558,14449820104385269486,11964481523623141340,54528ffdcee44d0d962cf49a97074524db9fcccd54c3bd432b8538deeea994c2,2caaf6e4d46b62b3a5eef8bf2dbf5ec31a69400eb44777345d9c367659c87033,30,783,88,695,6.182594973848276,13.432594973848275,110.93333333333334,121.64999999999999,0.7668711403991787,0.1030262590075392,30,0,30,0,0,1.0,0.0,1.0,0.0,0.0,raw_runs/test/attack_fixed_continuous/level_120/pair_07.jsonl.gz,88a68a540c3fe41d7cc2bfc0145af7745bf06faf45bca9cdebd49d33b7354de1
test,continuous,attack_fixed_continuous,attack,120,8,14255591453641436147,1533279152722602806,10027061030371459179,b2b18ad660ecdccf2155266a782173d83886dee049a2f8b936f73e5fd1dd5f6c,23c56ac0dc1368d47e009fc6ed04446a4d5ed7631c8230ea42b040e0c209eeb8,30,787,81,706,6.024949200125141,13.27494920012514,115.63333333333334,143.55,0.7435565379023205,0.09890767496452539,30,0,30,0,0,1.0,0.0,1.0,0.0,0.0,raw_runs/test/attack_fixed_continuous/level_120/pair_08.jsonl.gz,b0203fe113178c7844cce466d0afc340f57176979173c32269e8aca39b743d52
test,continuous,attack_fixed_continuous,attack,120,9,4410485485139951129,175659314155868336,17125469838161583965,f3719efb0179a7e339dfabde9ef25a977f347b3a7d929a0709b8fa8753371b8c,a44a225c2a3721231b62f2a3ebcb69a8805a0307ead5a06679fcccf971edfd5f,30,796,66,730,6.1914544056990835,13.441454405699083,114.4,124.55,0.7180554263443957,0.09616740617493297,30,0,30,0,0,1.0,0.0,1.0,0.0,0.0,raw_runs/test/attack_fixed_continuous/level_120/pair_09.jsonl.gz,f58346c41ebef1a85b54980764fe7ab22a514b36cc81f32fba801d05e62a7d61
test,continuous,attack_fixed_continuous,attack,120,10,743702014842193359,14638614775406783373,8792952774552903530,9acdafc4d583b9f58dbad9c315c5924fec836b86ce743e75212005f22cc78a7f,9d06bb698bb61e5af42990f8927c21eb970a145672f62b3ece7fdcf19bc0906a,30,789,91,698,6.054098441834665,13.304098441834665,122.3,132.64999999999998,0.8906123969173535,0.11473152980239586,30,0,30,0,0,1.0,0.0,1.0,0.0,0.0,raw_runs/test/attack_fixed_continuous/level_120/pair_10.jsonl.gz,b4ef07b3904185c5360b33805c0d3ed8c10277bdbbb12101e35556531098499f
test,continuous,attack_fixed_continuous,attack,120,11,6937732872999664108,11747685142109483282,8813517956960567382,331d24692ec9bf7aa69bfe04974cad0625020fa84d6424de183fd18ca91f7201,cb7f408774a56f3b2709f7e5c6c5fe33d65d58cda32c807dc7f089909e2b4035,30,811,91,720,6.080600204929572,13.330600204929572,119.33333333333333,131.1,0.8386362860102714,0.11004621579082721,30,0,30,0,0,1.0,0.0,1.0,0.0,0.0,raw_runs/test/attack_fixed_continuous/level_120/pair_11.jsonl.gz,1c1cd110514c0a5ced7b63eb827901862d2cb42865d9074f435d212ab93b3b99
test,continuous,attack_fixed_continuous,attack,120,12,318235669795214381,7455951692569321731,1933010983018764000,9f507620b34d314f88a5b27488b900d13e15126406f1a4fc524ba83eccfee815,de88ff62d989e134fab86cd690d077426ef80aa1c9695457499f133ca4513dbc,30,807,70,737,6.123950836984667,13.373950836984667,116.36666666666666,123.1,0.7726347293645401,0.1025340618759278,30,0,30,0,0,1.0,0.0,1.0,0.0,0.0,raw_runs/test/attack_fixed_continuous/level_120/pair_12.jsonl.gz,b1031dc725283af7ffb1cbbb0bb123b7352ab0eaf8f2b329e20a10066365a6a4
test,continuous,attack_fixed_continuous,attack,120,13,5963114150740161007,12572808009116746492,8610351973812369108,90e71693ad9654f0dbbeefc43ea36d539f4a8fc8f457b06bd5b8913efaa23588,716373001684723bbb77fe17dbbe9b6ba36037da49e74348ff090ed61b107d2c,30,815,86,729,6.059467103547272,13.309467103547272,116.73333333333333,133.75,0.7680577374026925,0.10201076061725668,30,0,30,0,0,1.0,0.0,1.0,0.0,0.0,raw_runs/test/attack_fixed_continuous/level_120/pair_13.jsonl.gz,b6bbd0e80b6042062d0e3fae191834e247407d094c3f7f893575974202364fe4
test,continuous,attack_fixed_continuous,attack,120,14,5921354361794523497,5972561165925497729,14475244443681885750,29a82b03cf057f41549c04377894119ff57478d6d0cee9c4ae27bdbb38c3c7cb,b963a89f270e0af9ada5d15fcbcebaaafefd17da1a41fbc57c51f1f844dbd704,30,837,93,744,6.009162122583685,13.259162122583685,125.8,134.0,1.025840358100528,0.13144644528695676,30,0,30,0,0,1.0,0.0,1.0,0.0,0.0,raw_runs/test/attack_fixed_continuous/level_120/pair_14.jsonl.gz,ccbf5122051f9b9202c19ee141c4d5ed215bba94e948755ef593e97b9000518e
test,continuous,attack_fixed_continuous,attack,120,15,6840726219925807843,12649960720818103437,8165895303381172899,0f34e45c08e4f89a917bd4bd30a81cef64c82cde41b6a02e9fafba1c58228f22,af6f6c51c44da8e6a99742e8e08a90eb95731ccd451bba5665cb8fedcfa2e268,30,752,75,677,6.010475163655674,13.260475163655673,111.7,121.55,0.8193695218178946,0.10887209232614338,30,0,30,0,0,1.0,0.0,1.0,0.0,0.0,raw_runs/test/attack_fixed_continuous/level_120/pair_15.jsonl.gz,6f98e4ea6a0af6c186554863ffc536317b69d28ef6034c469665c38a4510d941
test,continuous,attack_fixed_continuous,attack,120,16,17059881575728195470,12962201300728633190,13603297806001352821,42e6c29224c1092d014345097e6d11798ab12ea4aa8e2c4dd4daa2888d62a0a5,addd712f448b3b1972cbbd226589e08b0fc4175a2b9b92143491b19e7332689c,30,808,90,718,6.136196256751553,13.386196256751553,122.1,131.55,0.8691822177055464,0.11309718167835231,30,0,30,0,0,1.0,0.0,1.0,0.0,0.0,raw_runs/test/attack_fixed_continuous/level_120/pair_16.jsonl.gz,f7cca48b1cdaf3014de8b92f1af67b9c93bb8a1531e4f1aa50d9d3e9e1a9c5ba
test,continuous,attack_fixed_continuous,attack,120,17,10475107289356059551,8651585788118722659,14440624986740200429,7c6109d309e93ded5c173c1df29088c0292cfdaa30ba219201869d9ff09eaeeb,518125c7a7d3275a56e84de22b18922901264f556f1e88a56df04ea100cc537c,30,815,77,738,6.216809479138272,13.466809479138272,121.86666666666666,130.0,0.8379005710762424,0.10922092990876021,30,0,30,0,0,1.0,0.0,1.0,0.0,0.0,raw_runs/test/attack_fixed_continuous/level_120/pair_17.jsonl.gz,edfd29fe8239b147121caa3a68384a778835bae8dffa01e7d071e534ade9b3a4
test,continuous,attack_fixed_continuous,attack,120,18,3846968442796898447,10403517115914327744,3947739754149226742,625db13d18fe79d78cf034554556aa057add7a444e0a58d27eebec0ad8c8f5f5,2008d17fe9e61ba97611e417ae0305156898ef55114a2a3abceb4494d75a18b5,30,814,62,752,6.081801653201673,13.331801653201673,122.1,141.1,0.5017627452633648,0.06857797901137759,30,0,30,0,0,1.0,0.0,1.0,0.0,0.0,raw_runs/test/attack_fixed_continuous/level_120/pair_18.jsonl.gz,7118044646588f556c678531f7652bb82c0c85206b50d692844daae6d0db27ab
test,continuous,attack_fixed_continuous,attack,120,19,15827488436496725697,448282165503569617,16432071314349604849,48e7e2f72d213d84b4b58c33786bc1fa52f890f907247fa97a2e497651cfdb9f,1a610500dd0e3eee59c524dcf74cd763e923843a5fb66b62fbfd0326c8f20d3e,30,774,65,709,6.141337114743804,13.391337114743804,117.13333333333334,138.1,0.6778465355438815,0.0909271948349602,30,0,30,0,0,1.0,0.0,1.0,0.0,0.0,raw_runs/test/attack_fixed_continuous/level_120/pair_19.jsonl.gz,d3c99c19cec60c63a282a2691041a7f775d8f36d53ed6d7b077f1aa5c8166d8f
test,continuous,attack_fixed_continuous,attack,200,0,3305879775677813233,10421308348587540143,11858333527271192835,65665a43023d0e3eba16ae1a97909fb479e5603571ded5866aa1cdebabad2142,a5b71793a7b12d970856455bac10f53d0eacdd955771064558c06ddab307a605,30,1345,129,1216,6.24795365588724,13.49795365588724,196.63333333333333,234.1,0.773137497375741,0.09106292777630806,30,0,30,0,0,1.0,0.0,1.0,0.0,0.0,raw_runs/test/attack_fixed_continuous/level_200/pair_00.jsonl.gz,eb4e9b38ff6ef144502b49c83bb540735d8d701d167ae1d151181570fd32aa14
test,continuous,attack_fixed_continuous,attack,200,1,11965773264084442328,8727095041189310502,13024289701482761664,4d664fc33f847e6696a790b7f4bedd85419df8c853979e158ddbd18bf3c1eefb,dd866e650af2b3ebb309d620dd1c2f50b1823f38793268f95b75e69196db2def,30,1400,136,1264,6.170198780649708,13.420198780649708,210.63333333333333,234.0,0.9906509125334145,0.11374666110962624,30,0,30,0,0,1.0,0.0,1.0,0.0,0.0,raw_runs/test/attack_fixed_continuous/level_200/pair_01.jsonl.gz,28870e86f8de923efd2df5997c36705d350bb9b979a156c6c9a17ac84de6e7e3
test,continuous,attack_fixed_continuous,attack,200,2,18325105054551786770,7064399210547045580,13591740167787703774,26d0732d77ff00138362886f6e2f495fa12f8644b88ee5e8f0c6010f236e9ea1,1d05b34a55279e34bb004704a88e335f2b455a94c5b345a15803b0dbdcec2a94,30,1351,136,1215,6.238696724756045,13.488696724756046,198.53333333333333,219.64999999999998,0.9029687141625369,0.10517258911067578,30,0,30,0,0,1.0,0.0,1.0,0.0,0.0,raw_runs/test/attack_fixed_continuous/level_200/pair_02.jsonl.gz,4231507b0baedf13a5756ee8049fd64874a7a576b5ae02a9b0dfeccd06367525
test,continuous,attack_fixed_continuous,attack,200,3,2706547891802339268,12565575302086033423,4206193940600687145,870c6fb75cf333886d00946e1e2462dc70a5ab76e9b26f231f4ae631d4b56731,dfb89a5d77c616fbb934d5d28542417139c9d132e183d7c77237885bca837828,30,1391,137,1254,6.1593309519028026,13.409330951902803,203.96666666666667,221.1,0.9454658317778749,0.10934492329574694,30,0,30,0,0,1.0,0.0,1.0,0.0,0.0,raw_runs/test/attack_fixed_continuous/level_200/pair_03.jsonl.gz,44440f5142856247a68fe3cd6462dfc680f47aff997e4e606a45504e31fb168a
test,continuous,attack_fixed_continuous,attack,200,4,5380016248454964302,3694083526017213416,14875813087416022390,df142b50a2f70197e0d680383736c7a5391f21649a543e75e8da17137faffbca,38c16713b4be57f671254dda079182a728fbbaa9b5af54ddbead4cfe8821ec75,30,1328,127,1201,6.212387741854516,13.462387741854517,202.23333333333332,216.2,0.8135854517318901,0.09507853131491191,30,0,30,0,0,1.0,0.0,1.0,0.0,0.0,raw_runs/test/attack_fixed_continuous/level_200/pair_04.jsonl.gz,f7461e04411d359852fa4095b75a97e177e16fc821e4eb23b1efed232232414f
test,continuous,attack_fixed_continuous,attack,200,5,8188740890578337911,6615532565649476703,2945965962341184715,d119d1ebe3fb8d48111bbe392edcfca7ff06c2b185aeca32d5d0284855ae8f81,17165c7002dd6a8cbeb9db781869057908850f236eb2eb0269f41015e6707c96,30,1328,121,1207,6.157481472613676,13.407481472613675,200.66666666666666,208.1,0.8041558648035568,0.09305575292001868,30,0,30,0,0,1.0,0.0,1.0,0.0,0.0,raw_runs/test/attack_fixed_continuous/level_200/pair_05.jsonl.gz,2e53360d6dc5ddd241d6823f1078c45f3e964673f298d37e497afdec73aead9c
test,continuous,attack_fixed_continuous,attack,200,6,11156434581171536795,4136638949697257322,3103604987224540777,3d3565b09228a73412e2b4797984a9cf3144b291400bb4d3a962615e17861bcb,123968ee55e442d3117267ce4847af91d455daf94909994f5d2b8f3caca8cba6,30,1321,142,1179,6.026749851195157,13.276749851195156,198.06666666666666,215.75,0.9436139406337644,0.10939349553827452,30,0,30,0,0,1.0,0.0,1.0,0.0,0.0,raw_runs/test/attack_fixed_continuous/level_200/pair_06.jsonl.gz,a54d9a6301449d33397b09178561070e09f4dfd47b28054c29461072841efd5c
test,continuous,attack_fixed_continuous,attack,200,7,14463190566117325287,17107551952184837091,14773824715646784280,4fafd57fb5f23f7c80f0a170b454c2cd98f64e2b4ef0ad7a63a0a0f6b5ab9699,4ccd9a68ceb9fc67042e04d598a9cad2e3f1b32d603c1cb2b19a586c44a339a1,30,1334,132,1202,6.123123255424631,13.37312325542463,196.73333333333332,223.55,0.9855387660593158,0.11366124844830779,30,0,30,0,0,1.0,0.0,1.0,0.0,0.0,raw_runs/test/attack_fixed_continuous/level_200/pair_07.jsonl.gz,d5960b6578025efd3e6d78144a8158c7ccc379ffbacbfe3edb731a753cb8e5d6
test,continuous,attack_fixed_continuous,attack,200,8,16195968407897823456,9995507322886959644,9598224438421350987,4cec955152eaf3eb4c276d412fb7e7cac048c985543986e4834f71b4fa379da8,8239a7ad38f7f869a5b6eb2f7d6ed789d5bd976b2b0cf1617b65075340a33fd2,30,1315,127,1188,6.114049540250361,13.364049540250361,199.83333333333334,221.0,0.77652961018627,0.09061224195363608,30,0,30,0,0,1.0,0.0,1.0,0.0,0.0,raw_runs/test/attack_fixed_continuous/level_200/pair_08.jsonl.gz,9bcab355e01ee318323f4148e18a149def568fb777c04ad7a2bbfa9d1820bd09
test,continuous,attack_fixed_continuous,attack,200,9,7420720521770374408,2465067361418340396,4386341928317120874,f5f80049dcd9f6e6f89bd12453a2d8c8b31619e0804657b25e62b631060727c9,ae79c5cfbd65af01779e69de033907c6a651476caab5b7789975c55af036baeb,30,1312,161,1151,6.12631336198363,13.37631336198363,192.7,216.2,1.1217405903359121,0.1301717004637375,30,0,30,0,0,1.0,0.0,1.0,0.0,0.0,raw_runs/test/attack_fixed_continuous/level_200/pair_09.jsonl.gz,49504672e44da532afedf25c76ba312e1eb0d8f12677abfa6ffdcf075154f67f
test,continuous,attack_fixed_continuous,attack,200,10,5878993358639171811,1397690522937504700,4470880175991355100,999a85698994a31437f22db4194f4ca90006b38b861a9a4c672768702ac72d69,06a92a00b1b64979d9b2987fed3b7056acd5fc0e8524c9bd8d03eeda52caeb38,30,1307,141,1166,6.228007532965487,13.478007532965487,195.13333333333333,212.1,0.933337555078739,0.10886225023218793,30,0,30,0,0,1.0,0.0,1.0,0.0,0.0,raw_runs/test/attack_fixed_continuous/level_200/pair_10.jsonl.gz,99ba4a78281e1ec354f7c352bb6a8c85e66e882b8950be9fbe4d7089118138ba
test,continuous,attack_fixed_continuous,attack,200,11,14014917943405241459,15639064061822942779,11773384177142618344,a120f690eb0e88f7db782d67d443af9d5e5f221720b17c75a19e8ad970f05d77,18e0f0577b6fe3186094dc8436eb6ea6655dd635cb4dae2575867fa4109f48d4,30,1337,121,1216,6.073977129668739,13.323977129668739,194.56666666666666,205.55,0.7839519472914417,0.09163797304930926,30,0,30,0,0,1.0,0.0,1.0,0.0,0.0,raw_runs/test/attack_fixed_continuous/level_200/pair_11.jsonl.gz,b0d53521c4fe4352ef0a6a73ce8f482fc4835f576bb245418242ef16a40a2785
test,continuous,attack_fixed_continuous,attack,200,12,16917716329140676774,3488760609135040061,1379548411797281873,cdd6908ad52e612e6048c785a4bae01913f83a4baf249796016983e7bcc50236,10b4ed85274a58f8a3fd99f92903a6db891744308c92653ba99b9d5ddc8f1b00,30,1331,131,1200,6.108001044223623,13.358001044223624,198.96666666666667,211.1,0.8586336255155909,0.09962612157783049,30,0,30,0,0,1.0,0.0,1.0,0.0,0.0,raw_runs/test/attack_fixed_continuous/level_200/pair_12.jsonl.gz,cc5ea5cbc98080267195ea12bc8a88e42dbcae01a0ca3736a6e7fc1f1fe88681
test,continuous,attack_fixed_continuous,attack,200,13,7464805818551332891,3594028296982437660,9607145778682819258,6d00417f0c196ab69528d579aefa4a3c70c0b18d11cf7770de700e949e9194bd,bbad27756b8b33c3ebe0b0e37875fc1feaec7b6e338b826a205fd6226a0942a6,30,1280,141,1139,6.011351901710134,13.261351901710134,198.16666666666666,222.95,1.076699795641207,0.12445428850609735,30,0,30,0,0,1.0,0.0,1.0,0.0,0.0,raw_runs/test/attack_fixed_continuous/level_200/pair_13.jsonl.gz,d40d8e3d75e342c8aad30ebb73ec823858d37882719f7f8cf527ff33643d6f4f
test,continuous,attack_fixed_continuous,attack,200,14,1452719303974328239,12096775087322271447,13282219498504632635,6e0abcffc7fe35a67a3f34daedd7feffb30a4ea93136115437795591decb8950,76fb3e05e30d8292a0250a17147576c647f40c8c0adae0747316389a59dc7b29,30,1345,133,1212,6.14466914188646,13.39466914188646,201.03333333333333,220.55,0.8937506163277804,0.10358412174323624,30,0,30,0,0,1.0,0.0,1.0,0.0,0.0,raw_runs/test/attack_fixed_continuous/level_200/pair_14.jsonl.gz,bcad5b78ed5a47dcd55c3d124d0bfd88f580746b8e52fadb5f0046d7c69fee57
test,continuous,attack_fixed_continuous,attack,200,15,10545419444575691520,10913551492580424201,1630977293761809639,1283b921cf5ddfb893e754c1508052ac10ccdfc3227135df0572d7c8b3e22f68,41aa1559fb106c348821079980a211a181685441e482a7b80f7b764f83edd992,30,1358,129,1229,6.073601321081953,13.323601321081952,201.56666666666666,214.64999999999998,0.8758968064215964,0.10137138726705677,30,0,30,0,0,1.0,0.0,1.0,0.0,0.0,raw_runs/test/attack_fixed_continuous/level_200/pair_15.jsonl.gz,a6e05937afe2c96e948faf371e138476ff0ee0f4eace133bf57eed7c5fdf5005
test,continuous,attack_fixed_continuous,attack,200,16,16924871886836409043,13164511343039614138,10326669173628495979,d1aa2ccb49c92333ab695f84f75cc61063052bb56d8098e2a93d8de01094eb90,76cdfeead7b29271489722c6c2e3ef816cdb62b9f350bdf1b00e852facc1c401,30,1324,116,1208,6.008238262046109,13.25823826204611,196.93333333333334,216.64999999999998,0.7571087395125476,0.08927510077319657,30,0,30,0,0,1.0,0.0,1.0,0.0,0.0,raw_runs/test/attack_fixed_continuous/level_200/pair_16.jsonl.gz,bbc3eac24059f8f45182e9a20cba7c558a660801494d59d28a318cac9ca1c60c
test,continuous,attack_fixed_continuous,attack,200,17,16212361361642675651,6376889248889209352,18042401268138073029,cd1e12661c24339b94e64fd606fec9e7b8fc0995b35b0732787eccb0cf1f1aa2,0980dcdcf29c0d5bd654f1d917b45a1c6f8079af3063e9f394b334e162ee57a2,30,1416,151,1265,6.1809025969794975,13.430902596979497,209.83333333333334,228.29999999999998,0.9898496078435249,0.11396899982725278,30,0,30,0,0,1.0,0.0,1.0,0.0,0.0,raw_runs/test/attack_fixed_continuous/level_200/pair_17.jsonl.gz,ad12bbc1cf3d71fab2b560527a3eddcb11e667f57f0754e7d50c8d1df86ee046
test,continuous,attack_fixed_continuous,attack,200,18,1713736422933491290,17976316930641060919,11985359453517991836,9959c3ba272dcb2d8597b52748aa0c9e89bbe42434639c2793c9ffc53182b90f,a7387ed81dfe8a5ab399300f4088d9ecaa03233bbd9c9ec0173c7fdeed82b151,30,1361,134,1227,6.059943681230951,13.309943681230951,209.8,220.0,0.9347535415563046,0.10742705917549514,30,0,30,0,0,1.0,0.0,1.0,0.0,0.0,raw_runs/test/attack_fixed_continuous/level_200/pair_18.jsonl.gz,8eef4bd5b7cd7695947a2f7f4ee3d62338ae57380284e61c6c71af5360e06208
test,continuous,attack_fixed_continuous,attack,200,19,6259214419204108173,9442383015232684198,9864712807757906912,a06732dcbacf026c0ed84217d9e42a2aa837d29480c02f8734d8194fceeb05ec,986873404186c0993683d724af71ab139d1e05fd532335f10fd81d858e0ebf43,30,1375,142,1233,6.104248377780277,13.354248377780277,207.26666666666668,221.0,0.8953061317158629,0.10379185535389075,30,0,30,0,0,1.0,0.0,1.0,0.0,0.0,raw_runs/test/attack_fixed_continuous/level_200/pair_19.jsonl.gz,9171c99a532f9ca949cc0c913c453fa51e00fac7e9dea321d76d726569b87490
test,continuous,attack_random_continuous,attack,24,0,5274255389240652009,15014387500873148184,14600034074413921765,6f81f12e9a9c4a1ee19b2d38c0515088ec3ae7bf13f2f2a38fe60f687635add8,2d8224a83272a09c8a52f476178b4cf7a6a8eae2d18d6a7f3d11b8dbc674812d,30,137,13,124,6.194597052502586,13.444597052502587,21.833333333333332,29.099999999999994,4.391992014110892,1.0,30,14,14,25,30,1.0,0.4666666666666667,0.4666666666666667,0.8333333333333334,1.0,raw_runs/test/attack_random_continuous/level_24/pair_00.jsonl.gz,aaf4e46d98d6b5175b48805a066ac6a5897ba10ab8fbeed014a4c4c02c7c060f
test,continuous,attack_random_continuous,attack,24,1,6474713877111862370,18218316800924262946,10636297164465783562,07cd8bc8846c154d28f3b1ce52722c810051ca566e76bf452cbf57ce44a46311,8d9ee2f0a9e84ef2fdad90ef0296636ab2c874b49d6af6ca869a9e7d09fc2fbb,30,179,21,158,6.059661028066949,13.309661028066948,24.166666666666668,36.099999999999994,4.540185587529525,0.9987654320987654,30,16,16,28,30,1.0,0.5333333333333333,0.5333333333333333,0.9333333333333333,1.0,raw_runs/test/attack_random_continuous/level_24/pair_01.jsonl.gz,2cac1dff5697cdd2842839b437f2e776679d8a43c0a2bd923629f80d181f9c37
test,continuous,attack_random_continuous,attack,24,2,3553928651814727180,7774970940855440883,5271044004428351846,fa706994de5e0114fa246e4a29c8f9687109ac96f3cad56e38db24c422f761d7,0a52b09e10437059ccbbcf7e8bb4459110b1993ae3e15efd91eb4bf88282e4f7,30,155,17,138,6.143086554961546,13.393086554961545,21.233333333333334,28.549999999999997,4.371141857358265,1.0,30,11,11,25,30,1.0,0.36666666666666664,0.36666666666666664,0.8333333333333334,1.0,raw_runs/test/attack_random_continuous/level_24/pair_02.jsonl.gz,a59d142ba1ccbd3f4a757ceb208334268eb26bd5ccc039a84c317c3d5b55dcce
test,continuous,attack_random_continuous,attack,24,3,8713878134198056602,17210684182313449382,10981475605827819444,13d176713d7d991eb5669c0afec9eab0cd8802fac0f7579bc2b91b398e3a543c,454b16e06dc6bc882c2b58bc20869babf2a80d6305c57706ba236e3fc5bd15e8,30,182,20,162,6.105011898489584,13.355011898489584,25.933333333333334,34.55,4.645840733343575,0.991951679525209,30,18,18,30,30,1.0,0.6,0.6,1.0,1.0,raw_runs/test/attack_random_continuous/level_24/pair_03.jsonl.gz,43d20d037044981f4efa6b80428139bd1ea4041264feea60eb4df1f7f92d9515
test,continuous,attack_random_continuous,attack,24,4,2321089306315690618,15715962716480013879,2389085987371976512,e986d2033c59bca7438af126079b8100e1ae198c57fa77982d5c27ab6bafbacc,9a50f2a04aa33d980b6a63df6dd03ad71acdb6e42209bb78c88904d3ea5db2ea,30,175,22,153,6.052494772064169,13.302494772064168,26.766666666666666,29.0,4.707009893471,0.9845567999476046,30,29,29,30,30,1.0,0.9666666666666667,0.9666666666666667,1.0,1.0,raw_runs/test/attack_random_continuous/level_24/pair_04.jsonl.gz,04b0e3524863c3dd3ca8394435efa29a41fb5e6390d994a3ce559ab789cf347a
test,continuous,attack_random_continuous,attack,24,5,8845182802892067711,15927061754876500610,17751114028402481346,32ebf3b11e805b8b395927f1b4130b66fd9e64cb9b09ab5a05e929e9aadecad6,3fe0dd1cdc68c66519fe267f10784234d38c338a4d3984613b159832fb15675c,30,181,25,156,6.190030431836424,13.440030431836423,29.4,35.55,4.865170189269575,0.9980375180375181,30,30,30,30,30,1.0,1.0,1.0,1.0,1.0,raw_runs/test/attack_random_continuous/level_24/pair_05.jsonl.gz,1161b02ae0b6abf3603886cf2e9dbf50c847d9365b57cf22778fe71851744c23
test,continuous,attack_random_continuous,attack,24,6,2949316312643293065,14082473857851196443,3512431696159145677,0dd7cb10bfcbdcdee44f876622717d8edec4f668ff6b5c29371536c7c92e7d0d,c56b609950fdb1e23c5e5b8c96f97382dc676c3f01aba6cc969f66f81c6afad1,30,159,17,142,6.067214993855386,13.317214993855387,24.566666666666666,29.549999999999997,4.587678959069576,0.9910357598978289,30,18,18,30,30,1.0,0.6,0.6,1.0,1.0,raw_runs/test/attack_random_continuous/level_24/pair_06.jsonl.gz,e3e1e18d4651fa3987f6d91b073bbe80044edcf36230994330423b4483ea94e5
test,continuous,attack_random_continuous,attack,24,7,5685123771069856718,16031353033753044848,6939616793526292257,4c2437351bf808c5e626ca65058a881015c4fdcaef4d7e163e475fa0f2dd2de5,13cd0ee2b83f7ffc70b8635d7821bd75666e930bc7dc4f56f56df2589740326d,30,154,10,144,6.026945624084125,13.276945624084124,21.833333333333332,28.0,4.42210799067514,1.0,30,12,12,29,30,1.0,0.4,0.4,0.9666666666666667,1.0,raw_runs/test/attack_random_continuous/level_24/pair_07.jsonl.gz,d3ea606144a3002a8ddb06b44dbfe190e82e53d4759f6100be62d0fb93693665
test,continuous,attack_random_continuous,attack,24,8,892302016456819625,10650220714046566619,15085719510446225762,2e21a6f38338bdd78881120df198f48e798bd6b6171ddfa532dbabc74b2efaf2,f77f5c408509b099112d5e475ae6cf72b1312408f7011047f11fe0fff48bf8ce,30,153,9,144,6.098842190851139,13.348842190851139,21.033333333333335,30.099999999999994,4.3682453183330985,0.9986666666666667,30,5,5,30,30,1.0,0.16666666666666666,0.16666666666666666,1.0,1.0,raw_runs/test/attack_random_continuous/level_24/pair_08.jsonl.gz,587fbacd8c0aa304ecbd9da827391b8adb1c70c48b1eada3a74f82faecafe139
test,continuous,attack_random_continuous,attack,24,9,4379469355687760136,5132125539809160820,3826361328695394809,80f0254e1ad3ef1a1412f1d875889523d4f4626b6dee1c0965012a0d3d2466a6,369f3fba2c6ad4cdfabbd84bc088d7506e4ac66d325acb2439196bcee16725ab,30,163,10,153,6.151960273949927,13.401960273949927,25.3,34.0,4.6140698966299185,0.9930066329269228,30,16,16,30,30,1.0,0.5333333333333333,0.5333333333333333,1.0,1.0,raw_runs/test/attack_random_continuous/level_24/pair_09.jsonl.gz,3323faac2250c2b05b310bb938c5a7e5dbadc5a72413f71896f9cf042cc1ec32
test,continuous,attack_random_continuous,attack,24,10,3305485504433524465,11594913408255821544,917372692855461552,d7389d6bde0428720a7df8fca9cfb925283bb7af1cd0d4d941d3a139cfd12a4b,86545c9b76275a827b4816fa078f11deb1ea8b46a3c93eb05f74dedacc02cbb3,30,167,12,155,6.094142064944289,13.34414206494429,24.7,33.0,4.594069976962675,0.9948466280451574,30,14,14,30,30,1.0,0.4666666666666667,0.4666666666666667,1.0,1.0,raw_runs/test/attack_random_continuous/level_24/pair_10.jsonl.gz,6fc828c4c057d406287fb23594389336baf86970281207d839781fa4222ed65d
test,continuous,attack_random_continuous,attack,24,11,12970963081985540857,11161326003885433934,15484045470006254618,c81577edf5112805308f4c3e5d2ca182f3137b8242eb3e54bbab7caef9f203e4,8da62bb15c21725b2d2adcb618bfa2fccfc93899e52960356f175f36a0057c77,30,164,13,151,6.2481035051071645,13.498103505107164,24.033333333333335,32.55,4.544475537024829,0.9891349420983288,30,10,10,30,30,1.0,0.3333333333333333,0.3333333333333333,1.0,1.0,raw_runs/test/attack_random_continuous/level_24/pair_11.jsonl.gz,159905defc7d36a6117a86923569a1392c634b08c57afee43fd10c8e4f160357
test,continuous,attack_random_continuous,attack,24,12,17354426133336639490,17814275030682764157,2337858671538826517,0786aadf43f3eae5ecb77cdef8b49a33aa565da19925c12535c97b81bbfcde98,e6a05632637c29807779370f443c314411eaa2429185361265572f3452807c12,30,159,10,149,6.157628592017516,13.407628592017517,24.266666666666666,30.64999999999999,4.55506986245093,0.9863431828504292,30,16,16,29,30,1.0,0.5333333333333333,0.5333333333333333,0.9666666666666667,1.0,raw_runs/test/attack_random_continuous/level_24/pair_12.jsonl.gz,748e1add7c25eb7d490dc95af2d0ee5070c763965c53d2268e5c50062f0c17ad
test,continuous,attack_random_continuous,attack,24,13,929499694554295103,2470362723243134418,2750303705770589349,90e219ac3d23ec3451941ecd54ea8badb1ef76e62517e1d843c367dd7b561435,e945a1a57c130916fd7f3d45ca2cac6e9386c52ba4f60a28ba20824c5037209e,30,149,16,133,6.175042208022655,13.425042208022655,19.8,23.0,4.29000319466299,0.9967460317460317,30,0,0,28,30,1.0,0.0,0.0,0.9333333333333333,1.0,raw_runs/test/attack_random_continuous/level_24/pair_13.jsonl.gz,dc001d0c4e176ae84af2a564f189e8bd695c9bd9043d3debfb7ece4dffbe5486
test,continuous,attack_random_continuous,attack,24,14,14517353942880207824,15352747597855916772,1891501643884599609,aeb9655beeed29a4cce42bfbd9823ff75f811675ed48a9d35fda52265ba88866,4cc887ea308e2d554f5112d1adac145100c24c12470793d72f883de8b0fe5ae3,30,161,17,144,6.020722316785494,13.270722316785495,24.3,33.55,4.543495989974999,0.9946441222176516,30,16,16,29,30,1.0,0.5333333333333333,0.5333333333333333,0.9666666666666667,1.0,raw_runs/test/attack_random_continuous/level_24/pair_14.jsonl.gz,9d62193ac930ce77367eb79c621cc28db6732d24193bd90d88e079b3e4a188e7
test,continuous,attack_random_continuous,attack,24,15,14906247675353202697,14515981090157133639,15378463768935665537,1756fbd0353eb6b524447df713cfe66c75917157dd72e58ae1435bb96163b116,5192e350e12a8d53f980f066f9b7c3623112891f46b680d31fac6d202edc2e43,30,173,28,145,6.112445780669572,13.362445780669571,25.666666666666668,32.0,4.6610931966001505,1.0,30,20,20,30,30,1.0,0.6666666666666666,0.6666666666666666,1.0,1.0,raw_runs/test/attack_random_continuous/level_24/pair_15.jsonl.gz,5175b124c1824028c5f7a563fed25a328b5c155f5f4452b8743b346dac10e72f
test,continuous,attack_random_continuous,attack,24,16,5023607860423777729,387888889863381425,12904084807992104283,b655151b0aebd4a9e6a104ee0d254e573ed33f23fb7c3eac226baa9ab859bb9a,5ef95599cf075047d31f537f019e26be1b014945d7f8b6c36cb63601a74ad9b8,30,161,20,141,6.10869197497945,13.35869197497945,24.0,30.549999999999997,4.565024265999351,0.9983333333333333,30,14,14,30,30,1.0,0.4666666666666667,0.4666666666666667,1.0,1.0,raw_runs/test/attack_random_continuous/level_24/pair_16.jsonl.gz,bc0edc94d424f98329f42abcba7c4d282b974d487b1838770a186053879b52a4
test,continuous,attack_random_continuous,attack,24,17,1490974601967308036,15362337821839643668,11928977555922428888,43fa2674a7accbf0aadad9387fcd561a5456d9515cc99cd6a72ace9b4758fbb6,91d6d7f5148cae8c17e340ad6df088ba71c6a6c2383a7426e19e9eba6f5d5f0d,30,162,14,148,6.063946883748506,13.313946883748507,24.633333333333333,36.55,4.559903058970731,0.9890408442452452,30,11,11,30,30,1.0,0.36666666666666664,0.36666666666666664,1.0,1.0,raw_runs/test/attack_random_continuous/level_24/pair_17.jsonl.gz,69f03ce51cfa024d02bb2be5e439ff5e32d7fd709f89745685c27f42272b27b8
test,continuous,attack_random_continuous,attack,24,18,7362073525556726832,7306066794261590589,838940989419404283,e986de1a67b1a1ac908ce0f24be3fa8674d67f359a3564c6597c412402c076b6,7e68eb503b4dff6cd811254b2fb080dbefbb7838feed2416bc93cfeab8413f64,30,158,22,136,6.1444835717236606,13.394483571723661,24.7,32.55,4.590249550893781,0.9963403880070546,30,16,16,30,30,1.0,0.5333333333333333,0.5333333333333333,1.0,1.0,raw_runs/test/attack_random_continuous/level_24/pair_18.jsonl.gz,2ad319519b16918aed54f519760d91ba5083ad493ad9c52bb460e780319a9f21
test,continuous,attack_random_continuous,attack,24,19,16878414205353344989,13670941286917474902,13806487019574662764,80280399c851e0529bfa2a42e2955f00d60d29edcc2193cbdc586fcff7d696ff,2a4fe4ef421bc8259f9147816a35f8b2044320c4e10fbc851260fbf5b4566925,30,157,14,143,6.103084516976933,13.353084516976933,24.533333333333335,29.0,4.607969593221152,1.0,30,17,17,30,30,1.0,0.5666666666666667,0.5666666666666667,1.0,1.0,raw_runs/test/attack_random_continuous/level_24/pair_19.jsonl.gz,49c8d9603004df667df7fd925ac715de0a2e13ec9c0bd39f106309526cdf3a18
test,continuous,attack_random_continuous,attack,60,0,12055753219752071432,9214243546908858119,6155702029067630150,88032621414c061b90ed2dfe8afdf88cfd3ea0190ae316c863abd51b90bbbfc1,f58aa3eed0dfa6751d3514147afeb2006b57d0e5e51278934562ff44a049fceb,30,383,35,348,6.212800944695471,13.46280094469547,56.766666666666666,67.0,5.797396318972281,0.9895889171424354,30,30,30,30,30,1.0,1.0,1.0,1.0,1.0,raw_runs/test/attack_random_continuous/level_60/pair_00.jsonl.gz,f9877e7f6d40ade6dc477fb9b6c9e86f1127880b20ca9ae9d0cfc51927b8e6b6
test,continuous,attack_random_continuous,attack,60,1,8839336648511840479,10673283752536822424,4349247532347852348,b2a805ae170f5859ec3ef999f80fd39ecc7bd0b50a500e9d1104e9e2a8e01bd4,3bc32f6bce3264587ffff954fe2ce875179d83b9a916ec44516313a55157eb1e,30,398,52,346,6.188019813001288,13.438019813001288,63.166666666666664,75.0,5.920304040394336,0.9782639398659738,30,30,30,30,30,1.0,1.0,1.0,1.0,1.0,raw_runs/test/attack_random_continuous/level_60/pair_01.jsonl.gz,9c93dcb775b7da0d21de6c142ee5be23940f458a004a41a5b1bf3046e8e26e2f
test,continuous,attack_random_continuous,attack,60,2,319664382691450108,8425599047184436904,12623548514616611454,12dd30e3fcbd3a49b83a4bd48a1e01aa8188b3e00cbc9024cf84103a43793c56,398c744dbbbcaf40fea2b22b1663c7205d845cc6db4794ef72725ae99b135a0d,30,431,45,386,6.060261835122168,13.31026183512217,63.733333333333334,71.55,5.948646341515062,0.981807746767221,30,30,30,30,30,1.0,1.0,1.0,1.0,1.0,raw_runs/test/attack_random_continuous/level_60/pair_02.jsonl.gz,407d938c5ee3cd860530edb680a980f4419505484ee2feee8228d3fb5f331924
test,continuous,attack_random_continuous,attack,60,3,13836154008408628279,5160735939387224534,187554311995564873,5f929477ce19cce3d0215f36269984c31caa7516bb44bb18ea8410bb0f6d806c,fd58bd20837beeecca9286da0345f748daf935312970db1e5ce2bea842707114,30,403,51,352,6.130406516898415,13.380406516898415,56.5,71.0,5.782543942371244,0.9916230590087819,30,30,30,30,30,1.0,1.0,1.0,1.0,1.0,raw_runs/test/attack_random_continuous/level_60/pair_03.jsonl.gz,7d97251a9cac7f17f13be7d322ecff94b48bc9f778fbf363d601f6f085dfc2dd
test,continuous,attack_random_continuous,attack,60,4,11935645281803378086,10850879342782276294,11151835775515102199,be6d4624066ffe5c37f95fc30608ceb54fbfc1d1aad7785c4f0b024604272a0e,dc0001995b85085c06641b4a6ddecb3d9984299d6d36760a33b9766fae4fc551,30,421,43,378,6.051324569724875,13.301324569724876,64.5,72.0,5.986953968040818,0.9914870639603947,30,30,30,30,30,1.0,1.0,1.0,1.0,1.0,raw_runs/test/attack_random_continuous/level_60/pair_04.jsonl.gz,dd5080da455b0a71cf27ad2e62960b2c5dc32745380d5b628065b4efeb90d7a2
test,continuous,attack_random_continuous,attack,60,5,1757260870866604938,4146312056965225847,9077209245756810382,3eb19880aabec4b051c5466b0a77a9fb218f39d341167c80cf96f1f50b75ff1f,08db8b10817485c0aea429324eae393f3530e74716ffa333744ec5a18d67d4dc,30,388,33,355,6.007344082435379,13.25734408243538,57.166666666666664,70.0,5.778293191001468,0.9773772278204653,30,30,30,30,30,1.0,1.0,1.0,1.0,1.0,raw_runs/test/attack_random_continuous/level_60/pair_05.jsonl.gz,fdb3dfb22827069737372e2cc9e4252489af04976116a968d50e283ee9c6769b
test,continuous,attack_random_continuous,attack,60,6,3344941150479110178,5290337178899518715,8818103940414109005,61972c9b1222d5a82dbfbc25286e5fd877d7ddc720e3e97a7953bb8cd747cea2,f24b57181e7498761fb2703c13d7fc164b5bbe09dff94921c4117d56d7b02040,30,387,40,347,6.239736420820231,13.48973642082023,57.13333333333333,68.39999999999998,5.795840379963481,0.983299802144318,30,30,30,30,30,1.0,1.0,1.0,1.0,1.0,raw_runs/test/attack_random_continuous/level_60/pair_06.jsonl.gz,d8a913e974514830250665998c8f91c52702156b18fb0c2b38bdb6e149da8bd1
test,continuous,attack_random_continuous,attack,60,7,6419627319096885175,3009885920888390511,2722718692792741741,da53ed38c5837c509ede47a6776251c280d7c84370d725bf692ec88d0098f76c,aed8344d3417a6385f11585460c83f2f9d99ecda7fcd7fba66ee45e74aecddf4,30,428,53,375,6.165685079855766,13.415685079855766,62.266666666666666,75.1,5.934155566206517,0.9919513208740767,30,30,30,30,30,1.0,1.0,1.0,1.0,1.0,raw_runs/test/attack_random_continuous/level_60/pair_07.jsonl.gz,a9183130b72e1a1e6ec7c1bc5802c12c910e9885a57b0251d9a54b78437065e3
test,continuous,attack_random_continuous,attack,60,8,4542692740964769341,14469435378480644158,16100688896314528621,68802ecbba3b7e2e5cf56b26fb513bcb25fa8332792c47b74accdd80589cc913,c3a40aad11e502546946dd1d2c810b3d37e81556f019662ad7f77def240d87ef,30,403,44,359,6.116328526618515,13.366328526618515,59.6,69.0,5.848388997010459,0.9813534806517783,30,30,30,30,30,1.0,1.0,1.0,1.0,1.0,raw_runs/test/attack_random_continuous/level_60/pair_08.jsonl.gz,12fe5e0c3c623ade089e817cbb49f54b26778c7cff6518f28dd6941f9ac22e6c
test,continuous,attack_random_continuous,attack,60,9,17474522367531266523,2202058633778674764,15320904330408362874,c44520717d59bcc088c32579f327df82eaedb466d6cc8ac89755cdf2dc28aaf5,734210a0ac85a7c2682b120a22e70e4d3e08321a259c666175351d2bfd903a9e,30,420,41,379,6.080731402774736,13.330731402774736,65.13333333333334,70.55,6.004854303882456,0.9912841671619117,30,30,30,30,30,1.0,1.0,1.0,1.0,1.0,raw_runs/test/attack_random_continuous/level_60/pair_09.jsonl.gz,fe35b7c38bef7c904c093eae89f80d44bfbd1e722228faffad58a1ef013bbd92
test,continuous,attack_random_continuous,attack,60,10,4442364550062877907,2324713340149489347,4225873697911133208,945f94e2dc48afa4b31fa4c3301809045c643f8d18744757293a62f5833ef859,8bc3b1293a1deda5cb48f31c4357f5b7dfcbbbfeb9c7ff997129e9c1ea815051,30,396,39,357,6.096920760424488,13.346920760424489,58.63333333333333,65.55,5.860538080233456,0.9967303696622232,30,30,30,30,30,1.0,1.0,1.0,1.0,1.0,raw_runs/test/attack_random_continuous/level_60/pair_10.jsonl.gz,49ab455cfe16fbe320d4f1d49aa0e816c8385499ee8ac1b67af8144762fc9c30
test,continuous,attack_random_continuous,attack,60,11,17081000117766575483,11316276093277514577,9199786775301455269,1744ac4b1e1841c3489f60977bb403443b7e2231db0f0e33cc4fa710b90d321a,2d24d1f3fec4836b3a03d86e2fb791bcb3c70595926cd84af9db3b366cb994bf,30,381,40,341,6.142932046613686,13.392932046613687,56.333333333333336,67.55,5.787903869989268,0.992452543552248,30,30,30,30,30,1.0,1.0,1.0,1.0,1.0,raw_runs/test/attack_random_continuous/level_60/pair_11.jsonl.gz,4fe4353800859225848d9f5002452911193045e1416d275d338223f632f83215
test,continuous,attack_random_continuous,attack,60,12,8832631734345316595,10851382885812462550,16712540641595966927,049b6df933168736b2efc329996db17d859187f24c64c7e9c447adcfd6423652,468d6660990306da1c89bc105eaaea195640d22ac7d18d48ff33ad4ff3a7e24b,30,399,45,354,6.245351842467986,13.495351842467986,59.36666666666667,66.55,5.858252261694103,0.9865140575481425,30,30,30,30,30,1.0,1.0,1.0,1.0,1.0,raw_runs/test/attack_random_continuous/level_60/pair_12.jsonl.gz,9a9e23d16fe9c4b56d6e2bd4bbe5f933774f1c29862b8dcdc6c5d2ad918944ae
test,continuous,attack_random_continuous,attack,60,13,10028181195738753679,17377064598925272357,7028994179707150966,62f15bca750127fd467846c19c32059dd3356f0a82b9f7aadeed1de47d96ec74,b6a292fe7c0e02ce307591b8f3aaa42d1940b490a522c07c433b1c55bb12a748,30,367,37,330,6.089269975797674,13.339269975797674,54.766666666666666,61.55,5.743504287940807,0.9864215461418586,30,30,30,30,30,1.0,1.0,1.0,1.0,1.0,raw_runs/test/attack_random_continuous/level_60/pair_13.jsonl.gz,042bc1771d32d85cd0b2bae78a86ba16a6aef9bb31fa5fa8d0a6d296571fd15a
test,continuous,attack_random_continuous,attack,60,14,4821605639821782447,4223715041169017503,13138566628088674196,9af70b526f5f1cb5fd154d9e6724060bbcd536158eaa1192352b72d266f8b010,030c920f1ce99050e262cd07669ec9a636e649ccdd6866c1102e02bfb3a3e56c,30,387,47,340,6.012468099156788,13.262468099156788,56.6,61.0,5.77705643005044,0.9791245142428525,30,30,30,30,30,1.0,1.0,1.0,1.0,1.0,raw_runs/test/attack_random_continuous/level_60/pair_14.jsonl.gz,40a0ae198d5a609631cf237b2f962aefee0a7054a7abd5436938a61bc1201a04
test,continuous,attack_random_continuous,attack,60,15,11853175302378749387,6720599183677307609,8379585697419057157,111216d74e3cbec985f70737fde8d0d7ed6748c0babfdc689a0b728f848ce175,0a22a8f3f444a598dae9d73f47da9519c06e7844a5415af4ed542cce03af485d,30,417,42,375,6.1105681327278685,13.360568132727868,64.4,71.0,5.960718703980013,0.9779156590407495,30,30,30,30,30,1.0,1.0,1.0,1.0,1.0,raw_runs/test/attack_random_continuous/level_60/pair_15.jsonl.gz,a766bce8e124ce247d96c4814c9fbcca3e036234b2b7b76e66edc5855fcae3a7
test,continuous,attack_random_continuous,attack,60,16,12616534501666573552,12627197480071288338,14367465294706707592,3c3d32f5ab2ea5f00c2b5b99abc53f264cd0cd5cfc4b62e0ef7cddd718ee0920,f823a814ff99bc42eeb299477b274bf0eed24bcc90b91dd8eec711fa4453aa3e,30,386,28,358,6.0602187070685005,13.3102187070685,61.13333333333333,67.0,5.904481607049921,0.9867520237297741,30,30,30,30,30,1.0,1.0,1.0,1.0,1.0,raw_runs/test/attack_random_continuous/level_60/pair_16.jsonl.gz,ae35dd245979ae37ac2ec5b2ddd687c404041b8117fe39f56576899a9ba42e6b
test,continuous,attack_random_continuous,attack,60,17,11801157881835141813,9336715141020142115,9429495770013601243,052fb59ce18e66c6d045b8e7021c3dbbd4751d0ab05d5f21aa514949717242c3,2ff182c80726ddc6d90667fb697efb235009a499dfbf8f2f20f3fb6dd74a2f3a,30,401,44,357,6.081127742005406,13.331127742005407,60.766666666666666,71.55,5.906849011607419,0.9953539368400561,30,30,30,30,30,1.0,1.0,1.0,1.0,1.0,raw_runs/test/attack_random_continuous/level_60/pair_17.jsonl.gz,336919db6397a801d988503c500b5ee846682b4a44e247fa738eb1a5215049d2
test,continuous,attack_random_continuous,attack,60,18,860134680128116760,3080095973261707755,1088813104341094993,8daeeb367d90bd1c0bc21dce511ede3cf0a42f9d547cc5e022485d13ef229f3e,40032425c7ba25ea892942b90b05d46435a7aa94cac3ebb2ba71343e2684f9a7,30,406,40,366,6.109167597864794,13.359167597864793,60.96666666666667,75.64999999999999,5.858001067094923,0.9792980922438063,30,30,30,30,30,1.0,1.0,1.0,1.0,1.0,raw_runs/test/attack_random_continuous/level_60/pair_18.jsonl.gz,92e6945ad47b9263a77087ab6d32b211fb4c473386d6dc9356024ff92c5961f3
test,continuous,attack_random_continuous,attack,60,19,2765256529201453566,10660716801522912321,7171717682939879865,e9a72d10808667b2c861232b4e1b8ceeef38d728ca796c7b4dd8c9d674b52eec,c186765f7eaa682518f695b9c463060ed61ff173bae780870095e6d57106c13f,30,391,53,338,6.141375162979009,13.39137516297901,61.43333333333333,73.1,5.902033506997693,0.987117551349629,30,30,30,30,30,1.0,1.0,1.0,1.0,1.0,raw_runs/test/attack_random_continuous/level_60/pair_19.jsonl.gz,58d063538058a354689056348b9800831a9967fd4b45a087a2d3c7c4f67ced2c
test,continuous,attack_random_continuous,attack,120,0,8377203359892070172,3454123631777269297,15462346451740059128,31225309c68c4576da0c35d6fa41c2e3bc8b7eb558190f5c9f708ec14a3841f6,5f3eecb479944bb289f2bb08c39832462ab861dfd296d8760f7d1aeb8e402ef7,30,825,77,748,6.2026519864455345,13.452651986445535,122.93333333333334,130.55,6.866838099739572,0.9637914284114814,30,30,30,30,30,1.0,1.0,1.0,1.0,1.0,raw_runs/test/attack_random_continuous/level_120/pair_00.jsonl.gz,ce9579c4aabc8e9b65db0f0a56039befcff29872b49f6cf5cd5308254b06af08
test,continuous,attack_random_continuous,attack,120,1,16977730830662377644,16574041771284837851,6869946647725482885,cf5bd453227cdd4275f5392e125d9fbb0ae4cc680484e7dcfb31d5998c545b0d,04a70eeee4102665aa1c57993e75dc2f4b59aead44cf3f8b95568a794bc91b41,30,770,78,692,6.0434501274697565,13.293450127469757,109.43333333333334,134.55,6.707467751720368,0.9713380762110242,30,30,30,30,30,1.0,1.0,1.0,1.0,1.0,raw_runs/test/attack_random_continuous/level_120/pair_01.jsonl.gz,43adbcafd80428409a2a3064fdb7538dfc2008bb8902eb30c4ff330a5130501a
test,continuous,attack_random_continuous,attack,120,2,17474291979858848990,949583169032656942,14251519227911602442,a10708ca2b044e72896075bda544c502b5ec21b62c8cd561f00d3b813f69e36d,294643686019ea571e7737f395f8e20c1dcb89b78629403a9522644e8628bf6b,30,795,83,712,6.052861110369404,13.302861110369404,115.6,136.75,6.7858631024419225,0.9731020901669306,30,30,30,30,30,1.0,1.0,1.0,1.0,1.0,raw_runs/test/attack_random_continuous/level_120/pair_02.jsonl.gz,1453845ae031776ef841ab87fa843f0c608d6916cad04b889925b453dcde2fce
test,continuous,attack_random_continuous,attack,120,3,10328863206529592231,11774122508544598813,13157129810182144073,2549b6f7ec99c6ca4aab54e508bfcee95e92ca468865e224d24423715ae6cd6a,9d5e671d7edb62638214baf078060319461bc1b89be255ab87b72213a7715a61,30,818,69,749,6.017009449812901,13.267009449812901,124.53333333333333,143.0,6.88914167878458,0.9677186912999574,30,30,30,30,30,1.0,1.0,1.0,1.0,1.0,raw_runs/test/attack_random_continuous/level_120/pair_03.jsonl.gz,04ec092aed4b9f1f8e8b17374242f06f5d924733451458af8637332507fb699e
test,continuous,attack_random_continuous,attack,120,4,15059701741148047822,12981834254827585149,15236398849936588258,7c6e5e5c432311f7f14d6f7d688129d9b3af5cce3c178552a0568af6e53e76ab,50dda0c74d30ca3c387f48aab061e2af25970e774f557a215cbf9142f9727b2d,30,759,77,682,6.007936049188819,13.25793604918882,114.16666666666667,122.1,6.798017401916446,0.9826743187974051,30,30,30,30,30,1.0,1.0,1.0,1.0,1.0,raw_runs/test/attack_random_continuous/level_120/pair_04.jsonl.gz,9ea307ae5067c7723a2cf9f269cf18433b649677b303e08ad34e65bfb1a52d16
test,continuous,attack_random_continuous,attack,120,5,7723432460910292314,14143399362503015316,2561301003922006541,2f905efa54e68804429804df113071a5170959b34105271721dcd3c295c74393,3412d131c52880948fb0891e02d44a8d6f8d6f83f14aecb559555f527e28b457,30,813,95,718,6.02197612093489,13.271976120934891,123.46666666666667,136.0,6.888316171352231,0.9721177073765616,30,30,30,30,30,1.0,1.0,1.0,1.0,1.0,raw_runs/test/attack_random_continuous/level_120/pair_05.jsonl.gz,d973f6f3af2c860aa2631e51ee5bb895d1920f2d65053b9143ff77954531aad4
test,continuous,attack_random_continuous,attack,120,6,16312610755683342315,4132740184489374292,12498724449326466826,bc3cd001ec581eaba223297f2e6068dcffce6ead538a181f97340902e96e5560,89ff526dcf0a5fe75e663775a6b76daa77c684e70f72d7bb40a889170b60c9f9,30,773,73,700,6.088068532309071,13.338068532309071,117.46666666666667,132.1,6.808544895048796,0.9700071185937376,30,30,30,30,30,1.0,1.0,1.0,1.0,1.0,raw_runs/test/attack_random_continuous/level_120/pair_06.jsonl.gz,f5b0e347a22602b77620178778f75d6d8b9ac7e6366cc86535766d4c34dc799d
test,continuous,attack_random_continuous,attack,120,7,6150188156210431558,14449820104385269486,15359404157905338767,54528ffdcee44d0d962cf49a97074524db9fcccd54c3bd432b8538deeea994c2,2caaf6e4d46b62b3a5eef8bf2dbf5ec31a69400eb44777345d9c367659c87033,30,783,73,710,6.182594973848276,13.432594973848275,110.93333333333334,121.64999999999999,6.746250058444115,0.9775730031551426,30,30,30,30,30,1.0,1.0,1.0,1.0,1.0,raw_runs/test/attack_random_continuous/level_120/pair_07.jsonl.gz,8a8134ee6383a61c1ccdcfcce5b6c5864ac27b17e7357f45cdd07a6c9d612362
test,continuous,attack_random_continuous,attack,120,8,14255591453641436147,1533279152722602806,9048917713855162294,b2b18ad660ecdccf2155266a782173d83886dee049a2f8b936f73e5fd1dd5f6c,23c56ac0dc1368d47e009fc6ed04446a4d5ed7631c8230ea42b040e0c209eeb8,30,787,76,711,6.024949200125141,13.27494920012514,115.63333333333334,143.55,6.809952143287074,0.9826982113059515,30,30,30,30,30,1.0,1.0,1.0,1.0,1.0,raw_runs/test/attack_random_continuous/level_120/pair_08.jsonl.gz,ad9875421956e0013bf2012b45a5aad490b905fee6a8d05e15f928f590843f06
test,continuous,attack_random_continuous,attack,120,9,4410485485139951129,175659314155868336,11766361343614182558,f3719efb0179a7e339dfabde9ef25a977f347b3a7d929a0709b8fa8753371b8c,a44a225c2a3721231b62f2a3ebcb69a8805a0307ead5a06679fcccf971edfd5f,30,796,79,717,6.1914544056990835,13.441454405699083,114.4,124.55,6.770146224159228,0.9671385620398547,30,30,30,30,30,1.0,1.0,1.0,1.0,1.0,raw_runs/test/attack_random_continuous/level_120/pair_09.jsonl.gz,fbc173c9d56b5e6d8af1a695e42fd02f63d45d011939459ca307533ee353a24c
test,continuous,attack_random_continuous,attack,120,10,743702014842193359,14638614775406783373,4530429168603147609,9acdafc4d583b9f58dbad9c315c5924fec836b86ce743e75212005f22cc78a7f,9d06bb698bb61e5af42990f8927c21eb970a145672f62b3ece7fdcf19bc0906a,30,789,99,690,6.054098441834665,13.304098441834665,122.3,132.64999999999998,6.885546440376694,0.9773060976252979,30,30,30,30,30,1.0,1.0,1.0,1.0,1.0,raw_runs/test/attack_random_continuous/level_120/pair_10.jsonl.gz,fe91304aca1d901412afc57544d44afaf6486bb42dd033b9e4235713a21ddff9
test,continuous,attack_random_continuous,attack,120,11,6937732872999664108,11747685142109483282,1277535323545207884,331d24692ec9bf7aa69bfe04974cad0625020fa84d6424de183fd18ca91f7201,cb7f408774a56f3b2709f7e5c6c5fe33d65d58cda32c807dc7f089909e2b4035,30,811,79,732,6.080600204929572,13.330600204929572,119.33333333333333,131.1,6.840325121181502,0.9728325533894281,30,30,30,30,30,1.0,1.0,1.0,1.0,1.0,raw_runs/test/attack_random_continuous/level_120/pair_11.jsonl.gz,dd9db380a70545adb0e4cd92ab68d8d2944acbb64aada237337a5c62a090187d
test,continuous,attack_random_continuous,attack,120,12,318235669795214381,7455951692569321731,715067757391439485,9f507620b34d314f88a5b27488b900d13e15126406f1a4fc524ba83eccfee815,de88ff62d989e134fab86cd690d077426ef80aa1c9695457499f133ca4513dbc,30,807,68,739,6.123950836984667,13.373950836984667,116.36666666666666,123.1,6.812889149261963,0.9761983206122921,30,30,30,30,30,1.0,1.0,1.0,1.0,1.0,raw_runs/test/attack_random_continuous/level_120/pair_12.jsonl.gz,f8aa2c495e1d49cc897d87cb422f42b1f6d435ae1cc7e8d0c00608d27c03f876
test,continuous,attack_random_continuous,attack,120,13,5963114150740161007,12572808009116746492,1069389618195919496,90e71693ad9654f0dbbeefc43ea36d539f4a8fc8f457b06bd5b8913efaa23588,716373001684723bbb77fe17dbbe9b6ba36037da49e74348ff090ed61b107d2c,30,815,82,733,6.059467103547272,13.309467103547272,116.73333333333333,133.75,6.81034943528071,0.9738723404173001,30,30,30,30,30,1.0,1.0,1.0,1.0,1.0,raw_runs/test/attack_random_continuous/level_120/pair_13.jsonl.gz,008cc23cd3f8e65f2aa3486ad019b3f090ff8fb06fd26682349f1fe973b7b6ee
test,continuous,attack_random_continuous,attack,120,14,5921354361794523497,5972561165925497729,12068164445283882028,29a82b03cf057f41549c04377894119ff57478d6d0cee9c4ae27bdbb38c3c7cb,b963a89f270e0af9ada5d15fcbcebaaafefd17da1a41fbc57c51f1f844dbd704,30,837,98,739,6.009162122583685,13.259162122583685,125.8,134.0,6.895300108314498,0.9619427706430231,30,30,30,30,30,1.0,1.0,1.0,1.0,1.0,raw_runs/test/attack_random_continuous/level_120/pair_14.jsonl.gz,0c6fc166fc77cbaa05f0a4935e2e596ee7c02f154a6e8aa27a47d5126b5c908b
test,continuous,attack_random_continuous,attack,120,15,6840726219925807843,12649960720818103437,5711160007966780847,0f34e45c08e4f89a917bd4bd30a81cef64c82cde41b6a02e9fafba1c58228f22,af6f6c51c44da8e6a99742e8e08a90eb95731ccd451bba5665cb8fedcfa2e268,30,752,66,686,6.010475163655674,13.260475163655673,111.7,121.55,6.736351344012648,0.9678850959340822,30,30,30,30,30,1.0,1.0,1.0,1.0,1.0,raw_runs/test/attack_random_continuous/level_120/pair_15.jsonl.gz,b521e1999cc43ea790cea94c24a529e5f434d0cc2222acc101886acfe8046e29
test,continuous,attack_random_continuous,attack,120,16,17059881575728195470,12962201300728633190,16167232371012334,42e6c29224c1092d014345097e6d11798ab12ea4aa8e2c4dd4daa2888d62a0a5,addd712f448b3b1972cbbd226589e08b0fc4175a2b9b92143491b19e7332689c,30,808,73,735,6.136196256751553,13.386196256751553,122.1,131.55,6.874541338161652,0.9728593397154618,30,30,30,30,30,1.0,1.0,1.0,1.0,1.0,raw_runs/test/attack_random_continuous/level_120/pair_16.jsonl.gz,41445fc3fb04f213f7be9dd3cfe7cbd14249f04d1a93b521bdb150952ad94b59
test,continuous,attack_random_continuous,attack,120,17,10475107289356059551,8651585788118722659,6708121133589494715,7c6109d309e93ded5c173c1df29088c0292cfdaa30ba219201869d9ff09eaeeb,518125c7a7d3275a56e84de22b18922901264f556f1e88a56df04ea100cc537c,30,815,81,734,6.216809479138272,13.466809479138272,121.86666666666666,130.0,6.851721767718559,0.9633671537705445,30,30,30,30,30,1.0,1.0,1.0,1.0,1.0,raw_runs/test/attack_random_continuous/level_120/pair_17.jsonl.gz,04d71fc481c5165f2f8c6d44f0000b38b87a597d39e4d774c953bc17d7ee0cc5
test,continuous,attack_random_continuous,attack,120,18,3846968442796898447,10403517115914327744,17195919542424563317,625db13d18fe79d78cf034554556aa057add7a444e0a58d27eebec0ad8c8f5f5,2008d17fe9e61ba97611e417ae0305156898ef55114a2a3abceb4494d75a18b5,30,814,77,737,6.081801653201673,13.331801653201673,122.1,141.1,6.872468730811396,0.9726257558468551,30,30,30,30,30,1.0,1.0,1.0,1.0,1.0,raw_runs/test/attack_random_continuous/level_120/pair_18.jsonl.gz,aada7cb1c8d160affd43f346847d88b05e7408896a7fd34acd4f5b155e663f96
test,continuous,attack_random_continuous,attack,120,19,15827488436496725697,448282165503569617,883327793831156221,48e7e2f72d213d84b4b58c33786bc1fa52f890f907247fa97a2e497651cfdb9f,1a610500dd0e3eee59c524dcf74cd763e923843a5fb66b62fbfd0326c8f20d3e,30,774,71,703,6.141337114743804,13.391337114743804,117.13333333333334,138.1,6.806713734204392,0.9710290659524526,30,30,30,30,30,1.0,1.0,1.0,1.0,1.0,raw_runs/test/attack_random_continuous/level_120/pair_19.jsonl.gz,9f80f863d10b6195ad02f245d4d941e59249c09380e120e96590ec3d1f440ded
test,continuous,attack_random_continuous,attack,200,0,3305879775677813233,10421308348587540143,14022464508462034129,65665a43023d0e3eba16ae1a97909fb479e5603571ded5866aa1cdebabad2142,a5b71793a7b12d970856455bac10f53d0eacdd955771064558c06ddab307a605,30,1345,134,1211,6.24795365588724,13.49795365588724,196.63333333333333,234.1,7.519186540992792,0.9534244362119343,30,30,30,30,30,1.0,1.0,1.0,1.0,1.0,raw_runs/test/attack_random_continuous/level_200/pair_00.jsonl.gz,8be8a6bced1d6485b576b3f90cdb3eeb5a8f45cd943fa0acb77b0d67728c3c6d
test,continuous,attack_random_continuous,attack,200,1,11965773264084442328,8727095041189310502,10399411084662740060,4d664fc33f847e6696a790b7f4bedd85419df8c853979e158ddbd18bf3c1eefb,dd866e650af2b3ebb309d620dd1c2f50b1823f38793268f95b75e69196db2def,30,1400,123,1277,6.170198780649708,13.420198780649708,210.63333333333333,234.0,7.5974501681670485,0.9431810331145641,30,30,30,30,30,1.0,1.0,1.0,1.0,1.0,raw_runs/test/attack_random_continuous/level_200/pair_01.jsonl.gz,1fc2834d2586b198b5d4adacedfd94e71d81024fec630e4706453ea83ecd5d56
test,continuous,attack_random_continuous,attack,200,2,18325105054551786770,7064399210547045580,16398103601312617202,26d0732d77ff00138362886f6e2f495fa12f8644b88ee5e8f0c6010f236e9ea1,1d05b34a55279e34bb004704a88e335f2b455a94c5b345a15803b0dbdcec2a94,30,1351,122,1229,6.238696724756045,13.488696724756046,198.53333333333333,219.64999999999998,7.53976443949955,0.955745713446639,30,30,30,30,30,1.0,1.0,1.0,1.0,1.0,raw_runs/test/attack_random_continuous/level_200/pair_02.jsonl.gz,ae2f650eeaaab78f20b67ee93e606b8ef6cdc94218d539ec38fde3f73438e912
test,continuous,attack_random_continuous,attack,200,3,2706547891802339268,12565575302086033423,5163881709750303036,870c6fb75cf333886d00946e1e2462dc70a5ab76e9b26f231f4ae631d4b56731,dfb89a5d77c616fbb934d5d28542417139c9d132e183d7c77237885bca837828,30,1391,150,1241,6.1593309519028026,13.409330951902803,203.96666666666667,221.1,7.584947743986763,0.9578693962464838,30,30,30,30,30,1.0,1.0,1.0,1.0,1.0,raw_runs/test/attack_random_continuous/level_200/pair_03.jsonl.gz,9f18d03418bba7bd5b3f0d5ee0622074bab6277a1ed3861feff1183082bdd9ff
test,continuous,attack_random_continuous,attack,200,4,5380016248454964302,3694083526017213416,3213973239476958026,df142b50a2f70197e0d680383736c7a5391f21649a543e75e8da17137faffbca,38c16713b4be57f671254dda079182a728fbbaa9b5af54ddbead4cfe8821ec75,30,1328,127,1201,6.212387741854516,13.462387741854517,202.23333333333332,216.2,7.578603139246229,0.9602505715120764,30,30,30,30,30,1.0,1.0,1.0,1.0,1.0,raw_runs/test/attack_random_continuous/level_200/pair_04.jsonl.gz,655e452040365c41dabf21351df2933bf567dfbf5375f8ffbb4130ec771325c1
test,continuous,attack_random_continuous,attack,200,5,8188740890578337911,6615532565649476703,13776693072771037810,d119d1ebe3fb8d48111bbe392edcfca7ff06c2b185aeca32d5d0284855ae8f81,17165c7002dd6a8cbeb9db781869057908850f236eb2eb0269f41015e6707c96,30,1328,126,1202,6.157481472613676,13.407481472613675,200.66666666666666,208.1,7.5658650510375,0.9593447422143154,30,30,30,30,30,1.0,1.0,1.0,1.0,1.0,raw_runs/test/attack_random_continuous/level_200/pair_05.jsonl.gz,e5ca776cde3d93abca30d79884fa49538d88e5caefc02c23c209f26dbf63937e
test,continuous,attack_random_continuous,attack,200,6,11156434581171536795,4136638949697257322,1675260335228649058,3d3565b09228a73412e2b4797984a9cf3144b291400bb4d3a962615e17861bcb,123968ee55e442d3117267ce4847af91d455daf94909994f5d2b8f3caca8cba6,30,1321,118,1203,6.026749851195157,13.276749851195156,198.06666666666666,215.75,7.527896465832358,0.950404089867931,30,30,30,30,30,1.0,1.0,1.0,1.0,1.0,raw_runs/test/attack_random_continuous/level_200/pair_06.jsonl.gz,e468276e5e4863bb6900efdd2d2d39a87aaa81c9fb234f400c6a4373ada69c50
test,continuous,attack_random_continuous,attack,200,7,14463190566117325287,17107551952184837091,1710166856361347880,4fafd57fb5f23f7c80f0a170b454c2cd98f64e2b4ef0ad7a63a0a0f6b5ab9699,4ccd9a68ceb9fc67042e04d598a9cad2e3f1b32d603c1cb2b19a586c44a339a1,30,1334,125,1209,6.123123255424631,13.37312325542463,196.73333333333332,223.55,7.505991734889041,0.9465032764372207,30,30,30,30,30,1.0,1.0,1.0,1.0,1.0,raw_runs/test/attack_random_continuous/level_200/pair_07.jsonl.gz,bc024c4e84b68ccab8a0ca4359626dc93e6ef19d0bbb42fd706e43b787d7f924
test,continuous,attack_random_continuous,attack,200,8,16195968407897823456,9995507322886959644,13461809875512779547,4cec955152eaf3eb4c276d412fb7e7cac048c985543986e4834f71b4fa379da8,8239a7ad38f7f869a5b6eb2f7d6ed789d5bd976b2b0cf1617b65075340a33fd2,30,1315,126,1189,6.114049540250361,13.364049540250361,199.83333333333334,221.0,7.537338683489121,0.9506179280312943,30,30,30,30,30,1.0,1.0,1.0,1.0,1.0,raw_runs/test/attack_random_continuous/level_200/pair_08.jsonl.gz,efb6f22bd32f872d84b048b989be4bfb823384d70d7c7ea1bf84c04cb62caf7d
test,continuous,attack_random_continuous,attack,200,9,7420720521770374408,2465067361418340396,2278124128773684536,f5f80049dcd9f6e6f89bd12453a2d8c8b31619e0804657b25e62b631060727c9,ae79c5cfbd65af01779e69de033907c6a651476caab5b7789975c55af036baeb,30,1312,130,1182,6.12631336198363,13.37631336198363,192.7,216.2,7.483984964627555,0.9496471861911211,30,30,30,30,30,1.0,1.0,1.0,1.0,1.0,raw_runs/test/attack_random_continuous/level_200/pair_09.jsonl.gz,0551bca68ba18efa5341fb379d6d44c27b39da05e453a5838243c03824855485
test,continuous,attack_random_continuous,attack,200,10,5878993358639171811,1397690522937504700,9481413623484373986,999a85698994a31437f22db4194f4ca90006b38b861a9a4c672768702ac72d69,06a92a00b1b64979d9b2987fed3b7056acd5fc0e8524c9bd8d03eeda52caeb38,30,1307,126,1181,6.228007532965487,13.478007532965487,195.13333333333333,212.1,7.519669160240048,0.9577953205419636,30,30,30,30,30,1.0,1.0,1.0,1.0,1.0,raw_runs/test/attack_random_continuous/level_200/pair_10.jsonl.gz,569fbb42213a6919ebd9d082486c2fadf240c17b9bbf98901bec666db987ddf7
test,continuous,attack_random_continuous,attack,200,11,14014917943405241459,15639064061822942779,8771861145614581726,a120f690eb0e88f7db782d67d443af9d5e5f221720b17c75a19e8ad970f05d77,18e0f0577b6fe3186094dc8436eb6ea6655dd635cb4dae2575867fa4109f48d4,30,1337,145,1192,6.073977129668739,13.323977129668739,194.56666666666666,205.55,7.509460383727419,0.9541670090749758,30,30,30,30,30,1.0,1.0,1.0,1.0,1.0,raw_runs/test/attack_random_continuous/level_200/pair_11.jsonl.gz,93fa9aa7748034f4d7ef3e0f5d119ead7c3c8ce31816134934132cd24082d817
test,continuous,attack_random_continuous,attack,200,12,16917716329140676774,3488760609135040061,11450025230581069205,cdd6908ad52e612e6048c785a4bae01913f83a4baf249796016983e7bcc50236,10b4ed85274a58f8a3fd99f92903a6db891744308c92653ba99b9d5ddc8f1b00,30,1331,136,1195,6.108001044223623,13.358001044223624,198.96666666666667,211.1,7.494453388837903,0.9307706276819698,30,30,30,30,30,1.0,1.0,1.0,1.0,1.0,raw_runs/test/attack_random_continuous/level_200/pair_12.jsonl.gz,28cb00c801963c7542c05d27dc3db6619e2c6647b4843a0301be84f80bca5313
test,continuous,attack_random_continuous,attack,200,13,7464805818551332891,3594028296982437660,10401759486711774120,6d00417f0c196ab69528d579aefa4a3c70c0b18d11cf7770de700e949e9194bd,bbad27756b8b33c3ebe0b0e37875fc1feaec7b6e338b826a205fd6226a0942a6,30,1280,122,1158,6.011351901710134,13.261351901710134,198.16666666666666,222.95,7.533996517350543,0.9539907260152308,30,30,30,30,30,1.0,1.0,1.0,1.0,1.0,raw_runs/test/attack_random_continuous/level_200/pair_13.jsonl.gz,613c52375123f1cdf01c1eeb826d2124ee0ccacf56a87e09f66869f8baf6f93c
test,continuous,attack_random_continuous,attack,200,14,1452719303974328239,12096775087322271447,1413927459667174494,6e0abcffc7fe35a67a3f34daedd7feffb30a4ea93136115437795591decb8950,76fb3e05e30d8292a0250a17147576c647f40c8c0adae0747316389a59dc7b29,30,1345,150,1195,6.14466914188646,13.39466914188646,201.03333333333333,220.55,7.547261097422752,0.9510522067953738,30,30,30,30,30,1.0,1.0,1.0,1.0,1.0,raw_runs/test/attack_random_continuous/level_200/pair_14.jsonl.gz,bab98e94899526adc31f5c01175dc83df111769f32bb63b8387658eb3f5aa785
test,continuous,attack_random_continuous,attack,200,15,10545419444575691520,10913551492580424201,5391208288021840422,1283b921cf5ddfb893e754c1508052ac10ccdfc3227135df0572d7c8b3e22f68,41aa1559fb106c348821079980a211a181685441e482a7b80f7b764f83edd992,30,1358,136,1222,6.073601321081953,13.323601321081952,201.56666666666666,214.64999999999998,7.569264461584507,0.957759340781516,30,30,30,30,30,1.0,1.0,1.0,1.0,1.0,raw_runs/test/attack_random_continuous/level_200/pair_15.jsonl.gz,033f07ea4a0e8a99f3f97b156125ea0c47fdd4b93196ba78196dfdbd930cf041
test,continuous,attack_random_continuous,attack,200,16,16924871886836409043,13164511343039614138,2622952827705597686,d1aa2ccb49c92333ab695f84f75cc61063052bb56d8098e2a93d8de01094eb90,76cdfeead7b29271489722c6c2e3ef816cdb62b9f350bdf1b00e852facc1c401,30,1324,134,1190,6.008238262046109,13.25823826204611,196.93333333333334,216.64999999999998,7.489887159398069,0.9372812428247985,30,30,30,30,30,1.0,1.0,1.0,1.0,1.0,raw_runs/test/attack_random_continuous/level_200/pair_16.jsonl.gz,43fcff22762b5157df7a15b344de855f9abd1888b44dd8378dc92694d6d5fcf5
test,continuous,attack_random_continuous,attack,200,17,16212361361642675651,6376889248889209352,13229407138491861670,cd1e12661c24339b94e64fd606fec9e7b8fc0995b35b0732787eccb0cf1f1aa2,0980dcdcf29c0d5bd654f1d917b45a1c6f8079af3063e9f394b334e162ee57a2,30,1416,136,1280,6.1809025969794975,13.430902596979497,209.83333333333334,228.29999999999998,7.621882551553995,0.9562577215139084,30,30,30,30,30,1.0,1.0,1.0,1.0,1.0,raw_runs/test/attack_random_continuous/level_200/pair_17.jsonl.gz,ec7ea61ae5b151911cf0d1c87bc94082054ce94e0861a0c31142602dbe8954f2
test,continuous,attack_random_continuous,attack,200,18,1713736422933491290,17976316930641060919,15664597631521588063,9959c3ba272dcb2d8597b52748aa0c9e89bbe42434639c2793c9ffc53182b90f,a7387ed81dfe8a5ab399300f4088d9ecaa03233bbd9c9ec0173c7fdeed82b151,30,1361,139,1222,6.059943681230951,13.309943681230951,209.8,220.0,7.613589519479111,0.9510774532275484,30,30,30,30,30,1.0,1.0,1.0,1.0,1.0,raw_runs/test/attack_random_continuous/level_200/pair_18.jsonl.gz,1d636ace1e2e871cbd1217389cf3270bb6f6fda0cea3f455cbca1dfb443b95c0
test,continuous,attack_random_continuous,attack,200,19,6259214419204108173,9442383015232684198,5355095803756080961,a06732dcbacf026c0ed84217d9e42a2aa837d29480c02f8734d8194fceeb05ec,986873404186c0993683d724af71ab139d1e05fd532335f10fd81d858e0ebf43,30,1375,126,1249,6.104248377780277,13.354248377780277,207.26666666666668,221.0,7.593854337508083,0.9509786458885677,30,30,30,30,30,1.0,1.0,1.0,1.0,1.0,raw_runs/test/attack_random_continuous/level_200/pair_19.jsonl.gz,7613a8b6bd77f09b6770e7ce1ee750231bee651526ac8348518039b7542e0f5c
test,continuous,attack_sweep_continuous,attack,24,0,5274255389240652009,15014387500873148184,7138974988382804004,6f81f12e9a9c4a1ee19b2d38c0515088ec3ae7bf13f2f2a38fe60f687635add8,2d8224a83272a09c8a52f476178b4cf7a6a8eae2d18d6a7f3d11b8dbc674812d,30,137,19,118,6.194597052502586,13.444597052502587,21.833333333333332,29.099999999999994,4.391992014110892,1.0,30,14,14,25,30,1.0,0.4666666666666667,0.4666666666666667,0.8333333333333334,1.0,raw_runs/test/attack_sweep_continuous/level_24/pair_00.jsonl.gz,c7a5c0abdc4ac84ca3bd9f6d77a66f29412e61bb7a7a0a39c168be7398743ac5
test,continuous,attack_sweep_continuous,attack,24,1,6474713877111862370,18218316800924262946,2017939117138284069,07cd8bc8846c154d28f3b1ce52722c810051ca566e76bf452cbf57ce44a46311,8d9ee2f0a9e84ef2fdad90ef0296636ab2c874b49d6af6ca869a9e7d09fc2fbb,30,179,21,158,6.059661028066949,13.309661028066948,24.166666666666668,36.099999999999994,4.542654723331994,1.0,30,16,16,28,30,1.0,0.5333333333333333,0.5333333333333333,0.9333333333333333,1.0,raw_runs/test/attack_sweep_continuous/level_24/pair_01.jsonl.gz,f9ddb075ee5ba14087f09c87db626d31caccc40a6be0adbf732385c41969b24e
test,continuous,attack_sweep_continuous,attack,24,2,3553928651814727180,7774970940855440883,1646843866013470104,fa706994de5e0114fa246e4a29c8f9687109ac96f3cad56e38db24c422f761d7,0a52b09e10437059ccbbcf7e8bb4459110b1993ae3e15efd91eb4bf88282e4f7,30,155,18,137,6.143086554961546,13.393086554961545,21.233333333333334,28.549999999999997,4.371141857358265,1.0,30,11,11,25,30,1.0,0.36666666666666664,0.36666666666666664,0.8333333333333334,1.0,raw_runs/test/attack_sweep_continuous/level_24/pair_02.jsonl.gz,353f7bc7a95cac56f6cb71665ea3f54bc199fd4a41cccc31f7d71bcef69db2de
test,continuous,attack_sweep_continuous,attack,24,3,8713878134198056602,17210684182313449382,17918909444292887207,13d176713d7d991eb5669c0afec9eab0cd8802fac0f7579bc2b91b398e3a543c,454b16e06dc6bc882c2b58bc20869babf2a80d6305c57706ba236e3fc5bd15e8,30,182,20,162,6.105011898489584,13.355011898489584,25.933333333333334,34.55,4.653741472763922,0.9959020492353825,30,18,18,30,30,1.0,0.6,0.6,1.0,1.0,raw_runs/test/attack_sweep_continuous/level_24/pair_03.jsonl.gz,80b6b47ca2449146c0eb17dc6200da4bce13edb9fb8770d299002927a7fc3fff
test,continuous,attack_sweep_continuous,attack,24,4,2321089306315690618,15715962716480013879,1178179464671073382,e986d2033c59bca7438af126079b8100e1ae198c57fa77982d5c27ab6bafbacc,9a50f2a04aa33d980b6a63df6dd03ad71acdb6e42209bb78c88904d3ea5db2ea,30,175,25,150,6.052494772064169,13.302494772064168,26.766666666666666,29.0,4.728139862267636,0.9951217843459224,30,29,29,30,30,1.0,0.9666666666666667,0.9666666666666667,1.0,1.0,raw_runs/test/attack_sweep_continuous/level_24/pair_04.jsonl.gz,fc0c17265e2dbd812f7d1f5591ce4ab69b3cf4f0293126c452ec60661546df90
test,continuous,attack_sweep_continuous,attack,24,5,8845182802892067711,15927061754876500610,16220262037660788159,32ebf3b11e805b8b395927f1b4130b66fd9e64cb9b09ab5a05e929e9aadecad6,3fe0dd1cdc68c66519fe267f10784234d38c338a4d3984613b159832fb15675c,30,181,21,160,6.190030431836424,13.440030431836423,29.4,35.55,4.869095153194538,1.0,30,30,30,30,30,1.0,1.0,1.0,1.0,1.0,raw_runs/test/attack_sweep_continuous/level_24/pair_05.jsonl.gz,d1aaf2bfbe7deac9c3451921d21700158619f7a72ece966c4c22285059c26801
test,continuous,attack_sweep_continuous,attack,24,6,2949316312643293065,14082473857851196443,12234040053113694641,0dd7cb10bfcbdcdee44f876622717d8edec4f668ff6b5c29371536c7c92e7d0d,c56b609950fdb1e23c5e5b8c96f97382dc676c3f01aba6cc969f66f81c6afad1,30,159,19,140,6.067214993855386,13.317214993855387,24.566666666666666,29.549999999999997,4.605607439273919,1.0,30,18,18,30,30,1.0,0.6,0.6,1.0,1.0,raw_runs/test/attack_sweep_continuous/level_24/pair_06.jsonl.gz,3f75fb29183febc8c3c738f51e73a19a37abb3c7444b29887124821c534bb75c
test,continuous,attack_sweep_continuous,attack,24,7,5685123771069856718,16031353033753044848,8805305177848627984,4c2437351bf808c5e626ca65058a881015c4fdcaef4d7e163e475fa0f2dd2de5,13cd0ee2b83f7ffc70b8635d7821bd75666e930bc7dc4f56f56df2589740326d,30,154,14,140,6.026945624084125,13.276945624084124,21.833333333333332,28.0,4.42210799067514,1.0,30,12,12,29,30,1.0,0.4,0.4,0.9666666666666667,1.0,raw_runs/test/attack_sweep_continuous/level_24/pair_07.jsonl.gz,3cd6a06364eadcc01e56d81667905b576c33e9f2132b250ba051991822943bbb
test,continuous,attack_sweep_continuous,attack,24,8,892302016456819625,10650220714046566619,6100358675213435007,2e21a6f38338bdd78881120df198f48e798bd6b6171ddfa532dbabc74b2efaf2,f77f5c408509b099112d5e475ae6cf72b1312408f7011047f11fe0fff48bf8ce,30,153,13,140,6.098842190851139,13.348842190851139,21.033333333333335,30.099999999999994,4.370911984999765,1.0,30,5,5,30,30,1.0,0.16666666666666666,0.16666666666666666,1.0,1.0,raw_runs/test/attack_sweep_continuous/level_24/pair_08.jsonl.gz,e9289b106581ae021dda02ca7ed2d82da059442ea4d031d13f47a5b8cab95e7b
test,continuous,attack_sweep_continuous,attack,24,9,4379469355687760136,5132125539809160820,17772486211291413844,80f0254e1ad3ef1a1412f1d875889523d4f4626b6dee1c0965012a0d3d2466a6,369f3fba2c6ad4cdfabbd84bc088d7506e4ac66d325acb2439196bcee16725ab,30,163,14,149,6.151960273949927,13.401960273949927,25.3,34.0,4.628056630776074,1.0,30,16,16,30,30,1.0,0.5333333333333333,0.5333333333333333,1.0,1.0,raw_runs/test/attack_sweep_continuous/level_24/pair_09.jsonl.gz,98b4ba290ccd3df84698e456da3b07f1f9500e495867fb9a27e1e6d027548b26
test,continuous,attack_sweep_continuous,attack,24,10,3305485504433524465,11594913408255821544,10698537757171884524,d7389d6bde0428720a7df8fca9cfb925283bb7af1cd0d4d941d3a139cfd12a4b,86545c9b76275a827b4816fa078f11deb1ea8b46a3c93eb05f74dedacc02cbb3,30,167,14,153,6.094142064944289,13.34414206494429,24.7,33.0,4.587249030888335,0.9914361550079873,30,14,14,30,30,1.0,0.4666666666666667,0.4666666666666667,1.0,1.0,raw_runs/test/attack_sweep_continuous/level_24/pair_10.jsonl.gz,95e7980605aa18d6935e90827f5a386ef87da1a5dd1aead3702a5a01d08f8ea3
test,continuous,attack_sweep_continuous,attack,24,11,12970963081985540857,11161326003885433934,11408357187681755420,c81577edf5112805308f4c3e5d2ca182f3137b8242eb3e54bbab7caef9f203e4,8da62bb15c21725b2d2adcb618bfa2fccfc93899e52960356f175f36a0057c77,30,164,17,147,6.2481035051071645,13.498103505107164,24.033333333333335,32.55,4.566205652828172,1.0,30,10,10,30,30,1.0,0.3333333333333333,0.3333333333333333,1.0,1.0,raw_runs/test/attack_sweep_continuous/level_24/pair_11.jsonl.gz,1bc7f728ee6c32714a23c9aa3e5964801b01c831624ed0323a2fc8724d407e42
test,continuous,attack_sweep_continuous,attack,24,12,17354426133336639490,17814275030682764157,8243645885829194545,0786aadf43f3eae5ecb77cdef8b49a33aa565da19925c12535c97b81bbfcde98,e6a05632637c29807779370f443c314411eaa2429185361265572f3452807c12,30,159,21,138,6.157628592017516,13.407628592017517,24.266666666666666,30.64999999999999,4.5823834967500705,1.0,30,16,16,29,30,1.0,0.5333333333333333,0.5333333333333333,0.9666666666666667,1.0,raw_runs/test/attack_sweep_continuous/level_24/pair_12.jsonl.gz,8242c3648b4085ed53cb68cdbac987f993193fcbea0667c662a637908f4033ee
test,continuous,attack_sweep_continuous,attack,24,13,929499694554295103,2470362723243134418,4344478200103117528,90e219ac3d23ec3451941ecd54ea8badb1ef76e62517e1d843c367dd7b561435,e945a1a57c130916fd7f3d45ca2cac6e9386c52ba4f60a28ba20824c5037209e,30,149,12,137,6.175042208022655,13.425042208022655,19.8,23.0,4.296511131170927,1.0,30,0,0,28,30,1.0,0.0,0.0,0.9333333333333333,1.0,raw_runs/test/attack_sweep_continuous/level_24/pair_13.jsonl.gz,049777b7bc2641b5552170f471eec4d14a4a95b0883429b45083d3de2d897979
test,continuous,attack_sweep_continuous,attack,24,14,14517353942880207824,15352747597855916772,8252795954551505252,aeb9655beeed29a4cce42bfbd9823ff75f811675ed48a9d35fda52265ba88866,4cc887ea308e2d554f5112d1adac145100c24c12470793d72f883de8b0fe5ae3,30,161,12,149,6.020722316785494,13.270722316785495,24.3,33.55,4.5542077455396965,1.0,30,16,16,29,30,1.0,0.5333333333333333,0.5333333333333333,0.9666666666666667,1.0,raw_runs/test/attack_sweep_continuous/level_24/pair_14.jsonl.gz,9a72a67957c2b59c45dc52bfb4c9af1bfdb8a9864f6891eb74234965e0b1f84f
test,continuous,attack_sweep_continuous,attack,24,15,14906247675353202697,14515981090157133639,1077339568656690065,1756fbd0353eb6b524447df713cfe66c75917157dd72e58ae1435bb96163b116,5192e350e12a8d53f980f066f9b7c3623112891f46b680d31fac6d202edc2e43,30,173,15,158,6.112445780669572,13.362445780669571,25.666666666666668,32.0,4.6610931966001505,1.0,30,20,20,30,30,1.0,0.6666666666666666,0.6666666666666666,1.0,1.0,raw_runs/test/attack_sweep_continuous/level_24/pair_15.jsonl.gz,abc0e5ac1a2ff0f3f72d730e99e3ee5d47680aea9455db57bdcc3486f81b3747
test,continuous,attack_sweep_continuous,attack,24,16,5023607860423777729,387888889863381425,8860420008335525938,b655151b0aebd4a9e6a104ee0d254e573ed33f23fb7c3eac226baa9ab859bb9a,5ef95599cf075047d31f537f019e26be1b014945d7f8b6c36cb63601a74ad9b8,30,161,17,144,6.10869197497945,13.35869197497945,24.0,30.549999999999997,4.568357599332685,1.0,30,14,14,30,30,1.0,0.4666666666666667,0.4666666666666667,1.0,1.0,raw_runs/test/attack_sweep_continuous/level_24/pair_16.jsonl.gz,553a595ebb9515d7466d189441268c7807cca50480661c83dca0183485cfa079
test,continuous,attack_sweep_continuous,attack,24,17,1490974601967308036,15362337821839643668,16184863385870657140,43fa2674a7accbf0aadad9387fcd561a5456d9515cc99cd6a72ace9b4758fbb6,91d6d7f5148cae8c17e340ad6df088ba71c6a6c2383a7426e19e9eba6f5d5f0d,30,162,15,147,6.063946883748506,13.313946883748507,24.633333333333333,36.55,4.581821370480241,1.0,30,11,11,30,30,1.0,0.36666666666666664,0.36666666666666664,1.0,1.0,raw_runs/test/attack_sweep_continuous/level_24/pair_17.jsonl.gz,bc21ace4c5c0ee7a68abfbe69ce7037ef32661ba2f3beb3e56869aa1e044a9e9
test,continuous,attack_sweep_continuous,attack,24,18,7362073525556726832,7306066794261590589,5948016049195010269,e986de1a67b1a1ac908ce0f24be3fa8674d67f359a3564c6597c412402c076b6,7e68eb503b4dff6cd811254b2fb080dbefbb7838feed2416bc93cfeab8413f64,30,158,18,140,6.1444835717236606,13.394483571723661,24.7,32.55,4.597568774879671,1.0,30,16,16,30,30,1.0,0.5333333333333333,0.5333333333333333,1.0,1.0,raw_runs/test/attack_sweep_continuous/level_24/pair_18.jsonl.gz,c33bf8fc129576b7d4d969a7403cf83bf499edb14f21c150e53b8252a81a1e98
test,continuous,attack_sweep_continuous,attack,24,19,16878414205353344989,13670941286917474902,586395582990475939,80280399c851e0529bfa2a42e2955f00d60d29edcc2193cbdc586fcff7d696ff,2a4fe4ef421bc8259f9147816a35f8b2044320c4e10fbc851260fbf5b4566925,30,157,13,144,6.103084516976933,13.353084516976933,24.533333333333335,29.0,4.607969593221152,1.0,30,17,17,30,30,1.0,0.5666666666666667,0.5666666666666667,1.0,1.0,raw_runs/test/attack_sweep_continuous/level_24/pair_19.jsonl.gz,3ade42cd84b2c6af523101f67128b8b522cfe236698a5c3757edc2596d95c108
test,continuous,attack_sweep_continuous,attack,60,0,12055753219752071432,9214243546908858119,8906469604754540108,88032621414c061b90ed2dfe8afdf88cfd3ea0190ae316c863abd51b90bbbfc1,f58aa3eed0dfa6751d3514147afeb2006b57d0e5e51278934562ff44a049fceb,30,383,35,348,6.212800944695471,13.46280094469547,56.766666666666666,67.0,5.814660684462942,0.9982210998877665,30,30,30,30,30,1.0,1.0,1.0,1.0,1.0,raw_runs/test/attack_sweep_continuous/level_60/pair_00.jsonl.gz,66bdd11cc1345dd993484e7c4f2c6601782d2edf7d0761442668ef5543198704
test,continuous,attack_sweep_continuous,attack,60,1,8839336648511840479,10673283752536822424,7957011672033585869,b2a805ae170f5859ec3ef999f80fd39ecc7bd0b50a500e9d1104e9e2a8e01bd4,3bc32f6bce3264587ffff954fe2ce875179d83b9a916ec44516313a55157eb1e,30,398,42,356,6.188019813001288,13.438019813001288,63.166666666666664,75.0,5.955317498701351,0.9957706690194821,30,30,30,30,30,1.0,1.0,1.0,1.0,1.0,raw_runs/test/attack_sweep_continuous/level_60/pair_01.jsonl.gz,58116e3904cf33a4068e69430e93afde902aab6c4b052862485838c944528bed
test,continuous,attack_sweep_continuous,attack,60,2,319664382691450108,8425599047184436904,4902284720529649381,12dd30e3fcbd3a49b83a4bd48a1e01aa8188b3e00cbc9024cf84103a43793c56,398c744dbbbcaf40fea2b22b1663c7205d845cc6db4794ef72725ae99b135a0d,30,431,37,394,6.060261835122168,13.31026183512217,63.733333333333334,71.55,5.983044116000702,0.998535269848443,30,30,30,30,30,1.0,1.0,1.0,1.0,1.0,raw_runs/test/attack_sweep_continuous/level_60/pair_02.jsonl.gz,53dec50a196e113f28acc39314957f635be047500c06135487a85ca38d05890c
test,continuous,attack_sweep_continuous,attack,60,3,13836154008408628279,5160735939387224534,3686574590889125019,5f929477ce19cce3d0215f36269984c31caa7516bb44bb18ea8410bb0f6d806c,fd58bd20837beeecca9286da0345f748daf935312970db1e5ce2bea842707114,30,403,32,371,6.130406516898415,13.380406516898415,56.5,71.0,5.799297824353679,1.0,30,30,30,30,30,1.0,1.0,1.0,1.0,1.0,raw_runs/test/attack_sweep_continuous/level_60/pair_03.jsonl.gz,5c56685d8f126f1cd3552f44dd3ae28e522a213ddb6ae30991ff248a9c8e3454
test,continuous,attack_sweep_continuous,attack,60,4,11935645281803378086,10850879342782276294,7959357470563776988,be6d4624066ffe5c37f95fc30608ceb54fbfc1d1aad7785c4f0b024604272a0e,dc0001995b85085c06641b4a6ddecb3d9984299d6d36760a33b9766fae4fc551,30,421,41,380,6.051324569724875,13.301324569724876,64.5,72.0,5.9901938232151695,0.9931069915475703,30,30,30,30,30,1.0,1.0,1.0,1.0,1.0,raw_runs/test/attack_sweep_continuous/level_60/pair_04.jsonl.gz,bc29e77af3839aa0cf44f20b83253df8d20350e69148151ad6e6f1b34fe2a086
test,continuous,attack_sweep_continuous,attack,60,5,1757260870866604938,4146312056965225847,6252923571956073987,3eb19880aabec4b051c5466b0a77a9fb218f39d341167c80cf96f1f50b75ff1f,08db8b10817485c0aea429324eae393f3530e74716ffa333744ec5a18d67d4dc,30,388,37,351,6.007344082435379,13.25734408243538,57.166666666666664,70.0,5.800756235223019,0.988608749931241,30,30,30,30,30,1.0,1.0,1.0,1.0,1.0,raw_runs/test/attack_sweep_continuous/level_60/pair_05.jsonl.gz,a17676a069f01bd0b2c05305b0316e10f2bc0aba74d6e761fa610c348364ae5c
test,continuous,attack_sweep_continuous,attack,60,6,3344941150479110178,5290337178899518715,12357187588485026214,61972c9b1222d5a82dbfbc25286e5fd877d7ddc720e3e97a7953bb8cd747cea2,f24b57181e7498761fb2703c13d7fc164b5bbe09dff94921c4117d56d7b02040,30,387,32,355,6.239736420820231,13.48973642082023,57.13333333333333,68.39999999999998,5.827087997897068,0.9989236111111112,30,30,30,30,30,1.0,1.0,1.0,1.0,1.0,raw_runs/test/attack_sweep_continuous/level_60/pair_06.jsonl.gz,c30c919a5691db617f4144cdc259a7ed77662d0e961903ec70ad077c402f0232
test,continuous,attack_sweep_continuous,attack,60,7,6419627319096885175,3009885920888390511,11681485613721088597,da53ed38c5837c509ede47a6776251c280d7c84370d725bf692ec88d0098f76c,aed8344d3417a6385f11585460c83f2f9d99ecda7fcd7fba66ee45e74aecddf4,30,428,52,376,6.165685079855766,13.415685079855766,62.266666666666666,75.1,5.941189448933732,0.9954682622376848,30,30,30,30,30,1.0,1.0,1.0,1.0,1.0,raw_runs/test/attack_sweep_continuous/level_60/pair_07.jsonl.gz,031273efc811a53123e0fa53d02eb0e60ced73a1c6ef89786055f952a86d0bdd
test,continuous,attack_sweep_continuous,attack,60,8,4542692740964769341,14469435378480644158,6212732171041516960,68802ecbba3b7e2e5cf56b26fb513bcb25fa8332792c47b74accdd80589cc913,c3a40aad11e502546946dd1d2c810b3d37e81556f019662ad7f77def240d87ef,30,403,45,358,6.116328526618515,13.366328526618515,59.6,69.0,5.885682035706902,1.0,30,30,30,30,30,1.0,1.0,1.0,1.0,1.0,raw_runs/test/attack_sweep_continuous/level_60/pair_08.jsonl.gz,53d18d1f99849a0ff9458f4f4cd75f546e604082b9e5f440d351c58930f2c7f3
test,continuous,attack_sweep_continuous,attack,60,9,17474522367531266523,2202058633778674764,10475676267652632180,c44520717d59bcc088c32579f327df82eaedb466d6cc8ac89755cdf2dc28aaf5,734210a0ac85a7c2682b120a22e70e4d3e08321a259c666175351d2bfd903a9e,30,420,52,368,6.080731402774736,13.330731402774736,65.13333333333334,70.55,6.003675094253534,0.9906945623474509,30,30,30,30,30,1.0,1.0,1.0,1.0,1.0,raw_runs/test/attack_sweep_continuous/level_60/pair_09.jsonl.gz,667ee6f9258b193e15cf8fbcebaf58b3a7aa71aeb6a5e80ca162c3c80ea3c530
test,continuous,attack_sweep_continuous,attack,60,10,4442364550062877907,2324713340149489347,13874959420785530122,945f94e2dc48afa4b31fa4c3301809045c643f8d18744757293a62f5833ef859,8bc3b1293a1deda5cb48f31c4357f5b7dfcbbbfeb9c7ff997129e9c1ea815051,30,396,33,363,6.096920760424488,13.346920760424489,58.63333333333333,65.55,5.8670773409090105,1.0,30,30,30,30,30,1.0,1.0,1.0,1.0,1.0,raw_runs/test/attack_sweep_continuous/level_60/pair_10.jsonl.gz,336e1e870a32728822638c49fb0bba2e567b18292aafb82a6ebd5934faa64b2f
test,continuous,attack_sweep_continuous,attack,60,11,17081000117766575483,11316276093277514577,8571110091854026316,1744ac4b1e1841c3489f60977bb403443b7e2231db0f0e33cc4fa710b90d321a,2d24d1f3fec4836b3a03d86e2fb791bcb3c70595926cd84af9db3b366cb994bf,30,381,37,344,6.142932046613686,13.392932046613687,56.333333333333336,67.55,5.8029987828847736,1.0,30,30,30,30,30,1.0,1.0,1.0,1.0,1.0,raw_runs/test/attack_sweep_continuous/level_60/pair_11.jsonl.gz,ea856ce86abeb8dcaaa48aafa541d4143bca969681a4fb3aaf6268fb68a2caf9
test,continuous,attack_sweep_continuous,attack,60,12,8832631734345316595,10851382885812462550,1702675595761993712,049b6df933168736b2efc329996db17d859187f24c64c7e9c447adcfd6423652,468d6660990306da1c89bc105eaaea195640d22ac7d18d48ff33ad4ff3a7e24b,30,399,44,355,6.245351842467986,13.495351842467986,59.36666666666667,66.55,5.878002457250136,0.9963891553261591,30,30,30,30,30,1.0,1.0,1.0,1.0,1.0,raw_runs/test/attack_sweep_continuous/level_60/pair_12.jsonl.gz,53453144d9ad9ac23283b8dec44e9c1649f641b4e72e30b8052db1134bfd0f12
test,continuous,attack_sweep_continuous,attack,60,13,10028181195738753679,17377064598925272357,5798488178783891757,62f15bca750127fd467846c19c32059dd3356f0a82b9f7aadeed1de47d96ec74,b6a292fe7c0e02ce307591b8f3aaa42d1940b490a522c07c433b1c55bb12a748,30,367,38,329,6.089269975797674,13.339269975797674,54.766666666666666,61.55,5.765966518705189,0.997652661524049,30,30,30,30,30,1.0,1.0,1.0,1.0,1.0,raw_runs/test/attack_sweep_continuous/level_60/pair_13.jsonl.gz,402549a97ded79af677db040ea2d62667825aae9b7a208d084d98f1da50261cf
test,continuous,attack_sweep_continuous,attack,60,14,4821605639821782447,4223715041169017503,14616811949509580921,9af70b526f5f1cb5fd154d9e6724060bbcd536158eaa1192352b72d266f8b010,030c920f1ce99050e262cd07669ec9a636e649ccdd6866c1102e02bfb3a3e56c,30,387,45,342,6.012468099156788,13.262468099156788,56.6,61.0,5.816409460360594,0.9983515482695811,30,30,30,30,30,1.0,1.0,1.0,1.0,1.0,raw_runs/test/attack_sweep_continuous/level_60/pair_14.jsonl.gz,ed357f70f2703a1fdc778063874b2eac5d3c711df098307c57e02b85e457b57c
test,continuous,attack_sweep_continuous,attack,60,15,11853175302378749387,6720599183677307609,6577920079407541310,111216d74e3cbec985f70737fde8d0d7ed6748c0babfdc689a0b728f848ce175,0a22a8f3f444a598dae9d73f47da9519c06e7844a5415af4ed542cce03af485d,30,417,39,378,6.1105681327278685,13.360568132727868,64.4,71.0,6.003948418762365,0.9995305164319249,30,30,30,30,30,1.0,1.0,1.0,1.0,1.0,raw_runs/test/attack_sweep_continuous/level_60/pair_15.jsonl.gz,7ece8cd63d457630e793b7a426cd90ec64ec8c7e6075f1bc791957ed62cb821e
test,continuous,attack_sweep_continuous,attack,60,16,12616534501666573552,12627197480071288338,15524968264924588863,3c3d32f5ab2ea5f00c2b5b99abc53f264cd0cd5cfc4b62e0ef7cddd718ee0920,f823a814ff99bc42eeb299477b274bf0eed24bcc90b91dd8eec711fa4453aa3e,30,386,33,353,6.0602187070685005,13.3102187070685,61.13333333333333,67.0,5.930977559590374,1.0,30,30,30,30,30,1.0,1.0,1.0,1.0,1.0,raw_runs/test/attack_sweep_continuous/level_60/pair_16.jsonl.gz,1eb7e0d8ab0643d44948ae9b5f2d50086da56f79e7c89999715c00b22278d51e
test,continuous,attack_sweep_continuous,attack,60,17,11801157881835141813,9336715141020142115,9135758932119321914,052fb59ce18e66c6d045b8e7021c3dbbd4751d0ab05d5f21aa514949717242c3,2ff182c80726ddc6d90667fb697efb235009a499dfbf8f2f20f3fb6dd74a2f3a,30,401,47,354,6.081127742005406,13.331127742005407,60.766666666666666,71.55,5.911602853011663,0.9977308575421783,30,30,30,30,30,1.0,1.0,1.0,1.0,1.0,raw_runs/test/attack_sweep_continuous/level_60/pair_17.jsonl.gz,0396b39150936fcfa4b0e55b3565cda7687a9e59846d46ff0491647b4aeba6d4
test,continuous,attack_sweep_continuous,attack,60,18,860134680128116760,3080095973261707755,5055251022693933505,8daeeb367d90bd1c0bc21dce511ede3cf0a42f9d547cc5e022485d13ef229f3e,40032425c7ba25ea892942b90b05d46435a7aa94cac3ebb2ba71343e2684f9a7,30,406,28,378,6.109167597864794,13.359167597864793,60.96666666666667,75.64999999999999,5.899404882607312,1.0,30,30,30,30,30,1.0,1.0,1.0,1.0,1.0,raw_runs/test/attack_sweep_continuous/level_60/pair_18.jsonl.gz,261d6faaa17cdb89fc8b922415747cd7961c8a054119e37b37a841009d50a560
test,continuous,attack_sweep_continuous,attack,60,19,2765256529201453566,10660716801522912321,18133834347715276018,e9a72d10808667b2c861232b4e1b8ceeef38d728ca796c7b4dd8c9d674b52eec,c186765f7eaa682518f695b9c463060ed61ff173bae780870095e6d57106c13f,30,391,39,352,6.141375162979009,13.39137516297901,61.43333333333333,73.1,5.920499987542406,0.9963507916219856,30,30,30,30,30,1.0,1.0,1.0,1.0,1.0,raw_runs/test/attack_sweep_continuous/level_60/pair_19.jsonl.gz,3129fa5186542291a8d7562154d01cfeea0ff553e0e0bbe3374a36d4d1987cd2
test,continuous,attack_sweep_continuous,attack,120,0,8377203359892070172,3454123631777269297,9101524365372143967,31225309c68c4576da0c35d6fa41c2e3bc8b7eb558190f5c9f708ec14a3841f6,5f3eecb479944bb289f2bb08c39832462ab861dfd296d8760f7d1aeb8e402ef7,30,825,87,738,6.2026519864455345,13.452651986445535,122.93333333333334,130.55,6.930957681365626,0.995323364252912,30,30,30,30,30,1.0,1.0,1.0,1.0,1.0,raw_runs/test/attack_sweep_continuous/level_120/pair_00.jsonl.gz,26679fe0b96b7b2b08c1f9330e50f0749634789bed1ba452099fec215bfafa0c
test,continuous,attack_sweep_continuous,attack,120,1,16977730830662377644,16574041771284837851,1835658455088310006,cf5bd453227cdd4275f5392e125d9fbb0ae4cc680484e7dcfb31d5998c545b0d,04a70eeee4102665aa1c57993e75dc2f4b59aead44cf3f8b95568a794bc91b41,30,770,72,698,6.0434501274697565,13.293450127469757,109.43333333333334,134.55,6.753245709369537,0.9942270550356093,30,30,30,30,30,1.0,1.0,1.0,1.0,1.0,raw_runs/test/attack_sweep_continuous/level_120/pair_01.jsonl.gz,91639246474b729d014168b287aa0ed842353829ce90d8c455b0d33b47b6445d
test,continuous,attack_sweep_continuous,attack,120,2,17474291979858848990,949583169032656942,7868594052499652013,a10708ca2b044e72896075bda544c502b5ec21b62c8cd561f00d3b813f69e36d,294643686019ea571e7737f395f8e20c1dcb89b78629403a9522644e8628bf6b,30,795,84,711,6.052861110369404,13.302861110369404,115.6,136.75,6.832521357786022,0.9957619159216352,30,30,30,30,30,1.0,1.0,1.0,1.0,1.0,raw_runs/test/attack_sweep_continuous/level_120/pair_02.jsonl.gz,1233676636de1e587d03eb2d32f042c231ff9a0c2ab51d8269bd335ae68747c3
test,continuous,attack_sweep_continuous,attack,120,3,10328863206529592231,11774122508544598813,168232671433653696,2549b6f7ec99c6ca4aab54e508bfcee95e92ca468865e224d24423715ae6cd6a,9d5e671d7edb62638214baf078060319461bc1b89be255ab87b72213a7715a61,30,818,80,738,6.017009449812901,13.267009449812901,124.53333333333333,143.0,6.949225798196994,0.9977607510061642,30,30,30,30,30,1.0,1.0,1.0,1.0,1.0,raw_runs/test/attack_sweep_continuous/level_120/pair_03.jsonl.gz,ef6f5686b37a2566471f6f66dde24a414eaa79fb2338c9d4eb59f081348d7b1e
test,continuous,attack_sweep_continuous,attack,120,4,15059701741148047822,12981834254827585149,13486350108891357117,7c6e5e5c432311f7f14d6f7d688129d9b3af5cce3c178552a0568af6e53e76ab,50dda0c74d30ca3c387f48aab061e2af25970e774f557a215cbf9142f9727b2d,30,759,74,685,6.007936049188819,13.25793604918882,114.16666666666667,122.1,6.823408846543421,0.9950614439711085,30,30,30,30,30,1.0,1.0,1.0,1.0,1.0,raw_runs/test/attack_sweep_continuous/level_120/pair_04.jsonl.gz,106262f25143be01cd37693f5d98e71168cb4824b5210252e7b085703f97bdd7
test,continuous,attack_sweep_continuous,attack,120,5,7723432460910292314,14143399362503015316,9811442998219834654,2f905efa54e68804429804df113071a5170959b34105271721dcd3c295c74393,3412d131c52880948fb0891e02d44a8d6f8d6f83f14aecb559555f527e28b457,30,813,77,736,6.02197612093489,13.271976120934891,123.46666666666667,136.0,6.931806506948627,0.9938628751747595,30,30,30,30,30,1.0,1.0,1.0,1.0,1.0,raw_runs/test/attack_sweep_continuous/level_120/pair_05.jsonl.gz,59d93aa29e4994f0385d859e348282cdfb8773807149723dbe83978d3ab96253
test,continuous,attack_sweep_continuous,attack,120,6,16312610755683342315,4132740184489374292,236863530161238899,bc3cd001ec581eaba223297f2e6068dcffce6ead538a181f97340902e96e5560,89ff526dcf0a5fe75e663775a6b76daa77c684e70f72d7bb40a889170b60c9f9,30,773,63,710,6.088068532309071,13.338068532309071,117.46666666666667,132.1,6.856780928763181,0.9931968252992521,30,30,30,30,30,1.0,1.0,1.0,1.0,1.0,raw_runs/test/attack_sweep_continuous/level_120/pair_06.jsonl.gz,d51a8b91c1d36a169bc966f26554350708c3996d57508b764dbe20d5e37ba746
test,continuous,attack_sweep_continuous,attack,120,7,6150188156210431558,14449820104385269486,10852518428647297757,54528ffdcee44d0d962cf49a97074524db9fcccd54c3bd432b8538deeea994c2,2caaf6e4d46b62b3a5eef8bf2dbf5ec31a69400eb44777345d9c367659c87033,30,783,69,714,6.182594973848276,13.432594973848275,110.93333333333334,121.64999999999999,6.783037732316976,0.9959668400915734,30,30,30,30,30,1.0,1.0,1.0,1.0,1.0,raw_runs/test/attack_sweep_continuous/level_120/pair_07.jsonl.gz,a4b32f138ebb0d734b1c196ff101d6e94e2c2437ec6b341fca7589a79b1bf939
test,continuous,attack_sweep_continuous,attack,120,8,14255591453641436147,1533279152722602806,1881580540008025446,b2b18ad660ecdccf2155266a782173d83886dee049a2f8b936f73e5fd1dd5f6c,23c56ac0dc1368d47e009fc6ed04446a4d5ed7631c8230ea42b040e0c209eeb8,30,787,72,715,6.024949200125141,13.27494920012514,115.63333333333334,143.55,6.834551706113376,0.9949979927191024,30,30,30,30,30,1.0,1.0,1.0,1.0,1.0,raw_runs/test/attack_sweep_continuous/level_120/pair_08.jsonl.gz,6e5f5bcb2cb83feb48db8122f1a72577391f2bb2cfdd3def0231a2dd457b3ed3
test,continuous,attack_sweep_continuous,attack,120,9,4410485485139951129,175659314155868336,11469161828493159959,f3719efb0179a7e339dfabde9ef25a977f347b3a7d929a0709b8fa8753371b8c,a44a225c2a3721231b62f2a3ebcb69a8805a0307ead5a06679fcccf971edfd5f,30,796,75,721,6.1914544056990835,13.441454405699083,114.4,124.55,6.825782258429553,0.9949565791750175,30,30,30,30,30,1.0,1.0,1.0,1.0,1.0,raw_runs/test/attack_sweep_continuous/level_120/pair_09.jsonl.gz,a203fffc0cc535a0c40b051e5f37dea6d77b5c3e9878d78484dc17480e2d96bd
test,continuous,attack_sweep_continuous,attack,120,10,743702014842193359,14638614775406783373,11213030174801300094,9acdafc4d583b9f58dbad9c315c5924fec836b86ce743e75212005f22cc78a7f,9d06bb698bb61e5af42990f8927c21eb970a145672f62b3ece7fdcf19bc0906a,30,789,68,721,6.054098441834665,13.304098441834665,122.3,132.64999999999998,6.921144640060019,0.9951051974669606,30,30,30,30,30,1.0,1.0,1.0,1.0,1.0,raw_runs/test/attack_sweep_continuous/level_120/pair_10.jsonl.gz,2595c7b6786445a9ff28d53f8fd2309587b56741849cf9d5a79ca352959cfd9e
test,continuous,attack_sweep_continuous,attack,120,11,6937732872999664108,11747685142109483282,14206531038198895414,331d24692ec9bf7aa69bfe04974cad0625020fa84d6424de183fd18ca91f7201,cb7f408774a56f3b2709f7e5c6c5fe33d65d58cda32c807dc7f089909e2b4035,30,811,80,731,6.080600204929572,13.330600204929572,119.33333333333333,131.1,6.887703487032315,0.9961872629942384,30,30,30,30,30,1.0,1.0,1.0,1.0,1.0,raw_runs/test/attack_sweep_continuous/level_120/pair_11.jsonl.gz,dfd0ddca5158809a1cf224d37c606027fa403304ba61bf63a695bb0a081e86ea
test,continuous,attack_sweep_continuous,attack,120,12,318235669795214381,7455951692569321731,18276284199271320263,9f507620b34d314f88a5b27488b900d13e15126406f1a4fc524ba83eccfee815,de88ff62d989e134fab86cd690d077426ef80aa1c9695457499f133ca4513dbc,30,807,78,729,6.123950836984667,13.373950836984667,116.36666666666666,123.1,6.8551715029331906,0.9967872946877246,30,30,30,30,30,1.0,1.0,1.0,1.0,1.0,raw_runs/test/attack_sweep_continuous/level_120/pair_12.jsonl.gz,6a4a413f985ff40b5090a10661264392ac0230bb67e43d87e1be968a156392d9
test,continuous,attack_sweep_continuous,attack,120,13,5963114150740161007,12572808009116746492,10578190882585903662,90e71693ad9654f0dbbeefc43ea36d539f4a8fc8f457b06bd5b8913efaa23588,716373001684723bbb77fe17dbbe9b6ba36037da49e74348ff090ed61b107d2c,30,815,84,731,6.059467103547272,13.309467103547272,116.73333333333333,133.75,6.848373309334267,0.9928842774440798,30,30,30,30,30,1.0,1.0,1.0,1.0,1.0,raw_runs/test/attack_sweep_continuous/level_120/pair_13.jsonl.gz,87d655924bfafb783042b1e4e90124f14ca039a146f7c15abb8c175647a5f98a
test,continuous,attack_sweep_continuous,attack,120,14,5921354361794523497,5972561165925497729,8905780357955135101,29a82b03cf057f41549c04377894119ff57478d6d0cee9c4ae27bdbb38c3c7cb,b963a89f270e0af9ada5d15fcbcebaaafefd17da1a41fbc57c51f1f844dbd704,30,837,80,757,6.009162122583685,13.259162122583685,125.8,134.0,6.9699239360054825,0.998472725180627,30,30,30,30,30,1.0,1.0,1.0,1.0,1.0,raw_runs/test/attack_sweep_continuous/level_120/pair_14.jsonl.gz,79044a3dd43c3c2703e5fdfba2581acfcc6da28206d4313ffbf78b982d732c5e
test,continuous,attack_sweep_continuous,attack,120,15,6840726219925807843,12649960720818103437,9507102071952714594,0f34e45c08e4f89a917bd4bd30a81cef64c82cde41b6a02e9fafba1c58228f22,af6f6c51c44da8e6a99742e8e08a90eb95731ccd451bba5665cb8fedcfa2e268,30,752,86,666,6.010475163655674,13.260475163655673,111.7,121.55,6.794988380082982,0.9972036139692494,30,30,30,30,30,1.0,1.0,1.0,1.0,1.0,raw_runs/test/attack_sweep_continuous/level_120/pair_15.jsonl.gz,9f5d676a037e490c153b0bd0d032fa53f03dc026ad772d4093523c127b6b8bd2
test,continuous,attack_sweep_continuous,attack,120,16,17059881575728195470,12962201300728633190,7289929935266895091,42e6c29224c1092d014345097e6d11798ab12ea4aa8e2c4dd4daa2888d62a0a5,addd712f448b3b1972cbbd226589e08b0fc4175a2b9b92143491b19e7332689c,30,808,78,730,6.136196256751553,13.386196256751553,122.1,131.55,6.922985792055405,0.9966826557930335,30,30,30,30,30,1.0,1.0,1.0,1.0,1.0,raw_runs/test/attack_sweep_continuous/level_120/pair_16.jsonl.gz,e46ed18d8a3cdec97cf9ab990f226eb2af5baac11258bc6efe53b73b4c43fd20
test,continuous,attack_sweep_continuous,attack,120,17,10475107289356059551,8651585788118722659,10053155554460187109,7c6109d309e93ded5c173c1df29088c0292cfdaa30ba219201869d9ff09eaeeb,518125c7a7d3275a56e84de22b18922901264f556f1e88a56df04ea100cc537c,30,815,93,722,6.216809479138272,13.466809479138272,121.86666666666666,130.0,6.918230976061297,0.9954485289216597,30,30,30,30,30,1.0,1.0,1.0,1.0,1.0,raw_runs/test/attack_sweep_continuous/level_120/pair_17.jsonl.gz,1f17acaa018b45029c77469daf57dde1a87405c2335e1d75ea1aca7b0596d1ec
test,continuous,attack_sweep_continuous,attack,120,18,3846968442796898447,10403517115914327744,659419620568150349,625db13d18fe79d78cf034554556aa057add7a444e0a58d27eebec0ad8c8f5f5,2008d17fe9e61ba97611e417ae0305156898ef55114a2a3abceb4494d75a18b5,30,814,79,735,6.081801653201673,13.331801653201673,122.1,141.1,6.914158473575208,0.9934706272287609,30,30,30,30,30,1.0,1.0,1.0,1.0,1.0,raw_runs/test/attack_sweep_continuous/level_120/pair_18.jsonl.gz,f17f3bd16bdbc9524292542fd22f5f1d9b8670dcae1100670d942eb7274d22ad
test,continuous,attack_sweep_continuous,attack,120,19,15827488436496725697,448282165503569617,15409070638626915667,48e7e2f72d213d84b4b58c33786bc1fa52f890f907247fa97a2e497651cfdb9f,1a610500dd0e3eee59c524dcf74cd763e923843a5fb66b62fbfd0326c8f20d3e,30,774,64,710,6.141337114743804,13.391337114743804,117.13333333333334,138.1,6.864203360862516,0.9994040050858233,30,30,30,30,30,1.0,1.0,1.0,1.0,1.0,raw_runs/test/attack_sweep_continuous/level_120/pair_19.jsonl.gz,3a90a5cf2ce4faa81180fa80851b5e6b0ba1c10844ac0d2193b586de89165990
test,continuous,attack_sweep_continuous,attack,200,0,3305879775677813233,10421308348587540143,2919261744436360992,65665a43023d0e3eba16ae1a97909fb479e5603571ded5866aa1cdebabad2142,a5b71793a7b12d970856455bac10f53d0eacdd955771064558c06ddab307a605,30,1345,152,1193,6.24795365588724,13.49795365588724,196.63333333333333,234.1,7.5944950302692735,0.9907893311404548,30,30,30,30,30,1.0,1.0,1.0,1.0,1.0,raw_runs/test/attack_sweep_continuous/level_200/pair_00.jsonl.gz,a41b4b87d3b7849cce0141f1e92e052ca5192a48b14091d807a4cd8f331fb1e4
test,continuous,attack_sweep_continuous,attack,200,1,11965773264084442328,8727095041189310502,12743476180480309959,4d664fc33f847e6696a790b7f4bedd85419df8c853979e158ddbd18bf3c1eefb,dd866e650af2b3ebb309d620dd1c2f50b1823f38793268f95b75e69196db2def,30,1400,132,1268,6.170198780649708,13.420198780649708,210.63333333333333,234.0,7.691506643211231,0.9881686029117812,30,30,30,30,30,1.0,1.0,1.0,1.0,1.0,raw_runs/test/attack_sweep_continuous/level_200/pair_01.jsonl.gz,61da4f9098e8f06b1118dcef469844399d6a89a340296f9bfb07969cfc6ad743
test,continuous,attack_sweep_continuous,attack,200,2,18325105054551786770,7064399210547045580,12861034525209372664,26d0732d77ff00138362886f6e2f495fa12f8644b88ee5e8f0c6010f236e9ea1,1d05b34a55279e34bb004704a88e335f2b455a94c5b345a15803b0dbdcec2a94,30,1351,119,1232,6.238696724756045,13.488696724756046,198.53333333333333,219.64999999999998,7.608603722444427,0.9887609990493622,30,30,30,30,30,1.0,1.0,1.0,1.0,1.0,raw_runs/test/attack_sweep_continuous/level_200/pair_02.jsonl.gz,c56508fc52ac1c8fcb6fd65844a29e4d0e86cc387f8050862ae7a259bf1dc544
test,continuous,attack_sweep_continuous,attack,200,3,2706547891802339268,12565575302086033423,2768966451708955659,870c6fb75cf333886d00946e1e2462dc70a5ab76e9b26f231f4ae631d4b56731,dfb89a5d77c616fbb934d5d28542417139c9d132e183d7c77237885bca837828,30,1391,131,1260,6.1593309519028026,13.409330951902803,203.96666666666667,221.1,7.653533459711813,0.9921622541090098,30,30,30,30,30,1.0,1.0,1.0,1.0,1.0,raw_runs/test/attack_sweep_continuous/level_200/pair_03.jsonl.gz,1a5e75572feafe0950775b4b4a6bb6e41f6b6a2342d57fc22f743e22e721f49c
test,continuous,attack_sweep_continuous,attack,200,4,5380016248454964302,3694083526017213416,10018959015866912865,df142b50a2f70197e0d680383736c7a5391f21649a543e75e8da17137faffbca,38c16713b4be57f671254dda079182a728fbbaa9b5af54ddbead4cfe8821ec75,30,1328,134,1194,6.212387741854516,13.462387741854517,202.23333333333332,216.2,7.638319424690737,0.9900510011225444,30,30,30,30,30,1.0,1.0,1.0,1.0,1.0,raw_runs/test/attack_sweep_continuous/level_200/pair_04.jsonl.gz,0a44d39e95f0bd89f00bded3dbe5709bb96f1b6193a73ca1f8ff8e1174412577
test,continuous,attack_sweep_continuous,attack,200,5,8188740890578337911,6615532565649476703,6107207443128210387,d119d1ebe3fb8d48111bbe392edcfca7ff06c2b185aeca32d5d0284855ae8f81,17165c7002dd6a8cbeb9db781869057908850f236eb2eb0269f41015e6707c96,30,1328,137,1191,6.157481472613676,13.407481472613675,200.66666666666666,208.1,7.6245320620244375,0.9881726888280359,30,30,30,30,30,1.0,1.0,1.0,1.0,1.0,raw_runs/test/attack_sweep_continuous/level_200/pair_05.jsonl.gz,8a49b82fd4c17054c05adc27a787319ab24137ffb34cd54c2936eaee392a867e
test,continuous,attack_sweep_continuous,attack,200,6,11156434581171536795,4136638949697257322,2881983521996376422,3d3565b09228a73412e2b4797984a9cf3144b291400bb4d3a962615e17861bcb,123968ee55e442d3117267ce4847af91d455daf94909994f5d2b8f3caca8cba6,30,1321,146,1175,6.026749851195157,13.276749851195156,198.06666666666666,215.75,7.602965843827038,0.987690206662019,30,30,30,30,30,1.0,1.0,1.0,1.0,1.0,raw_runs/test/attack_sweep_continuous/level_200/pair_06.jsonl.gz,bab1f49fef54af59f14dff51364ff630e0b4f93c3bb67df5a3775d7dc87361a5
test,continuous,attack_sweep_continuous,attack,200,7,14463190566117325287,17107551952184837091,15173576240707867895,4fafd57fb5f23f7c80f0a170b454c2cd98f64e2b4ef0ad7a63a0a0f6b5ab9699,4ccd9a68ceb9fc67042e04d598a9cad2e3f1b32d603c1cb2b19a586c44a339a1,30,1334,154,1180,6.123123255424631,13.37312325542463,196.73333333333332,223.55,7.590372110060293,0.987600515796294,30,30,30,30,30,1.0,1.0,1.0,1.0,1.0,raw_runs/test/attack_sweep_continuous/level_200/pair_07.jsonl.gz,6aaeb5f795184353baa5222db35ba9868cc2f92024a91af1e7ca662735bc2ddf
test,continuous,attack_sweep_continuous,attack,200,8,16195968407897823456,9995507322886959644,13566966134090408688,4cec955152eaf3eb4c276d412fb7e7cac048c985543986e4834f71b4fa379da8,8239a7ad38f7f869a5b6eb2f7d6ed789d5bd976b2b0cf1617b65075340a33fd2,30,1315,135,1180,6.114049540250361,13.364049540250361,199.83333333333334,221.0,7.62677710874747,0.994500271175234,30,30,30,30,30,1.0,1.0,1.0,1.0,1.0,raw_runs/test/attack_sweep_continuous/level_200/pair_08.jsonl.gz,f441cecb1fa31dec03bb2b34b7cedc06388306b57e12ce5707f6717c8eea4685
test,continuous,attack_sweep_continuous,attack,200,9,7420720521770374408,2465067361418340396,3469625616499087474,f5f80049dcd9f6e6f89bd12453a2d8c8b31619e0804657b25e62b631060727c9,ae79c5cfbd65af01779e69de033907c6a651476caab5b7789975c55af036baeb,30,1312,148,1164,6.12631336198363,13.37631336198363,192.7,216.2,7.5691908158159995,0.9918316476742373,30,30,30,30,30,1.0,1.0,1.0,1.0,1.0,raw_runs/test/attack_sweep_continuous/level_200/pair_09.jsonl.gz,30f3adf48642847f8970928f17839b800dca205bbfd03b1c13e0a2a9a067d778
test,continuous,attack_sweep_continuous,attack,200,10,5878993358639171811,1397690522937504700,3270743632716714757,999a85698994a31437f22db4194f4ca90006b38b861a9a4c672768702ac72d69,06a92a00b1b64979d9b2987fed3b7056acd5fc0e8524c9bd8d03eeda52caeb38,30,1307,146,1161,6.228007532965487,13.478007532965487,195.13333333333333,212.1,7.582292689605735,0.9885041948490353,30,30,30,30,30,1.0,1.0,1.0,1.0,1.0,raw_runs/test/attack_sweep_continuous/level_200/pair_10.jsonl.gz,ac1ef66130aa3ab027ae8f101dea7f3f5e236081a8653a57ff9ee3b62ad10510
test,continuous,attack_sweep_continuous,attack,200,11,14014917943405241459,15639064061822942779,101556797577120659,a120f690eb0e88f7db782d67d443af9d5e5f221720b17c75a19e8ad970f05d77,18e0f0577b6fe3186094dc8436eb6ea6655dd635cb4dae2575867fa4109f48d4,30,1337,132,1205,6.073977129668739,13.323977129668739,194.56666666666666,205.55,7.589269805464669,0.9930074322289942,30,30,30,30,30,1.0,1.0,1.0,1.0,1.0,raw_runs/test/attack_sweep_continuous/level_200/pair_11.jsonl.gz,926dea96859e04d4310fb6450a8405dcf2544ae499a34cf65515ea0773d6f09a
test,continuous,attack_sweep_continuous,attack,200,12,16917716329140676774,3488760609135040061,17786649414316344140,cdd6908ad52e612e6048c785a4bae01913f83a4baf249796016983e7bcc50236,10b4ed85274a58f8a3fd99f92903a6db891744308c92653ba99b9d5ddc8f1b00,30,1331,119,1212,6.108001044223623,13.358001044223624,198.96666666666667,211.1,7.616280806293343,0.9905815839824856,30,30,30,30,30,1.0,1.0,1.0,1.0,1.0,raw_runs/test/attack_sweep_continuous/level_200/pair_12.jsonl.gz,3ed5d599e6b27afc2d7c8a14be784f2e8d9b53ad658b4487e42b8c59632f0b6a
test,continuous,attack_sweep_continuous,attack,200,13,7464805818551332891,3594028296982437660,6200555327133487822,6d00417f0c196ab69528d579aefa4a3c70c0b18d11cf7770de700e949e9194bd,bbad27756b8b33c3ebe0b0e37875fc1feaec7b6e338b826a205fd6226a0942a6,30,1280,124,1156,6.011351901710134,13.261351901710134,198.16666666666666,222.95,7.606245657006011,0.9895450288908451,30,30,30,30,30,1.0,1.0,1.0,1.0,1.0,raw_runs/test/attack_sweep_continuous/level_200/pair_13.jsonl.gz,cee1dda8bdce57cee2d086b3dd345e18da4f5a7b9c3610b42354fe71715bb87b
test,continuous,attack_sweep_continuous,attack,200,14,1452719303974328239,12096775087322271447,11958575127691917006,6e0abcffc7fe35a67a3f34daedd7feffb30a4ea93136115437795591decb8950,76fb3e05e30d8292a0250a17147576c647f40c8c0adae0747316389a59dc7b29,30,1345,121,1224,6.14466914188646,13.39466914188646,201.03333333333333,220.55,7.632679482151939,0.9925756280908665,30,30,30,30,30,1.0,1.0,1.0,1.0,1.0,raw_runs/test/attack_sweep_continuous/level_200/pair_14.jsonl.gz,c66a4354ac95da6930151620ffde975168fef9b4834a9789d88714aaf9e109bc
test,continuous,attack_sweep_continuous,attack,200,15,10545419444575691520,10913551492580424201,6393196420586285716,1283b921cf5ddfb893e754c1508052ac10ccdfc3227135df0572d7c8b3e22f68,41aa1559fb106c348821079980a211a181685441e482a7b80f7b764f83edd992,30,1358,134,1224,6.073601321081953,13.323601321081952,201.56666666666666,214.64999999999998,7.642788327357761,0.994521273668144,30,30,30,30,30,1.0,1.0,1.0,1.0,1.0,raw_runs/test/attack_sweep_continuous/level_200/pair_15.jsonl.gz,6e508fcbb21b5556389a2da167d58c7f4acf78256edfc2588e8512aa8f050511
test,continuous,attack_sweep_continuous,attack,200,16,16924871886836409043,13164511343039614138,15281187906578187803,d1aa2ccb49c92333ab695f84f75cc61063052bb56d8098e2a93d8de01094eb90,76cdfeead7b29271489722c6c2e3ef816cdb62b9f350bdf1b00e852facc1c401,30,1324,133,1191,6.008238262046109,13.25823826204611,196.93333333333334,216.64999999999998,7.609206747968603,0.9955054155049409,30,30,30,30,30,1.0,1.0,1.0,1.0,1.0,raw_runs/test/attack_sweep_continuous/level_200/pair_16.jsonl.gz,c9d4f66483e291554dcc127cf8a983484cc2a574947606e06d72e8ae68e4bbdd
test,continuous,attack_sweep_continuous,attack,200,17,16212361361642675651,6376889248889209352,13495689741741830351,cd1e12661c24339b94e64fd606fec9e7b8fc0995b35b0732787eccb0cf1f1aa2,0980dcdcf29c0d5bd654f1d917b45a1c6f8079af3063e9f394b334e162ee57a2,30,1416,145,1271,6.1809025969794975,13.430902596979497,209.83333333333334,228.29999999999998,7.675742903448448,0.982716779064691,30,30,30,30,30,1.0,1.0,1.0,1.0,1.0,raw_runs/test/attack_sweep_continuous/level_200/pair_17.jsonl.gz,9f1146f253cea81d9908121afbba38cddcee56e28eee09a76cdd953287e5b264
test,continuous,attack_sweep_continuous,attack,200,18,1713736422933491290,17976316930641060919,16023408454439602101,9959c3ba272dcb2d8597b52748aa0c9e89bbe42434639c2793c9ffc53182b90f,a7387ed81dfe8a5ab399300f4088d9ecaa03233bbd9c9ec0173c7fdeed82b151,30,1361,137,1224,6.059943681230951,13.309943681230951,209.8,220.0,7.698324819667446,0.9931455118148677,30,30,30,30,30,1.0,1.0,1.0,1.0,1.0,raw_runs/test/attack_sweep_continuous/level_200/pair_18.jsonl.gz,53a3a4cac2acb3ab9d77b3ae5ff9f2376610152e1c7ac565cdeb7fa572b8927b
test,continuous,attack_sweep_continuous,attack,200,19,6259214419204108173,9442383015232684198,12306012195758253309,a06732dcbacf026c0ed84217d9e42a2aa837d29480c02f8734d8194fceeb05ec,986873404186c0993683d724af71ab139d1e05fd532335f10fd81d858e0ebf43,30,1375,129,1246,6.104248377780277,13.354248377780277,207.26666666666668,221.0,7.680325797575502,0.9932573952372626,30,30,30,30,30,1.0,1.0,1.0,1.0,1.0,raw_runs/test/attack_sweep_continuous/level_200/pair_19.jsonl.gz,c704255c8b390e0f82268a2689da8da0e7a21fea98b12748b61b231c44eef5a6
test,continuous,benign_continuous,benign,24,0,5274255389240652009,15014387500873148184,903287447168989725,6f81f12e9a9c4a1ee19b2d38c0515088ec3ae7bf13f2f2a38fe60f687635add8,2d8224a83272a09c8a52f476178b4cf7a6a8eae2d18d6a7f3d11b8dbc674812d,30,137,137,0,6.194597052502586,13.444597052502587,21.833333333333332,29.099999999999994,4.374806671746521,0.9914073288178147,30,14,14,25,30,1.0,0.4666666666666667,0.4666666666666667,0.8333333333333334,1.0,raw_runs/test/benign_continuous/level_24/pair_00.jsonl.gz,4eeb4c5aff175f3a8cbdf78718a6e67deecdced56bdbccc55e6d8e1d8c4a97af
test,continuous,benign_continuous,benign,24,1,6474713877111862370,18218316800924262946,13380202355401556122,07cd8bc8846c154d28f3b1ce52722c810051ca566e76bf452cbf57ce44a46311,8d9ee2f0a9e84ef2fdad90ef0296636ab2c874b49d6af6ca869a9e7d09fc2fbb,30,179,179,0,6.059661028066949,13.309661028066948,24.166666666666668,36.099999999999994,4.542654723331994,1.0,30,16,16,28,30,1.0,0.5333333333333333,0.5333333333333333,0.9333333333333333,1.0,raw_runs/test/benign_continuous/level_24/pair_01.jsonl.gz,dee5e3725f23cfd6f281982367dfda28f65d838bf38ca35cb875f84b3488d72a
test,continuous,benign_continuous,benign,24,2,3553928651814727180,7774970940855440883,17558494755738355282,fa706994de5e0114fa246e4a29c8f9687109ac96f3cad56e38db24c422f761d7,0a52b09e10437059ccbbcf7e8bb4459110b1993ae3e15efd91eb4bf88282e4f7,30,155,155,0,6.143086554961546,13.393086554961545,21.233333333333334,28.549999999999997,4.371141857358265,1.0,30,11,11,25,30,1.0,0.36666666666666664,0.36666666666666664,0.8333333333333334,1.0,raw_runs/test/benign_continuous/level_24/pair_02.jsonl.gz,359babf4b1ef456cad9d3bcf67a73575e885a9b074bcfbdb8ac167986877f194
test,continuous,benign_continuous,benign,24,3,8713878134198056602,17210684182313449382,7759609476226928825,13d176713d7d991eb5669c0afec9eab0cd8802fac0f7579bc2b91b398e3a543c,454b16e06dc6bc882c2b58bc20869babf2a80d6305c57706ba236e3fc5bd15e8,30,182,182,0,6.105011898489584,13.355011898489584,25.933333333333334,34.55,4.654177712457408,0.9961201690821255,30,18,18,30,30,1.0,0.6,0.6,1.0,1.0,raw_runs/test/benign_continuous/level_24/pair_03.jsonl.gz,4a4d5a5612b9f8ca441bce849aef1a72289997edc704604a7ec9f5b1d3dcfd06
test,continuous,benign_continuous,benign,24,4,2321089306315690618,15715962716480013879,8418414965999288008,e986d2033c59bca7438af126079b8100e1ae198c57fa77982d5c27ab6bafbacc,9a50f2a04aa33d980b6a63df6dd03ad71acdb6e42209bb78c88904d3ea5db2ea,30,175,175,0,6.052494772064169,13.302494772064168,26.766666666666666,29.0,4.722391494693181,0.992247600558695,30,29,29,30,30,1.0,0.9666666666666667,0.9666666666666667,1.0,1.0,raw_runs/test/benign_continuous/level_24/pair_04.jsonl.gz,332f73bb9ad49e91a6cd1df304036738c58b80cfc9cfa85f3298a2c85065231d
test,continuous,benign_continuous,benign,24,5,8845182802892067711,15927061754876500610,15109326841177621225,32ebf3b11e805b8b395927f1b4130b66fd9e64cb9b09ab5a05e929e9aadecad6,3fe0dd1cdc68c66519fe267f10784234d38c338a4d3984613b159832fb15675c,30,181,181,0,6.190030431836424,13.440030431836423,29.4,35.55,4.8620228427888925,0.9964638447971781,30,30,30,30,30,1.0,1.0,1.0,1.0,1.0,raw_runs/test/benign_continuous/level_24/pair_05.jsonl.gz,c83645a594e05b017d74987bae93bc91dafaf2cd03121bb7d3c15c7c74e8a326
test,continuous,benign_continuous,benign,24,6,2949316312643293065,14082473857851196443,12622276700011228260,0dd7cb10bfcbdcdee44f876622717d8edec4f668ff6b5c29371536c7c92e7d0d,c56b609950fdb1e23c5e5b8c96f97382dc676c3f01aba6cc969f66f81c6afad1,30,159,159,0,6.067214993855386,13.317214993855387,24.566666666666666,29.549999999999997,4.5649763887578105,0.9796844747419461,30,18,18,30,30,1.0,0.6,0.6,1.0,1.0,raw_runs/test/benign_continuous/level_24/pair_06.jsonl.gz,7dbf6ca491d6532bf79d63dc245349625e66c000e549f87d791f0b2017790baf
test,continuous,benign_continuous,benign,24,7,5685123771069856718,16031353033753044848,538688309810002270,4c2437351bf808c5e626ca65058a881015c4fdcaef4d7e163e475fa0f2dd2de5,13cd0ee2b83f7ffc70b8635d7821bd75666e930bc7dc4f56f56df2589740326d,30,154,154,0,6.026945624084125,13.276945624084124,21.833333333333332,28.0,4.4061167052720895,0.9920043572984749,30,12,12,27,30,1.0,0.4,0.4,0.9,1.0,raw_runs/test/benign_continuous/level_24/pair_07.jsonl.gz,6ad8867ce45ca54f3e1db77be6e896639ed0b86c99c08f2e9cad3f39d1db2c10
test,continuous,benign_continuous,benign,24,8,892302016456819625,10650220714046566619,11306617411725911490,2e21a6f38338bdd78881120df198f48e798bd6b6171ddfa532dbabc74b2efaf2,f77f5c408509b099112d5e475ae6cf72b1312408f7011047f11fe0fff48bf8ce,30,153,153,0,6.098842190851139,13.348842190851139,21.033333333333335,30.099999999999994,4.370911984999765,1.0,30,5,5,30,30,1.0,0.16666666666666666,0.16666666666666666,1.0,1.0,raw_runs/test/benign_continuous/level_24/pair_08.jsonl.gz,f4fa8dfd1d453615dfa8b73dec42f60e03ad71b09859dc350122ad9c24c7d288
test,continuous,benign_continuous,benign,24,9,4379469355687760136,5132125539809160820,602889096376700735,80f0254e1ad3ef1a1412f1d875889523d4f4626b6dee1c0965012a0d3d2466a6,369f3fba2c6ad4cdfabbd84bc088d7506e4ac66d325acb2439196bcee16725ab,30,163,163,0,6.151960273949927,13.401960273949927,25.3,34.0,4.5914783903890095,0.981710879806468,30,16,16,30,30,1.0,0.5333333333333333,0.5333333333333333,1.0,1.0,raw_runs/test/benign_continuous/level_24/pair_09.jsonl.gz,0fab03a2682b7b6eefc2c600b9ca55079b4317d1027b17c59c3e8560ac92d0cf
test,continuous,benign_continuous,benign,24,10,3305485504433524465,11594913408255821544,11845148478025082023,d7389d6bde0428720a7df8fca9cfb925283bb7af1cd0d4d941d3a139cfd12a4b,86545c9b76275a827b4816fa078f11deb1ea8b46a3c93eb05f74dedacc02cbb3,30,167,167,0,6.094142064944289,13.34414206494429,24.7,33.0,4.578811727359723,0.9872175032436812,30,14,14,30,30,1.0,0.4666666666666667,0.4666666666666667,1.0,1.0,raw_runs/test/benign_continuous/level_24/pair_10.jsonl.gz,58d36363fdc2b4c1f6b72a4683efdf8109f4d3a85ad3537b77feb850b1ae16e6
test,continuous,benign_continuous,benign,24,11,12970963081985540857,11161326003885433934,16432697700625083998,c81577edf5112805308f4c3e5d2ca182f3137b8242eb3e54bbab7caef9f203e4,8da62bb15c21725b2d2adcb618bfa2fccfc93899e52960356f175f36a0057c77,30,164,164,0,6.2481035051071645,13.498103505107164,24.033333333333335,32.55,4.556811713434233,0.9953030303030304,30,10,10,30,30,1.0,0.3333333333333333,0.3333333333333333,1.0,1.0,raw_runs/test/benign_continuous/level_24/pair_11.jsonl.gz,b7ef5bd4b6c16d1167e299edc8614c32608551f1ea1a50cede7dc7a07f4a34e4
test,continuous,benign_continuous,benign,24,12,17354426133336639490,17814275030682764157,2755280052061497527,0786aadf43f3eae5ecb77cdef8b49a33aa565da19925c12535c97b81bbfcde98,e6a05632637c29807779370f443c314411eaa2429185361265572f3452807c12,30,159,159,0,6.157628592017516,13.407628592017517,24.266666666666666,30.64999999999999,4.576686527053101,0.9971515151515151,30,16,16,29,30,1.0,0.5333333333333333,0.5333333333333333,0.9666666666666667,1.0,raw_runs/test/benign_continuous/level_24/pair_12.jsonl.gz,2b852061f0fef8692c00e4f45c0bdc9bcdc7fb62c28b63c674b0fe953fb59ab5
test,continuous,benign_continuous,benign,24,13,929499694554295103,2470362723243134418,42748879558351324,90e219ac3d23ec3451941ecd54ea8badb1ef76e62517e1d843c367dd7b561435,e945a1a57c130916fd7f3d45ca2cac6e9386c52ba4f60a28ba20824c5037209e,30,149,149,0,6.175042208022655,13.425042208022655,19.8,23.0,4.296511131170927,1.0,30,0,0,28,30,1.0,0.0,0.0,0.9333333333333333,1.0,raw_runs/test/benign_continuous/level_24/pair_13.jsonl.gz,2db3c14af0164190cc267d553059a3fade8883f598be7af9980037b9f7713886
test,continuous,benign_continuous,benign,24,14,14517353942880207824,15352747597855916772,9119589773031581756,aeb9655beeed29a4cce42bfbd9823ff75f811675ed48a9d35fda52265ba88866,4cc887ea308e2d554f5112d1adac145100c24c12470793d72f883de8b0fe5ae3,30,161,161,0,6.020722316785494,13.270722316785495,24.3,33.55,4.539885530880669,0.9928388926704866,30,16,16,29,30,1.0,0.5333333333333333,0.5333333333333333,0.9666666666666667,1.0,raw_runs/test/benign_continuous/level_24/pair_14.jsonl.gz,c20dab5a876cb3c1eea48b127be19117f57ba75d102fd54b6c9f2c73d8aa9274
test,continuous,benign_continuous,benign,24,15,14906247675353202697,14515981090157133639,16461242656294679170,1756fbd0353eb6b524447df713cfe66c75917157dd72e58ae1435bb96163b116,5192e350e12a8d53f980f066f9b7c3623112891f46b680d31fac6d202edc2e43,30,173,173,0,6.112445780669572,13.362445780669571,25.666666666666668,32.0,4.6610931966001505,1.0,30,20,20,30,30,1.0,0.6666666666666666,0.6666666666666666,1.0,1.0,raw_runs/test/benign_continuous/level_24/pair_15.jsonl.gz,ff3a0fa9a496e18d080c0e2073dcbb84596be9ccb4b87179541e9f39b4c90a31
test,continuous,benign_continuous,benign,24,16,5023607860423777729,387888889863381425,16355081966155194520,b655151b0aebd4a9e6a104ee0d254e573ed33f23fb7c3eac226baa9ab859bb9a,5ef95599cf075047d31f537f019e26be1b014945d7f8b6c36cb63601a74ad9b8,30,161,161,0,6.10869197497945,13.35869197497945,24.0,30.549999999999997,4.561515494069526,0.9965789473684211,30,14,14,30,30,1.0,0.4666666666666667,0.4666666666666667,1.0,1.0,raw_runs/test/benign_continuous/level_24/pair_16.jsonl.gz,d1f3a8917e8f020594b7a60e514e1fa62a10cd323d4b2079b59b41325209662c
test,continuous,benign_continuous,benign,24,17,1490974601967308036,15362337821839643668,4498418937520342372,43fa2674a7accbf0aadad9387fcd561a5456d9515cc99cd6a72ace9b4758fbb6,91d6d7f5148cae8c17e340ad6df088ba71c6a6c2383a7426e19e9eba6f5d5f0d,30,162,162,0,6.063946883748506,13.313946883748507,24.633333333333333,36.55,4.547361180699684,0.982769905109722,30,11,11,30,30,1.0,0.36666666666666664,0.36666666666666664,1.0,1.0,raw_runs/test/benign_continuous/level_24/pair_17.jsonl.gz,0cf3476eece39aca58bf390761454b6c6f480f86bfc81285dba6711193a2493c
test,continuous,benign_continuous,benign,24,18,7362073525556726832,7306066794261590589,1563878664247465229,e986de1a67b1a1ac908ce0f24be3fa8674d67f359a3564c6597c412402c076b6,7e68eb503b4dff6cd811254b2fb080dbefbb7838feed2416bc93cfeab8413f64,30,158,158,0,6.1444835717236606,13.394483571723661,24.7,32.55,4.587096191907088,0.9947637085137085,30,16,16,30,30,1.0,0.5333333333333333,0.5333333333333333,1.0,1.0,raw_runs/test/benign_continuous/level_24/pair_18.jsonl.gz,28a7e2152fc75685f54e2a7ed988e054c1dd709a8a338df9db8d64badf284a45
test,continuous,benign_continuous,benign,24,19,16878414205353344989,13670941286917474902,7478357756763115316,80280399c851e0529bfa2a42e2955f00d60d29edcc2193cbdc586fcff7d696ff,2a4fe4ef421bc8259f9147816a35f8b2044320c4e10fbc851260fbf5b4566925,30,157,157,0,6.103084516976933,13.353084516976933,24.533333333333335,29.0,4.570481808755244,0.9812561077670457,30,17,17,30,30,1.0,0.5666666666666667,0.5666666666666667,1.0,1.0,raw_runs/test/benign_continuous/level_24/pair_19.jsonl.gz,b59066b696a183fb3c183eac794d5eacf1cc76820170c6be0725343930461d8f
test,continuous,benign_continuous,benign,60,0,12055753219752071432,9214243546908858119,15346296782191427045,88032621414c061b90ed2dfe8afdf88cfd3ea0190ae316c863abd51b90bbbfc1,f58aa3eed0dfa6751d3514147afeb2006b57d0e5e51278934562ff44a049fceb,30,383,383,0,6.212800944695471,13.46280094469547,56.766666666666666,67.0,5.77663702322894,0.9792092692707647,30,30,30,30,30,1.0,1.0,1.0,1.0,1.0,raw_runs/test/benign_continuous/level_60/pair_00.jsonl.gz,46f21674b319206ef435d0e9750a3a2dc5c53d02270e1a87474b271421e8d05f
test,continuous,benign_continuous,benign,60,1,8839336648511840479,10673283752536822424,14654286737856592565,b2a805ae170f5859ec3ef999f80fd39ecc7bd0b50a500e9d1104e9e2a8e01bd4,3bc32f6bce3264587ffff954fe2ce875179d83b9a916ec44516313a55157eb1e,30,398,398,0,6.188019813001288,13.438019813001288,63.166666666666664,75.0,5.941418826546779,0.9888213329421963,30,30,30,30,30,1.0,1.0,1.0,1.0,1.0,raw_runs/test/benign_continuous/level_60/pair_01.jsonl.gz,21e700b152ee8e65f799a2bc5a2378ec843f7d9fb10776768fb93534db90a8e7
test,continuous,benign_continuous,benign,60,2,319664382691450108,8425599047184436904,3243743198108524757,12dd30e3fcbd3a49b83a4bd48a1e01aa8188b3e00cbc9024cf84103a43793c56,398c744dbbbcaf40fea2b22b1663c7205d845cc6db4794ef72725ae99b135a0d,30,431,431,0,6.060261835122168,13.31026183512217,63.733333333333334,71.55,5.947286152241578,0.9806562879688812,30,30,30,30,30,1.0,1.0,1.0,1.0,1.0,raw_runs/test/benign_continuous/level_60/pair_02.jsonl.gz,a3d88b8cd847055dcc1ec5b8df09b024b7ad2d1e2dbdac62e562e5b61cd3ef86
test,continuous,benign_continuous,benign,60,3,13836154008408628279,5160735939387224534,3006699372275691492,5f929477ce19cce3d0215f36269984c31caa7516bb44bb18ea8410bb0f6d806c,fd58bd20837beeecca9286da0345f748daf935312970db1e5ce2bea842707114,30,403,403,0,6.130406516898415,13.380406516898415,56.5,71.0,5.751983500770316,0.9763428382083184,30,30,30,30,30,1.0,1.0,1.0,1.0,1.0,raw_runs/test/benign_continuous/level_60/pair_03.jsonl.gz,99f61adbca0dac4a5ee9804d94802fc0d95e6af3bc90c39c33e644269bdc8ccb
test,continuous,benign_continuous,benign,60,4,11935645281803378086,10850879342782276294,13808720964637449871,be6d4624066ffe5c37f95fc30608ceb54fbfc1d1aad7785c4f0b024604272a0e,dc0001995b85085c06641b4a6ddecb3d9984299d6d36760a33b9766fae4fc551,30,421,421,0,6.051324569724875,13.301324569724876,64.5,72.0,5.964315394855342,0.9801677773676556,30,30,30,30,30,1.0,1.0,1.0,1.0,1.0,raw_runs/test/benign_continuous/level_60/pair_04.jsonl.gz,91c1cdd2ce15353d657607f36ca396ad76189b60aa562eeb60574b198a4e116a
test,continuous,benign_continuous,benign,60,5,1757260870866604938,4146312056965225847,4248952602398942720,3eb19880aabec4b051c5466b0a77a9fb218f39d341167c80cf96f1f50b75ff1f,08db8b10817485c0aea429324eae393f3530e74716ffa333744ec5a18d67d4dc,30,388,388,0,6.007344082435379,13.25734408243538,57.166666666666664,70.0,5.788848906624823,0.982655085632143,30,30,30,30,30,1.0,1.0,1.0,1.0,1.0,raw_runs/test/benign_continuous/level_60/pair_05.jsonl.gz,c12c6d0db9b902ef772c994674f267fd3d92fc7c448ca27b976514a9e43ec047
test,continuous,benign_continuous,benign,60,6,3344941150479110178,5290337178899518715,3827280862920012532,61972c9b1222d5a82dbfbc25286e5fd877d7ddc720e3e97a7953bb8cd747cea2,f24b57181e7498761fb2703c13d7fc164b5bbe09dff94921c4117d56d7b02040,30,387,387,0,6.239736420820231,13.48973642082023,57.13333333333333,68.39999999999998,5.799680862198403,0.9852200432617781,30,30,30,30,30,1.0,1.0,1.0,1.0,1.0,raw_runs/test/benign_continuous/level_60/pair_06.jsonl.gz,21c8f8e9577f5e099192630216d016952af08d4bf9420e1a50123360c234f58d
test,continuous,benign_continuous,benign,60,7,6419627319096885175,3009885920888390511,10189614769892943228,da53ed38c5837c509ede47a6776251c280d7c84370d725bf692ec88d0098f76c,aed8344d3417a6385f11585460c83f2f9d99ecda7fcd7fba66ee45e74aecddf4,30,428,428,0,6.165685079855766,13.415685079855766,62.266666666666666,75.1,5.91252340946728,0.9811352425044585,30,30,30,30,30,1.0,1.0,1.0,1.0,1.0,raw_runs/test/benign_continuous/level_60/pair_07.jsonl.gz,75f045a9824a8c7a6d93def296786a42a8672d546b29b6b18967df8a9b6f1981
test,continuous,benign_continuous,benign,60,8,4542692740964769341,14469435378480644158,641382290517035130,68802ecbba3b7e2e5cf56b26fb513bcb25fa8332792c47b74accdd80589cc913,c3a40aad11e502546946dd1d2c810b3d37e81556f019662ad7f77def240d87ef,30,403,403,0,6.116328526618515,13.366328526618515,59.6,69.0,5.8662663910984,0.9902921776957484,30,30,30,30,30,1.0,1.0,1.0,1.0,1.0,raw_runs/test/benign_continuous/level_60/pair_08.jsonl.gz,f67927d2262b14b8a6ea1366515c637641a511970ca2b9d5a2aa16c55f3dfbdb
test,continuous,benign_continuous,benign,60,9,17474522367531266523,2202058633778674764,16968205351537233946,c44520717d59bcc088c32579f327df82eaedb466d6cc8ac89755cdf2dc28aaf5,734210a0ac85a7c2682b120a22e70e4d3e08321a259c666175351d2bfd903a9e,30,420,420,0,6.080731402774736,13.330731402774736,65.13333333333334,70.55,5.988743083151293,0.9832285567963311,30,30,30,30,30,1.0,1.0,1.0,1.0,1.0,raw_runs/test/benign_continuous/level_60/pair_09.jsonl.gz,a9f8490945d9320faf6830bf194b7e743e6862b9601b17e0c0ade3ec3c4ca9a6
test,continuous,benign_continuous,benign,60,10,4442364550062877907,2324713340149489347,13849215171025543685,945f94e2dc48afa4b31fa4c3301809045c643f8d18744757293a62f5833ef859,8bc3b1293a1deda5cb48f31c4357f5b7dfcbbbfeb9c7ff997129e9c1ea815051,30,396,396,0,6.096920760424488,13.346920760424489,58.63333333333333,65.55,5.846538582128115,0.9897306206095514,30,30,30,30,30,1.0,1.0,1.0,1.0,1.0,raw_runs/test/benign_continuous/level_60/pair_10.jsonl.gz,5fb9c1adfca8675995a45c18cfeb20f981276fdce67df4ee912ceb3d1adc8f3d
test,continuous,benign_continuous,benign,60,11,17081000117766575483,11316276093277514577,3761877619015438296,1744ac4b1e1841c3489f60977bb403443b7e2231db0f0e33cc4fa710b90d321a,2d24d1f3fec4836b3a03d86e2fb791bcb3c70595926cd84af9db3b366cb994bf,30,381,381,0,6.142932046613686,13.392932046613687,56.333333333333336,67.55,5.776468874481263,0.9867350457982449,30,30,30,30,30,1.0,1.0,1.0,1.0,1.0,raw_runs/test/benign_continuous/level_60/pair_11.jsonl.gz,83a06f0b455a2409bf4b35cb75e591d5ccf42dbd9b5f59ecc322a4a961ebf067
test,continuous,benign_continuous,benign,60,12,8832631734345316595,10851382885812462550,3845243144221730785,049b6df933168736b2efc329996db17d859187f24c64c7e9c447adcfd6423652,468d6660990306da1c89bc105eaaea195640d22ac7d18d48ff33ad4ff3a7e24b,30,399,399,0,6.245351842467986,13.495351842467986,59.36666666666667,66.55,5.861010630768148,0.9878932420851652,30,30,30,30,30,1.0,1.0,1.0,1.0,1.0,raw_runs/test/benign_continuous/level_60/pair_12.jsonl.gz,9a121a5c1f51454c90bfdbb66e16e7cbfea3003eb27b7fa771df17f5d61c038d
test,continuous,benign_continuous,benign,60,13,10028181195738753679,17377064598925272357,17372441598081040749,62f15bca750127fd467846c19c32059dd3356f0a82b9f7aadeed1de47d96ec74,b6a292fe7c0e02ce307591b8f3aaa42d1940b490a522c07c433b1c55bb12a748,30,367,367,0,6.089269975797674,13.339269975797674,54.766666666666666,61.55,5.74094937398871,0.9851440891658096,30,30,30,30,30,1.0,1.0,1.0,1.0,1.0,raw_runs/test/benign_continuous/level_60/pair_13.jsonl.gz,c987c49a1bdc35918402eeac205503c0164e837e895f68086660f3238db48287
test,continuous,benign_continuous,benign,60,14,4821605639821782447,4223715041169017503,3221607450024176762,9af70b526f5f1cb5fd154d9e6724060bbcd536158eaa1192352b72d266f8b010,030c920f1ce99050e262cd07669ec9a636e649ccdd6866c1102e02bfb3a3e56c,30,387,387,0,6.012468099156788,13.262468099156788,56.6,61.0,5.779834795521718,0.9800642158501429,30,30,30,30,30,1.0,1.0,1.0,1.0,1.0,raw_runs/test/benign_continuous/level_60/pair_14.jsonl.gz,ca5bd4785bfeed4f0887a23c37cbe1489da4c465f5d457ccb09f8cbc383e3268
test,continuous,benign_continuous,benign,60,15,11853175302378749387,6720599183677307609,11533872133664186313,111216d74e3cbec985f70737fde8d0d7ed6748c0babfdc689a0b728f848ce175,0a22a8f3f444a598dae9d73f47da9519c06e7844a5415af4ed542cce03af485d,30,417,417,0,6.1105681327278685,13.360568132727868,64.4,71.0,5.986092563676178,0.9906025888888316,30,30,30,30,30,1.0,1.0,1.0,1.0,1.0,raw_runs/test/benign_continuous/level_60/pair_15.jsonl.gz,681bf12f77d29cf59c0b3e463f12e8de627b63741a2ff6f94c1d68ede424e9bc
test,continuous,benign_continuous,benign,60,16,12616534501666573552,12627197480071288338,1679523666835793842,3c3d32f5ab2ea5f00c2b5b99abc53f264cd0cd5cfc4b62e0ef7cddd718ee0920,f823a814ff99bc42eeb299477b274bf0eed24bcc90b91dd8eec711fa4453aa3e,30,386,386,0,6.0602187070685005,13.3102187070685,61.13333333333333,67.0,5.890773272274389,0.9798978563420077,30,30,30,30,30,1.0,1.0,1.0,1.0,1.0,raw_runs/test/benign_continuous/level_60/pair_16.jsonl.gz,c10677f7b6a05d2a7d1c464539e346ee05b84d72883f60aa1a78da03227e7412
test,continuous,benign_continuous,benign,60,17,11801157881835141813,9336715141020142115,12567134697283384837,052fb59ce18e66c6d045b8e7021c3dbbd4751d0ab05d5f21aa514949717242c3,2ff182c80726ddc6d90667fb697efb235009a499dfbf8f2f20f3fb6dd74a2f3a,30,401,401,0,6.081127742005406,13.331127742005407,60.766666666666666,71.55,5.880614968251778,0.9822369151622351,30,30,30,30,30,1.0,1.0,1.0,1.0,1.0,raw_runs/test/benign_continuous/level_60/pair_17.jsonl.gz,3f47702c276c6eff18bb42fb7f4f82eec0296b1ebb596a6c970357fe4ad51647
test,continuous,benign_continuous,benign,60,18,860134680128116760,3080095973261707755,4226505162619866530,8daeeb367d90bd1c0bc21dce511ede3cf0a42f9d547cc5e022485d13ef229f3e,40032425c7ba25ea892942b90b05d46435a7aa94cac3ebb2ba71343e2684f9a7,30,406,406,0,6.109167597864794,13.359167597864793,60.96666666666667,75.64999999999999,5.879387086206316,0.989991101799502,30,30,30,30,30,1.0,1.0,1.0,1.0,1.0,raw_runs/test/benign_continuous/level_60/pair_18.jsonl.gz,f9cba2985b11a2d1c5e9a23cdd3da8b9624749fe1ac830f5ad3d6ea76c168ad0
test,continuous,benign_continuous,benign,60,19,2765256529201453566,10660716801522912321,13632198220299540919,e9a72d10808667b2c861232b4e1b8ceeef38d728ca796c7b4dd8c9d674b52eec,c186765f7eaa682518f695b9c463060ed61ff173bae780870095e6d57106c13f,30,391,391,0,6.141375162979009,13.39137516297901,61.43333333333333,73.1,5.904043184610905,0.9881223901562352,30,30,30,30,30,1.0,1.0,1.0,1.0,1.0,raw_runs/test/benign_continuous/level_60/pair_19.jsonl.gz,a820bdec3f063e60760c2447c8595874186227f7731a41d384224f46f380891f
test,continuous,benign_continuous,benign,120,0,8377203359892070172,3454123631777269297,13586539073648347761,31225309c68c4576da0c35d6fa41c2e3bc8b7eb558190f5c9f708ec14a3841f6,5f3eecb479944bb289f2bb08c39832462ab861dfd296d8760f7d1aeb8e402ef7,30,825,825,0,6.2026519864455345,13.452651986445535,122.93333333333334,130.55,6.875293146832747,0.967491096986473,30,30,30,30,30,1.0,1.0,1.0,1.0,1.0,raw_runs/test/benign_continuous/level_120/pair_00.jsonl.gz,880563a3cd90707a366cccdf419187f8f3f21f03f9119c45d03f51e8e7d98c39
test,continuous,benign_continuous,benign,120,1,16977730830662377644,16574041771284837851,4916406745637003959,cf5bd453227cdd4275f5392e125d9fbb0ae4cc680484e7dcfb31d5998c545b0d,04a70eeee4102665aa1c57993e75dc2f4b59aead44cf3f8b95568a794bc91b41,30,770,770,0,6.0434501274697565,13.293450127469757,109.43333333333334,134.55,6.721925358420482,0.9785668795610812,30,30,30,30,30,1.0,1.0,1.0,1.0,1.0,raw_runs/test/benign_continuous/level_120/pair_01.jsonl.gz,d2d5609c5f0013145e1f4a15df20bc37b50532bf799c6eb5284378f18ee8f863
test,continuous,benign_continuous,benign,120,2,17474291979858848990,949583169032656942,15333641688644661146,a10708ca2b044e72896075bda544c502b5ec21b62c8cd561f00d3b813f69e36d,294643686019ea571e7737f395f8e20c1dcb89b78629403a9522644e8628bf6b,30,795,795,0,6.052861110369404,13.302861110369404,115.6,136.75,6.795080139464771,0.9770413067610085,30,30,30,30,30,1.0,1.0,1.0,1.0,1.0,raw_runs/test/benign_continuous/level_120/pair_02.jsonl.gz,87dfd14f6cfbf5aacd6fe120614d7c453a7d0b28c59827366bf72ea63dbf6f03
test,continuous,benign_continuous,benign,120,3,10328863206529592231,11774122508544598813,1821134532003378567,2549b6f7ec99c6ca4aab54e508bfcee95e92ca468865e224d24423715ae6cd6a,9d5e671d7edb62638214baf078060319461bc1b89be255ab87b72213a7715a61,30,818,818,0,6.017009449812901,13.267009449812901,124.53333333333333,143.0,6.897387508686005,0.9724356447810393,30,30,30,30,30,1.0,1.0,1.0,1.0,1.0,raw_runs/test/benign_continuous/level_120/pair_03.jsonl.gz,5c0d233da9dec0dfffb9de26983800c8429503c33cb897f97a375eb76537bfb3
test,continuous,benign_continuous,benign,120,4,15059701741148047822,12981834254827585149,6332235759952537229,7c6e5e5c432311f7f14d6f7d688129d9b3af5cce3c178552a0568af6e53e76ab,50dda0c74d30ca3c387f48aab061e2af25970e774f557a215cbf9142f9727b2d,30,759,759,0,6.007936049188819,13.25793604918882,114.16666666666667,122.1,6.782762023519309,0.974738032459052,30,30,30,30,30,1.0,1.0,1.0,1.0,1.0,raw_runs/test/benign_continuous/level_120/pair_04.jsonl.gz,7d4140faa22d70b806a5ff83c7fc52ffda01e90c3c8fe1cc53205fe185f1fccb
test,continuous,benign_continuous,benign,120,5,7723432460910292314,14143399362503015316,4008097018745381581,2f905efa54e68804429804df113071a5170959b34105271721dcd3c295c74393,3412d131c52880948fb0891e02d44a8d6f8d6f83f14aecb559555f527e28b457,30,813,813,0,6.02197612093489,13.271976120934891,123.46666666666667,136.0,6.890873447360068,0.9733963453804809,30,30,30,30,30,1.0,1.0,1.0,1.0,1.0,raw_runs/test/benign_continuous/level_120/pair_05.jsonl.gz,d388109ca3485a5b5d50c55b9363bde7df76555abf54622419be954595bc1013
test,continuous,benign_continuous,benign,120,6,16312610755683342315,4132740184489374292,2097844798846469481,bc3cd001ec581eaba223297f2e6068dcffce6ead538a181f97340902e96e5560,89ff526dcf0a5fe75e663775a6b76daa77c684e70f72d7bb40a889170b60c9f9,30,773,773,0,6.088068532309071,13.338068532309071,117.46666666666667,132.1,6.8158722543385,0.9727424880869114,30,30,30,30,30,1.0,1.0,1.0,1.0,1.0,raw_runs/test/benign_continuous/level_120/pair_06.jsonl.gz,7219fb6d74d37f7ee19e008d9a63ad21b89327e5943fc414dbe0995615571cfa
test,continuous,benign_continuous,benign,120,7,6150188156210431558,14449820104385269486,18183384832648817585,54528ffdcee44d0d962cf49a97074524db9fcccd54c3bd432b8538deeea994c2,2caaf6e4d46b62b3a5eef8bf2dbf5ec31a69400eb44777345d9c367659c87033,30,783,783,0,6.182594973848276,13.432594973848275,110.93333333333334,121.64999999999999,6.745194351436911,0.9770451496515408,30,30,30,30,30,1.0,1.0,1.0,1.0,1.0,raw_runs/test/benign_continuous/level_120/pair_07.jsonl.gz,4a798cbd5fc0a79c6a2af613161327dd3cf092dd16ea77fa179865d94eb731cb
test,continuous,benign_continuous,benign,120,8,14255591453641436147,1533279152722602806,13437196454289179933,b2b18ad660ecdccf2155266a782173d83886dee049a2f8b936f73e5fd1dd5f6c,23c56ac0dc1368d47e009fc6ed04446a4d5ed7631c8230ea42b040e0c209eeb8,30,787,787,0,6.024949200125141,13.27494920012514,115.63333333333334,143.55,6.789323062256594,0.972647006482106,30,30,30,30,30,1.0,1.0,1.0,1.0,1.0,raw_runs/test/benign_continuous/level_120/pair_08.jsonl.gz,0144824c61249937139b47df14c74d488b83d864eeebaf33096487e87e0e7c35
test,continuous,benign_continuous,benign,120,9,4410485485139951129,175659314155868336,15470324953329147162,f3719efb0179a7e339dfabde9ef25a977f347b3a7d929a0709b8fa8753371b8c,a44a225c2a3721231b62f2a3ebcb69a8805a0307ead5a06679fcccf971edfd5f,30,796,796,0,6.1914544056990835,13.441454405699083,114.4,124.55,6.7699648542122866,0.967729893048622,30,30,30,30,30,1.0,1.0,1.0,1.0,1.0,raw_runs/test/benign_continuous/level_120/pair_09.jsonl.gz,adc9e2f8b9322b2da733176d69e16f28c53ad85f9a22322468c6d7d18e9b85d3
test,continuous,benign_continuous,benign,120,10,743702014842193359,14638614775406783373,4202477643613529046,9acdafc4d583b9f58dbad9c315c5924fec836b86ce743e75212005f22cc78a7f,9d06bb698bb61e5af42990f8927c21eb970a145672f62b3ece7fdcf19bc0906a,30,789,789,0,6.054098441834665,13.304098441834665,122.3,132.64999999999998,6.835544767149913,0.9527173776171093,30,30,30,30,30,1.0,1.0,1.0,1.0,1.0,raw_runs/test/benign_continuous/level_120/pair_10.jsonl.gz,a5e797ab1ff665aed629f4aafe62f168b0642212f556cdee747952854d397056
test,continuous,benign_continuous,benign,120,11,6937732872999664108,11747685142109483282,16309111443725788870,331d24692ec9bf7aa69bfe04974cad0625020fa84d6424de183fd18ca91f7201,cb7f408774a56f3b2709f7e5c6c5fe33d65d58cda32c807dc7f089909e2b4035,30,811,811,0,6.080600204929572,13.330600204929572,119.33333333333333,131.1,6.844548198367364,0.9746096186617617,30,30,30,30,30,1.0,1.0,1.0,1.0,1.0,raw_runs/test/benign_continuous/level_120/pair_11.jsonl.gz,09f25aa7047e8306fd9da166409b53b525651e8c1989804c27fd212eb88b4f07
test,continuous,benign_continuous,benign,120,12,318235669795214381,7455951692569321731,15589470882609929823,9f507620b34d314f88a5b27488b900d13e15126406f1a4fc524ba83eccfee815,de88ff62d989e134fab86cd690d077426ef80aa1c9695457499f133ca4513dbc,30,807,807,0,6.123950836984667,13.373950836984667,116.36666666666666,123.1,6.817843896580383,0.978123491511321,30,30,30,30,30,1.0,1.0,1.0,1.0,1.0,raw_runs/test/benign_continuous/level_120/pair_12.jsonl.gz,5db8bcc439ed023bfafd435d866631ca2fc5d4f60be8ce95ca00890b8a48cfd9
test,continuous,benign_continuous,benign,120,13,5963114150740161007,12572808009116746492,7959604235016630410,90e71693ad9654f0dbbeefc43ea36d539f4a8fc8f457b06bd5b8913efaa23588,716373001684723bbb77fe17dbbe9b6ba36037da49e74348ff090ed61b107d2c,30,815,815,0,6.059467103547272,13.309467103547272,116.73333333333333,133.75,6.831751009534594,0.9849023157320683,30,30,30,30,30,1.0,1.0,1.0,1.0,1.0,raw_runs/test/benign_continuous/level_120/pair_13.jsonl.gz,38d9775a9c329ffacde05f99ab9955165649a9ca460dcf0679db5b3b34e5cd97
test,continuous,benign_continuous,benign,120,14,5921354361794523497,5972561165925497729,14077024707531594389,29a82b03cf057f41549c04377894119ff57478d6d0cee9c4ae27bdbb38c3c7cb,b963a89f270e0af9ada5d15fcbcebaaafefd17da1a41fbc57c51f1f844dbd704,30,837,837,0,6.009162122583685,13.259162122583685,125.8,134.0,6.914791268630566,0.9710017055717246,30,30,30,30,30,1.0,1.0,1.0,1.0,1.0,raw_runs/test/benign_continuous/level_120/pair_14.jsonl.gz,c06275bcf798edd211ac75a98bae25c84d9ec6a07b96e318df461b79376bc9b6
test,continuous,benign_continuous,benign,120,15,6840726219925807843,12649960720818103437,14279433778525449039,0f34e45c08e4f89a917bd4bd30a81cef64c82cde41b6a02e9fafba1c58228f22,af6f6c51c44da8e6a99742e8e08a90eb95731ccd451bba5665cb8fedcfa2e268,30,752,752,0,6.010475163655674,13.260475163655673,111.7,121.55,6.735761457498152,0.9675901526768331,30,30,30,30,30,1.0,1.0,1.0,1.0,1.0,raw_runs/test/benign_continuous/level_120/pair_15.jsonl.gz,96211cb936b93a75af87d12044ab69d4d7014486c2874d77fa50674567cddfd2
test,continuous,benign_continuous,benign,120,16,17059881575728195470,12962201300728633190,16542002915608771108,42e6c29224c1092d014345097e6d11798ab12ea4aa8e2c4dd4daa2888d62a0a5,addd712f448b3b1972cbbd226589e08b0fc4175a2b9b92143491b19e7332689c,30,808,808,0,6.136196256751553,13.386196256751553,122.1,131.55,6.874762677026165,0.9725710982784121,30,30,30,30,30,1.0,1.0,1.0,1.0,1.0,raw_runs/test/benign_continuous/level_120/pair_16.jsonl.gz,cf2e6731aed3a6ffbac5cfc61ae9a274b68020d3594727ff98af4d1356e43a57
test,continuous,benign_continuous,benign,120,17,10475107289356059551,8651585788118722659,12230319969611245067,7c6109d309e93ded5c173c1df29088c0292cfdaa30ba219201869d9ff09eaeeb,518125c7a7d3275a56e84de22b18922901264f556f1e88a56df04ea100cc537c,30,815,815,0,6.216809479138272,13.466809479138272,121.86666666666666,130.0,6.88042206627272,0.9765440740273704,30,30,30,30,30,1.0,1.0,1.0,1.0,1.0,raw_runs/test/benign_continuous/level_120/pair_17.jsonl.gz,e64f6d4de1ed075739101b4722a77941c5b1839cbd6925bd11808155ad9c2aed
test,continuous,benign_continuous,benign,120,18,3846968442796898447,10403517115914327744,15668363060505446442,625db13d18fe79d78cf034554556aa057add7a444e0a58d27eebec0ad8c8f5f5,2008d17fe9e61ba97611e417ae0305156898ef55114a2a3abceb4494d75a18b5,30,814,814,0,6.081801653201673,13.331801653201673,122.1,141.1,6.845906817465798,0.9593447991740566,30,30,30,30,30,1.0,1.0,1.0,1.0,1.0,raw_runs/test/benign_continuous/level_120/pair_18.jsonl.gz,98853bce4ae952c17259c7e101817d62e6cc1be3d7f3d0664db3a685b5343ea3
test,continuous,benign_continuous,benign,120,19,15827488436496725697,448282165503569617,1394633406751746856,48e7e2f72d213d84b4b58c33786bc1fa52f890f907247fa97a2e497651cfdb9f,1a610500dd0e3eee59c524dcf74cd763e923843a5fb66b62fbfd0326c8f20d3e,30,774,774,0,6.141337114743804,13.391337114743804,117.13333333333334,138.1,6.810381300362261,0.9724929748356953,30,30,30,30,30,1.0,1.0,1.0,1.0,1.0,raw_runs/test/benign_continuous/level_120/pair_19.jsonl.gz,ef2f34eb1b70d426055a9572c784f264f188b766fab76e2187ceb350ec1db0ff
test,continuous,benign_continuous,benign,200,0,3305879775677813233,10421308348587540143,16448471513908614102,65665a43023d0e3eba16ae1a97909fb479e5603571ded5866aa1cdebabad2142,a5b71793a7b12d970856455bac10f53d0eacdd955771064558c06ddab307a605,30,1345,1345,0,6.24795365588724,13.49795365588724,196.63333333333333,234.1,7.542847707966563,0.9656380032530435,30,30,30,30,30,1.0,1.0,1.0,1.0,1.0,raw_runs/test/benign_continuous/level_200/pair_00.jsonl.gz,5491947f599226aa9e1af48552a3482ce0a516290aad119e3e481e27bf648577
test,continuous,benign_continuous,benign,200,1,11965773264084442328,8727095041189310502,16036015588405802318,4d664fc33f847e6696a790b7f4bedd85419df8c853979e158ddbd18bf3c1eefb,dd866e650af2b3ebb309d620dd1c2f50b1823f38793268f95b75e69196db2def,30,1400,1400,0,6.170198780649708,13.420198780649708,210.63333333333333,234.0,7.6258252133827344,0.9556611370571645,30,30,30,30,30,1.0,1.0,1.0,1.0,1.0,raw_runs/test/benign_continuous/level_200/pair_01.jsonl.gz,cff5c7ba535317c1cc6e7b958e6b9c141e7bbb668dac16ca576eb5f49e3a50e4
test,continuous,benign_continuous,benign,200,2,18325105054551786770,7064399210547045580,7742717421879188247,26d0732d77ff00138362886f6e2f495fa12f8644b88ee5e8f0c6010f236e9ea1,1d05b34a55279e34bb004704a88e335f2b455a94c5b345a15803b0dbdcec2a94,30,1351,1351,0,6.238696724756045,13.488696724756046,198.53333333333333,219.64999999999998,7.518713564955401,0.9444728126928456,30,30,30,30,30,1.0,1.0,1.0,1.0,1.0,raw_runs/test/benign_continuous/level_200/pair_02.jsonl.gz,d6f4d14b46e65ed6487cb7c454202f7c1ffb3849b39ff6891023b2bd040aa7e1
test,continuous,benign_continuous,benign,200,3,2706547891802339268,12565575302086033423,714861698842691557,870c6fb75cf333886d00946e1e2462dc70a5ab76e9b26f231f4ae631d4b56731,dfb89a5d77c616fbb934d5d28542417139c9d132e183d7c77237885bca837828,30,1391,1391,0,6.1593309519028026,13.409330951902803,203.96666666666667,221.1,7.575067535257372,0.9532872580597933,30,30,30,30,30,1.0,1.0,1.0,1.0,1.0,raw_runs/test/benign_continuous/level_200/pair_03.jsonl.gz,aba9fe7fd27597289aa3c007b4c39ad12b14bb8e46f6033657f5784ed1d745a7
test,continuous,benign_continuous,benign,200,4,5380016248454964302,3694083526017213416,6146857346352895369,df142b50a2f70197e0d680383736c7a5391f21649a543e75e8da17137faffbca,38c16713b4be57f671254dda079182a728fbbaa9b5af54ddbead4cfe8821ec75,30,1328,1328,0,6.212387741854516,13.462387741854517,202.23333333333332,216.2,7.566528539143054,0.9541555583487022,30,30,30,30,30,1.0,1.0,1.0,1.0,1.0,raw_runs/test/benign_continuous/level_200/pair_04.jsonl.gz,ff62d2077142217a15de6625b2103156c9d4cbf7889b5a3fe11bbfdcfdeecfa2
test,continuous,benign_continuous,benign,200,5,8188740890578337911,6615532565649476703,2142098517152341971,d119d1ebe3fb8d48111bbe392edcfca7ff06c2b185aeca32d5d0284855ae8f81,17165c7002dd6a8cbeb9db781869057908850f236eb2eb0269f41015e6707c96,30,1328,1328,0,6.157481472613676,13.407481472613675,200.66666666666666,208.1,7.532362950634861,0.9422760115313461,30,30,30,30,30,1.0,1.0,1.0,1.0,1.0,raw_runs/test/benign_continuous/level_200/pair_05.jsonl.gz,3541cbfe40357dc1e6eb550d44a47611cc5f97a2cddc79bf13ed8cf2d90a8537
test,continuous,benign_continuous,benign,200,6,11156434581171536795,4136638949697257322,7853675704106707286,3d3565b09228a73412e2b4797984a9cf3144b291400bb4d3a962615e17861bcb,123968ee55e442d3117267ce4847af91d455daf94909994f5d2b8f3caca8cba6,30,1321,1321,0,6.026749851195157,13.276749851195156,198.06666666666666,215.75,7.552073615210446,0.9628279238883306,30,30,30,30,30,1.0,1.0,1.0,1.0,1.0,raw_runs/test/benign_continuous/level_200/pair_06.jsonl.gz,1ff44c857196d30b3a534df613522f66e4bd6634b6acb2ae108b7324fcf60ed9
test,continuous,benign_continuous,benign,200,7,14463190566117325287,17107551952184837091,11465096975892504262,4fafd57fb5f23f7c80f0a170b454c2cd98f64e2b4ef0ad7a63a0a0f6b5ab9699,4ccd9a68ceb9fc67042e04d598a9cad2e3f1b32d603c1cb2b19a586c44a339a1,30,1334,1334,0,6.123123255424631,13.37312325542463,196.73333333333332,223.55,7.531461154685221,0.9585615495218283,30,30,30,30,30,1.0,1.0,1.0,1.0,1.0,raw_runs/test/benign_continuous/level_200/pair_07.jsonl.gz,93294dbafe9ff118998224db32efa7df8e3b1d6c302a35962515f8bff3a4e5eb
test,continuous,benign_continuous,benign,200,8,16195968407897823456,9995507322886959644,4260953361544337168,4cec955152eaf3eb4c276d412fb7e7cac048c985543986e4834f71b4fa379da8,8239a7ad38f7f869a5b6eb2f7d6ed789d5bd976b2b0cf1617b65075340a33fd2,30,1315,1315,0,6.114049540250361,13.364049540250361,199.83333333333334,221.0,7.5545675527468505,0.9595204376065888,30,30,30,30,30,1.0,1.0,1.0,1.0,1.0,raw_runs/test/benign_continuous/level_200/pair_08.jsonl.gz,b6833806cadc9a5bc11d5983de81bf3892e2154bdb8d26bd95d7af69ad1f13fe
test,continuous,benign_continuous,benign,200,9,7420720521770374408,2465067361418340396,8413903894302394952,f5f80049dcd9f6e6f89bd12453a2d8c8b31619e0804657b25e62b631060727c9,ae79c5cfbd65af01779e69de033907c6a651476caab5b7789975c55af036baeb,30,1312,1312,0,6.12631336198363,13.37631336198363,192.7,216.2,7.500286857455917,0.9577821734939383,30,30,30,30,30,1.0,1.0,1.0,1.0,1.0,raw_runs/test/benign_continuous/level_200/pair_09.jsonl.gz,fedcc69a99e1d502c8fa5f1b155daff0c79f7e1f38d719df8b70c33f05478a26
test,continuous,benign_continuous,benign,200,10,5878993358639171811,1397690522937504700,13892388286466510101,999a85698994a31437f22db4194f4ca90006b38b861a9a4c672768702ac72d69,06a92a00b1b64979d9b2987fed3b7056acd5fc0e8524c9bd8d03eeda52caeb38,30,1307,1307,0,6.228007532965487,13.478007532965487,195.13333333333333,212.1,7.524605151757409,0.9607730450619992,30,30,30,30,30,1.0,1.0,1.0,1.0,1.0,raw_runs/test/benign_continuous/level_200/pair_10.jsonl.gz,ab89f5bd41251242e54ef547114890721967b0ae17e113f61bfbf5b46c23364a
test,continuous,benign_continuous,benign,200,11,14014917943405241459,15639064061822942779,16879642343131105151,a120f690eb0e88f7db782d67d443af9d5e5f221720b17c75a19e8ad970f05d77,18e0f0577b6fe3186094dc8436eb6ea6655dd635cb4dae2575867fa4109f48d4,30,1337,1337,0,6.073977129668739,13.323977129668739,194.56666666666666,205.55,7.509254307266361,0.9534513060211608,30,30,30,30,30,1.0,1.0,1.0,1.0,1.0,raw_runs/test/benign_continuous/level_200/pair_11.jsonl.gz,99670743aee606946cf5ecff6349258c241ba917a1d7e0698017290144dea82f
test,continuous,benign_continuous,benign,200,12,16917716329140676774,3488760609135040061,17012320579814074488,cdd6908ad52e612e6048c785a4bae01913f83a4baf249796016983e7bcc50236,10b4ed85274a58f8a3fd99f92903a6db891744308c92653ba99b9d5ddc8f1b00,30,1331,1331,0,6.108001044223623,13.358001044223624,198.96666666666667,211.1,7.516551501617929,0.941912897323301,30,30,30,30,30,1.0,1.0,1.0,1.0,1.0,raw_runs/test/benign_continuous/level_200/pair_12.jsonl.gz,89cf71c685f8ddce4df88f6677949a4bf3891b4ab216fe20f1f7cf8b3fdbb61e
test,continuous,benign_continuous,benign,200,13,7464805818551332891,3594028296982437660,15697656623403371306,6d00417f0c196ab69528d579aefa4a3c70c0b18d11cf7770de700e949e9194bd,bbad27756b8b33c3ebe0b0e37875fc1feaec7b6e338b826a205fd6226a0942a6,30,1280,1280,0,6.011351901710134,13.261351901710134,198.16666666666666,222.95,7.5392888265046105,0.9562689729016144,30,30,30,30,30,1.0,1.0,1.0,1.0,1.0,raw_runs/test/benign_continuous/level_200/pair_13.jsonl.gz,71336e98dd3f3d82befda0713870865b7b05bb1b70580a0524d7e17e1558a894
test,continuous,benign_continuous,benign,200,14,1452719303974328239,12096775087322271447,1132403926586748409,6e0abcffc7fe35a67a3f34daedd7feffb30a4ea93136115437795591decb8950,76fb3e05e30d8292a0250a17147576c647f40c8c0adae0747316389a59dc7b29,30,1345,1345,0,6.14466914188646,13.39466914188646,201.03333333333333,220.55,7.553802891824954,0.9537283623076249,30,30,30,30,30,1.0,1.0,1.0,1.0,1.0,raw_runs/test/benign_continuous/level_200/pair_14.jsonl.gz,ca96e76df10639003969850053b0e3f31eca1ad5efd658225315e22a17403b9b
test,continuous,benign_continuous,benign,200,15,10545419444575691520,10913551492580424201,803718764076959005,1283b921cf5ddfb893e754c1508052ac10ccdfc3227135df0572d7c8b3e22f68,41aa1559fb106c348821079980a211a181685441e482a7b80f7b764f83edd992,30,1358,1358,0,6.073601321081953,13.323601321081952,201.56666666666666,214.64999999999998,7.562212176600772,0.9546695052356827,30,30,30,30,30,1.0,1.0,1.0,1.0,1.0,raw_runs/test/benign_continuous/level_200/pair_15.jsonl.gz,2f32d45ea5131c140195a79799b2d73e3eb3431c3d264869f781e9b97f172c40
test,continuous,benign_continuous,benign,200,16,16924871886836409043,13164511343039614138,15326487511540441014,d1aa2ccb49c92333ab695f84f75cc61063052bb56d8098e2a93d8de01094eb90,76cdfeead7b29271489722c6c2e3ef816cdb62b9f350bdf1b00e852facc1c401,30,1324,1324,0,6.008238262046109,13.25823826204611,196.93333333333334,216.64999999999998,7.523116794899286,0.9527715166714257,30,30,30,30,30,1.0,1.0,1.0,1.0,1.0,raw_runs/test/benign_continuous/level_200/pair_16.jsonl.gz,5f555ae79fadbf02e6a44eb4f06800a0cd1ff9d2e46b4a491c8c68febfa131c2
test,continuous,benign_continuous,benign,200,17,16212361361642675651,6376889248889209352,17760100536263657150,cd1e12661c24339b94e64fd606fec9e7b8fc0995b35b0732787eccb0cf1f1aa2,0980dcdcf29c0d5bd654f1d917b45a1c6f8079af3063e9f394b334e162ee57a2,30,1416,1416,0,6.1809025969794975,13.430902596979497,209.83333333333334,228.29999999999998,7.595316491566339,0.9434373080818907,30,30,30,30,30,1.0,1.0,1.0,1.0,1.0,raw_runs/test/benign_continuous/level_200/pair_17.jsonl.gz,2b51db25811674ffb163fbe6957641c205bb9c93df874670b0ffa483b172305b
test,continuous,benign_continuous,benign,200,18,1713736422933491290,17976316930641060919,15088844085135875294,9959c3ba272dcb2d8597b52748aa0c9e89bbe42434639c2793c9ffc53182b90f,a7387ed81dfe8a5ab399300f4088d9ecaa03233bbd9c9ec0173c7fdeed82b151,30,1361,1361,0,6.059943681230951,13.309943681230951,209.8,220.0,7.617178132007617,0.9531656992957774,30,30,30,30,30,1.0,1.0,1.0,1.0,1.0,raw_runs/test/benign_continuous/level_200/pair_18.jsonl.gz,3b5ad40c1eecfc29e1b5e72881e0f1c5a43096c4ce85b221eefce7f5a12ff4f9
test,continuous,benign_continuous,benign,200,19,6259214419204108173,9442383015232684198,16983317316613811218,a06732dcbacf026c0ed84217d9e42a2aa837d29480c02f8734d8194fceeb05ec,986873404186c0993683d724af71ab139d1e05fd532335f10fd81d858e0ebf43,30,1375,1375,0,6.104248377780277,13.354248377780277,207.26666666666668,221.0,7.600530562359554,0.9543382910414416,30,30,30,30,30,1.0,1.0,1.0,1.0,1.0,raw_runs/test/benign_continuous/level_200/pair_19.jsonl.gz,012f1ff47860f520df73f81e2d46f40a030e6857a01b2675a81a538e62a63609
